event,date,category,lifter_name,bodyweight,snatch_1,snatch_2,snatch_3,cj_1,cj_2,cj_3,best_snatch,best_cj,total
BFC - Chpt Province - Luxeuil-les-bains - P2,2025-03-01,U17 Men >102,BOFFY Lucas,106.4,80.0,85.0,90.0,100.0,-0.0,-0.0,90.0,100.0,190.0
BFC - Chpt Province - Luxeuil-les-bains - P2,2025-03-01,U20 Men 73,SIMARD--FERNANDES Mathis,67.9,83.0,87.0,-91.0,113.0,119.0,123.0,87.0,123.0,210.0
BFC - Chpt Province - Luxeuil-les-bains - P2,2025-03-01,U20 Men 81,MARY Antoine,80.5,115.0,120.0,-125.0,145.0,150.0,-155.0,120.0,150.0,270.0
BFC - Chpt Province - Luxeuil-les-bains - P2,2025-03-01,U20 Men >109,VINCENT Gaetan,119.6,108.0,113.0,-118.0,137.0,143.0,-147.0,113.0,143.0,256.0
BFC - Chpt Province - Luxeuil-les-bains - P2,2025-03-01,SEN Men 73,VIGNERESSE Erwan,69.1,87.0,90.0,-93.0,108.0,112.0,115.0,90.0,115.0,205.0
BFC - Chpt Province - Luxeuil-les-bains - P2,2025-03-01,SEN Men 81,MULLER John,80.8,-110.0,113.0,-117.0,-145.0,150.0,-155.0,113.0,150.0,263.0
BFC - Chpt Province - Luxeuil-les-bains - P2,2025-03-01,SEN Men 81,MARGUIER Flavien,80.1,-98.0,-100.0,-102.0,-110.0,-110.0,110.0,0.0,110.0,0.0
BFC - Chpt Province - Luxeuil-les-bains - P2,2025-03-01,SEN Men 89,DURAND Paul,88.3,112.0,115.0,118.0,138.0,142.0,145.0,118.0,145.0,263.0
BFC - Chpt Province - Luxeuil-les-bains - P2,2025-03-01,SEN Men 89,AUDINOT Valentin,88.2,99.0,103.0,-107.0,-125.0,130.0,-135.0,103.0,130.0,233.0
BFC - Chpt Province - Luxeuil-les-bains - P2,2025-03-01,SEN Men 89,LANGE Jérémy,89.0,103.0,-107.0,-107.0,120.0,125.0,130.0,103.0,130.0,233.0
BFC - Chpt Province - Luxeuil-les-bains - P2,2025-03-01,SEN Men 89,AUBRY Stephane,86.6,98.0,102.0,106.0,115.0,120.0,-124.0,106.0,120.0,226.0
BFC - Chpt Province - Luxeuil-les-bains - P2,2025-03-01,SEN Men 89,MALBEC Arthur,84.2,92.0,96.0,-100.0,112.0,116.0,-119.0,96.0,116.0,212.0
BFC - Chpt Province - Luxeuil-les-bains - P2,2025-03-01,SEN Men 96,GEORGES Willy,96.0,120.0,130.0,-136.0,160.0,165.0,170.0,130.0,170.0,300.0
BFC - Chpt Province - Luxeuil-les-bains - P2,2025-03-01,SEN Men 96,BARKAT Mohamed,91.0,98.0,102.0,-105.0,125.0,130.0,-135.0,102.0,130.0,232.0
BFC - Chpt Province - Luxeuil-les-bains - P2,2025-03-01,U20 Men 73,MARTIN Gabriel,69.0,-112.0,-118.0,-118.0,-0.0,-0.0,-0.0,0.0,0.0,0.0
BFC - Chpt Province - Luxeuil-les-bains - P2,2025-03-01,SEN Men 55,RAIEL BALHAA Gregory,54.8,71.0,76.0,-78.0,-89.0,-94.0,-94.0,76.0,0.0,0.0
BFC - Chpt Province - Luxeuil-les-bains - P2,2025-03-01,SEN Men 61,BEKKAR Ayoub,60.4,-85.0,85.0,88.0,-107.0,-107.0,107.0,88.0,107.0,195.0
BFC - Chpt Province - Luxeuil-les-bains - P2,2025-03-01,SEN Men 73,ARNOU MEUNIER Killiann,72.3,110.0,-113.0,113.0,147.0,152.0,-155.0,113.0,152.0,265.0
BFC - Chpt Province - Luxeuil-les-bains - P2,2025-03-01,SEN Men 73,NDICKA MATAM Samson,73.0,102.0,107.0,-110.0,120.0,-0.0,-0.0,107.0,120.0,227.0
BFC - Chpt Province - Luxeuil-les-bains - P2,2025-03-01,SEN Men 73,BOUELLE Théo,72.7,82.0,-86.0,86.0,110.0,116.0,-120.0,86.0,116.0,202.0
BFC - Chpt Province - Luxeuil-les-bains - P2,2025-03-01,SEN Men 73,LEBRUN Jonathan,71.8,82.0,-85.0,-85.0,102.0,-109.0,-109.0,82.0,102.0,184.0
BFC - Chpt Province - Luxeuil-les-bains - P2,2025-03-01,SEN Men 89,COLOMBO Ludwig,81.9,125.0,130.0,-135.0,147.0,157.0,-162.0,130.0,157.0,287.0
BFC - Chpt Province - Luxeuil-les-bains - P2,2025-03-01,SEN Men 89,GRAVOIS Ugo,84.9,110.0,-115.0,-115.0,123.0,130.0,135.0,110.0,135.0,245.0
BFC - Chpt Province - Luxeuil-les-bains - P2,2025-03-01,SEN Men 89,COSTA Mickael,89.0,105.0,-110.0,-110.0,135.0,-140.0,-145.0,105.0,135.0,240.0
BFC - Chpt Province - Luxeuil-les-bains - P2,2025-03-01,SEN Men 96,VOTINOV Pavel,95.6,117.0,122.0,127.0,-138.0,138.0,-153.0,127.0,138.0,265.0
BFC - Chpt Province - Luxeuil-les-bains - P2,2025-03-01,SEN Men 96,LEANDRI Guillaume,95.8,-88.0,88.0,92.0,110.0,-114.0,-118.0,92.0,110.0,202.0
BFC - Chpt Province - Luxeuil-les-bains - P2,2025-03-01,SEN Men 96,CHELALI Zakaria,94.5,110.0,-115.0,-115.0,-140.0,-140.0,-140.0,110.0,0.0,0.0
BFC - Chpt Province - Luxeuil-les-bains - P2,2025-03-01,SEN Men 102,SCHACHERER Damien,102.0,130.0,135.0,-138.0,161.0,167.0,-168.0,135.0,167.0,302.0
BFC - Chpt Province - Luxeuil-les-bains - P2,2025-03-01,SEN Men >109,TAHRAT Dylan,117.3,95.0,100.0,-103.0,-122.0,-122.0,-122.0,100.0,0.0,0.0
BFC - Chpt Province - Luxeuil-les-bains - P2,2025-03-01,U20 Men 73,MARTIN Gabriel,69.0,-112.0,-118.0,-118.0,-0.0,-0.0,-0.0,0.0,0.0,0.0
BFC - Chpt Province - Luxeuil-les-bains - P2,2025-03-01,SEN Men 55,RAIEL BALHAA Gregory,54.8,71.0,76.0,-78.0,-89.0,-94.0,-94.0,76.0,0.0,0.0
BFC - Chpt Province - Luxeuil-les-bains - P2,2025-03-01,SEN Men 61,BEKKAR Ayoub,60.4,-85.0,85.0,88.0,-107.0,-107.0,107.0,88.0,107.0,195.0
BFC - Chpt Province - Luxeuil-les-bains - P2,2025-03-01,SEN Men 73,ARNOU MEUNIER Killiann,72.3,110.0,-113.0,113.0,147.0,152.0,-155.0,113.0,152.0,265.0
BFC - Chpt Province - Luxeuil-les-bains - P2,2025-03-01,SEN Men 73,NDICKA MATAM Samson,73.0,102.0,107.0,-110.0,120.0,-0.0,-0.0,107.0,120.0,227.0
BFC - Chpt Province - Luxeuil-les-bains - P2,2025-03-01,SEN Men 73,BOUELLE Théo,72.7,82.0,-86.0,86.0,110.0,116.0,-120.0,86.0,116.0,202.0
BFC - Chpt Province - Luxeuil-les-bains - P2,2025-03-01,SEN Men 73,LEBRUN Jonathan,71.8,82.0,-85.0,-85.0,102.0,-109.0,-109.0,82.0,102.0,184.0
BFC - Chpt Province - Luxeuil-les-bains - P2,2025-03-01,SEN Men 89,COLOMBO Ludwig,81.9,125.0,130.0,-135.0,147.0,157.0,-162.0,130.0,157.0,287.0
BFC - Chpt Province - Luxeuil-les-bains - P2,2025-03-01,SEN Men 89,GRAVOIS Ugo,84.9,110.0,-115.0,-115.0,123.0,130.0,135.0,110.0,135.0,245.0
BFC - Chpt Province - Luxeuil-les-bains - P2,2025-03-01,SEN Men 89,COSTA Mickael,89.0,105.0,-110.0,-110.0,135.0,-140.0,-145.0,105.0,135.0,240.0
BFC - Chpt Province - Luxeuil-les-bains - P2,2025-03-01,SEN Men 96,VOTINOV Pavel,95.6,117.0,122.0,127.0,-138.0,138.0,-153.0,127.0,138.0,265.0
BFC - Chpt Province - Luxeuil-les-bains - P2,2025-03-01,SEN Men 96,LEANDRI Guillaume,95.8,-88.0,88.0,92.0,110.0,-114.0,-118.0,92.0,110.0,202.0
BFC - Chpt Province - Luxeuil-les-bains - P2,2025-03-01,SEN Men 96,CHELALI Zakaria,94.5,110.0,-115.0,-115.0,-140.0,-140.0,-140.0,110.0,0.0,0.0
BFC - Chpt Province - Luxeuil-les-bains - P2,2025-03-01,SEN Men 102,SCHACHERER Damien,102.0,130.0,135.0,-138.0,161.0,167.0,-168.0,135.0,167.0,302.0
BFC - Chpt Province - Luxeuil-les-bains - P2,2025-03-01,SEN Men >109,TAHRAT Dylan,117.3,95.0,100.0,-103.0,-122.0,-122.0,-122.0,100.0,0.0,0.0
BFC - Chpt Province - Luxeuil-les-bains - P2,2025-03-01,SEN Women 49,LEROY Manon,46.7,48.0,51.0,-53.0,60.0,64.0,67.0,51.0,67.0,118.0
BFC - Chpt Province - Luxeuil-les-bains - P2,2025-03-01,SEN Women 55,AMRANE Hayate,54.6,48.0,52.0,55.0,60.0,65.0,-70.0,55.0,65.0,120.0
BFC - Chpt Province - Luxeuil-les-bains - P2,2025-03-01,SEN Women 55,MARTINELLI Laetitia,53.5,42.0,-45.0,-0.0,55.0,58.0,60.0,42.0,60.0,102.0
BFC - Chpt Province - Luxeuil-les-bains - P2,2025-03-01,SEN Women 59,RICO Shizuka,56.3,72.0,77.0,-80.0,-93.0,93.0,-100.0,77.0,93.0,170.0
BFC - Chpt Province - Luxeuil-les-bains - P2,2025-03-01,SEN Women 59,SIVASOTHEY Eunice agnes,56.9,57.0,60.0,-62.0,72.0,76.0,-80.0,60.0,76.0,136.0
BFC - Chpt Province - Luxeuil-les-bains - P2,2025-03-01,SEN Women 64,HERNEQUET Océane,63.8,65.0,69.0,72.0,88.0,93.0,-97.0,72.0,93.0,165.0
BFC - Chpt Province - Luxeuil-les-bains - P2,2025-03-01,SEN Women 64,DELACHAT Mathilde,63.3,-68.0,-68.0,68.0,85.0,92.0,-97.0,68.0,92.0,160.0
BFC - Chpt Province - Luxeuil-les-bains - P2,2025-03-01,SEN Women 64,LAUV Pauline,64.0,70.0,-73.0,-73.0,85.0,-90.0,-95.0,70.0,85.0,155.0
BFC - Chpt Province - Luxeuil-les-bains - P2,2025-03-01,SEN Women 64,BATCHEV Stella,63.1,65.0,-68.0,68.0,79.0,82.0,-0.0,68.0,82.0,150.0
BFC - Chpt Province - Luxeuil-les-bains - P2,2025-03-01,SEN Women 64,MAINCENT Laetitia,62.2,65.0,-67.0,67.0,80.0,-0.0,-0.0,67.0,80.0,147.0
BFC - Chpt Province - Luxeuil-les-bains - P2,2025-03-01,SEN Women 64,GENIN Marie,64.0,62.0,-65.0,-65.0,85.0,-90.0,-90.0,62.0,85.0,147.0
BFC - Chpt Province - Luxeuil-les-bains - P2,2025-03-01,SEN Women 64,COHEN Alice,62.9,60.0,63.0,-65.0,74.0,78.0,-80.0,63.0,78.0,141.0
BFC - Chpt Province - Luxeuil-les-bains - P2,2025-03-01,SEN Women 64,AZAGOURY Sephora,63.7,45.0,48.0,-50.0,62.0,-65.0,-65.0,48.0,62.0,110.0
BFC - Chpt Province - Luxeuil-les-bains - P2,2025-03-01,SEN Women 64,BIDEAULT Marthe,62.6,40.0,-43.0,-44.0,60.0,63.0,65.0,40.0,65.0,105.0
BFC - Chpt Province - Luxeuil-les-bains - P2,2025-03-01,SEN Women 81,VINCENT Chloe,80.5,-61.0,-64.0,-0.0,-0.0,-0.0,-0.0,0.0,0.0,0.0
BFC - Chpt Province - Luxeuil-les-bains - P2,2025-03-01,SEN Women >87,ROUEK Rachel,88.6,55.0,-60.0,-62.0,-75.0,75.0,-80.0,55.0,75.0,130.0
BFC - Chpt Province - Luxeuil-les-bains - P2,2025-03-01,SEN Women 49,LEROY Manon,46.7,48.0,51.0,-53.0,60.0,64.0,67.0,51.0,67.0,118.0
BFC - Chpt Province - Luxeuil-les-bains - P2,2025-03-01,SEN Women 55,AMRANE Hayate,54.6,48.0,52.0,55.0,60.0,65.0,-70.0,55.0,65.0,120.0
BFC - Chpt Province - Luxeuil-les-bains - P2,2025-03-01,SEN Women 55,MARTINELLI Laetitia,53.5,42.0,-45.0,-0.0,55.0,58.0,60.0,42.0,60.0,102.0
BFC - Chpt Province - Luxeuil-les-bains - P2,2025-03-01,SEN Women 59,RICO Shizuka,56.3,72.0,77.0,-80.0,-93.0,93.0,-100.0,77.0,93.0,170.0
BFC - Chpt Province - Luxeuil-les-bains - P2,2025-03-01,SEN Women 59,SIVASOTHEY Eunice agnes,56.9,57.0,60.0,-62.0,72.0,76.0,-80.0,60.0,76.0,136.0
BFC - Chpt Province - Luxeuil-les-bains - P2,2025-03-01,SEN Women 64,HERNEQUET Océane,63.8,65.0,69.0,72.0,88.0,93.0,-97.0,72.0,93.0,165.0
BFC - Chpt Province - Luxeuil-les-bains - P2,2025-03-01,SEN Women 64,DELACHAT Mathilde,63.3,-68.0,-68.0,68.0,85.0,92.0,-97.0,68.0,92.0,160.0
BFC - Chpt Province - Luxeuil-les-bains - P2,2025-03-01,SEN Women 64,LAUV Pauline,64.0,70.0,-73.0,-73.0,85.0,-90.0,-95.0,70.0,85.0,155.0
BFC - Chpt Province - Luxeuil-les-bains - P2,2025-03-01,SEN Women 64,BATCHEV Stella,63.1,65.0,-68.0,68.0,79.0,82.0,-0.0,68.0,82.0,150.0
BFC - Chpt Province - Luxeuil-les-bains - P2,2025-03-01,SEN Women 64,MAINCENT Laetitia,62.2,65.0,-67.0,67.0,80.0,-0.0,-0.0,67.0,80.0,147.0
BFC - Chpt Province - Luxeuil-les-bains - P2,2025-03-01,SEN Women 64,GENIN Marie,64.0,62.0,-65.0,-65.0,85.0,-90.0,-90.0,62.0,85.0,147.0
BFC - Chpt Province - Luxeuil-les-bains - P2,2025-03-01,SEN Women 64,COHEN Alice,62.9,60.0,63.0,-65.0,74.0,78.0,-80.0,63.0,78.0,141.0
BFC - Chpt Province - Luxeuil-les-bains - P2,2025-03-01,SEN Women 64,AZAGOURY Sephora,63.7,45.0,48.0,-50.0,62.0,-65.0,-65.0,48.0,62.0,110.0
BFC - Chpt Province - Luxeuil-les-bains - P2,2025-03-01,SEN Women 64,BIDEAULT Marthe,62.6,40.0,-43.0,-44.0,60.0,63.0,65.0,40.0,65.0,105.0
BFC - Chpt Province - Luxeuil-les-bains - P2,2025-03-01,SEN Women 81,VINCENT Chloe,80.5,-61.0,-64.0,-0.0,-0.0,-0.0,-0.0,0.0,0.0,0.0
BFC - Chpt Province - Luxeuil-les-bains - P2,2025-03-01,SEN Women >87,ROUEK Rachel,88.6,55.0,-60.0,-62.0,-75.0,75.0,-80.0,55.0,75.0,130.0
BFC - Chpt Province - Luxeuil-les-bains - P2,2025-03-01,SEN Men 61,MEY Sovannarith,60.1,-83.0,83.0,-85.0,109.0,-112.0,112.0,83.0,112.0,195.0
BFC - Chpt Province - Luxeuil-les-bains - P2,2025-03-01,SEN Men 81,DA FONSECA Raphael,78.3,103.0,-107.0,-107.0,-130.0,130.0,-135.0,103.0,130.0,233.0
BFC - Chpt Province - Luxeuil-les-bains - P2,2025-03-01,SEN Men 81,TORREZ DAURA Miguel adolfo,80.9,98.0,102.0,106.0,126.0,-131.0,131.0,106.0,131.0,237.0
BFC - Chpt Province - Luxeuil-les-bains - P2,2025-03-01,SEN Men 81,LEE Jung ho,80.6,95.0,100.0,-103.0,115.0,120.0,-125.0,100.0,120.0,220.0
BFC - Chpt Province - Luxeuil-les-bains - P2,2025-03-01,SEN Men 89,CARLIER Damien,88.8,-128.0,130.0,130.0,157.0,-162.0,-162.0,130.0,157.0,287.0
BFC - Chpt Province - Luxeuil-les-bains - P2,2025-03-01,SEN Men 89,SERRA Romain,87.3,93.0,98.0,-103.0,122.0,-127.0,-130.0,98.0,122.0,220.0
BFC - Chpt Province - Luxeuil-les-bains - P2,2025-03-01,SEN Men 89,NGUYEN Sylvain,86.1,-90.0,95.0,105.0,-110.0,110.0,-120.0,105.0,110.0,215.0
BFC - Chpt Province - Luxeuil-les-bains - P2,2025-03-01,SEN Men 89,BOU SLEIMAN Tarek,88.4,-87.0,87.0,92.0,115.0,120.0,125.0,92.0,125.0,217.0
BFC - Chpt Province - Luxeuil-les-bains - P2,2025-03-01,SEN Men 89,MAURICE Wandrille,83.8,80.0,-85.0,85.0,110.0,-120.0,-120.0,85.0,110.0,195.0
BFC - Chpt Province - Luxeuil-les-bains - P2,2025-03-01,SEN Men 96,OMIDVAR Alireza,93.0,125.0,133.0,-136.0,155.0,162.0,-165.0,133.0,162.0,295.0
BFC - Chpt Province - Luxeuil-les-bains - P2,2025-03-01,SEN Men 96,GRUSS Carlos martin,93.6,110.0,115.0,120.0,130.0,135.0,140.0,120.0,140.0,260.0
BFC - Chpt Province - Luxeuil-les-bains - P2,2025-03-01,SEN Men 96,BANDET Alexandre,95.6,92.0,97.0,-101.0,118.0,123.0,-126.0,97.0,123.0,220.0
BFC - Chpt Province - Luxeuil-les-bains - P2,2025-03-01,SEN Men 102,GLEVAREC Maxence,98.8,105.0,110.0,-115.0,135.0,-140.0,140.0,110.0,140.0,250.0
BFC - Chpt Province - Luxeuil-les-bains - P2,2025-03-01,SEN Men 61,MEY Sovannarith,60.1,-83.0,83.0,-85.0,109.0,-112.0,112.0,83.0,112.0,195.0
BFC - Chpt Province - Luxeuil-les-bains - P2,2025-03-01,SEN Men 81,DA FONSECA Raphael,78.3,103.0,-107.0,-107.0,-130.0,130.0,-135.0,103.0,130.0,233.0
BFC - Chpt Province - Luxeuil-les-bains - P2,2025-03-01,SEN Men 81,TORREZ DAURA Miguel adolfo,80.9,98.0,102.0,106.0,126.0,-131.0,131.0,106.0,131.0,237.0
BFC - Chpt Province - Luxeuil-les-bains - P2,2025-03-01,SEN Men 81,LEE Jung ho,80.6,95.0,100.0,-103.0,115.0,120.0,-125.0,100.0,120.0,220.0
BFC - Chpt Province - Luxeuil-les-bains - P2,2025-03-01,SEN Men 89,CARLIER Damien,88.8,-128.0,130.0,130.0,157.0,-162.0,-162.0,130.0,157.0,287.0
BFC - Chpt Province - Luxeuil-les-bains - P2,2025-03-01,SEN Men 89,SERRA Romain,87.3,93.0,98.0,-103.0,122.0,-127.0,-130.0,98.0,122.0,220.0
BFC - Chpt Province - Luxeuil-les-bains - P2,2025-03-01,SEN Men 89,NGUYEN Sylvain,86.1,-90.0,95.0,105.0,-110.0,110.0,-120.0,105.0,110.0,215.0
BFC - Chpt Province - Luxeuil-les-bains - P2,2025-03-01,SEN Men 89,BOU SLEIMAN Tarek,88.4,-87.0,87.0,92.0,115.0,120.0,125.0,92.0,125.0,217.0
BFC - Chpt Province - Luxeuil-les-bains - P2,2025-03-01,SEN Men 89,MAURICE Wandrille,83.8,80.0,-85.0,85.0,110.0,-120.0,-120.0,85.0,110.0,195.0
BFC - Chpt Province - Luxeuil-les-bains - P2,2025-03-01,SEN Men 96,OMIDVAR Alireza,93.0,125.0,133.0,-136.0,155.0,162.0,-165.0,133.0,162.0,295.0
BFC - Chpt Province - Luxeuil-les-bains - P2,2025-03-01,SEN Men 96,GRUSS Carlos martin,93.6,110.0,115.0,120.0,130.0,135.0,140.0,120.0,140.0,260.0
BFC - Chpt Province - Luxeuil-les-bains - P2,2025-03-01,SEN Men 96,BANDET Alexandre,95.6,92.0,97.0,-101.0,118.0,123.0,-126.0,97.0,123.0,220.0
BFC - Chpt Province - Luxeuil-les-bains - P2,2025-03-01,SEN Men 102,GLEVAREC Maxence,98.8,105.0,110.0,-115.0,135.0,-140.0,140.0,110.0,140.0,250.0
BFC - Chpt Province - Luxeuil-les-bains - P2,2025-03-01,U20 Women >87,DODARD Mathilde,89.4,46.0,50.0,-53.0,60.0,-64.0,65.0,50.0,65.0,115.0
BFC - Chpt Province - Luxeuil-les-bains - P2,2025-03-01,SEN Women 55,ZHENG Noëlle,54.8,60.0,62.0,-64.0,-70.0,70.0,73.0,62.0,73.0,135.0
BFC - Chpt Province - Luxeuil-les-bains - P2,2025-03-01,SEN Women 59,TAIMOURI Sara,58.1,58.0,-60.0,-60.0,70.0,-0.0,-0.0,58.0,70.0,128.0
BFC - Chpt Province - Luxeuil-les-bains - P2,2025-03-01,SEN Women 59,CHIAULON Maud,56.1,83.0,-85.0,-85.0,-100.0,-100.0,-100.0,83.0,0.0,0.0
BFC - Chpt Province - Luxeuil-les-bains - P2,2025-03-01,SEN Women 64,PAILLARD Mailys,63.3,70.0,73.0,75.0,90.0,92.0,94.0,75.0,94.0,169.0
BFC - Chpt Province - Luxeuil-les-bains - P2,2025-03-01,SEN Women 64,LAMDAHBIN Zahra,60.2,58.0,-61.0,-61.0,76.0,-80.0,80.0,58.0,80.0,138.0
BFC - Chpt Province - Luxeuil-les-bains - P2,2025-03-01,SEN Women 64,HERPSONT HORRILLO Louise,63.4,55.0,58.0,-62.0,75.0,79.0,-82.0,58.0,79.0,137.0
BFC - Chpt Province - Luxeuil-les-bains - P2,2025-03-01,SEN Women 64,DOUCOURÉ Mantia,62.0,54.0,-58.0,58.0,60.0,-65.0,65.0,58.0,65.0,123.0
BFC - Chpt Province - Luxeuil-les-bains - P2,2025-03-01,SEN Women 64,BOHNERT Sophie,62.9,48.0,51.0,53.0,62.0,65.0,-67.0,53.0,65.0,118.0
BFC - Chpt Province - Luxeuil-les-bains - P2,2025-03-01,SEN Women 71,PEREIRA Camille,68.7,-70.0,-70.0,70.0,-85.0,-85.0,85.0,70.0,85.0,155.0
BFC - Chpt Province - Luxeuil-les-bains - P2,2025-03-01,SEN Women 71,BADOCCHI Ada,68.5,50.0,54.0,56.0,70.0,-74.0,-74.0,56.0,70.0,126.0
BFC - Chpt Province - Luxeuil-les-bains - P2,2025-03-01,SEN Women 76,DUMUR Armony,75.1,75.0,78.0,80.0,-100.0,-100.0,100.0,80.0,100.0,180.0
BFC - Chpt Province - Luxeuil-les-bains - P2,2025-03-01,SEN Women 81,NANTERMOZ Olivia,79.9,-70.0,-70.0,-70.0,82.0,-84.0,-84.0,0.0,82.0,0.0
BFC - Chpt Province - Luxeuil-les-bains - P2,2025-03-01,SEN Women >87,DRENO Eva marie,95.6,70.0,-72.0,-72.0,85.0,-92.0,-92.0,70.0,85.0,155.0
BFC - Chpt Province - Luxeuil-les-bains - P2,2025-03-01,SEN Women >87,BELL Leah,95.7,55.0,-58.0,-60.0,68.0,72.0,75.0,55.0,75.0,130.0
BFC - Chpt Province - Luxeuil-les-bains - P2,2025-03-01,SEN Women >87,GATEAU Emma,94.6,-60.0,-62.0,-62.0,-0.0,-0.0,-0.0,0.0,0.0,0.0
BFC - Chpt Province - Luxeuil-les-bains - P2,2025-03-01,U20 Women >87,DODARD Mathilde,89.4,46.0,50.0,-53.0,60.0,-64.0,65.0,50.0,65.0,115.0
BFC - Chpt Province - Luxeuil-les-bains - P2,2025-03-01,SEN Women 55,ZHENG Noëlle,54.8,60.0,62.0,-64.0,-70.0,70.0,73.0,62.0,73.0,135.0
BFC - Chpt Province - Luxeuil-les-bains - P2,2025-03-01,SEN Women 59,TAIMOURI Sara,58.1,58.0,-60.0,-60.0,70.0,-0.0,-0.0,58.0,70.0,128.0
BFC - Chpt Province - Luxeuil-les-bains - P2,2025-03-01,SEN Women 59,CHIAULON Maud,56.1,83.0,-85.0,-85.0,-100.0,-100.0,-100.0,83.0,0.0,0.0
BFC - Chpt Province - Luxeuil-les-bains - P2,2025-03-01,SEN Women 64,PAILLARD Mailys,63.3,70.0,73.0,75.0,90.0,92.0,94.0,75.0,94.0,169.0
BFC - Chpt Province - Luxeuil-les-bains - P2,2025-03-01,SEN Women 64,LAMDAHBIN Zahra,60.2,58.0,-61.0,-61.0,76.0,-80.0,80.0,58.0,80.0,138.0
BFC - Chpt Province - Luxeuil-les-bains - P2,2025-03-01,SEN Women 64,HERPSONT HORRILLO Louise,63.4,55.0,58.0,-62.0,75.0,79.0,-82.0,58.0,79.0,137.0
BFC - Chpt Province - Luxeuil-les-bains - P2,2025-03-01,SEN Women 64,DOUCOURÉ Mantia,62.0,54.0,-58.0,58.0,60.0,-65.0,65.0,58.0,65.0,123.0
BFC - Chpt Province - Luxeuil-les-bains - P2,2025-03-01,SEN Women 64,BOHNERT Sophie,62.9,48.0,51.0,53.0,62.0,65.0,-67.0,53.0,65.0,118.0
BFC - Chpt Province - Luxeuil-les-bains - P2,2025-03-01,SEN Women 71,PEREIRA Camille,68.7,-70.0,-70.0,70.0,-85.0,-85.0,85.0,70.0,85.0,155.0
BFC - Chpt Province - Luxeuil-les-bains - P2,2025-03-01,SEN Women 71,BADOCCHI Ada,68.5,50.0,54.0,56.0,70.0,-74.0,-74.0,56.0,70.0,126.0
BFC - Chpt Province - Luxeuil-les-bains - P2,2025-03-01,SEN Women 76,DUMUR Armony,75.1,75.0,78.0,80.0,-100.0,-100.0,100.0,80.0,100.0,180.0
BFC - Chpt Province - Luxeuil-les-bains - P2,2025-03-01,SEN Women 81,NANTERMOZ Olivia,79.9,-70.0,-70.0,-70.0,82.0,-84.0,-84.0,0.0,82.0,0.0
BFC - Chpt Province - Luxeuil-les-bains - P2,2025-03-01,SEN Women >87,DRENO Eva marie,95.6,70.0,-72.0,-72.0,85.0,-92.0,-92.0,70.0,85.0,155.0
BFC - Chpt Province - Luxeuil-les-bains - P2,2025-03-01,SEN Women >87,BELL Leah,95.7,55.0,-58.0,-60.0,68.0,72.0,75.0,55.0,75.0,130.0
BFC - Chpt Province - Luxeuil-les-bains - P2,2025-03-01,SEN Women >87,GATEAU Emma,94.6,-60.0,-62.0,-62.0,-0.0,-0.0,-0.0,0.0,0.0,0.0
BFC - Chpt Province - Luxeuil-les-bains - P2,2025-03-01,U10 Men ,GONERA Victor,37.34,8.0,9.0,-10.0,10.0,11.0,12.0,9.0,12.0,21.0
BFC - Chpt Province - Luxeuil-les-bains - P2,2025-03-01,U10 Men ,WARNET Auguste,48.08,10.0,-12.0,12.0,12.0,-13.0,13.0,12.0,13.0,25.0
BFC - Chpt Province - Luxeuil-les-bains - P2,2025-03-01,U13 Men 35,DECRAENE Mael,28.62,12.0,14.0,16.0,16.0,18.0,20.0,16.0,20.0,36.0
BFC - Chpt Province - Luxeuil-les-bains - P2,2025-03-01,U13 Men 40,BEAURAIN Isaac,38.52,31.0,33.0,-35.0,41.0,43.0,45.0,33.0,45.0,78.0
BFC - Chpt Province - Luxeuil-les-bains - P2,2025-03-01,U13 Men 40,MOREL Clement,38.5,16.0,18.0,-19.0,19.0,21.0,23.0,18.0,23.0,41.0
BFC - Chpt Province - Luxeuil-les-bains - P2,2025-03-01,U13 Men 45,CHIZZOLINI Kendjy,42.72,16.0,-18.0,18.0,19.0,21.0,23.0,18.0,23.0,41.0
BFC - Chpt Province - Luxeuil-les-bains - P2,2025-03-01,U13 Men 49,BERGER MARLIOT Mao,48.66,20.0,22.0,24.0,24.0,26.0,28.0,24.0,28.0,52.0
BFC - Chpt Province - Luxeuil-les-bains - P2,2025-03-01,U13 Men 67,WAUTHIER Lucas,63.24,32.0,34.0,36.0,46.0,48.0,50.0,36.0,50.0,86.0
BFC - Chpt Province - Luxeuil-les-bains - P2,2025-03-01,U13 Men 73,LENFANT Mathieu,70.68,29.0,-31.0,31.0,40.0,41.0,43.0,31.0,43.0,74.0
BFC - Chpt Province - Luxeuil-les-bains - P2,2025-03-01,U13 Women 35,HORN Ines,31.2,21.0,23.0,-25.0,29.0,-30.0,30.0,23.0,30.0,53.0
BFC - Chpt Province - Luxeuil-les-bains - P2,2025-03-01,U13 Women 35,LEJEUNE Eleane,28.12,-13.0,13.0,14.0,16.0,18.0,-19.0,14.0,18.0,32.0
BFC - Chpt Province - Luxeuil-les-bains - P2,2025-03-01,U13 Women 45,HECQUET Maelys,42.26,18.0,20.0,-22.0,-22.0,22.0,24.0,20.0,24.0,44.0
BFC - Chpt Province - Luxeuil-les-bains - P2,2025-03-01,U13 Women 55,CHIZZOLINI Inaya,51.3,24.0,26.0,-28.0,32.0,34.0,-36.0,26.0,34.0,60.0
BFC - Chpt Province - Luxeuil-les-bains - P2,2025-03-01,U13 Women 59,WARNET Louise,57.86,20.0,22.0,24.0,22.0,24.0,-26.0,24.0,24.0,48.0
BFC - Chpt Province - Luxeuil-les-bains - P2,2025-03-01,U10 Men ,GONERA Victor,37.34,8.0,9.0,-10.0,10.0,11.0,12.0,9.0,12.0,21.0
BFC - Chpt Province - Luxeuil-les-bains - P2,2025-03-01,U10 Men ,WARNET Auguste,48.08,10.0,-12.0,12.0,12.0,-13.0,13.0,12.0,13.0,25.0
BFC - Chpt Province - Luxeuil-les-bains - P2,2025-03-01,U13 Men 35,DECRAENE Mael,28.62,12.0,14.0,16.0,16.0,18.0,20.0,16.0,20.0,36.0
BFC - Chpt Province - Luxeuil-les-bains - P2,2025-03-01,U13 Men 40,BEAURAIN Isaac,38.52,31.0,33.0,-35.0,41.0,43.0,45.0,33.0,45.0,78.0
BFC - Chpt Province - Luxeuil-les-bains - P2,2025-03-01,U13 Men 40,MOREL Clement,38.5,16.0,18.0,-19.0,19.0,21.0,23.0,18.0,23.0,41.0
BFC - Chpt Province - Luxeuil-les-bains - P2,2025-03-01,U13 Men 45,CHIZZOLINI Kendjy,42.72,16.0,-18.0,18.0,19.0,21.0,23.0,18.0,23.0,41.0
BFC - Chpt Province - Luxeuil-les-bains - P2,2025-03-01,U13 Men 49,BERGER MARLIOT Mao,48.66,20.0,22.0,24.0,24.0,26.0,28.0,24.0,28.0,52.0
BFC - Chpt Province - Luxeuil-les-bains - P2,2025-03-01,U13 Men 67,WAUTHIER Lucas,63.24,32.0,34.0,36.0,46.0,48.0,50.0,36.0,50.0,86.0
BFC - Chpt Province - Luxeuil-les-bains - P2,2025-03-01,U13 Men 73,LENFANT Mathieu,70.68,29.0,-31.0,31.0,40.0,41.0,43.0,31.0,43.0,74.0
BFC - Chpt Province - Luxeuil-les-bains - P2,2025-03-01,U13 Women 35,HORN Ines,31.2,21.0,23.0,-25.0,29.0,-30.0,30.0,23.0,30.0,53.0
BFC - Chpt Province - Luxeuil-les-bains - P2,2025-03-01,U13 Women 35,LEJEUNE Eleane,28.12,-13.0,13.0,14.0,16.0,18.0,-19.0,14.0,18.0,32.0
BFC - Chpt Province - Luxeuil-les-bains - P2,2025-03-01,U13 Women 45,HECQUET Maelys,42.26,18.0,20.0,-22.0,-22.0,22.0,24.0,20.0,24.0,44.0
BFC - Chpt Province - Luxeuil-les-bains - P2,2025-03-01,U13 Women 55,CHIZZOLINI Inaya,51.3,24.0,26.0,-28.0,32.0,34.0,-36.0,26.0,34.0,60.0
BFC - Chpt Province - Luxeuil-les-bains - P2,2025-03-01,U13 Women 59,WARNET Louise,57.86,20.0,22.0,24.0,22.0,24.0,-26.0,24.0,24.0,48.0
BFC - Chpt Province - Luxeuil-les-bains - P2,2025-03-01,U15 Women 45,DECRAENE Selenia,42.88,41.0,43.0,-45.0,51.0,53.0,56.0,43.0,56.0,99.0
BFC - Chpt Province - Luxeuil-les-bains - P2,2025-03-01,U15 Women 45,ROUSSILLAT Klea,42.9,30.0,-33.0,33.0,38.0,41.0,-43.0,33.0,41.0,74.0
BFC - Chpt Province - Luxeuil-les-bains - P2,2025-03-01,U15 Women 45,MORAND Clementine,42.98,24.0,26.0,-28.0,32.0,34.0,-36.0,26.0,34.0,60.0
BFC - Chpt Province - Luxeuil-les-bains - P2,2025-03-01,U15 Women 55,ANDRIEUX Flora,52.6,52.0,55.0,57.0,-70.0,70.0,-73.0,57.0,70.0,127.0
BFC - Chpt Province - Luxeuil-les-bains - P2,2025-03-01,U15 Women 55,DUFRANNE Leya,54.1,36.0,-38.0,39.0,45.0,48.0,51.0,39.0,51.0,90.0
BFC - Chpt Province - Luxeuil-les-bains - P2,2025-03-01,U15 Women 55,BOUCHEZ Clarys,54.44,33.0,36.0,-38.0,43.0,46.0,49.0,36.0,49.0,85.0
BFC - Chpt Province - Luxeuil-les-bains - P2,2025-03-01,U15 Women 55,MARTINEZ Clea,54.52,30.0,33.0,35.0,40.0,43.0,-45.0,35.0,43.0,78.0
BFC - Chpt Province - Luxeuil-les-bains - P2,2025-03-01,U15 Women 55,BACHELET Louna,54.38,34.0,-37.0,-37.0,-42.0,42.0,-45.0,34.0,42.0,76.0
BFC - Chpt Province - Luxeuil-les-bains - P2,2025-03-01,U15 Women 59,BRAILLY Camille,56.88,43.0,45.0,47.0,-58.0,58.0,60.0,47.0,60.0,107.0
BFC - Chpt Province - Luxeuil-les-bains - P2,2025-03-01,U15 Women 59,DECAVE Marion,58.94,26.0,28.0,-30.0,34.0,36.0,38.0,28.0,38.0,66.0
BFC - Chpt Province - Luxeuil-les-bains - P2,2025-03-01,U15 Women 59,LAFFILEZ Zia,56.72,-26.0,26.0,-29.0,37.0,-40.0,-40.0,26.0,37.0,63.0
BFC - Chpt Province - Luxeuil-les-bains - P2,2025-03-01,U15 Women 64,QUINET Esther,63.68,36.0,39.0,-41.0,48.0,-52.0,-52.0,39.0,48.0,87.0
BFC - Chpt Province - Luxeuil-les-bains - P2,2025-03-01,U15 Women 45,DECRAENE Selenia,42.88,41.0,43.0,-45.0,51.0,53.0,56.0,43.0,56.0,99.0
BFC - Chpt Province - Luxeuil-les-bains - P2,2025-03-01,U15 Women 45,ROUSSILLAT Klea,42.9,30.0,-33.0,33.0,38.0,41.0,-43.0,33.0,41.0,74.0
BFC - Chpt Province - Luxeuil-les-bains - P2,2025-03-01,U15 Women 45,MORAND Clementine,42.98,24.0,26.0,-28.0,32.0,34.0,-36.0,26.0,34.0,60.0
BFC - Chpt Province - Luxeuil-les-bains - P2,2025-03-01,U15 Women 55,ANDRIEUX Flora,52.6,52.0,55.0,57.0,-70.0,70.0,-73.0,57.0,70.0,127.0
BFC - Chpt Province - Luxeuil-les-bains - P2,2025-03-01,U15 Women 55,DUFRANNE Leya,54.1,36.0,-38.0,39.0,45.0,48.0,51.0,39.0,51.0,90.0
BFC - Chpt Province - Luxeuil-les-bains - P2,2025-03-01,U15 Women 55,BOUCHEZ Clarys,54.44,33.0,36.0,-38.0,43.0,46.0,49.0,36.0,49.0,85.0
BFC - Chpt Province - Luxeuil-les-bains - P2,2025-03-01,U15 Women 55,MARTINEZ Clea,54.52,30.0,33.0,35.0,40.0,43.0,-45.0,35.0,43.0,78.0
BFC - Chpt Province - Luxeuil-les-bains - P2,2025-03-01,U15 Women 55,BACHELET Louna,54.38,34.0,-37.0,-37.0,-42.0,42.0,-45.0,34.0,42.0,76.0
BFC - Chpt Province - Luxeuil-les-bains - P2,2025-03-01,U15 Women 59,BRAILLY Camille,56.88,43.0,45.0,47.0,-58.0,58.0,60.0,47.0,60.0,107.0
BFC - Chpt Province - Luxeuil-les-bains - P2,2025-03-01,U15 Women 59,DECAVE Marion,58.94,26.0,28.0,-30.0,34.0,36.0,38.0,28.0,38.0,66.0
BFC - Chpt Province - Luxeuil-les-bains - P2,2025-03-01,U15 Women 59,LAFFILEZ Zia,56.72,-26.0,26.0,-29.0,37.0,-40.0,-40.0,26.0,37.0,63.0
BFC - Chpt Province - Luxeuil-les-bains - P2,2025-03-01,U15 Women 64,QUINET Esther,63.68,36.0,39.0,-41.0,48.0,-52.0,-52.0,39.0,48.0,87.0
BFC - Chpt Province - Luxeuil-les-bains - P2,2025-03-01,U17 Women 45,DEMORY Tempérance,43.42,24.0,26.0,-27.0,33.0,35.0,-37.0,26.0,35.0,61.0
BFC - Chpt Province - Luxeuil-les-bains - P2,2025-03-01,U17 Women 59,RIOT Lola,56.3,48.0,-51.0,-51.0,56.0,59.0,-61.0,48.0,59.0,107.0
BFC - Chpt Province - Luxeuil-les-bains - P2,2025-03-01,U17 Women 59,HOIRET Ynesse,56.6,35.0,38.0,-40.0,41.0,43.0,-45.0,38.0,43.0,81.0
BFC - Chpt Province - Luxeuil-les-bains - P2,2025-03-01,U17 Women 59,BARON Marie,59.0,30.0,33.0,-0.0,40.0,43.0,45.0,33.0,45.0,78.0
BFC - Chpt Province - Luxeuil-les-bains - P2,2025-03-01,U17 Women 59,LEFEVRE Tracy,59.0,28.0,31.0,33.0,38.0,41.0,-44.0,33.0,41.0,74.0
BFC - Chpt Province - Luxeuil-les-bains - P2,2025-03-01,U17 Women 59,CARON Amandine,55.94,-30.0,30.0,-32.0,37.0,-39.0,39.0,30.0,39.0,69.0
BFC - Chpt Province - Luxeuil-les-bains - P2,2025-03-01,U17 Women 71,ROUY Ilona,70.94,65.0,68.0,70.0,77.0,-80.0,80.0,70.0,80.0,150.0
BFC - Chpt Province - Luxeuil-les-bains - P2,2025-03-01,U20 Women 45,BIZEAU Alexine,44.54,-57.0,-57.0,57.0,69.0,72.0,-75.0,57.0,72.0,129.0
BFC - Chpt Province - Luxeuil-les-bains - P2,2025-03-01,U20 Women 71,CARON Lea,66.3,47.0,50.0,53.0,58.0,61.0,64.0,53.0,64.0,117.0
BFC - Chpt Province - Luxeuil-les-bains - P2,2025-03-01,U20 Women 76,NOURTIER Lyla,75.24,62.0,-65.0,66.0,78.0,-81.0,-84.0,66.0,78.0,144.0
BFC - Chpt Province - Luxeuil-les-bains - P2,2025-03-01,U20 Women >87,CAMACHO GONZALEZ Helena,93.48,50.0,54.0,56.0,65.0,69.0,73.0,56.0,73.0,129.0
BFC - Chpt Province - Luxeuil-les-bains - P2,2025-03-01,SEN Women 49,THIERRY Charlotte,48.44,60.0,-63.0,-65.0,75.0,80.0,83.0,60.0,83.0,143.0
BFC - Chpt Province - Luxeuil-les-bains - P2,2025-03-01,SEN Women 59,NEERUNJUN Nidhi,58.58,47.0,-50.0,-50.0,60.0,-63.0,-63.0,47.0,60.0,107.0
BFC - Chpt Province - Luxeuil-les-bains - P2,2025-03-01,SEN Women 59,GOSSEAU Tiffany,58.92,45.0,-47.0,-47.0,-55.0,-56.0,-56.0,45.0,0.0,0.0
BFC - Chpt Province - Luxeuil-les-bains - P2,2025-03-01,SEN Women 64,RAVENAUX Lauriane,61.9,50.0,-54.0,-57.0,70.0,-73.0,73.0,50.0,73.0,123.0
BFC - Chpt Province - Luxeuil-les-bains - P2,2025-03-01,SEN Women 71,LOTTIN Justine,68.34,-63.0,65.0,70.0,75.0,-82.0,-82.0,70.0,75.0,145.0
BFC - Chpt Province - Luxeuil-les-bains - P2,2025-03-01,SEN Women 71,PAILLART Shirley,68.52,-49.0,50.0,-53.0,61.0,-65.0,-65.0,50.0,61.0,111.0
BFC - Chpt Province - Luxeuil-les-bains - P2,2025-03-01,U17 Women 45,DEMORY Tempérance,43.42,24.0,26.0,-27.0,33.0,35.0,-37.0,26.0,35.0,61.0
BFC - Chpt Province - Luxeuil-les-bains - P2,2025-03-01,U17 Women 59,RIOT Lola,56.3,48.0,-51.0,-51.0,56.0,59.0,-61.0,48.0,59.0,107.0
BFC - Chpt Province - Luxeuil-les-bains - P2,2025-03-01,U17 Women 59,HOIRET Ynesse,56.6,35.0,38.0,-40.0,41.0,43.0,-45.0,38.0,43.0,81.0
BFC - Chpt Province - Luxeuil-les-bains - P2,2025-03-01,U17 Women 59,BARON Marie,59.0,30.0,33.0,-0.0,40.0,43.0,45.0,33.0,45.0,78.0
BFC - Chpt Province - Luxeuil-les-bains - P2,2025-03-01,U17 Women 59,LEFEVRE Tracy,59.0,28.0,31.0,33.0,38.0,41.0,-44.0,33.0,41.0,74.0
BFC - Chpt Province - Luxeuil-les-bains - P2,2025-03-01,U17 Women 59,CARON Amandine,55.94,-30.0,30.0,-32.0,37.0,-39.0,39.0,30.0,39.0,69.0
BFC - Chpt Province - Luxeuil-les-bains - P2,2025-03-01,U17 Women 71,ROUY Ilona,70.94,65.0,68.0,70.0,77.0,-80.0,80.0,70.0,80.0,150.0
BFC - Chpt Province - Luxeuil-les-bains - P2,2025-03-01,U20 Women 45,BIZEAU Alexine,44.54,-57.0,-57.0,57.0,69.0,72.0,-75.0,57.0,72.0,129.0
BFC - Chpt Province - Luxeuil-les-bains - P2,2025-03-01,U20 Women 71,CARON Lea,66.3,47.0,50.0,53.0,58.0,61.0,64.0,53.0,64.0,117.0
BFC - Chpt Province - Luxeuil-les-bains - P2,2025-03-01,U20 Women 76,NOURTIER Lyla,75.24,62.0,-65.0,66.0,78.0,-81.0,-84.0,66.0,78.0,144.0
BFC - Chpt Province - Luxeuil-les-bains - P2,2025-03-01,U20 Women >87,CAMACHO GONZALEZ Helena,93.48,50.0,54.0,56.0,65.0,69.0,73.0,56.0,73.0,129.0
BFC - Chpt Province - Luxeuil-les-bains - P2,2025-03-01,SEN Women 49,THIERRY Charlotte,48.44,60.0,-63.0,-65.0,75.0,80.0,83.0,60.0,83.0,143.0
BFC - Chpt Province - Luxeuil-les-bains - P2,2025-03-01,SEN Women 59,NEERUNJUN Nidhi,58.58,47.0,-50.0,-50.0,60.0,-63.0,-63.0,47.0,60.0,107.0
BFC - Chpt Province - Luxeuil-les-bains - P2,2025-03-01,SEN Women 59,GOSSEAU Tiffany,58.92,45.0,-47.0,-47.0,-55.0,-56.0,-56.0,45.0,0.0,0.0
BFC - Chpt Province - Luxeuil-les-bains - P2,2025-03-01,SEN Women 64,RAVENAUX Lauriane,61.9,50.0,-54.0,-57.0,70.0,-73.0,73.0,50.0,73.0,123.0
BFC - Chpt Province - Luxeuil-les-bains - P2,2025-03-01,SEN Women 71,LOTTIN Justine,68.34,-63.0,65.0,70.0,75.0,-82.0,-82.0,70.0,75.0,145.0
BFC - Chpt Province - Luxeuil-les-bains - P2,2025-03-01,SEN Women 71,PAILLART Shirley,68.52,-49.0,50.0,-53.0,61.0,-65.0,-65.0,50.0,61.0,111.0
BFC - Chpt Province - Luxeuil-les-bains - P2,2025-03-01,U20 Men 81,BAUMGARTNER Nohan,73.42,67.0,71.0,-74.0,92.0,96.0,100.0,71.0,100.0,171.0
BFC - Chpt Province - Luxeuil-les-bains - P2,2025-03-01,U20 Men 102,MONNEREAU Julien,101.24,82.0,86.0,88.0,107.0,112.0,117.0,88.0,117.0,205.0
BFC - Chpt Province - Luxeuil-les-bains - P2,2025-03-01,SEN Men 73,PEDRAK Benjamin,68.64,110.0,115.0,-120.0,-135.0,-145.0,-145.0,115.0,0.0,0.0
BFC - Chpt Province - Luxeuil-les-bains - P2,2025-03-01,SEN Men 81,JEROME Kevin,79.74,100.0,-105.0,-105.0,120.0,-128.0,-131.0,100.0,120.0,220.0
BFC - Chpt Province - Luxeuil-les-bains - P2,2025-03-01,U20 Men 81,BAUMGARTNER Nohan,73.42,67.0,71.0,-74.0,92.0,96.0,100.0,71.0,100.0,171.0
BFC - Chpt Province - Luxeuil-les-bains - P2,2025-03-01,U20 Men 102,MONNEREAU Julien,101.24,82.0,86.0,88.0,107.0,112.0,117.0,88.0,117.0,205.0
BFC - Chpt Province - Luxeuil-les-bains - P2,2025-03-01,SEN Men 73,PEDRAK Benjamin,68.64,110.0,115.0,-120.0,-135.0,-145.0,-145.0,115.0,0.0,0.0
BFC - Chpt Province - Luxeuil-les-bains - P2,2025-03-01,SEN Men 81,JEROME Kevin,79.74,100.0,-105.0,-105.0,120.0,-128.0,-131.0,100.0,120.0,220.0
BFC - Chpt Province - Luxeuil-les-bains - P2,2025-03-01,M35 Men 73,JEROME Alexis,67.78,90.0,-95.0,-95.0,110.0,-115.0,-115.0,90.0,110.0,200.0
BFC - Chpt Province - Luxeuil-les-bains - P2,2025-03-01,M35 Men 89,BERGER Emerick,88.62,100.0,105.0,110.0,125.0,130.0,-0.0,110.0,130.0,240.0
BFC - Chpt Province - Luxeuil-les-bains - P2,2025-03-01,M35 Men 102,VARLET Teddy,101.82,80.0,-84.0,84.0,-105.0,105.0,-110.0,84.0,105.0,189.0
BFC - Chpt Province - Luxeuil-les-bains - P2,2025-03-01,M60 Men 81,DUMEIGE Christophe,74.42,59.0,62.0,-65.0,77.0,82.0,87.0,62.0,87.0,149.0
BFC - Chpt Province - Luxeuil-les-bains - P2,2025-03-01,M60 Men 81,CLABAUT Robert,79.1,50.0,55.0,-0.0,70.0,75.0,-0.0,55.0,75.0,130.0
BFC - Chpt Province - Luxeuil-les-bains - P2,2025-03-01,M70 Men 96,POUILLAUDE Dominique,91.42,-48.0,48.0,51.0,73.0,76.0,-80.0,51.0,76.0,127.0
BFC - Chpt Province - Luxeuil-les-bains - P2,2025-03-01,M35 Men 73,JEROME Alexis,67.78,90.0,-95.0,-95.0,110.0,-115.0,-115.0,90.0,110.0,200.0
BFC - Chpt Province - Luxeuil-les-bains - P2,2025-03-01,M35 Men 89,BERGER Emerick,88.62,100.0,105.0,110.0,125.0,130.0,-0.0,110.0,130.0,240.0
BFC - Chpt Province - Luxeuil-les-bains - P2,2025-03-01,M35 Men 102,VARLET Teddy,101.82,80.0,-84.0,84.0,-105.0,105.0,-110.0,84.0,105.0,189.0
BFC - Chpt Province - Luxeuil-les-bains - P2,2025-03-01,M60 Men 81,DUMEIGE Christophe,74.42,59.0,62.0,-65.0,77.0,82.0,87.0,62.0,87.0,149.0
BFC - Chpt Province - Luxeuil-les-bains - P2,2025-03-01,M60 Men 81,CLABAUT Robert,79.1,50.0,55.0,-0.0,70.0,75.0,-0.0,55.0,75.0,130.0
BFC - Chpt Province - Luxeuil-les-bains - P2,2025-03-01,M70 Men 96,POUILLAUDE Dominique,91.42,-48.0,48.0,51.0,73.0,76.0,-80.0,51.0,76.0,127.0
BFC - Chpt Province - Luxeuil-les-bains - P2,2025-03-01,W65 Women 71,SAUGOUT Noelle,69.0,23.0,25.0,-26.0,30.0,33.0,-35.0,25.0,33.0,58.0
BFC - Chpt Province - Luxeuil-les-bains - P2,2025-03-01,W65 Women 71,SAUGOUT Noelle,69.0,23.0,25.0,-26.0,30.0,33.0,-35.0,25.0,33.0,58.0
BFC - Chpt Province - Luxeuil-les-bains - P2,2025-03-01,U13 Men 40,CARITEY Gabin,39.9,16.0,18.0,20.0,-18.0,18.0,20.0,20.0,20.0,40.0
BFC - Chpt Province - Luxeuil-les-bains - P2,2025-03-01,U13 Men 49,REUCHET Gabin,47.5,20.0,22.0,-24.0,25.0,27.0,29.0,22.0,29.0,51.0
BFC - Chpt Province - Luxeuil-les-bains - P2,2025-03-01,U13 Men 49,GONZALEZ BURCEA Eduardo,46.2,10.0,12.0,-14.0,14.0,16.0,18.0,12.0,18.0,30.0
BFC - Chpt Province - Luxeuil-les-bains - P2,2025-03-01,U13 Men 55,PARADOT DUCERF Jeremie,54.3,14.0,16.0,18.0,20.0,-22.0,22.0,18.0,22.0,40.0
BFC - Chpt Province - Luxeuil-les-bains - P2,2025-03-01,U13 Men 67,HUDAN Esteban,64.0,35.0,37.0,-39.0,42.0,-44.0,44.0,37.0,44.0,81.0
BFC - Chpt Province - Luxeuil-les-bains - P2,2025-03-01,U13 Men 67,TARBY Mathéo,65.6,28.0,-30.0,30.0,-38.0,38.0,40.0,30.0,40.0,70.0
BFC - Chpt Province - Luxeuil-les-bains - P2,2025-03-01,U13 Women 40,BLAIZE Elésia,38.8,22.0,24.0,26.0,32.0,34.0,36.0,26.0,36.0,62.0
BFC - Chpt Province - Luxeuil-les-bains - P2,2025-03-01,U13 Women 45,AUBRY Leena,43.7,25.0,27.0,29.0,36.0,38.0,40.0,29.0,40.0,69.0
BFC - Chpt Province - Luxeuil-les-bains - P2,2025-03-01,U13 Women 49,BAUD Tina,47.6,36.0,38.0,40.0,46.0,48.0,50.0,40.0,50.0,90.0
BFC - Chpt Province - Luxeuil-les-bains - P2,2025-03-01,U13 Women 55,DURIC Ema,50.4,46.0,48.0,50.0,59.0,61.0,63.0,50.0,63.0,113.0
BFC - Chpt Province - Luxeuil-les-bains - P2,2025-03-01,U13 Women 71,FORESTIER Méline,65.9,36.0,38.0,40.0,46.0,48.0,50.0,40.0,50.0,90.0
BFC - Chpt Province - Luxeuil-les-bains - P2,2025-03-01,U13 Women 71,SIGUST DUQUESNOY Lya,66.6,25.0,27.0,-29.0,36.0,38.0,40.0,27.0,40.0,67.0
BFC - Chpt Province - Luxeuil-les-bains - P2,2025-03-01,U13 Women 71,DA SILVA OLIVEIRA Guilherme,69.3,20.0,22.0,-24.0,25.0,27.0,29.0,22.0,29.0,51.0
BFC - Chpt Province - Luxeuil-les-bains - P2,2025-03-01,U13 Men 40,CARITEY Gabin,39.9,16.0,18.0,20.0,-18.0,18.0,20.0,20.0,20.0,40.0
BFC - Chpt Province - Luxeuil-les-bains - P2,2025-03-01,U13 Men 49,REUCHET Gabin,47.5,20.0,22.0,-24.0,25.0,27.0,29.0,22.0,29.0,51.0
BFC - Chpt Province - Luxeuil-les-bains - P2,2025-03-01,U13 Men 49,GONZALEZ BURCEA Eduardo,46.2,10.0,12.0,-14.0,14.0,16.0,18.0,12.0,18.0,30.0
BFC - Chpt Province - Luxeuil-les-bains - P2,2025-03-01,U13 Men 55,PARADOT DUCERF Jeremie,54.3,14.0,16.0,18.0,20.0,-22.0,22.0,18.0,22.0,40.0
BFC - Chpt Province - Luxeuil-les-bains - P2,2025-03-01,U13 Men 67,HUDAN Esteban,64.0,35.0,37.0,-39.0,42.0,-44.0,44.0,37.0,44.0,81.0
BFC - Chpt Province - Luxeuil-les-bains - P2,2025-03-01,U13 Men 67,TARBY Mathéo,65.6,28.0,-30.0,30.0,-38.0,38.0,40.0,30.0,40.0,70.0
BFC - Chpt Province - Luxeuil-les-bains - P2,2025-03-01,U13 Women 40,BLAIZE Elésia,38.8,22.0,24.0,26.0,32.0,34.0,36.0,26.0,36.0,62.0
BFC - Chpt Province - Luxeuil-les-bains - P2,2025-03-01,U13 Women 45,AUBRY Leena,43.7,25.0,27.0,29.0,36.0,38.0,40.0,29.0,40.0,69.0
BFC - Chpt Province - Luxeuil-les-bains - P2,2025-03-01,U13 Women 49,BAUD Tina,47.6,36.0,38.0,40.0,46.0,48.0,50.0,40.0,50.0,90.0
BFC - Chpt Province - Luxeuil-les-bains - P2,2025-03-01,U13 Women 55,DURIC Ema,50.4,46.0,48.0,50.0,59.0,61.0,63.0,50.0,63.0,113.0
BFC - Chpt Province - Luxeuil-les-bains - P2,2025-03-01,U13 Women 71,FORESTIER Méline,65.9,36.0,38.0,40.0,46.0,48.0,50.0,40.0,50.0,90.0
BFC - Chpt Province - Luxeuil-les-bains - P2,2025-03-01,U13 Women 71,SIGUST DUQUESNOY Lya,66.6,25.0,27.0,-29.0,36.0,38.0,40.0,27.0,40.0,67.0
BFC - Chpt Province - Luxeuil-les-bains - P2,2025-03-01,U13 Women 71,DA SILVA OLIVEIRA Guilherme,69.3,20.0,22.0,-24.0,25.0,27.0,29.0,22.0,29.0,51.0
BFC - Chpt Province - Luxeuil-les-bains - P2,2025-03-01,U15 Women 55,FRABBONI Nina,54.7,43.0,45.0,-48.0,50.0,-55.0,55.0,45.0,55.0,100.0
BFC - Chpt Province - Luxeuil-les-bains - P2,2025-03-01,U20 Women 59,SAYER Eline,58.0,47.0,50.0,-53.0,65.0,-70.0,70.0,50.0,70.0,120.0
BFC - Chpt Province - Luxeuil-les-bains - P2,2025-03-01,U20 Women 59,COUSIN Marie,57.7,-51.0,51.0,-54.0,61.0,-64.0,64.0,51.0,64.0,115.0
BFC - Chpt Province - Luxeuil-les-bains - P2,2025-03-01,U20 Women 64,CARION Bélinda,59.3,42.0,44.0,46.0,53.0,-55.0,56.0,46.0,56.0,102.0
BFC - Chpt Province - Luxeuil-les-bains - P2,2025-03-01,U20 Women 71,CALMUS Thais,70.9,72.0,75.0,78.0,88.0,91.0,94.0,78.0,94.0,172.0
BFC - Chpt Province - Luxeuil-les-bains - P2,2025-03-01,U20 Women 71,DEMAN Coraline,64.3,-55.0,55.0,58.0,70.0,74.0,77.0,58.0,77.0,135.0
BFC - Chpt Province - Luxeuil-les-bains - P2,2025-03-01,SEN Women 55,GIOT Justine,53.3,-50.0,-50.0,-50.0,58.0,61.0,-64.0,0.0,61.0,0.0
BFC - Chpt Province - Luxeuil-les-bains - P2,2025-03-01,SEN Women 59,JARRE Candice,58.4,36.0,38.0,-40.0,49.0,52.0,-54.0,38.0,52.0,90.0
BFC - Chpt Province - Luxeuil-les-bains - P2,2025-03-01,SEN Women 64,ROCHER Margaux,63.6,-50.0,-50.0,50.0,72.0,-76.0,78.0,50.0,78.0,128.0
BFC - Chpt Province - Luxeuil-les-bains - P2,2025-03-01,SEN Women 64,LUCON Sawsen,62.8,38.0,40.0,-42.0,-58.0,58.0,-60.0,40.0,58.0,98.0
BFC - Chpt Province - Luxeuil-les-bains - P2,2025-03-01,SEN Women 64,JULLIEN Marine,62.6,-63.0,63.0,66.0,-78.0,-81.0,-81.0,66.0,0.0,0.0
BFC - Chpt Province - Luxeuil-les-bains - P2,2025-03-01,SEN Women 71,MOUDIN Marion,69.6,69.0,72.0,-75.0,85.0,89.0,-93.0,72.0,89.0,161.0
BFC - Chpt Province - Luxeuil-les-bains - P2,2025-03-01,SEN Women 71,MORIN Cecile,70.2,63.0,66.0,69.0,79.0,-83.0,-83.0,69.0,79.0,148.0
BFC - Chpt Province - Luxeuil-les-bains - P2,2025-03-01,SEN Women 71,FERREIRA ROLO Mathilde,66.6,-60.0,-63.0,-66.0,76.0,-79.0,-81.0,0.0,76.0,0.0
BFC - Chpt Province - Luxeuil-les-bains - P2,2025-03-01,SEN Women 76,COMTE Pauline,73.3,-68.0,-68.0,68.0,80.0,84.0,-87.0,68.0,84.0,152.0
BFC - Chpt Province - Luxeuil-les-bains - P2,2025-03-01,U15 Women 55,FRABBONI Nina,54.7,43.0,45.0,-48.0,50.0,-55.0,55.0,45.0,55.0,100.0
BFC - Chpt Province - Luxeuil-les-bains - P2,2025-03-01,U20 Women 59,SAYER Eline,58.0,47.0,50.0,-53.0,65.0,-70.0,70.0,50.0,70.0,120.0
BFC - Chpt Province - Luxeuil-les-bains - P2,2025-03-01,U20 Women 59,COUSIN Marie,57.7,-51.0,51.0,-54.0,61.0,-64.0,64.0,51.0,64.0,115.0
BFC - Chpt Province - Luxeuil-les-bains - P2,2025-03-01,U20 Women 64,CARION Bélinda,59.3,42.0,44.0,46.0,53.0,-55.0,56.0,46.0,56.0,102.0
BFC - Chpt Province - Luxeuil-les-bains - P2,2025-03-01,U20 Women 71,CALMUS Thais,70.9,72.0,75.0,78.0,88.0,91.0,94.0,78.0,94.0,172.0
BFC - Chpt Province - Luxeuil-les-bains - P2,2025-03-01,U20 Women 71,DEMAN Coraline,64.3,-55.0,55.0,58.0,70.0,74.0,77.0,58.0,77.0,135.0
BFC - Chpt Province - Luxeuil-les-bains - P2,2025-03-01,SEN Women 55,GIOT Justine,53.3,-50.0,-50.0,-50.0,58.0,61.0,-64.0,0.0,61.0,0.0
BFC - Chpt Province - Luxeuil-les-bains - P2,2025-03-01,SEN Women 59,JARRE Candice,58.4,36.0,38.0,-40.0,49.0,52.0,-54.0,38.0,52.0,90.0
BFC - Chpt Province - Luxeuil-les-bains - P2,2025-03-01,SEN Women 64,ROCHER Margaux,63.6,-50.0,-50.0,50.0,72.0,-76.0,78.0,50.0,78.0,128.0
BFC - Chpt Province - Luxeuil-les-bains - P2,2025-03-01,SEN Women 64,LUCON Sawsen,62.8,38.0,40.0,-42.0,-58.0,58.0,-60.0,40.0,58.0,98.0
BFC - Chpt Province - Luxeuil-les-bains - P2,2025-03-01,SEN Women 64,JULLIEN Marine,62.6,-63.0,63.0,66.0,-78.0,-81.0,-81.0,66.0,0.0,0.0
BFC - Chpt Province - Luxeuil-les-bains - P2,2025-03-01,SEN Women 71,MOUDIN Marion,69.6,69.0,72.0,-75.0,85.0,89.0,-93.0,72.0,89.0,161.0
BFC - Chpt Province - Luxeuil-les-bains - P2,2025-03-01,SEN Women 71,MORIN Cecile,70.2,63.0,66.0,69.0,79.0,-83.0,-83.0,69.0,79.0,148.0
BFC - Chpt Province - Luxeuil-les-bains - P2,2025-03-01,SEN Women 71,FERREIRA ROLO Mathilde,66.6,-60.0,-63.0,-66.0,76.0,-79.0,-81.0,0.0,76.0,0.0
BFC - Chpt Province - Luxeuil-les-bains - P2,2025-03-01,SEN Women 76,COMTE Pauline,73.3,-68.0,-68.0,68.0,80.0,84.0,-87.0,68.0,84.0,152.0
BFC - Chpt Province - Luxeuil-les-bains - P2,2025-03-01,SEN Women 71,BOUKERROU Pascale,68.7,72.0,75.0,77.0,92.0,95.0,97.0,77.0,97.0,174.0
BFC - Chpt Province - Luxeuil-les-bains - P2,2025-03-01,SEN Women 71,RAHMANI Aciyah,69.9,73.0,76.0,-78.0,92.0,96.0,-0.0,76.0,96.0,172.0
BFC - Chpt Province - Luxeuil-les-bains - P2,2025-03-01,SEN Women 71,CUVILLIER Elodie,68.1,65.0,68.0,-70.0,84.0,87.0,-90.0,68.0,87.0,155.0
BFC - Chpt Province - Luxeuil-les-bains - P2,2025-03-01,SEN Women 71,BRILLON Lucie,70.9,-44.0,-44.0,-44.0,58.0,-61.0,61.0,0.0,61.0,0.0
BFC - Chpt Province - Luxeuil-les-bains - P2,2025-03-01,SEN Women 71,BOUKERROU Pascale,68.7,72.0,75.0,77.0,92.0,95.0,97.0,77.0,97.0,174.0
BFC - Chpt Province - Luxeuil-les-bains - P2,2025-03-01,SEN Women 71,RAHMANI Aciyah,69.9,73.0,76.0,-78.0,92.0,96.0,-0.0,76.0,96.0,172.0
BFC - Chpt Province - Luxeuil-les-bains - P2,2025-03-01,SEN Women 71,CUVILLIER Elodie,68.1,65.0,68.0,-70.0,84.0,87.0,-90.0,68.0,87.0,155.0
BFC - Chpt Province - Luxeuil-les-bains - P2,2025-03-01,SEN Women 71,BRILLON Lucie,70.9,-44.0,-44.0,-44.0,58.0,-61.0,61.0,0.0,61.0,0.0
BFC - Chpt Province - Luxeuil-les-bains - P2,2025-03-01,U17 Men 81,DESRIVIERES Nathan,74.4,90.0,95.0,-100.0,115.0,122.0,127.0,95.0,127.0,222.0
BFC - Chpt Province - Luxeuil-les-bains - P2,2025-03-01,U20 Men 81,RASSCHAERT Bastien,79.8,-78.0,-82.0,82.0,101.0,108.0,115.0,82.0,115.0,197.0
BFC - Chpt Province - Luxeuil-les-bains - P2,2025-03-01,SEN Men 81,DUPUY Jeremy,80.5,-120.0,125.0,-128.0,150.0,-153.0,-155.0,125.0,150.0,275.0
BFC - Chpt Province - Luxeuil-les-bains - P2,2025-03-01,SEN Men 81,RODRIGUEZ Killian,78.5,107.0,110.0,-114.0,133.0,-137.0,140.0,110.0,140.0,250.0
BFC - Chpt Province - Luxeuil-les-bains - P2,2025-03-01,SEN Men 81,SUPPLY Joanin,77.4,-95.0,-100.0,-100.0,122.0,-127.0,130.0,0.0,130.0,0.0
BFC - Chpt Province - Luxeuil-les-bains - P2,2025-03-01,SEN Men 96,COLIN Thomas,89.1,-125.0,130.0,-135.0,150.0,-165.0,-0.0,130.0,150.0,280.0
BFC - Chpt Province - Luxeuil-les-bains - P2,2025-03-01,U17 Men 81,DESRIVIERES Nathan,74.4,90.0,95.0,-100.0,115.0,122.0,127.0,95.0,127.0,222.0
BFC - Chpt Province - Luxeuil-les-bains - P2,2025-03-01,U20 Men 81,RASSCHAERT Bastien,79.8,-78.0,-82.0,82.0,101.0,108.0,115.0,82.0,115.0,197.0
BFC - Chpt Province - Luxeuil-les-bains - P2,2025-03-01,SEN Men 81,DUPUY Jeremy,80.5,-120.0,125.0,-128.0,150.0,-153.0,-155.0,125.0,150.0,275.0
BFC - Chpt Province - Luxeuil-les-bains - P2,2025-03-01,SEN Men 81,RODRIGUEZ Killian,78.5,107.0,110.0,-114.0,133.0,-137.0,140.0,110.0,140.0,250.0
BFC - Chpt Province - Luxeuil-les-bains - P2,2025-03-01,SEN Men 81,SUPPLY Joanin,77.4,-95.0,-100.0,-100.0,122.0,-127.0,130.0,0.0,130.0,0.0
BFC - Chpt Province - Luxeuil-les-bains - P2,2025-03-01,SEN Men 96,COLIN Thomas,89.1,-125.0,130.0,-135.0,150.0,-165.0,-0.0,130.0,150.0,280.0
BFC - Chpt Province - Luxeuil-les-bains - P2,2025-03-01,SEN Women 55,ESPLAS Elisa,55.0,55.0,-58.0,60.0,70.0,-73.0,-73.0,60.0,70.0,130.0
BFC - Chpt Province - Luxeuil-les-bains - P2,2025-03-01,SEN Women 59,GHILBERT Lisa,58.9,64.0,-67.0,-70.0,76.0,79.0,-82.0,64.0,79.0,143.0
BFC - Chpt Province - Luxeuil-les-bains - P2,2025-03-01,SEN Women 59,RODRIGUES Elora,56.6,-62.0,62.0,-65.0,72.0,75.0,-78.0,62.0,75.0,137.0
BFC - Chpt Province - Luxeuil-les-bains - P2,2025-03-01,SEN Women 59,BICH Adèlaïde,58.8,-61.0,-61.0,-63.0,-0.0,-0.0,-0.0,0.0,0.0,0.0
BFC - Chpt Province - Luxeuil-les-bains - P2,2025-03-01,SEN Women 64,LORTAL Orane,62.7,69.0,72.0,-75.0,87.0,-93.0,-93.0,72.0,87.0,159.0
BFC - Chpt Province - Luxeuil-les-bains - P2,2025-03-01,SEN Women 64,TRICOT Caroline,62.1,63.0,-66.0,-66.0,84.0,-90.0,91.0,63.0,91.0,154.0
BFC - Chpt Province - Luxeuil-les-bains - P2,2025-03-01,SEN Women 64,GROSSO Léa,60.5,53.0,57.0,-60.0,66.0,71.0,74.0,57.0,74.0,131.0
BFC - Chpt Province - Luxeuil-les-bains - P2,2025-03-01,SEN Women 64,JOUNIAUX Alexane,60.5,49.0,51.0,-53.0,57.0,-60.0,-63.0,51.0,57.0,108.0
BFC - Chpt Province - Luxeuil-les-bains - P2,2025-03-01,SEN Women 71,IACONO DI CACITO Audrey,70.3,50.0,53.0,56.0,70.0,74.0,-77.0,56.0,74.0,130.0
BFC - Chpt Province - Luxeuil-les-bains - P2,2025-03-01,SEN Women 71,BEAUSSART Sophie,68.3,43.0,45.0,-47.0,55.0,-57.0,-58.0,45.0,55.0,100.0
BFC - Chpt Province - Luxeuil-les-bains - P2,2025-03-01,SEN Women 55,ESPLAS Elisa,55.0,55.0,-58.0,60.0,70.0,-73.0,-73.0,60.0,70.0,130.0
BFC - Chpt Province - Luxeuil-les-bains - P2,2025-03-01,SEN Women 59,GHILBERT Lisa,58.9,64.0,-67.0,-70.0,76.0,79.0,-82.0,64.0,79.0,143.0
BFC - Chpt Province - Luxeuil-les-bains - P2,2025-03-01,SEN Women 59,RODRIGUES Elora,56.6,-62.0,62.0,-65.0,72.0,75.0,-78.0,62.0,75.0,137.0
BFC - Chpt Province - Luxeuil-les-bains - P2,2025-03-01,SEN Women 59,BICH Adèlaïde,58.8,-61.0,-61.0,-63.0,-0.0,-0.0,-0.0,0.0,0.0,0.0
BFC - Chpt Province - Luxeuil-les-bains - P2,2025-03-01,SEN Women 64,LORTAL Orane,62.7,69.0,72.0,-75.0,87.0,-93.0,-93.0,72.0,87.0,159.0
BFC - Chpt Province - Luxeuil-les-bains - P2,2025-03-01,SEN Women 64,TRICOT Caroline,62.1,63.0,-66.0,-66.0,84.0,-90.0,91.0,63.0,91.0,154.0
BFC - Chpt Province - Luxeuil-les-bains - P2,2025-03-01,SEN Women 64,GROSSO Léa,60.5,53.0,57.0,-60.0,66.0,71.0,74.0,57.0,74.0,131.0
BFC - Chpt Province - Luxeuil-les-bains - P2,2025-03-01,SEN Women 64,JOUNIAUX Alexane,60.5,49.0,51.0,-53.0,57.0,-60.0,-63.0,51.0,57.0,108.0
BFC - Chpt Province - Luxeuil-les-bains - P2,2025-03-01,SEN Women 71,IACONO DI CACITO Audrey,70.3,50.0,53.0,56.0,70.0,74.0,-77.0,56.0,74.0,130.0
BFC - Chpt Province - Luxeuil-les-bains - P2,2025-03-01,SEN Women 71,BEAUSSART Sophie,68.3,43.0,45.0,-47.0,55.0,-57.0,-58.0,45.0,55.0,100.0
BFC - Chpt Province - Luxeuil-les-bains - P2,2025-03-01,SEN Men 61,MOCAËR LORGERE Alan,58.9,80.0,83.0,-86.0,105.0,110.0,115.0,83.0,115.0,198.0
BFC - Chpt Province - Luxeuil-les-bains - P2,2025-03-01,SEN Men 61,GALONNIER Jérémy,60.1,64.0,67.0,69.0,79.0,81.0,83.0,69.0,83.0,152.0
BFC - Chpt Province - Luxeuil-les-bains - P2,2025-03-01,SEN Men 67,LOZANO Irwin,63.1,80.0,-85.0,-85.0,105.0,-110.0,-112.0,80.0,105.0,185.0
BFC - Chpt Province - Luxeuil-les-bains - P2,2025-03-01,SEN Men 73,BARNATO Steeven,71.9,-78.0,78.0,-81.0,-105.0,105.0,108.0,78.0,108.0,186.0
BFC - Chpt Province - Luxeuil-les-bains - P2,2025-03-01,SEN Men 81,ANDRIAMIRADO Jérome,80.7,87.0,-91.0,-95.0,115.0,120.0,-123.0,87.0,120.0,207.0
BFC - Chpt Province - Luxeuil-les-bains - P2,2025-03-01,SEN Men 81,FORCANS Marius,80.0,85.0,90.0,93.0,106.0,-112.0,112.0,93.0,112.0,205.0
BFC - Chpt Province - Luxeuil-les-bains - P2,2025-03-01,SEN Men 81,DAGUZAN Joris,80.4,-85.0,85.0,90.0,110.0,-115.0,-115.0,90.0,110.0,200.0
BFC - Chpt Province - Luxeuil-les-bains - P2,2025-03-01,SEN Men 81,SOUMEILHAN Corentin,76.8,-80.0,80.0,-85.0,105.0,110.0,-115.0,80.0,110.0,190.0
BFC - Chpt Province - Luxeuil-les-bains - P2,2025-03-01,SEN Men 81,CATANOSO Silvio,80.7,80.0,83.0,-0.0,-108.0,108.0,-112.0,83.0,108.0,191.0
BFC - Chpt Province - Luxeuil-les-bains - P2,2025-03-01,SEN Men 81,OBERTI Romain,77.7,-77.0,-77.0,-77.0,-0.0,-0.0,-0.0,0.0,0.0,0.0
BFC - Chpt Province - Luxeuil-les-bains - P2,2025-03-01,SEN Men 81,RAVALISSE Steven,79.7,115.0,120.0,-125.0,-150.0,-150.0,-155.0,120.0,0.0,0.0
BFC - Chpt Province - Luxeuil-les-bains - P2,2025-03-01,SEN Men 81,VALLEIX Fabrice,78.9,-87.0,-87.0,-87.0,-0.0,-0.0,-0.0,0.0,0.0,0.0
BFC - Chpt Province - Luxeuil-les-bains - P2,2025-03-01,SEN Men 61,MOCAËR LORGERE Alan,58.9,80.0,83.0,-86.0,105.0,110.0,115.0,83.0,115.0,198.0
BFC - Chpt Province - Luxeuil-les-bains - P2,2025-03-01,SEN Men 61,GALONNIER Jérémy,60.1,64.0,67.0,69.0,79.0,81.0,83.0,69.0,83.0,152.0
BFC - Chpt Province - Luxeuil-les-bains - P2,2025-03-01,SEN Men 67,LOZANO Irwin,63.1,80.0,-85.0,-85.0,105.0,-110.0,-112.0,80.0,105.0,185.0
BFC - Chpt Province - Luxeuil-les-bains - P2,2025-03-01,SEN Men 73,BARNATO Steeven,71.9,-78.0,78.0,-81.0,-105.0,105.0,108.0,78.0,108.0,186.0
BFC - Chpt Province - Luxeuil-les-bains - P2,2025-03-01,SEN Men 81,ANDRIAMIRADO Jérome,80.7,87.0,-91.0,-95.0,115.0,120.0,-123.0,87.0,120.0,207.0
BFC - Chpt Province - Luxeuil-les-bains - P2,2025-03-01,SEN Men 81,FORCANS Marius,80.0,85.0,90.0,93.0,106.0,-112.0,112.0,93.0,112.0,205.0
BFC - Chpt Province - Luxeuil-les-bains - P2,2025-03-01,SEN Men 81,DAGUZAN Joris,80.4,-85.0,85.0,90.0,110.0,-115.0,-115.0,90.0,110.0,200.0
BFC - Chpt Province - Luxeuil-les-bains - P2,2025-03-01,SEN Men 81,SOUMEILHAN Corentin,76.8,-80.0,80.0,-85.0,105.0,110.0,-115.0,80.0,110.0,190.0
BFC - Chpt Province - Luxeuil-les-bains - P2,2025-03-01,SEN Men 81,CATANOSO Silvio,80.7,80.0,83.0,-0.0,-108.0,108.0,-112.0,83.0,108.0,191.0
BFC - Chpt Province - Luxeuil-les-bains - P2,2025-03-01,SEN Men 81,OBERTI Romain,77.7,-77.0,-77.0,-77.0,-0.0,-0.0,-0.0,0.0,0.0,0.0
BFC - Chpt Province - Luxeuil-les-bains - P2,2025-03-01,SEN Men 81,RAVALISSE Steven,79.7,115.0,120.0,-125.0,-150.0,-150.0,-155.0,120.0,0.0,0.0
BFC - Chpt Province - Luxeuil-les-bains - P2,2025-03-01,SEN Men 81,VALLEIX Fabrice,78.9,-87.0,-87.0,-87.0,-0.0,-0.0,-0.0,0.0,0.0,0.0
BFC - Chpt Province - Luxeuil-les-bains - P2,2025-03-01,SEN Men 89,BITOUN Matthieu,87.4,-118.0,118.0,-122.0,142.0,148.0,-151.0,118.0,148.0,266.0
BFC - Chpt Province - Luxeuil-les-bains - P2,2025-03-01,SEN Men 89,DUPUY Thibaut,86.5,96.0,100.0,-103.0,125.0,-130.0,130.0,100.0,130.0,230.0
BFC - Chpt Province - Luxeuil-les-bains - P2,2025-03-01,SEN Men 89,JOUANNEAU Ryan,82.0,91.0,94.0,-97.0,122.0,125.0,127.0,94.0,127.0,221.0
BFC - Chpt Province - Luxeuil-les-bains - P2,2025-03-01,SEN Men 89,CAPOT Lucien,86.8,90.0,95.0,100.0,-110.0,115.0,-120.0,100.0,115.0,215.0
BFC - Chpt Province - Luxeuil-les-bains - P2,2025-03-01,SEN Men 89,DU MOULIN DE LA BRETECHE Arnaud,85.6,74.0,-77.0,77.0,-95.0,-95.0,97.0,77.0,97.0,174.0
BFC - Chpt Province - Luxeuil-les-bains - P2,2025-03-01,SEN Men 89,BONAQUE Cyril,82.1,95.0,-100.0,-103.0,-115.0,-118.0,-119.0,95.0,0.0,0.0
BFC - Chpt Province - Luxeuil-les-bains - P2,2025-03-01,SEN Men 96,COMBES Matthieu,95.3,110.0,115.0,-118.0,130.0,135.0,-140.0,115.0,135.0,250.0
BFC - Chpt Province - Luxeuil-les-bains - P2,2025-03-01,SEN Men 96,GARAUD Corentin,92.9,77.0,82.0,85.0,97.0,102.0,107.0,85.0,107.0,192.0
BFC - Chpt Province - Luxeuil-les-bains - P2,2025-03-01,SEN Men 96,DARRE Gautier,93.4,76.0,80.0,83.0,97.0,102.0,107.0,83.0,107.0,190.0
BFC - Chpt Province - Luxeuil-les-bains - P2,2025-03-01,SEN Men 96,RAFFALI Camille,93.7,-83.0,-83.0,-83.0,-0.0,-0.0,-0.0,0.0,0.0,0.0
BFC - Chpt Province - Luxeuil-les-bains - P2,2025-03-01,SEN Men 89,BITOUN Matthieu,87.4,-118.0,118.0,-122.0,142.0,148.0,-151.0,118.0,148.0,266.0
BFC - Chpt Province - Luxeuil-les-bains - P2,2025-03-01,SEN Men 89,DUPUY Thibaut,86.5,96.0,100.0,-103.0,125.0,-130.0,130.0,100.0,130.0,230.0
BFC - Chpt Province - Luxeuil-les-bains - P2,2025-03-01,SEN Men 89,JOUANNEAU Ryan,82.0,91.0,94.0,-97.0,122.0,125.0,127.0,94.0,127.0,221.0
BFC - Chpt Province - Luxeuil-les-bains - P2,2025-03-01,SEN Men 89,CAPOT Lucien,86.8,90.0,95.0,100.0,-110.0,115.0,-120.0,100.0,115.0,215.0
BFC - Chpt Province - Luxeuil-les-bains - P2,2025-03-01,SEN Men 89,DU MOULIN DE LA BRETECHE Arnaud,85.6,74.0,-77.0,77.0,-95.0,-95.0,97.0,77.0,97.0,174.0
BFC - Chpt Province - Luxeuil-les-bains - P2,2025-03-01,SEN Men 89,BONAQUE Cyril,82.1,95.0,-100.0,-103.0,-115.0,-118.0,-119.0,95.0,0.0,0.0
BFC - Chpt Province - Luxeuil-les-bains - P2,2025-03-01,SEN Men 96,COMBES Matthieu,95.3,110.0,115.0,-118.0,130.0,135.0,-140.0,115.0,135.0,250.0
BFC - Chpt Province - Luxeuil-les-bains - P2,2025-03-01,SEN Men 96,GARAUD Corentin,92.9,77.0,82.0,85.0,97.0,102.0,107.0,85.0,107.0,192.0
BFC - Chpt Province - Luxeuil-les-bains - P2,2025-03-01,SEN Men 96,DARRE Gautier,93.4,76.0,80.0,83.0,97.0,102.0,107.0,83.0,107.0,190.0
BFC - Chpt Province - Luxeuil-les-bains - P2,2025-03-01,SEN Men 96,RAFFALI Camille,93.7,-83.0,-83.0,-83.0,-0.0,-0.0,-0.0,0.0,0.0,0.0
BFC - Chpt Province - Luxeuil-les-bains - P2,2025-03-01,U15 Men 55,MARLOT-NIZET Lucas,54.62,37.0,40.0,-43.0,55.0,-60.0,-60.0,40.0,55.0,95.0
BFC - Chpt Province - Luxeuil-les-bains - P2,2025-03-01,U15 Men 61,ALLAYS RAMACKERS Enguerrand,60.69,66.0,-70.0,-70.0,75.0,80.0,84.0,66.0,84.0,150.0
BFC - Chpt Province - Luxeuil-les-bains - P2,2025-03-01,U15 Men 61,HUYGHE Clément,59.6,47.0,50.0,52.0,65.0,-69.0,70.0,52.0,70.0,122.0
BFC - Chpt Province - Luxeuil-les-bains - P2,2025-03-01,U15 Men 67,"NSEGMA Daniel, yvanov",64.92,-80.0,-80.0,80.0,85.0,-90.0,-92.0,80.0,85.0,165.0
BFC - Chpt Province - Luxeuil-les-bains - P2,2025-03-01,U17 Men 55,MASSON Iliane,52.76,42.0,45.0,48.0,58.0,61.0,-64.0,48.0,61.0,109.0
BFC - Chpt Province - Luxeuil-les-bains - P2,2025-03-01,U17 Men 73,VERCOUTRE Hans,72.6,60.0,63.0,-66.0,82.0,85.0,88.0,63.0,88.0,151.0
BFC - Chpt Province - Luxeuil-les-bains - P2,2025-03-01,U17 Men 73,DESCHRYVER Arthur,71.0,70.0,75.0,-78.0,-97.0,-97.0,-0.0,75.0,0.0,0.0
BFC - Chpt Province - Luxeuil-les-bains - P2,2025-03-01,U20 Men 61,FELICIANO Antoine,61.0,72.0,-77.0,80.0,95.0,100.0,105.0,80.0,105.0,185.0
BFC - Chpt Province - Luxeuil-les-bains - P2,2025-03-01,U20 Men 61,BARTHELEMY Florent,57.54,63.0,67.0,-70.0,88.0,-93.0,93.0,67.0,93.0,160.0
BFC - Chpt Province - Luxeuil-les-bains - P2,2025-03-01,U20 Men 61,DEHANE Raphael,58.86,62.0,65.0,67.0,82.0,85.0,-88.0,67.0,85.0,152.0
BFC - Chpt Province - Luxeuil-les-bains - P2,2025-03-01,U20 Men 67,DESCHILDRE Enzo,61.98,55.0,60.0,63.0,75.0,-80.0,80.0,63.0,80.0,143.0
BFC - Chpt Province - Luxeuil-les-bains - P2,2025-03-01,U20 Men 73,SOM Hanzo,69.25,-97.0,100.0,-105.0,125.0,-131.0,-132.0,100.0,125.0,225.0
BFC - Chpt Province - Luxeuil-les-bains - P2,2025-03-01,U20 Men 73,SPATAFORA Dino,71.9,-100.0,-100.0,100.0,120.0,-130.0,-0.0,100.0,120.0,220.0
BFC - Chpt Province - Luxeuil-les-bains - P2,2025-03-01,U20 Men 73,DUPONT Maxence,73.0,90.0,-95.0,-100.0,110.0,-115.0,-120.0,90.0,110.0,200.0
BFC - Chpt Province - Luxeuil-les-bains - P2,2025-03-01,U20 Men 81,DUFOUR Quentin,81.0,90.0,-95.0,98.0,107.0,-117.0,-117.0,98.0,107.0,205.0
BFC - Chpt Province - Luxeuil-les-bains - P2,2025-03-01,U20 Men 81,MOULRONT Simon,76.52,65.0,70.0,-74.0,95.0,-100.0,100.0,70.0,100.0,170.0
BFC - Chpt Province - Luxeuil-les-bains - P2,2025-03-01,U15 Men 55,MARLOT-NIZET Lucas,54.62,37.0,40.0,-43.0,55.0,-60.0,-60.0,40.0,55.0,95.0
BFC - Chpt Province - Luxeuil-les-bains - P2,2025-03-01,U15 Men 61,ALLAYS RAMACKERS Enguerrand,60.69,66.0,-70.0,-70.0,75.0,80.0,84.0,66.0,84.0,150.0
BFC - Chpt Province - Luxeuil-les-bains - P2,2025-03-01,U15 Men 61,HUYGHE Clément,59.6,47.0,50.0,52.0,65.0,-69.0,70.0,52.0,70.0,122.0
BFC - Chpt Province - Luxeuil-les-bains - P2,2025-03-01,U15 Men 67,"NSEGMA Daniel, yvanov",64.92,-80.0,-80.0,80.0,85.0,-90.0,-92.0,80.0,85.0,165.0
BFC - Chpt Province - Luxeuil-les-bains - P2,2025-03-01,U17 Men 55,MASSON Iliane,52.76,42.0,45.0,48.0,58.0,61.0,-64.0,48.0,61.0,109.0
BFC - Chpt Province - Luxeuil-les-bains - P2,2025-03-01,U17 Men 73,VERCOUTRE Hans,72.6,60.0,63.0,-66.0,82.0,85.0,88.0,63.0,88.0,151.0
BFC - Chpt Province - Luxeuil-les-bains - P2,2025-03-01,U17 Men 73,DESCHRYVER Arthur,71.0,70.0,75.0,-78.0,-97.0,-97.0,-0.0,75.0,0.0,0.0
BFC - Chpt Province - Luxeuil-les-bains - P2,2025-03-01,U20 Men 61,FELICIANO Antoine,61.0,72.0,-77.0,80.0,95.0,100.0,105.0,80.0,105.0,185.0
BFC - Chpt Province - Luxeuil-les-bains - P2,2025-03-01,U20 Men 61,BARTHELEMY Florent,57.54,63.0,67.0,-70.0,88.0,-93.0,93.0,67.0,93.0,160.0
BFC - Chpt Province - Luxeuil-les-bains - P2,2025-03-01,U20 Men 61,DEHANE Raphael,58.86,62.0,65.0,67.0,82.0,85.0,-88.0,67.0,85.0,152.0
BFC - Chpt Province - Luxeuil-les-bains - P2,2025-03-01,U20 Men 67,DESCHILDRE Enzo,61.98,55.0,60.0,63.0,75.0,-80.0,80.0,63.0,80.0,143.0
BFC - Chpt Province - Luxeuil-les-bains - P2,2025-03-01,U20 Men 73,SOM Hanzo,69.25,-97.0,100.0,-105.0,125.0,-131.0,-132.0,100.0,125.0,225.0
BFC - Chpt Province - Luxeuil-les-bains - P2,2025-03-01,U20 Men 73,SPATAFORA Dino,71.9,-100.0,-100.0,100.0,120.0,-130.0,-0.0,100.0,120.0,220.0
BFC - Chpt Province - Luxeuil-les-bains - P2,2025-03-01,U20 Men 73,DUPONT Maxence,73.0,90.0,-95.0,-100.0,110.0,-115.0,-120.0,90.0,110.0,200.0
BFC - Chpt Province - Luxeuil-les-bains - P2,2025-03-01,U20 Men 81,DUFOUR Quentin,81.0,90.0,-95.0,98.0,107.0,-117.0,-117.0,98.0,107.0,205.0
BFC - Chpt Province - Luxeuil-les-bains - P2,2025-03-01,U20 Men 81,MOULRONT Simon,76.52,65.0,70.0,-74.0,95.0,-100.0,100.0,70.0,100.0,170.0
BFC - Chpt Province - Luxeuil-les-bains - P2,2025-03-01,SEN Women 45,PATRY-LECLAIRE Chloé,41.98,-48.0,48.0,54.0,54.0,-63.0,-63.0,54.0,54.0,108.0
BFC - Chpt Province - Luxeuil-les-bains - P2,2025-03-01,SEN Women 55,GACQUERRE Chloé,53.99,44.0,47.0,-50.0,55.0,-59.0,-59.0,47.0,55.0,102.0
BFC - Chpt Province - Luxeuil-les-bains - P2,2025-03-01,SEN Women 59,DUJARDIN Eugenie,58.62,68.0,72.0,-73.0,85.0,90.0,-96.0,72.0,90.0,162.0
BFC - Chpt Province - Luxeuil-les-bains - P2,2025-03-01,SEN Women 59,CLEUTJENS Alix,58.53,64.0,-68.0,-68.0,81.0,86.0,-91.0,64.0,86.0,150.0
BFC - Chpt Province - Luxeuil-les-bains - P2,2025-03-01,SEN Women 59,ANTHIERENS Agathe,59.0,60.0,64.0,-67.0,76.0,80.0,-83.0,64.0,80.0,144.0
BFC - Chpt Province - Luxeuil-les-bains - P2,2025-03-01,SEN Women 59,DAMAN Marjorie,57.21,58.0,61.0,-63.0,69.0,73.0,76.0,61.0,76.0,137.0
BFC - Chpt Province - Luxeuil-les-bains - P2,2025-03-01,SEN Women 59,BAERT Blandine,56.23,41.0,45.0,-47.0,56.0,-61.0,-62.0,45.0,56.0,101.0
BFC - Chpt Province - Luxeuil-les-bains - P2,2025-03-01,SEN Women 64,STANCIU Christina,63.35,75.0,80.0,-83.0,93.0,97.0,-100.0,80.0,97.0,177.0
BFC - Chpt Province - Luxeuil-les-bains - P2,2025-03-01,SEN Women 64,BACQUAERT Marie,62.85,53.0,57.0,60.0,69.0,73.0,77.0,60.0,77.0,137.0
BFC - Chpt Province - Luxeuil-les-bains - P2,2025-03-01,SEN Women 64,SCIASCIA Bobbi lee,64.0,-59.0,-61.0,61.0,71.0,75.0,-78.0,61.0,75.0,136.0
BFC - Chpt Province - Luxeuil-les-bains - P2,2025-03-01,SEN Women 64,BADER Yasmine,64.0,-71.0,-73.0,-73.0,-0.0,-0.0,-0.0,0.0,0.0,0.0
BFC - Chpt Province - Luxeuil-les-bains - P2,2025-03-01,SEN Women 71,RAZBORSEK Clémence,66.74,44.0,47.0,-50.0,64.0,68.0,70.0,47.0,70.0,117.0
BFC - Chpt Province - Luxeuil-les-bains - P2,2025-03-01,SEN Women 71,POISSON Jade,71.0,-57.0,-57.0,-58.0,-0.0,-0.0,-0.0,0.0,0.0,0.0
BFC - Chpt Province - Luxeuil-les-bains - P2,2025-03-01,SEN Women 81,GREMBER Oriane,80.4,60.0,-63.0,64.0,73.0,76.0,81.0,64.0,81.0,145.0
BFC - Chpt Province - Luxeuil-les-bains - P2,2025-03-01,SEN Women 45,PATRY-LECLAIRE Chloé,41.98,-48.0,48.0,54.0,54.0,-63.0,-63.0,54.0,54.0,108.0
BFC - Chpt Province - Luxeuil-les-bains - P2,2025-03-01,SEN Women 55,GACQUERRE Chloé,53.99,44.0,47.0,-50.0,55.0,-59.0,-59.0,47.0,55.0,102.0
BFC - Chpt Province - Luxeuil-les-bains - P2,2025-03-01,SEN Women 59,DUJARDIN Eugenie,58.62,68.0,72.0,-73.0,85.0,90.0,-96.0,72.0,90.0,162.0
BFC - Chpt Province - Luxeuil-les-bains - P2,2025-03-01,SEN Women 59,CLEUTJENS Alix,58.53,64.0,-68.0,-68.0,81.0,86.0,-91.0,64.0,86.0,150.0
BFC - Chpt Province - Luxeuil-les-bains - P2,2025-03-01,SEN Women 59,ANTHIERENS Agathe,59.0,60.0,64.0,-67.0,76.0,80.0,-83.0,64.0,80.0,144.0
BFC - Chpt Province - Luxeuil-les-bains - P2,2025-03-01,SEN Women 59,DAMAN Marjorie,57.21,58.0,61.0,-63.0,69.0,73.0,76.0,61.0,76.0,137.0
BFC - Chpt Province - Luxeuil-les-bains - P2,2025-03-01,SEN Women 59,BAERT Blandine,56.23,41.0,45.0,-47.0,56.0,-61.0,-62.0,45.0,56.0,101.0
BFC - Chpt Province - Luxeuil-les-bains - P2,2025-03-01,SEN Women 64,STANCIU Christina,63.35,75.0,80.0,-83.0,93.0,97.0,-100.0,80.0,97.0,177.0
BFC - Chpt Province - Luxeuil-les-bains - P2,2025-03-01,SEN Women 64,BACQUAERT Marie,62.85,53.0,57.0,60.0,69.0,73.0,77.0,60.0,77.0,137.0
BFC - Chpt Province - Luxeuil-les-bains - P2,2025-03-01,SEN Women 64,SCIASCIA Bobbi lee,64.0,-59.0,-61.0,61.0,71.0,75.0,-78.0,61.0,75.0,136.0
BFC - Chpt Province - Luxeuil-les-bains - P2,2025-03-01,SEN Women 64,BADER Yasmine,64.0,-71.0,-73.0,-73.0,-0.0,-0.0,-0.0,0.0,0.0,0.0
BFC - Chpt Province - Luxeuil-les-bains - P2,2025-03-01,SEN Women 71,RAZBORSEK Clémence,66.74,44.0,47.0,-50.0,64.0,68.0,70.0,47.0,70.0,117.0
BFC - Chpt Province - Luxeuil-les-bains - P2,2025-03-01,SEN Women 71,POISSON Jade,71.0,-57.0,-57.0,-58.0,-0.0,-0.0,-0.0,0.0,0.0,0.0
BFC - Chpt Province - Luxeuil-les-bains - P2,2025-03-01,SEN Women 81,GREMBER Oriane,80.4,60.0,-63.0,64.0,73.0,76.0,81.0,64.0,81.0,145.0
BFC - Chpt Province - Luxeuil-les-bains - P2,2025-03-01,SEN Men 67,CAESEMAEKER Kevin,66.28,100.0,107.0,-110.0,118.0,-133.0,-133.0,107.0,118.0,225.0
BFC - Chpt Province - Luxeuil-les-bains - P2,2025-03-01,SEN Men 67,ALINANT Sebastien,65.52,85.0,88.0,91.0,105.0,108.0,111.0,91.0,111.0,202.0
BFC - Chpt Province - Luxeuil-les-bains - P2,2025-03-01,SEN Men 67,FELICIANO Martin,65.89,85.0,88.0,91.0,105.0,108.0,111.0,91.0,111.0,202.0
BFC - Chpt Province - Luxeuil-les-bains - P2,2025-03-01,SEN Men 67,MONVOISIN Lucas,64.62,83.0,88.0,-0.0,105.0,-0.0,-0.0,88.0,105.0,193.0
BFC - Chpt Province - Luxeuil-les-bains - P2,2025-03-01,SEN Men 67,CAESEMAEKER Kevin,66.28,100.0,107.0,-110.0,118.0,-133.0,-133.0,107.0,118.0,225.0
BFC - Chpt Province - Luxeuil-les-bains - P2,2025-03-01,SEN Men 67,ALINANT Sebastien,65.52,85.0,88.0,91.0,105.0,108.0,111.0,91.0,111.0,202.0
BFC - Chpt Province - Luxeuil-les-bains - P2,2025-03-01,SEN Men 67,FELICIANO Martin,65.89,85.0,88.0,91.0,105.0,108.0,111.0,91.0,111.0,202.0
BFC - Chpt Province - Luxeuil-les-bains - P2,2025-03-01,SEN Men 67,MONVOISIN Lucas,64.62,83.0,88.0,-0.0,105.0,-0.0,-0.0,88.0,105.0,193.0
BFC - Chpt Province - Luxeuil-les-bains - P2,2025-03-01,W35 Women 81,DEGRANDE Eloïse,79.45,35.0,40.0,45.0,50.0,55.0,-60.0,45.0,55.0,100.0
BFC - Chpt Province - Luxeuil-les-bains - P2,2025-03-01,W40 Women 64,LANOY Laetitia,64.0,60.0,-64.0,-65.0,72.0,75.0,78.0,60.0,78.0,138.0
BFC - Chpt Province - Luxeuil-les-bains - P2,2025-03-01,W40 Women 64,FAYOLLE YAZICI Emilie,60.48,37.0,-40.0,-40.0,52.0,-55.0,-55.0,37.0,52.0,89.0
BFC - Chpt Province - Luxeuil-les-bains - P2,2025-03-01,W65 Women 59,BEYER Nadège,58.77,22.0,-24.0,-25.0,25.0,-28.0,30.0,22.0,30.0,52.0
BFC - Chpt Province - Luxeuil-les-bains - P2,2025-03-01,W35 Women 81,DEGRANDE Eloïse,79.45,35.0,40.0,45.0,50.0,55.0,-60.0,45.0,55.0,100.0
BFC - Chpt Province - Luxeuil-les-bains - P2,2025-03-01,W40 Women 64,LANOY Laetitia,64.0,60.0,-64.0,-65.0,72.0,75.0,78.0,60.0,78.0,138.0
BFC - Chpt Province - Luxeuil-les-bains - P2,2025-03-01,W40 Women 64,FAYOLLE YAZICI Emilie,60.48,37.0,-40.0,-40.0,52.0,-55.0,-55.0,37.0,52.0,89.0
BFC - Chpt Province - Luxeuil-les-bains - P2,2025-03-01,W65 Women 59,BEYER Nadège,58.77,22.0,-24.0,-25.0,25.0,-28.0,30.0,22.0,30.0,52.0
BFC - Chpt Province - Luxeuil-les-bains - P2,2025-03-01,SEN Men 73,RIQUIER Laurent,72.54,-99.0,-102.0,102.0,120.0,-124.0,-124.0,102.0,120.0,222.0
BFC - Chpt Province - Luxeuil-les-bains - P2,2025-03-01,SEN Men 73,GATNER Arthur,71.6,93.0,-97.0,-98.0,117.0,-122.0,-122.0,93.0,117.0,210.0
BFC - Chpt Province - Luxeuil-les-bains - P2,2025-03-01,SEN Men 73,BEYER Antoine,72.5,86.0,90.0,93.0,106.0,-110.0,-111.0,93.0,106.0,199.0
BFC - Chpt Province - Luxeuil-les-bains - P2,2025-03-01,SEN Men 73,KOUTSOGIANNOPOULOS Antoine,71.5,78.0,82.0,-85.0,-98.0,98.0,103.0,82.0,103.0,185.0
BFC - Chpt Province - Luxeuil-les-bains - P2,2025-03-01,SEN Men 73,FOURNIER Louis,72.8,-115.0,-115.0,-115.0,-0.0,-0.0,-0.0,0.0,0.0,0.0
BFC - Chpt Province - Luxeuil-les-bains - P2,2025-03-01,SEN Men 81,BACQUAERT Rémi,79.55,105.0,-109.0,110.0,135.0,140.0,-145.0,110.0,140.0,250.0
BFC - Chpt Province - Luxeuil-les-bains - P2,2025-03-01,SEN Men 89,EL AMRANI Youssef,89.0,130.0,135.0,-138.0,160.0,165.0,-0.0,135.0,165.0,300.0
BFC - Chpt Province - Luxeuil-les-bains - P2,2025-03-01,SEN Men 89,MANUSHI Redon,89.0,136.0,140.0,144.0,155.0,-160.0,-0.0,144.0,155.0,299.0
BFC - Chpt Province - Luxeuil-les-bains - P2,2025-03-01,SEN Men 89,SAUVAGE Hector,84.88,100.0,105.0,-108.0,-120.0,120.0,-125.0,105.0,120.0,225.0
BFC - Chpt Province - Luxeuil-les-bains - P2,2025-03-01,SEN Men 89,TIBERGHIEN Théo,86.67,-94.0,-95.0,95.0,-118.0,-120.0,122.0,95.0,122.0,217.0
BFC - Chpt Province - Luxeuil-les-bains - P2,2025-03-01,SEN Men 96,LAPOSTOLLE David,94.07,115.0,120.0,-0.0,-140.0,-145.0,145.0,120.0,145.0,265.0
BFC - Chpt Province - Luxeuil-les-bains - P2,2025-03-01,SEN Men 96,DJASSIDJI Willy,94.38,115.0,-121.0,-125.0,140.0,-150.0,-151.0,115.0,140.0,255.0
BFC - Chpt Province - Luxeuil-les-bains - P2,2025-03-01,SEN Men 96,FONTENELLE Vincent,96.0,-0.0,-0.0,-0.0,-0.0,-0.0,-0.0,0.0,0.0,0.0
BFC - Chpt Province - Luxeuil-les-bains - P2,2025-03-01,SEN Men 102,KEMPEN Noah,98.35,115.0,120.0,125.0,145.0,-150.0,153.0,125.0,153.0,278.0
BFC - Chpt Province - Luxeuil-les-bains - P2,2025-03-01,SEN Men 109,GUILBERT Hugo,106.15,-100.0,100.0,103.0,115.0,120.0,125.0,103.0,125.0,228.0
BFC - Chpt Province - Luxeuil-les-bains - P2,2025-03-01,SEN Men 109,MICHEL Arthur,107.67,-120.0,-125.0,-125.0,-0.0,-0.0,-0.0,0.0,0.0,0.0
BFC - Chpt Province - Luxeuil-les-bains - P2,2025-03-01,SEN Men 73,RIQUIER Laurent,72.54,-99.0,-102.0,102.0,120.0,-124.0,-124.0,102.0,120.0,222.0
BFC - Chpt Province - Luxeuil-les-bains - P2,2025-03-01,SEN Men 73,GATNER Arthur,71.6,93.0,-97.0,-98.0,117.0,-122.0,-122.0,93.0,117.0,210.0
BFC - Chpt Province - Luxeuil-les-bains - P2,2025-03-01,SEN Men 73,BEYER Antoine,72.5,86.0,90.0,93.0,106.0,-110.0,-111.0,93.0,106.0,199.0
BFC - Chpt Province - Luxeuil-les-bains - P2,2025-03-01,SEN Men 73,KOUTSOGIANNOPOULOS Antoine,71.5,78.0,82.0,-85.0,-98.0,98.0,103.0,82.0,103.0,185.0
BFC - Chpt Province - Luxeuil-les-bains - P2,2025-03-01,SEN Men 73,FOURNIER Louis,72.8,-115.0,-115.0,-115.0,-0.0,-0.0,-0.0,0.0,0.0,0.0
BFC - Chpt Province - Luxeuil-les-bains - P2,2025-03-01,SEN Men 81,BACQUAERT Rémi,79.55,105.0,-109.0,110.0,135.0,140.0,-145.0,110.0,140.0,250.0
BFC - Chpt Province - Luxeuil-les-bains - P2,2025-03-01,SEN Men 89,EL AMRANI Youssef,89.0,130.0,135.0,-138.0,160.0,165.0,-0.0,135.0,165.0,300.0
BFC - Chpt Province - Luxeuil-les-bains - P2,2025-03-01,SEN Men 89,MANUSHI Redon,89.0,136.0,140.0,144.0,155.0,-160.0,-0.0,144.0,155.0,299.0
BFC - Chpt Province - Luxeuil-les-bains - P2,2025-03-01,SEN Men 89,SAUVAGE Hector,84.88,100.0,105.0,-108.0,-120.0,120.0,-125.0,105.0,120.0,225.0
BFC - Chpt Province - Luxeuil-les-bains - P2,2025-03-01,SEN Men 89,TIBERGHIEN Théo,86.67,-94.0,-95.0,95.0,-118.0,-120.0,122.0,95.0,122.0,217.0
BFC - Chpt Province - Luxeuil-les-bains - P2,2025-03-01,SEN Men 96,LAPOSTOLLE David,94.07,115.0,120.0,-0.0,-140.0,-145.0,145.0,120.0,145.0,265.0
BFC - Chpt Province - Luxeuil-les-bains - P2,2025-03-01,SEN Men 96,DJASSIDJI Willy,94.38,115.0,-121.0,-125.0,140.0,-150.0,-151.0,115.0,140.0,255.0
BFC - Chpt Province - Luxeuil-les-bains - P2,2025-03-01,SEN Men 96,FONTENELLE Vincent,96.0,-0.0,-0.0,-0.0,-0.0,-0.0,-0.0,0.0,0.0,0.0
BFC - Chpt Province - Luxeuil-les-bains - P2,2025-03-01,SEN Men 102,KEMPEN Noah,98.35,115.0,120.0,125.0,145.0,-150.0,153.0,125.0,153.0,278.0
BFC - Chpt Province - Luxeuil-les-bains - P2,2025-03-01,SEN Men 109,GUILBERT Hugo,106.15,-100.0,100.0,103.0,115.0,120.0,125.0,103.0,125.0,228.0
BFC - Chpt Province - Luxeuil-les-bains - P2,2025-03-01,SEN Men 109,MICHEL Arthur,107.67,-120.0,-125.0,-125.0,-0.0,-0.0,-0.0,0.0,0.0,0.0
BFC - Chpt Province - Luxeuil-les-bains - P2,2025-03-01,U15 Women 40,RIQUIER Alicia,38.75,20.0,-23.0,-23.0,28.0,31.0,-33.0,20.0,31.0,51.0
BFC - Chpt Province - Luxeuil-les-bains - P2,2025-03-01,U15 Women 55,RADAMA Shaina,53.54,46.0,50.0,-52.0,58.0,62.0,65.0,50.0,65.0,115.0
BFC - Chpt Province - Luxeuil-les-bains - P2,2025-03-01,U15 Women 55,ARAB Aliyah,51.28,-35.0,35.0,-40.0,40.0,-43.0,-43.0,35.0,40.0,75.0
BFC - Chpt Province - Luxeuil-les-bains - P2,2025-03-01,U15 Women 55,DEVYNCK Elyn,54.06,27.0,-30.0,30.0,33.0,35.0,38.0,30.0,38.0,68.0
BFC - Chpt Province - Luxeuil-les-bains - P2,2025-03-01,U15 Women 59,PERROUAULT Calie,58.64,34.0,37.0,-40.0,41.0,44.0,-47.0,37.0,44.0,81.0
BFC - Chpt Province - Luxeuil-les-bains - P2,2025-03-01,U15 Women 71,CUVILLIER Ema,64.72,40.0,-43.0,-45.0,54.0,-58.0,-60.0,40.0,54.0,94.0
BFC - Chpt Province - Luxeuil-les-bains - P2,2025-03-01,U15 Women 81,FONTENELLE Chloe,76.55,50.0,-53.0,55.0,66.0,-71.0,-71.0,55.0,66.0,121.0
BFC - Chpt Province - Luxeuil-les-bains - P2,2025-03-01,U17 Women 55,BEAUGER Louna,53.28,41.0,43.0,-45.0,54.0,57.0,-60.0,43.0,57.0,100.0
BFC - Chpt Province - Luxeuil-les-bains - P2,2025-03-01,U17 Women 59,EL KORRICHI Aisha,57.55,46.0,50.0,53.0,56.0,-62.0,-62.0,53.0,56.0,109.0
BFC - Chpt Province - Luxeuil-les-bains - P2,2025-03-01,U17 Women 64,RICHEZ Albane,61.0,40.0,45.0,48.0,52.0,-57.0,-57.0,48.0,52.0,100.0
BFC - Chpt Province - Luxeuil-les-bains - P2,2025-03-01,U17 Women 64,LOIRE Angèle,60.5,34.0,-37.0,-37.0,42.0,45.0,-48.0,34.0,45.0,79.0
BFC - Chpt Province - Luxeuil-les-bains - P2,2025-03-01,U17 Women 71,"NSEGMA Danielle, maelle",69.0,50.0,53.0,-55.0,60.0,-65.0,65.0,53.0,65.0,118.0
BFC - Chpt Province - Luxeuil-les-bains - P2,2025-03-01,U17 Women 71,ALARD Bryana,64.39,42.0,-47.0,-50.0,50.0,-55.0,55.0,42.0,55.0,97.0
BFC - Chpt Province - Luxeuil-les-bains - P2,2025-03-01,U17 Women 71,HOFLACK Laura,69.82,-0.0,-0.0,-0.0,-0.0,-0.0,-0.0,0.0,0.0,0.0
BFC - Chpt Province - Luxeuil-les-bains - P2,2025-03-01,U17 Women 76,FONTENELLE Lea,71.1,50.0,53.0,-55.0,63.0,-67.0,67.0,53.0,67.0,120.0
BFC - Chpt Province - Luxeuil-les-bains - P2,2025-03-01,U17 Women >81,JAN Manon,107.88,56.0,-61.0,-65.0,-80.0,80.0,-85.0,56.0,80.0,136.0
BFC - Chpt Province - Luxeuil-les-bains - P2,2025-03-01,U17 Women >81,COPIN-FOXONET Agathe,109.59,45.0,-48.0,-48.0,55.0,60.0,-63.0,45.0,60.0,105.0
BFC - Chpt Province - Luxeuil-les-bains - P2,2025-03-01,U20 Women 49,MATHUREL Kalia,49.0,45.0,-48.0,48.0,58.0,61.0,64.0,48.0,64.0,112.0
BFC - Chpt Province - Luxeuil-les-bains - P2,2025-03-01,U20 Women 55,DIOGUARDI Nina,51.78,-48.0,48.0,-52.0,60.0,64.0,-67.0,48.0,64.0,112.0
BFC - Chpt Province - Luxeuil-les-bains - P2,2025-03-01,U20 Women 87,HUYSSEUNE Iliana,83.92,55.0,60.0,65.0,70.0,75.0,-0.0,65.0,75.0,140.0
BFC - Chpt Province - Luxeuil-les-bains - P2,2025-03-01,U15 Women 40,RIQUIER Alicia,38.75,20.0,-23.0,-23.0,28.0,31.0,-33.0,20.0,31.0,51.0
BFC - Chpt Province - Luxeuil-les-bains - P2,2025-03-01,U15 Women 55,RADAMA Shaina,53.54,46.0,50.0,-52.0,58.0,62.0,65.0,50.0,65.0,115.0
BFC - Chpt Province - Luxeuil-les-bains - P2,2025-03-01,U15 Women 55,ARAB Aliyah,51.28,-35.0,35.0,-40.0,40.0,-43.0,-43.0,35.0,40.0,75.0
BFC - Chpt Province - Luxeuil-les-bains - P2,2025-03-01,U15 Women 55,DEVYNCK Elyn,54.06,27.0,-30.0,30.0,33.0,35.0,38.0,30.0,38.0,68.0
BFC - Chpt Province - Luxeuil-les-bains - P2,2025-03-01,U15 Women 59,PERROUAULT Calie,58.64,34.0,37.0,-40.0,41.0,44.0,-47.0,37.0,44.0,81.0
BFC - Chpt Province - Luxeuil-les-bains - P2,2025-03-01,U15 Women 71,CUVILLIER Ema,64.72,40.0,-43.0,-45.0,54.0,-58.0,-60.0,40.0,54.0,94.0
BFC - Chpt Province - Luxeuil-les-bains - P2,2025-03-01,U15 Women 81,FONTENELLE Chloe,76.55,50.0,-53.0,55.0,66.0,-71.0,-71.0,55.0,66.0,121.0
BFC - Chpt Province - Luxeuil-les-bains - P2,2025-03-01,U17 Women 55,BEAUGER Louna,53.28,41.0,43.0,-45.0,54.0,57.0,-60.0,43.0,57.0,100.0
BFC - Chpt Province - Luxeuil-les-bains - P2,2025-03-01,U17 Women 59,EL KORRICHI Aisha,57.55,46.0,50.0,53.0,56.0,-62.0,-62.0,53.0,56.0,109.0
BFC - Chpt Province - Luxeuil-les-bains - P2,2025-03-01,U17 Women 64,RICHEZ Albane,61.0,40.0,45.0,48.0,52.0,-57.0,-57.0,48.0,52.0,100.0
BFC - Chpt Province - Luxeuil-les-bains - P2,2025-03-01,U17 Women 64,LOIRE Angèle,60.5,34.0,-37.0,-37.0,42.0,45.0,-48.0,34.0,45.0,79.0
BFC - Chpt Province - Luxeuil-les-bains - P2,2025-03-01,U17 Women 71,"NSEGMA Danielle, maelle",69.0,50.0,53.0,-55.0,60.0,-65.0,65.0,53.0,65.0,118.0
BFC - Chpt Province - Luxeuil-les-bains - P2,2025-03-01,U17 Women 71,ALARD Bryana,64.39,42.0,-47.0,-50.0,50.0,-55.0,55.0,42.0,55.0,97.0
BFC - Chpt Province - Luxeuil-les-bains - P2,2025-03-01,U17 Women 71,HOFLACK Laura,69.82,-0.0,-0.0,-0.0,-0.0,-0.0,-0.0,0.0,0.0,0.0
BFC - Chpt Province - Luxeuil-les-bains - P2,2025-03-01,U17 Women 76,FONTENELLE Lea,71.1,50.0,53.0,-55.0,63.0,-67.0,67.0,53.0,67.0,120.0
BFC - Chpt Province - Luxeuil-les-bains - P2,2025-03-01,U17 Women >81,JAN Manon,107.88,56.0,-61.0,-65.0,-80.0,80.0,-85.0,56.0,80.0,136.0
BFC - Chpt Province - Luxeuil-les-bains - P2,2025-03-01,U17 Women >81,COPIN-FOXONET Agathe,109.59,45.0,-48.0,-48.0,55.0,60.0,-63.0,45.0,60.0,105.0
BFC - Chpt Province - Luxeuil-les-bains - P2,2025-03-01,U20 Women 49,MATHUREL Kalia,49.0,45.0,-48.0,48.0,58.0,61.0,64.0,48.0,64.0,112.0
BFC - Chpt Province - Luxeuil-les-bains - P2,2025-03-01,U20 Women 55,DIOGUARDI Nina,51.78,-48.0,48.0,-52.0,60.0,64.0,-67.0,48.0,64.0,112.0
BFC - Chpt Province - Luxeuil-les-bains - P2,2025-03-01,U20 Women 87,HUYSSEUNE Iliana,83.92,55.0,60.0,65.0,70.0,75.0,-0.0,65.0,75.0,140.0
BFC - Chpt Province - Luxeuil-les-bains - P2,2025-03-01,U15 Women 59,MAILLARD Victoria,57.05,33.0,36.0,-38.0,42.0,46.0,-50.0,36.0,46.0,82.0
BFC - Chpt Province - Luxeuil-les-bains - P2,2025-03-01,U15 Women 64,KNOEPFFLER Lexie,61.1,35.0,37.0,-39.0,42.0,-45.0,-45.0,37.0,42.0,79.0
BFC - Chpt Province - Luxeuil-les-bains - P2,2025-03-01,U17 Women 59,SUEUR Lily,58.0,52.0,-55.0,-55.0,60.0,65.0,70.0,52.0,70.0,122.0
BFC - Chpt Province - Luxeuil-les-bains - P2,2025-03-01,U20 Women 59,MATHELIN Lou,58.7,53.0,57.0,-60.0,65.0,70.0,-73.0,57.0,70.0,127.0
BFC - Chpt Province - Luxeuil-les-bains - P2,2025-03-01,SEN Women 55,FONSECA BRAS Mylène,52.3,53.0,55.0,-57.0,70.0,-73.0,-75.0,55.0,70.0,125.0
BFC - Chpt Province - Luxeuil-les-bains - P2,2025-03-01,SEN Women 59,BERTIN Fanny,57.45,61.0,-63.0,64.0,68.0,71.0,-73.0,64.0,71.0,135.0
BFC - Chpt Province - Luxeuil-les-bains - P2,2025-03-01,U15 Women 59,MAILLARD Victoria,57.05,33.0,36.0,-38.0,42.0,46.0,-50.0,36.0,46.0,82.0
BFC - Chpt Province - Luxeuil-les-bains - P2,2025-03-01,U15 Women 64,KNOEPFFLER Lexie,61.1,35.0,37.0,-39.0,42.0,-45.0,-45.0,37.0,42.0,79.0
BFC - Chpt Province - Luxeuil-les-bains - P2,2025-03-01,U17 Women 59,SUEUR Lily,58.0,52.0,-55.0,-55.0,60.0,65.0,70.0,52.0,70.0,122.0
BFC - Chpt Province - Luxeuil-les-bains - P2,2025-03-01,U20 Women 59,MATHELIN Lou,58.7,53.0,57.0,-60.0,65.0,70.0,-73.0,57.0,70.0,127.0
BFC - Chpt Province - Luxeuil-les-bains - P2,2025-03-01,SEN Women 55,FONSECA BRAS Mylène,52.3,53.0,55.0,-57.0,70.0,-73.0,-75.0,55.0,70.0,125.0
BFC - Chpt Province - Luxeuil-les-bains - P2,2025-03-01,SEN Women 59,BERTIN Fanny,57.45,61.0,-63.0,64.0,68.0,71.0,-73.0,64.0,71.0,135.0
BFC - Chpt Province - Luxeuil-les-bains - P2,2025-03-01,U17 Men 55,NOFRONI Romain,55.0,55.0,58.0,-63.0,-75.0,75.0,-80.0,58.0,75.0,133.0
BFC - Chpt Province - Luxeuil-les-bains - P2,2025-03-01,U17 Men 81,COUILLOUD Gabriel,75.6,93.0,-97.0,-97.0,107.0,113.0,117.0,93.0,117.0,210.0
BFC - Chpt Province - Luxeuil-les-bains - P2,2025-03-01,U17 Men >102,EYSSAVEL Jerome,114.4,-73.0,73.0,80.0,-90.0,-90.0,-90.0,80.0,0.0,0.0
BFC - Chpt Province - Luxeuil-les-bains - P2,2025-03-01,U20 Men 89,COTTE-GAUDIN Simon,85.8,-105.0,105.0,-110.0,125.0,-130.0,130.0,105.0,130.0,235.0
BFC - Chpt Province - Luxeuil-les-bains - P2,2025-03-01,SEN Men 73,DEIGNAN Thibault,73.0,92.0,96.0,100.0,-110.0,112.0,-116.0,100.0,112.0,212.0
BFC - Chpt Province - Luxeuil-les-bains - P2,2025-03-01,SEN Men 73,BENNEGENT Loïc,72.45,80.0,-85.0,-85.0,100.0,105.0,-111.0,80.0,105.0,185.0
BFC - Chpt Province - Luxeuil-les-bains - P2,2025-03-01,SEN Men 73,JUSTET Julien,72.1,-80.0,-80.0,-83.0,-0.0,-0.0,-0.0,0.0,0.0,0.0
BFC - Chpt Province - Luxeuil-les-bains - P2,2025-03-01,U17 Men 55,NOFRONI Romain,55.0,55.0,58.0,-63.0,-75.0,75.0,-80.0,58.0,75.0,133.0
BFC - Chpt Province - Luxeuil-les-bains - P2,2025-03-01,U17 Men 81,COUILLOUD Gabriel,75.6,93.0,-97.0,-97.0,107.0,113.0,117.0,93.0,117.0,210.0
BFC - Chpt Province - Luxeuil-les-bains - P2,2025-03-01,U17 Men >102,EYSSAVEL Jerome,114.4,-73.0,73.0,80.0,-90.0,-90.0,-90.0,80.0,0.0,0.0
BFC - Chpt Province - Luxeuil-les-bains - P2,2025-03-01,U20 Men 89,COTTE-GAUDIN Simon,85.8,-105.0,105.0,-110.0,125.0,-130.0,130.0,105.0,130.0,235.0
BFC - Chpt Province - Luxeuil-les-bains - P2,2025-03-01,SEN Men 73,DEIGNAN Thibault,73.0,92.0,96.0,100.0,-110.0,112.0,-116.0,100.0,112.0,212.0
BFC - Chpt Province - Luxeuil-les-bains - P2,2025-03-01,SEN Men 73,BENNEGENT Loïc,72.45,80.0,-85.0,-85.0,100.0,105.0,-111.0,80.0,105.0,185.0
BFC - Chpt Province - Luxeuil-les-bains - P2,2025-03-01,SEN Men 73,JUSTET Julien,72.1,-80.0,-80.0,-83.0,-0.0,-0.0,-0.0,0.0,0.0,0.0
BFC - Chpt Province - Luxeuil-les-bains - P2,2025-03-01,U17 Men 102,PASTOR Romain,96.2,-95.0,95.0,-102.0,115.0,121.0,-125.0,95.0,121.0,216.0
BFC - Chpt Province - Luxeuil-les-bains - P2,2025-03-01,U20 Men 81,DA SILVA Romain,81.0,-130.0,130.0,-133.0,-150.0,-153.0,153.0,130.0,153.0,283.0
BFC - Chpt Province - Luxeuil-les-bains - P2,2025-03-01,U20 Men 81,ACHER Jules,78.2,93.0,97.0,-100.0,114.0,118.0,120.0,97.0,120.0,217.0
BFC - Chpt Province - Luxeuil-les-bains - P2,2025-03-01,SEN Men 73,APRAHAMIAN Antranig,69.7,110.0,-116.0,-116.0,135.0,-140.0,-142.0,110.0,135.0,245.0
BFC - Chpt Province - Luxeuil-les-bains - P2,2025-03-01,SEN Men 89,HEAFALA Jonah,84.9,-115.0,116.0,-120.0,140.0,145.0,-150.0,116.0,145.0,261.0
BFC - Chpt Province - Luxeuil-les-bains - P2,2025-03-01,SEN Men 89,VINUESA Kevin,88.0,-112.0,112.0,116.0,140.0,144.0,-150.0,116.0,144.0,260.0
BFC - Chpt Province - Luxeuil-les-bains - P2,2025-03-01,U17 Men 102,PASTOR Romain,96.2,-95.0,95.0,-102.0,115.0,121.0,-125.0,95.0,121.0,216.0
BFC - Chpt Province - Luxeuil-les-bains - P2,2025-03-01,U20 Men 81,DA SILVA Romain,81.0,-130.0,130.0,-133.0,-150.0,-153.0,153.0,130.0,153.0,283.0
BFC - Chpt Province - Luxeuil-les-bains - P2,2025-03-01,U20 Men 81,ACHER Jules,78.2,93.0,97.0,-100.0,114.0,118.0,120.0,97.0,120.0,217.0
BFC - Chpt Province - Luxeuil-les-bains - P2,2025-03-01,SEN Men 73,APRAHAMIAN Antranig,69.7,110.0,-116.0,-116.0,135.0,-140.0,-142.0,110.0,135.0,245.0
BFC - Chpt Province - Luxeuil-les-bains - P2,2025-03-01,SEN Men 89,HEAFALA Jonah,84.9,-115.0,116.0,-120.0,140.0,145.0,-150.0,116.0,145.0,261.0
BFC - Chpt Province - Luxeuil-les-bains - P2,2025-03-01,SEN Men 89,VINUESA Kevin,88.0,-112.0,112.0,116.0,140.0,144.0,-150.0,116.0,144.0,260.0
BFC - Chpt Province - Luxeuil-les-bains - P2,2025-03-01,U13 Men 40,HENNEQUIN Ivàn,35.95,24.0,26.0,28.0,30.0,32.0,34.0,28.0,34.0,62.0
BFC - Chpt Province - Luxeuil-les-bains - P2,2025-03-01,U13 Men 55,POLINTSOV German,52.5,34.0,35.0,37.0,45.0,47.0,49.0,37.0,49.0,86.0
BFC - Chpt Province - Luxeuil-les-bains - P2,2025-03-01,U13 Men 67,MYNHARDT Alexander,66.8,26.0,27.0,29.0,36.0,38.0,40.0,29.0,40.0,69.0
BFC - Chpt Province - Luxeuil-les-bains - P2,2025-03-01,U13 Men 67,TROBAT Noha,65.3,23.0,24.0,-25.0,32.0,34.0,-36.0,24.0,34.0,58.0
BFC - Chpt Province - Luxeuil-les-bains - P2,2025-03-01,U13 Men 40,HENNEQUIN Ivàn,35.95,24.0,26.0,28.0,30.0,32.0,34.0,28.0,34.0,62.0
BFC - Chpt Province - Luxeuil-les-bains - P2,2025-03-01,U13 Men 55,POLINTSOV German,52.5,34.0,35.0,37.0,45.0,47.0,49.0,37.0,49.0,86.0
BFC - Chpt Province - Luxeuil-les-bains - P2,2025-03-01,U13 Men 67,MYNHARDT Alexander,66.8,26.0,27.0,29.0,36.0,38.0,40.0,29.0,40.0,69.0
BFC - Chpt Province - Luxeuil-les-bains - P2,2025-03-01,U13 Men 67,TROBAT Noha,65.3,23.0,24.0,-25.0,32.0,34.0,-36.0,24.0,34.0,58.0
BFC - Chpt Province - Luxeuil-les-bains - P2,2025-03-01,U17 Women 71,TOWNSON VERDIER Penelope,64.8,42.0,45.0,-47.0,53.0,-56.0,-56.0,45.0,53.0,98.0
BFC - Chpt Province - Luxeuil-les-bains - P2,2025-03-01,U20 Women 71,ORTOLAN Victoire,66.7,58.0,61.0,64.0,72.0,75.0,78.0,64.0,78.0,142.0
BFC - Chpt Province - Luxeuil-les-bains - P2,2025-03-01,SEN Women 55,BEDOS Louisa,53.0,47.0,-50.0,-50.0,63.0,-66.0,66.0,47.0,66.0,113.0
BFC - Chpt Province - Luxeuil-les-bains - P2,2025-03-01,SEN Women 55,DJELASSI Marjorie,53.9,43.0,46.0,-50.0,57.0,61.0,65.0,46.0,65.0,111.0
BFC - Chpt Province - Luxeuil-les-bains - P2,2025-03-01,SEN Women 59,MALNOU Fanny,58.4,-54.0,-55.0,-55.0,-0.0,-0.0,-0.0,0.0,0.0,0.0
BFC - Chpt Province - Luxeuil-les-bains - P2,2025-03-01,SEN Women 59,HOMINAL Tory,59.0,-63.0,-63.0,-63.0,-0.0,-0.0,-0.0,0.0,0.0,0.0
BFC - Chpt Province - Luxeuil-les-bains - P2,2025-03-01,SEN Women 64,DUPONT Laurane,61.3,55.0,58.0,-60.0,-68.0,68.0,-72.0,58.0,68.0,126.0
BFC - Chpt Province - Luxeuil-les-bains - P2,2025-03-01,SEN Women 64,DEMSKI Océane,63.1,48.0,-50.0,-50.0,57.0,-60.0,-60.0,48.0,57.0,105.0
BFC - Chpt Province - Luxeuil-les-bains - P2,2025-03-01,SEN Women 71,FARRUGIA Celia,65.9,60.0,-64.0,-65.0,80.0,83.0,85.0,60.0,85.0,145.0
BFC - Chpt Province - Luxeuil-les-bains - P2,2025-03-01,SEN Women 71,SAGNES Margaux,64.4,55.0,-58.0,60.0,70.0,75.0,-80.0,60.0,75.0,135.0
BFC - Chpt Province - Luxeuil-les-bains - P2,2025-03-01,U17 Women 71,TOWNSON VERDIER Penelope,64.8,42.0,45.0,-47.0,53.0,-56.0,-56.0,45.0,53.0,98.0
BFC - Chpt Province - Luxeuil-les-bains - P2,2025-03-01,U20 Women 71,ORTOLAN Victoire,66.7,58.0,61.0,64.0,72.0,75.0,78.0,64.0,78.0,142.0
BFC - Chpt Province - Luxeuil-les-bains - P2,2025-03-01,SEN Women 55,BEDOS Louisa,53.0,47.0,-50.0,-50.0,63.0,-66.0,66.0,47.0,66.0,113.0
BFC - Chpt Province - Luxeuil-les-bains - P2,2025-03-01,SEN Women 55,DJELASSI Marjorie,53.9,43.0,46.0,-50.0,57.0,61.0,65.0,46.0,65.0,111.0
BFC - Chpt Province - Luxeuil-les-bains - P2,2025-03-01,SEN Women 59,MALNOU Fanny,58.4,-54.0,-55.0,-55.0,-0.0,-0.0,-0.0,0.0,0.0,0.0
BFC - Chpt Province - Luxeuil-les-bains - P2,2025-03-01,SEN Women 59,HOMINAL Tory,59.0,-63.0,-63.0,-63.0,-0.0,-0.0,-0.0,0.0,0.0,0.0
BFC - Chpt Province - Luxeuil-les-bains - P2,2025-03-01,SEN Women 64,DUPONT Laurane,61.3,55.0,58.0,-60.0,-68.0,68.0,-72.0,58.0,68.0,126.0
BFC - Chpt Province - Luxeuil-les-bains - P2,2025-03-01,SEN Women 64,DEMSKI Océane,63.1,48.0,-50.0,-50.0,57.0,-60.0,-60.0,48.0,57.0,105.0
BFC - Chpt Province - Luxeuil-les-bains - P2,2025-03-01,SEN Women 71,FARRUGIA Celia,65.9,60.0,-64.0,-65.0,80.0,83.0,85.0,60.0,85.0,145.0
BFC - Chpt Province - Luxeuil-les-bains - P2,2025-03-01,SEN Women 71,SAGNES Margaux,64.4,55.0,-58.0,60.0,70.0,75.0,-80.0,60.0,75.0,135.0
BFC - Chpt Province - Luxeuil-les-bains - P2,2025-03-01,U17 Men 73,TOUT Kais,70.1,73.0,78.0,-81.0,-93.0,-96.0,-102.0,78.0,0.0,0.0
BFC - Chpt Province - Luxeuil-les-bains - P2,2025-03-01,U20 Men 81,AMAR Owen,74.55,-63.0,-63.0,65.0,75.0,78.0,-81.0,65.0,78.0,143.0
BFC - Chpt Province - Luxeuil-les-bains - P2,2025-03-01,SEN Men 61,BOTHERON Etienne,61.0,-83.0,83.0,-86.0,106.0,-112.0,-112.0,83.0,106.0,189.0
BFC - Chpt Province - Luxeuil-les-bains - P2,2025-03-01,SEN Men 73,LECOMTE Ewen,69.7,102.0,105.0,-107.0,125.0,129.0,132.0,105.0,132.0,237.0
BFC - Chpt Province - Luxeuil-les-bains - P2,2025-03-01,SEN Men 73,CORBIERE Jules,70.0,90.0,-95.0,-95.0,105.0,110.0,-114.0,90.0,110.0,200.0
BFC - Chpt Province - Luxeuil-les-bains - P2,2025-03-01,SEN Men 89,HORAITIS Dimitri,84.95,112.0,-117.0,-120.0,-130.0,130.0,-137.0,112.0,130.0,242.0
BFC - Chpt Province - Luxeuil-les-bains - P2,2025-03-01,SEN Men 96,BORDES Simon,89.75,104.0,-108.0,-112.0,130.0,136.0,-140.0,104.0,136.0,240.0
BFC - Chpt Province - Luxeuil-les-bains - P2,2025-03-01,SEN Men 109,JANNEKEYN Romain,104.0,107.0,-112.0,115.0,125.0,130.0,135.0,115.0,135.0,250.0
BFC - Chpt Province - Luxeuil-les-bains - P2,2025-03-01,U17 Men 73,TOUT Kais,70.1,73.0,78.0,-81.0,-93.0,-96.0,-102.0,78.0,0.0,0.0
BFC - Chpt Province - Luxeuil-les-bains - P2,2025-03-01,U20 Men 81,AMAR Owen,74.55,-63.0,-63.0,65.0,75.0,78.0,-81.0,65.0,78.0,143.0
BFC - Chpt Province - Luxeuil-les-bains - P2,2025-03-01,SEN Men 61,BOTHERON Etienne,61.0,-83.0,83.0,-86.0,106.0,-112.0,-112.0,83.0,106.0,189.0
BFC - Chpt Province - Luxeuil-les-bains - P2,2025-03-01,SEN Men 73,LECOMTE Ewen,69.7,102.0,105.0,-107.0,125.0,129.0,132.0,105.0,132.0,237.0
BFC - Chpt Province - Luxeuil-les-bains - P2,2025-03-01,SEN Men 73,CORBIERE Jules,70.0,90.0,-95.0,-95.0,105.0,110.0,-114.0,90.0,110.0,200.0
BFC - Chpt Province - Luxeuil-les-bains - P2,2025-03-01,SEN Men 89,HORAITIS Dimitri,84.95,112.0,-117.0,-120.0,-130.0,130.0,-137.0,112.0,130.0,242.0
BFC - Chpt Province - Luxeuil-les-bains - P2,2025-03-01,SEN Men 96,BORDES Simon,89.75,104.0,-108.0,-112.0,130.0,136.0,-140.0,104.0,136.0,240.0
BFC - Chpt Province - Luxeuil-les-bains - P2,2025-03-01,SEN Men 109,JANNEKEYN Romain,104.0,107.0,-112.0,115.0,125.0,130.0,135.0,115.0,135.0,250.0
BFC - Chpt Province - Luxeuil-les-bains - P2,2025-03-01,U20 Women 64,DEROULEDE Lili-gabrielle,63.1,65.0,70.0,75.0,85.0,90.0,-0.0,75.0,90.0,165.0
BFC - Chpt Province - Luxeuil-les-bains - P2,2025-03-01,U20 Women 64,REGIBIER Gabie,62.0,62.0,-66.0,-67.0,70.0,-74.0,-74.0,62.0,70.0,132.0
BFC - Chpt Province - Luxeuil-les-bains - P2,2025-03-01,SEN Women 49,MOCAER LORGERE Nolwenn,48.3,53.0,55.0,58.0,72.0,76.0,-80.0,58.0,76.0,134.0
BFC - Chpt Province - Luxeuil-les-bains - P2,2025-03-01,SEN Women 55,CANAMERO Léa,54.75,60.0,-63.0,64.0,81.0,84.0,-87.0,64.0,84.0,148.0
BFC - Chpt Province - Luxeuil-les-bains - P2,2025-03-01,SEN Women 59,GALLANT Josee,58.7,90.0,-93.0,93.0,107.0,-110.0,-112.0,93.0,107.0,200.0
BFC - Chpt Province - Luxeuil-les-bains - P2,2025-03-01,SEN Women 59,GABBIANI Celia,57.7,70.0,74.0,-77.0,88.0,-93.0,95.0,74.0,95.0,169.0
BFC - Chpt Province - Luxeuil-les-bains - P2,2025-03-01,SEN Women 59,MAHIEUX Celia,58.0,63.0,-66.0,66.0,-80.0,-85.0,-89.0,66.0,0.0,0.0
BFC - Chpt Province - Luxeuil-les-bains - P2,2025-03-01,SEN Women 71,DUMONT Emilie,65.4,77.0,-80.0,80.0,-92.0,92.0,-99.0,80.0,92.0,172.0
BFC - Chpt Province - Luxeuil-les-bains - P2,2025-03-01,SEN Women 71,MARTIN-GUILLOUX Léa,64.75,68.0,72.0,-75.0,83.0,87.0,-90.0,72.0,87.0,159.0
BFC - Chpt Province - Luxeuil-les-bains - P2,2025-03-01,SEN Women 71,MURER Carla,70.0,71.0,74.0,-76.0,88.0,-91.0,-94.0,74.0,88.0,162.0
BFC - Chpt Province - Luxeuil-les-bains - P2,2025-03-01,SEN Women 71,PIARD Philomène,70.0,65.0,68.0,-71.0,84.0,90.0,92.0,68.0,92.0,160.0
BFC - Chpt Province - Luxeuil-les-bains - P2,2025-03-01,SEN Women 71,NONIS Clarisse,66.1,66.0,70.0,-73.0,77.0,-82.0,-82.0,70.0,77.0,147.0
BFC - Chpt Province - Luxeuil-les-bains - P2,2025-03-01,SEN Women 81,EXCOFFIER Émilie,78.1,-65.0,-65.0,-65.0,-0.0,-0.0,-0.0,0.0,0.0,0.0
BFC - Chpt Province - Luxeuil-les-bains - P2,2025-03-01,SEN Women 87,MOREAU Léa,83.8,75.0,-78.0,79.0,103.0,107.0,-110.0,79.0,107.0,186.0
BFC - Chpt Province - Luxeuil-les-bains - P2,2025-03-01,U20 Women 64,DEROULEDE Lili-gabrielle,63.1,65.0,70.0,75.0,85.0,90.0,-0.0,75.0,90.0,165.0
BFC - Chpt Province - Luxeuil-les-bains - P2,2025-03-01,U20 Women 64,REGIBIER Gabie,62.0,62.0,-66.0,-67.0,70.0,-74.0,-74.0,62.0,70.0,132.0
BFC - Chpt Province - Luxeuil-les-bains - P2,2025-03-01,SEN Women 49,MOCAER LORGERE Nolwenn,48.3,53.0,55.0,58.0,72.0,76.0,-80.0,58.0,76.0,134.0
BFC - Chpt Province - Luxeuil-les-bains - P2,2025-03-01,SEN Women 55,CANAMERO Léa,54.75,60.0,-63.0,64.0,81.0,84.0,-87.0,64.0,84.0,148.0
BFC - Chpt Province - Luxeuil-les-bains - P2,2025-03-01,SEN Women 59,GALLANT Josee,58.7,90.0,-93.0,93.0,107.0,-110.0,-112.0,93.0,107.0,200.0
BFC - Chpt Province - Luxeuil-les-bains - P2,2025-03-01,SEN Women 59,GABBIANI Celia,57.7,70.0,74.0,-77.0,88.0,-93.0,95.0,74.0,95.0,169.0
BFC - Chpt Province - Luxeuil-les-bains - P2,2025-03-01,SEN Women 59,MAHIEUX Celia,58.0,63.0,-66.0,66.0,-80.0,-85.0,-89.0,66.0,0.0,0.0
BFC - Chpt Province - Luxeuil-les-bains - P2,2025-03-01,SEN Women 71,DUMONT Emilie,65.4,77.0,-80.0,80.0,-92.0,92.0,-99.0,80.0,92.0,172.0
BFC - Chpt Province - Luxeuil-les-bains - P2,2025-03-01,SEN Women 71,MARTIN-GUILLOUX Léa,64.75,68.0,72.0,-75.0,83.0,87.0,-90.0,72.0,87.0,159.0
BFC - Chpt Province - Luxeuil-les-bains - P2,2025-03-01,SEN Women 71,MURER Carla,70.0,71.0,74.0,-76.0,88.0,-91.0,-94.0,74.0,88.0,162.0
BFC - Chpt Province - Luxeuil-les-bains - P2,2025-03-01,SEN Women 71,PIARD Philomène,70.0,65.0,68.0,-71.0,84.0,90.0,92.0,68.0,92.0,160.0
BFC - Chpt Province - Luxeuil-les-bains - P2,2025-03-01,SEN Women 71,NONIS Clarisse,66.1,66.0,70.0,-73.0,77.0,-82.0,-82.0,70.0,77.0,147.0
BFC - Chpt Province - Luxeuil-les-bains - P2,2025-03-01,SEN Women 81,EXCOFFIER Émilie,78.1,-65.0,-65.0,-65.0,-0.0,-0.0,-0.0,0.0,0.0,0.0
BFC - Chpt Province - Luxeuil-les-bains - P2,2025-03-01,SEN Women 87,MOREAU Léa,83.8,75.0,-78.0,79.0,103.0,107.0,-110.0,79.0,107.0,186.0
BFC - Chpt Province - Luxeuil-les-bains - P2,2025-03-01,SEN Men 81,PETIT Tommy,80.5,120.0,124.0,-127.0,-151.0,151.0,-156.0,124.0,151.0,275.0
BFC - Chpt Province - Luxeuil-les-bains - P2,2025-03-01,SEN Men 89,HASSAINE Adam,81.55,-130.0,130.0,-135.0,160.0,-165.0,-0.0,130.0,160.0,290.0
BFC - Chpt Province - Luxeuil-les-bains - P2,2025-03-01,SEN Men 89,LEVEQUE Léonard,88.5,127.0,-132.0,-132.0,-160.0,-160.0,160.0,127.0,160.0,287.0
BFC - Chpt Province - Luxeuil-les-bains - P2,2025-03-01,SEN Men 89,PETIT Victor,87.65,-117.0,120.0,126.0,-148.0,150.0,-156.0,126.0,150.0,276.0
BFC - Chpt Province - Luxeuil-les-bains - P2,2025-03-01,SEN Men 89,BUREAU Steven,86.3,115.0,120.0,124.0,136.0,142.0,146.0,124.0,146.0,270.0
BFC - Chpt Province - Luxeuil-les-bains - P2,2025-03-01,SEN Men 96,PONTET Mathias,93.75,120.0,125.0,128.0,-167.0,167.0,176.0,128.0,176.0,304.0
BFC - Chpt Province - Luxeuil-les-bains - P2,2025-03-01,SEN Men 96,DESACHY Tom,90.35,-125.0,130.0,-135.0,155.0,-160.0,-165.0,130.0,155.0,285.0
BFC - Chpt Province - Luxeuil-les-bains - P2,2025-03-01,SEN Men 96,BOIS Armand,94.4,118.0,122.0,-126.0,-150.0,150.0,156.0,122.0,156.0,278.0
BFC - Chpt Province - Luxeuil-les-bains - P2,2025-03-01,SEN Men 96,LEJEUNE Denis,89.35,117.0,-122.0,-123.0,145.0,148.0,-151.0,117.0,148.0,265.0
BFC - Chpt Province - Luxeuil-les-bains - P2,2025-03-01,SEN Men 96,SEMIROT Clement,92.85,115.0,122.0,-125.0,135.0,143.0,-148.0,122.0,143.0,265.0
BFC - Chpt Province - Luxeuil-les-bains - P2,2025-03-01,SEN Men 102,HERBE Maxime,100.75,-106.0,106.0,-112.0,135.0,140.0,144.0,106.0,144.0,250.0
BFC - Chpt Province - Luxeuil-les-bains - P2,2025-03-01,SEN Men 81,PETIT Tommy,80.5,120.0,124.0,-127.0,-151.0,151.0,-156.0,124.0,151.0,275.0
BFC - Chpt Province - Luxeuil-les-bains - P2,2025-03-01,SEN Men 89,HASSAINE Adam,81.55,-130.0,130.0,-135.0,160.0,-165.0,-0.0,130.0,160.0,290.0
BFC - Chpt Province - Luxeuil-les-bains - P2,2025-03-01,SEN Men 89,LEVEQUE Léonard,88.5,127.0,-132.0,-132.0,-160.0,-160.0,160.0,127.0,160.0,287.0
BFC - Chpt Province - Luxeuil-les-bains - P2,2025-03-01,SEN Men 89,PETIT Victor,87.65,-117.0,120.0,126.0,-148.0,150.0,-156.0,126.0,150.0,276.0
BFC - Chpt Province - Luxeuil-les-bains - P2,2025-03-01,SEN Men 89,BUREAU Steven,86.3,115.0,120.0,124.0,136.0,142.0,146.0,124.0,146.0,270.0
BFC - Chpt Province - Luxeuil-les-bains - P2,2025-03-01,SEN Men 96,PONTET Mathias,93.75,120.0,125.0,128.0,-167.0,167.0,176.0,128.0,176.0,304.0
BFC - Chpt Province - Luxeuil-les-bains - P2,2025-03-01,SEN Men 96,DESACHY Tom,90.35,-125.0,130.0,-135.0,155.0,-160.0,-165.0,130.0,155.0,285.0
BFC - Chpt Province - Luxeuil-les-bains - P2,2025-03-01,SEN Men 96,BOIS Armand,94.4,118.0,122.0,-126.0,-150.0,150.0,156.0,122.0,156.0,278.0
BFC - Chpt Province - Luxeuil-les-bains - P2,2025-03-01,SEN Men 96,LEJEUNE Denis,89.35,117.0,-122.0,-123.0,145.0,148.0,-151.0,117.0,148.0,265.0
BFC - Chpt Province - Luxeuil-les-bains - P2,2025-03-01,SEN Men 96,SEMIROT Clement,92.85,115.0,122.0,-125.0,135.0,143.0,-148.0,122.0,143.0,265.0
BFC - Chpt Province - Luxeuil-les-bains - P2,2025-03-01,SEN Men 102,HERBE Maxime,100.75,-106.0,106.0,-112.0,135.0,140.0,144.0,106.0,144.0,250.0
BFC - Chpt Province - Luxeuil-les-bains - P2,2025-03-01,U13 Men 40,GOMBERT Paolo,37.2,20.0,22.0,23.0,24.0,26.0,-28.0,23.0,26.0,49.0
BFC - Chpt Province - Luxeuil-les-bains - P2,2025-03-01,U13 Men 45,BONNENFANT Marlon,41.7,34.0,35.0,-37.0,-37.0,37.0,38.0,35.0,38.0,73.0
BFC - Chpt Province - Luxeuil-les-bains - P2,2025-03-01,U13 Men 73,SIMONET Arthur,69.3,20.0,22.0,24.0,23.0,25.0,27.0,24.0,27.0,51.0
BFC - Chpt Province - Luxeuil-les-bains - P2,2025-03-01,U13 Women 59,VENTUROLI Caly,58.75,14.0,16.0,18.0,20.0,22.0,24.0,18.0,24.0,42.0
BFC - Chpt Province - Luxeuil-les-bains - P2,2025-03-01,U13 Men 40,GOMBERT Paolo,37.2,20.0,22.0,23.0,24.0,26.0,-28.0,23.0,26.0,49.0
BFC - Chpt Province - Luxeuil-les-bains - P2,2025-03-01,U13 Men 45,BONNENFANT Marlon,41.7,34.0,35.0,-37.0,-37.0,37.0,38.0,35.0,38.0,73.0
BFC - Chpt Province - Luxeuil-les-bains - P2,2025-03-01,U13 Men 73,SIMONET Arthur,69.3,20.0,22.0,24.0,23.0,25.0,27.0,24.0,27.0,51.0
BFC - Chpt Province - Luxeuil-les-bains - P2,2025-03-01,U13 Women 59,VENTUROLI Caly,58.75,14.0,16.0,18.0,20.0,22.0,24.0,18.0,24.0,42.0
BFC - Chpt Province - Luxeuil-les-bains - P2,2025-03-01,U15 Women 45,BESANCENOT Juliette,43.9,30.0,35.0,37.0,40.0,44.0,46.0,37.0,46.0,83.0
BFC - Chpt Province - Luxeuil-les-bains - P2,2025-03-01,U15 Women 76,KOCH Melody,74.0,30.0,35.0,-40.0,44.0,47.0,-50.0,35.0,47.0,82.0
BFC - Chpt Province - Luxeuil-les-bains - P2,2025-03-01,U17 Women 59,SIKORA Celeste,55.4,43.0,47.0,50.0,55.0,59.0,63.0,50.0,63.0,113.0
BFC - Chpt Province - Luxeuil-les-bains - P2,2025-03-01,U17 Women 71,ROUSSEL Naomie,64.6,57.0,60.0,-62.0,67.0,71.0,73.0,60.0,73.0,133.0
BFC - Chpt Province - Luxeuil-les-bains - P2,2025-03-01,U20 Women 59,HOYON Marie,58.15,37.0,42.0,-46.0,50.0,55.0,60.0,42.0,60.0,102.0
BFC - Chpt Province - Luxeuil-les-bains - P2,2025-03-01,U20 Women 76,POSE Célia,73.95,53.0,57.0,60.0,65.0,70.0,-73.0,60.0,70.0,130.0
BFC - Chpt Province - Luxeuil-les-bains - P2,2025-03-01,SEN Women 55,AUDIBERT Coralie,54.3,42.0,-44.0,45.0,60.0,63.0,-0.0,45.0,63.0,108.0
BFC - Chpt Province - Luxeuil-les-bains - P2,2025-03-01,SEN Women 55,LAVOLÉ Marie,52.0,35.0,38.0,-40.0,47.0,50.0,-55.0,38.0,50.0,88.0
BFC - Chpt Province - Luxeuil-les-bains - P2,2025-03-01,SEN Women 64,TOUTI Abyr,60.0,47.0,-50.0,50.0,60.0,64.0,67.0,50.0,67.0,117.0
BFC - Chpt Province - Luxeuil-les-bains - P2,2025-03-01,SEN Women 71,GIOT Claire marie,70.4,-40.0,42.0,-45.0,58.0,65.0,68.0,42.0,68.0,110.0
BFC - Chpt Province - Luxeuil-les-bains - P2,2025-03-01,SEN Women 87,NOIR Juliette,85.35,53.0,-57.0,57.0,75.0,-79.0,-79.0,57.0,75.0,132.0
BFC - Chpt Province - Luxeuil-les-bains - P2,2025-03-01,U15 Women 45,BESANCENOT Juliette,43.9,30.0,35.0,37.0,40.0,44.0,46.0,37.0,46.0,83.0
BFC - Chpt Province - Luxeuil-les-bains - P2,2025-03-01,U15 Women 76,KOCH Melody,74.0,30.0,35.0,-40.0,44.0,47.0,-50.0,35.0,47.0,82.0
BFC - Chpt Province - Luxeuil-les-bains - P2,2025-03-01,U17 Women 59,SIKORA Celeste,55.4,43.0,47.0,50.0,55.0,59.0,63.0,50.0,63.0,113.0
BFC - Chpt Province - Luxeuil-les-bains - P2,2025-03-01,U17 Women 71,ROUSSEL Naomie,64.6,57.0,60.0,-62.0,67.0,71.0,73.0,60.0,73.0,133.0
BFC - Chpt Province - Luxeuil-les-bains - P2,2025-03-01,U20 Women 59,HOYON Marie,58.15,37.0,42.0,-46.0,50.0,55.0,60.0,42.0,60.0,102.0
BFC - Chpt Province - Luxeuil-les-bains - P2,2025-03-01,U20 Women 76,POSE Célia,73.95,53.0,57.0,60.0,65.0,70.0,-73.0,60.0,70.0,130.0
BFC - Chpt Province - Luxeuil-les-bains - P2,2025-03-01,SEN Women 55,AUDIBERT Coralie,54.3,42.0,-44.0,45.0,60.0,63.0,-0.0,45.0,63.0,108.0
BFC - Chpt Province - Luxeuil-les-bains - P2,2025-03-01,SEN Women 55,LAVOLÉ Marie,52.0,35.0,38.0,-40.0,47.0,50.0,-55.0,38.0,50.0,88.0
BFC - Chpt Province - Luxeuil-les-bains - P2,2025-03-01,SEN Women 64,TOUTI Abyr,60.0,47.0,-50.0,50.0,60.0,64.0,67.0,50.0,67.0,117.0
BFC - Chpt Province - Luxeuil-les-bains - P2,2025-03-01,SEN Women 71,GIOT Claire marie,70.4,-40.0,42.0,-45.0,58.0,65.0,68.0,42.0,68.0,110.0
BFC - Chpt Province - Luxeuil-les-bains - P2,2025-03-01,SEN Women 87,NOIR Juliette,85.35,53.0,-57.0,57.0,75.0,-79.0,-79.0,57.0,75.0,132.0
BFC - Chpt Province - Luxeuil-les-bains - P2,2025-03-01,U15 Men 49,DOS SANTOS Paolo,42.0,38.0,42.0,-45.0,47.0,-51.0,-52.0,42.0,47.0,89.0
BFC - Chpt Province - Luxeuil-les-bains - P2,2025-03-01,U15 Men 55,LEGOUX Jules,50.4,45.0,-49.0,-49.0,52.0,56.0,-60.0,45.0,56.0,101.0
BFC - Chpt Province - Luxeuil-les-bains - P2,2025-03-01,U15 Men 61,PRETET Victor,56.0,40.0,44.0,46.0,47.0,52.0,55.0,46.0,55.0,101.0
BFC - Chpt Province - Luxeuil-les-bains - P2,2025-03-01,U17 Men 73,STERLE Enzo,67.8,55.0,60.0,65.0,65.0,70.0,75.0,65.0,75.0,140.0
BFC - Chpt Province - Luxeuil-les-bains - P2,2025-03-01,U17 Men 81,CARCANO Tom,73.1,90.0,95.0,-100.0,110.0,115.0,118.0,95.0,118.0,213.0
BFC - Chpt Province - Luxeuil-les-bains - P2,2025-03-01,U20 Men 67,SAINT LEUX Maxence,64.7,75.0,80.0,-85.0,90.0,-100.0,100.0,80.0,100.0,180.0
BFC - Chpt Province - Luxeuil-les-bains - P2,2025-03-01,U20 Men 81,FERRON Thomas,75.3,77.0,81.0,84.0,86.0,90.0,95.0,84.0,95.0,179.0
BFC - Chpt Province - Luxeuil-les-bains - P2,2025-03-01,U20 Men 81,BEY Killian,77.4,70.0,73.0,-76.0,-85.0,85.0,90.0,73.0,90.0,163.0
BFC - Chpt Province - Luxeuil-les-bains - P2,2025-03-01,SEN Men 81,SINGER Marc,79.0,106.0,-110.0,-110.0,-135.0,-135.0,135.0,106.0,135.0,241.0
BFC - Chpt Province - Luxeuil-les-bains - P2,2025-03-01,SEN Men 89,BOULANGER Emilien,82.6,85.0,90.0,-95.0,110.0,115.0,120.0,90.0,120.0,210.0
BFC - Chpt Province - Luxeuil-les-bains - P2,2025-03-01,SEN Men 109,VAUTARD Brandon,104.6,125.0,132.0,-137.0,175.0,185.0,-0.0,132.0,185.0,317.0
BFC - Chpt Province - Luxeuil-les-bains - P2,2025-03-01,SEN Men >109,CATOIRE Corentin,114.3,85.0,90.0,95.0,120.0,125.0,-130.0,95.0,125.0,220.0
BFC - Chpt Province - Luxeuil-les-bains - P2,2025-03-01,U15 Men 49,DOS SANTOS Paolo,42.0,38.0,42.0,-45.0,47.0,-51.0,-52.0,42.0,47.0,89.0
BFC - Chpt Province - Luxeuil-les-bains - P2,2025-03-01,U15 Men 55,LEGOUX Jules,50.4,45.0,-49.0,-49.0,52.0,56.0,-60.0,45.0,56.0,101.0
BFC - Chpt Province - Luxeuil-les-bains - P2,2025-03-01,U15 Men 61,PRETET Victor,56.0,40.0,44.0,46.0,47.0,52.0,55.0,46.0,55.0,101.0
BFC - Chpt Province - Luxeuil-les-bains - P2,2025-03-01,U17 Men 73,STERLE Enzo,67.8,55.0,60.0,65.0,65.0,70.0,75.0,65.0,75.0,140.0
BFC - Chpt Province - Luxeuil-les-bains - P2,2025-03-01,U17 Men 81,CARCANO Tom,73.1,90.0,95.0,-100.0,110.0,115.0,118.0,95.0,118.0,213.0
BFC - Chpt Province - Luxeuil-les-bains - P2,2025-03-01,U20 Men 67,SAINT LEUX Maxence,64.7,75.0,80.0,-85.0,90.0,-100.0,100.0,80.0,100.0,180.0
BFC - Chpt Province - Luxeuil-les-bains - P2,2025-03-01,U20 Men 81,FERRON Thomas,75.3,77.0,81.0,84.0,86.0,90.0,95.0,84.0,95.0,179.0
BFC - Chpt Province - Luxeuil-les-bains - P2,2025-03-01,U20 Men 81,BEY Killian,77.4,70.0,73.0,-76.0,-85.0,85.0,90.0,73.0,90.0,163.0
BFC - Chpt Province - Luxeuil-les-bains - P2,2025-03-01,SEN Men 81,SINGER Marc,79.0,106.0,-110.0,-110.0,-135.0,-135.0,135.0,106.0,135.0,241.0
BFC - Chpt Province - Luxeuil-les-bains - P2,2025-03-01,SEN Men 89,BOULANGER Emilien,82.6,85.0,90.0,-95.0,110.0,115.0,120.0,90.0,120.0,210.0
BFC - Chpt Province - Luxeuil-les-bains - P2,2025-03-01,SEN Men 109,VAUTARD Brandon,104.6,125.0,132.0,-137.0,175.0,185.0,-0.0,132.0,185.0,317.0
BFC - Chpt Province - Luxeuil-les-bains - P2,2025-03-01,SEN Men >109,CATOIRE Corentin,114.3,85.0,90.0,95.0,120.0,125.0,-130.0,95.0,125.0,220.0
BFC - Chpt Province - Luxeuil-les-bains - P2,2025-03-01,U13 Men 35,ECHARDOUR Kenan,30.5,15.0,-17.0,17.0,16.0,18.0,20.0,17.0,20.0,37.0
BFC - Chpt Province - Luxeuil-les-bains - P2,2025-03-01,U13 Men 35,RANGEL JEGAT Gabriel,29.55,10.0,11.0,12.0,12.0,14.0,-16.0,12.0,14.0,26.0
BFC - Chpt Province - Luxeuil-les-bains - P2,2025-03-01,U13 Men 40,BEHLOW Nathaniel,38.5,20.0,22.0,24.0,-30.0,-30.0,30.0,24.0,30.0,54.0
BFC - Chpt Province - Luxeuil-les-bains - P2,2025-03-01,U13 Men 45,HOYOUX Naël,42.15,30.0,32.0,-34.0,38.0,40.0,42.0,32.0,42.0,74.0
BFC - Chpt Province - Luxeuil-les-bains - P2,2025-03-01,U13 Women 40,DELOUVÉE Alix,37.55,16.0,17.0,19.0,22.0,23.0,25.0,19.0,25.0,44.0
BFC - Chpt Province - Luxeuil-les-bains - P2,2025-03-01,U13 Women 40,AKOUH Assia,37.95,17.0,18.0,20.0,22.0,23.0,-25.0,20.0,23.0,43.0
BFC - Chpt Province - Luxeuil-les-bains - P2,2025-03-01,U13 Women 40,QUEMENER Elyne,39.3,-17.0,17.0,18.0,22.0,24.0,26.0,18.0,26.0,44.0
BFC - Chpt Province - Luxeuil-les-bains - P2,2025-03-01,U13 Women 49,MENGUY-GODEFROY Chloé,46.75,22.0,24.0,26.0,25.0,27.0,29.0,26.0,29.0,55.0
BFC - Chpt Province - Luxeuil-les-bains - P2,2025-03-01,U13 Women 55,DELOUVÉE Sarah,53.0,20.0,-22.0,22.0,22.0,24.0,26.0,22.0,26.0,48.0
BFC - Chpt Province - Luxeuil-les-bains - P2,2025-03-01,U13 Women 59,SOULET Loann,55.55,20.0,22.0,-23.0,21.0,-23.0,23.0,22.0,23.0,45.0
BFC - Chpt Province - Luxeuil-les-bains - P2,2025-03-01,U13 Women 64,DRIANT Luna,59.5,30.0,32.0,-34.0,39.0,40.0,42.0,32.0,42.0,74.0
BFC - Chpt Province - Luxeuil-les-bains - P2,2025-03-01,U13 Men 35,ECHARDOUR Kenan,30.5,15.0,-17.0,17.0,16.0,18.0,20.0,17.0,20.0,37.0
BFC - Chpt Province - Luxeuil-les-bains - P2,2025-03-01,U13 Men 35,RANGEL JEGAT Gabriel,29.55,10.0,11.0,12.0,12.0,14.0,-16.0,12.0,14.0,26.0
BFC - Chpt Province - Luxeuil-les-bains - P2,2025-03-01,U13 Men 40,BEHLOW Nathaniel,38.5,20.0,22.0,24.0,-30.0,-30.0,30.0,24.0,30.0,54.0
BFC - Chpt Province - Luxeuil-les-bains - P2,2025-03-01,U13 Men 45,HOYOUX Naël,42.15,30.0,32.0,-34.0,38.0,40.0,42.0,32.0,42.0,74.0
BFC - Chpt Province - Luxeuil-les-bains - P2,2025-03-01,U13 Women 40,DELOUVÉE Alix,37.55,16.0,17.0,19.0,22.0,23.0,25.0,19.0,25.0,44.0
BFC - Chpt Province - Luxeuil-les-bains - P2,2025-03-01,U13 Women 40,AKOUH Assia,37.95,17.0,18.0,20.0,22.0,23.0,-25.0,20.0,23.0,43.0
BFC - Chpt Province - Luxeuil-les-bains - P2,2025-03-01,U13 Women 40,QUEMENER Elyne,39.3,-17.0,17.0,18.0,22.0,24.0,26.0,18.0,26.0,44.0
BFC - Chpt Province - Luxeuil-les-bains - P2,2025-03-01,U13 Women 49,MENGUY-GODEFROY Chloé,46.75,22.0,24.0,26.0,25.0,27.0,29.0,26.0,29.0,55.0
BFC - Chpt Province - Luxeuil-les-bains - P2,2025-03-01,U13 Women 55,DELOUVÉE Sarah,53.0,20.0,-22.0,22.0,22.0,24.0,26.0,22.0,26.0,48.0
BFC - Chpt Province - Luxeuil-les-bains - P2,2025-03-01,U13 Women 59,SOULET Loann,55.55,20.0,22.0,-23.0,21.0,-23.0,23.0,22.0,23.0,45.0
BFC - Chpt Province - Luxeuil-les-bains - P2,2025-03-01,U13 Women 64,DRIANT Luna,59.5,30.0,32.0,-34.0,39.0,40.0,42.0,32.0,42.0,74.0
BFC - Chpt Province - Luxeuil-les-bains - P2,2025-03-01,U15 Women 49,BOYER Camille,47.6,-32.0,32.0,35.0,45.0,48.0,51.0,35.0,51.0,86.0
BFC - Chpt Province - Luxeuil-les-bains - P2,2025-03-01,U15 Women 64,DELOUVÉE Chloé,63.45,31.0,34.0,-36.0,40.0,43.0,-45.0,34.0,43.0,77.0
BFC - Chpt Province - Luxeuil-les-bains - P2,2025-03-01,U15 Women 71,LE ROUSSEAU Lili,65.7,40.0,-43.0,43.0,-53.0,53.0,-57.0,43.0,53.0,96.0
BFC - Chpt Province - Luxeuil-les-bains - P2,2025-03-01,U17 Women 49,GRANDMONTAGNE Chloé,47.85,36.0,39.0,41.0,46.0,48.0,50.0,41.0,50.0,91.0
BFC - Chpt Province - Luxeuil-les-bains - P2,2025-03-01,U17 Women 49,FORTIN Camille,47.65,28.0,-31.0,-31.0,36.0,39.0,42.0,28.0,42.0,70.0
BFC - Chpt Province - Luxeuil-les-bains - P2,2025-03-01,U17 Women 59,SAOUT Ainoa,57.1,42.0,44.0,46.0,56.0,-58.0,-0.0,46.0,56.0,102.0
BFC - Chpt Province - Luxeuil-les-bains - P2,2025-03-01,U17 Women 59,SERS Lorelei,59.0,-38.0,-38.0,38.0,48.0,51.0,54.0,38.0,54.0,92.0
BFC - Chpt Province - Luxeuil-les-bains - P2,2025-03-01,U17 Women 64,JAVELLE Philomène,60.6,31.0,33.0,35.0,41.0,-44.0,-44.0,35.0,41.0,76.0
BFC - Chpt Province - Luxeuil-les-bains - P2,2025-03-01,U15 Women 49,BOYER Camille,47.6,-32.0,32.0,35.0,45.0,48.0,51.0,35.0,51.0,86.0
BFC - Chpt Province - Luxeuil-les-bains - P2,2025-03-01,U15 Women 64,DELOUVÉE Chloé,63.45,31.0,34.0,-36.0,40.0,43.0,-45.0,34.0,43.0,77.0
BFC - Chpt Province - Luxeuil-les-bains - P2,2025-03-01,U15 Women 71,LE ROUSSEAU Lili,65.7,40.0,-43.0,43.0,-53.0,53.0,-57.0,43.0,53.0,96.0
BFC - Chpt Province - Luxeuil-les-bains - P2,2025-03-01,U17 Women 49,GRANDMONTAGNE Chloé,47.85,36.0,39.0,41.0,46.0,48.0,50.0,41.0,50.0,91.0
BFC - Chpt Province - Luxeuil-les-bains - P2,2025-03-01,U17 Women 49,FORTIN Camille,47.65,28.0,-31.0,-31.0,36.0,39.0,42.0,28.0,42.0,70.0
BFC - Chpt Province - Luxeuil-les-bains - P2,2025-03-01,U17 Women 59,SAOUT Ainoa,57.1,42.0,44.0,46.0,56.0,-58.0,-0.0,46.0,56.0,102.0
BFC - Chpt Province - Luxeuil-les-bains - P2,2025-03-01,U17 Women 59,SERS Lorelei,59.0,-38.0,-38.0,38.0,48.0,51.0,54.0,38.0,54.0,92.0
BFC - Chpt Province - Luxeuil-les-bains - P2,2025-03-01,U17 Women 64,JAVELLE Philomène,60.6,31.0,33.0,35.0,41.0,-44.0,-44.0,35.0,41.0,76.0
BFC - Chpt Province - Luxeuil-les-bains - P2,2025-03-01,SEN Men 67,MOUSSET Allan,62.3,85.0,90.0,95.0,105.0,110.0,-120.0,95.0,110.0,205.0
BFC - Chpt Province - Luxeuil-les-bains - P2,2025-03-01,SEN Men 73,DELOUVEE Johan,72.65,-85.0,86.0,90.0,100.0,106.0,-108.0,90.0,106.0,196.0
BFC - Chpt Province - Luxeuil-les-bains - P2,2025-03-01,SEN Men 73,LECLAIR Cedric,71.15,-81.0,81.0,85.0,100.0,106.0,-112.0,85.0,106.0,191.0
BFC - Chpt Province - Luxeuil-les-bains - P2,2025-03-01,SEN Men 81,CHAVRY Dylan,80.35,110.0,115.0,120.0,130.0,135.0,-140.0,120.0,135.0,255.0
BFC - Chpt Province - Luxeuil-les-bains - P2,2025-03-01,SEN Men 81,LOCQUENEUX Charles,80.35,100.0,105.0,-108.0,134.0,145.0,-151.0,105.0,145.0,250.0
BFC - Chpt Province - Luxeuil-les-bains - P2,2025-03-01,SEN Men 81,ISRAEL Joachim,80.55,102.0,108.0,-112.0,123.0,-129.0,-132.0,108.0,123.0,231.0
BFC - Chpt Province - Luxeuil-les-bains - P2,2025-03-01,SEN Men 81,TOUIMI Ilian,78.95,-85.0,-85.0,-85.0,-0.0,-0.0,-0.0,0.0,0.0,0.0
BFC - Chpt Province - Luxeuil-les-bains - P2,2025-03-01,SEN Men 89,BOUGET Alexandre,84.85,121.0,125.0,128.0,159.0,-163.0,-0.0,128.0,159.0,287.0
BFC - Chpt Province - Luxeuil-les-bains - P2,2025-03-01,SEN Men 89,THOMAS Brendan,85.5,94.0,98.0,102.0,115.0,120.0,125.0,102.0,125.0,227.0
BFC - Chpt Province - Luxeuil-les-bains - P2,2025-03-01,SEN Men 96,DIXNEUF Mathias,95.65,115.0,120.0,-122.0,138.0,-145.0,-145.0,120.0,138.0,258.0
BFC - Chpt Province - Luxeuil-les-bains - P2,2025-03-01,SEN Men 96,TANG Mathieu,94.15,95.0,-102.0,105.0,130.0,138.0,-145.0,105.0,138.0,243.0
BFC - Chpt Province - Luxeuil-les-bains - P2,2025-03-01,SEN Men 96,STRUILLOU Evan,92.0,90.0,-94.0,-94.0,120.0,-125.0,125.0,90.0,125.0,215.0
BFC - Chpt Province - Luxeuil-les-bains - P2,2025-03-01,SEN Men 96,TOULOUSE Uriac,95.05,102.0,107.0,-109.0,105.0,-115.0,-116.0,107.0,105.0,212.0
BFC - Chpt Province - Luxeuil-les-bains - P2,2025-03-01,SEN Men 109,LE GALL Matthieu,102.6,100.0,105.0,-110.0,130.0,135.0,-141.0,105.0,135.0,240.0
BFC - Chpt Province - Luxeuil-les-bains - P2,2025-03-01,SEN Men 109,QUEMERAIS Anthony,106.9,90.0,-98.0,-100.0,-130.0,130.0,-135.0,90.0,130.0,220.0
BFC - Chpt Province - Luxeuil-les-bains - P2,2025-03-01,SEN Men 67,MOUSSET Allan,62.3,85.0,90.0,95.0,105.0,110.0,-120.0,95.0,110.0,205.0
BFC - Chpt Province - Luxeuil-les-bains - P2,2025-03-01,SEN Men 73,DELOUVEE Johan,72.65,-85.0,86.0,90.0,100.0,106.0,-108.0,90.0,106.0,196.0
BFC - Chpt Province - Luxeuil-les-bains - P2,2025-03-01,SEN Men 73,LECLAIR Cedric,71.15,-81.0,81.0,85.0,100.0,106.0,-112.0,85.0,106.0,191.0
BFC - Chpt Province - Luxeuil-les-bains - P2,2025-03-01,SEN Men 81,CHAVRY Dylan,80.35,110.0,115.0,120.0,130.0,135.0,-140.0,120.0,135.0,255.0
BFC - Chpt Province - Luxeuil-les-bains - P2,2025-03-01,SEN Men 81,LOCQUENEUX Charles,80.35,100.0,105.0,-108.0,134.0,145.0,-151.0,105.0,145.0,250.0
BFC - Chpt Province - Luxeuil-les-bains - P2,2025-03-01,SEN Men 81,ISRAEL Joachim,80.55,102.0,108.0,-112.0,123.0,-129.0,-132.0,108.0,123.0,231.0
BFC - Chpt Province - Luxeuil-les-bains - P2,2025-03-01,SEN Men 81,TOUIMI Ilian,78.95,-85.0,-85.0,-85.0,-0.0,-0.0,-0.0,0.0,0.0,0.0
BFC - Chpt Province - Luxeuil-les-bains - P2,2025-03-01,SEN Men 89,BOUGET Alexandre,84.85,121.0,125.0,128.0,159.0,-163.0,-0.0,128.0,159.0,287.0
BFC - Chpt Province - Luxeuil-les-bains - P2,2025-03-01,SEN Men 89,THOMAS Brendan,85.5,94.0,98.0,102.0,115.0,120.0,125.0,102.0,125.0,227.0
BFC - Chpt Province - Luxeuil-les-bains - P2,2025-03-01,SEN Men 96,DIXNEUF Mathias,95.65,115.0,120.0,-122.0,138.0,-145.0,-145.0,120.0,138.0,258.0
BFC - Chpt Province - Luxeuil-les-bains - P2,2025-03-01,SEN Men 96,TANG Mathieu,94.15,95.0,-102.0,105.0,130.0,138.0,-145.0,105.0,138.0,243.0
BFC - Chpt Province - Luxeuil-les-bains - P2,2025-03-01,SEN Men 96,STRUILLOU Evan,92.0,90.0,-94.0,-94.0,120.0,-125.0,125.0,90.0,125.0,215.0
BFC - Chpt Province - Luxeuil-les-bains - P2,2025-03-01,SEN Men 96,TOULOUSE Uriac,95.05,102.0,107.0,-109.0,105.0,-115.0,-116.0,107.0,105.0,212.0
BFC - Chpt Province - Luxeuil-les-bains - P2,2025-03-01,SEN Men 109,LE GALL Matthieu,102.6,100.0,105.0,-110.0,130.0,135.0,-141.0,105.0,135.0,240.0
BFC - Chpt Province - Luxeuil-les-bains - P2,2025-03-01,SEN Men 109,QUEMERAIS Anthony,106.9,90.0,-98.0,-100.0,-130.0,130.0,-135.0,90.0,130.0,220.0
BFC - Chpt Province - Luxeuil-les-bains - P2,2025-03-01,SEN Women 59,GORON Stéphanie,56.5,43.0,45.0,-47.0,-44.0,45.0,-48.0,45.0,45.0,90.0
BFC - Chpt Province - Luxeuil-les-bains - P2,2025-03-01,SEN Women 59,LADAN Lucie,56.75,28.0,31.0,-34.0,30.0,35.0,42.0,31.0,42.0,73.0
BFC - Chpt Province - Luxeuil-les-bains - P2,2025-03-01,SEN Women 71,BERNARD Nolwenn,68.15,52.0,56.0,-59.0,65.0,69.0,72.0,56.0,72.0,128.0
BFC - Chpt Province - Luxeuil-les-bains - P2,2025-03-01,SEN Women 76,PALENCIA Christèle,71.75,-34.0,34.0,36.0,40.0,-45.0,-46.0,36.0,40.0,76.0
BFC - Chpt Province - Luxeuil-les-bains - P2,2025-03-01,SEN Women 81,LEON EPIE Osounga ndoua,76.6,52.0,56.0,60.0,67.0,70.0,72.0,60.0,72.0,132.0
BFC - Chpt Province - Luxeuil-les-bains - P2,2025-03-01,SEN Women 81,FIGUEROA Erika,78.9,38.0,41.0,-43.0,53.0,56.0,-58.0,41.0,56.0,97.0
BFC - Chpt Province - Luxeuil-les-bains - P2,2025-03-01,SEN Women 59,GORON Stéphanie,56.5,43.0,45.0,-47.0,-44.0,45.0,-48.0,45.0,45.0,90.0
BFC - Chpt Province - Luxeuil-les-bains - P2,2025-03-01,SEN Women 59,LADAN Lucie,56.75,28.0,31.0,-34.0,30.0,35.0,42.0,31.0,42.0,73.0
BFC - Chpt Province - Luxeuil-les-bains - P2,2025-03-01,SEN Women 71,BERNARD Nolwenn,68.15,52.0,56.0,-59.0,65.0,69.0,72.0,56.0,72.0,128.0
BFC - Chpt Province - Luxeuil-les-bains - P2,2025-03-01,SEN Women 76,PALENCIA Christèle,71.75,-34.0,34.0,36.0,40.0,-45.0,-46.0,36.0,40.0,76.0
BFC - Chpt Province - Luxeuil-les-bains - P2,2025-03-01,SEN Women 81,LEON EPIE Osounga ndoua,76.6,52.0,56.0,60.0,67.0,70.0,72.0,60.0,72.0,132.0
BFC - Chpt Province - Luxeuil-les-bains - P2,2025-03-01,SEN Women 81,FIGUEROA Erika,78.9,38.0,41.0,-43.0,53.0,56.0,-58.0,41.0,56.0,97.0
BFC - Chpt Province - Luxeuil-les-bains - P2,2025-03-01,SEN Women 59,CAILLEAU Ophélie,58.4,67.0,73.0,78.0,88.0,92.0,97.0,78.0,97.0,175.0
BFC - Chpt Province - Luxeuil-les-bains - P2,2025-03-01,SEN Women 59,RUSSO Oceane,57.5,66.0,70.0,73.0,82.0,86.0,89.0,73.0,89.0,162.0
BFC - Chpt Province - Luxeuil-les-bains - P2,2025-03-01,SEN Women 59,LOUBERE-CLAVERIE Noa,58.9,62.0,67.0,-71.0,83.0,88.0,93.0,67.0,93.0,160.0
BFC - Chpt Province - Luxeuil-les-bains - P2,2025-03-01,SEN Women 59,FENOT Anne-sophie,58.1,43.0,46.0,49.0,60.0,-64.0,64.0,49.0,64.0,113.0
BFC - Chpt Province - Luxeuil-les-bains - P2,2025-03-01,SEN Women 71,GOBERT Iris,71.0,70.0,73.0,-76.0,83.0,86.0,88.0,73.0,88.0,161.0
BFC - Chpt Province - Luxeuil-les-bains - P2,2025-03-01,SEN Women 71,GILLET Manon,67.4,53.0,58.0,-61.0,75.0,80.0,-83.0,58.0,80.0,138.0
BFC - Chpt Province - Luxeuil-les-bains - P2,2025-03-01,SEN Women 71,CHAABANE Inès,66.4,42.0,47.0,49.0,55.0,60.0,62.0,49.0,62.0,111.0
BFC - Chpt Province - Luxeuil-les-bains - P2,2025-03-01,SEN Women 76,WINTHER Priscillia,74.2,40.0,43.0,45.0,52.0,56.0,58.0,45.0,58.0,103.0
BFC - Chpt Province - Luxeuil-les-bains - P2,2025-03-01,SEN Women 59,CAILLEAU Ophélie,58.4,67.0,73.0,78.0,88.0,92.0,97.0,78.0,97.0,175.0
BFC - Chpt Province - Luxeuil-les-bains - P2,2025-03-01,SEN Women 59,RUSSO Oceane,57.5,66.0,70.0,73.0,82.0,86.0,89.0,73.0,89.0,162.0
BFC - Chpt Province - Luxeuil-les-bains - P2,2025-03-01,SEN Women 59,LOUBERE-CLAVERIE Noa,58.9,62.0,67.0,-71.0,83.0,88.0,93.0,67.0,93.0,160.0
BFC - Chpt Province - Luxeuil-les-bains - P2,2025-03-01,SEN Women 59,FENOT Anne-sophie,58.1,43.0,46.0,49.0,60.0,-64.0,64.0,49.0,64.0,113.0
BFC - Chpt Province - Luxeuil-les-bains - P2,2025-03-01,SEN Women 71,GOBERT Iris,71.0,70.0,73.0,-76.0,83.0,86.0,88.0,73.0,88.0,161.0
BFC - Chpt Province - Luxeuil-les-bains - P2,2025-03-01,SEN Women 71,GILLET Manon,67.4,53.0,58.0,-61.0,75.0,80.0,-83.0,58.0,80.0,138.0
BFC - Chpt Province - Luxeuil-les-bains - P2,2025-03-01,SEN Women 71,CHAABANE Inès,66.4,42.0,47.0,49.0,55.0,60.0,62.0,49.0,62.0,111.0
BFC - Chpt Province - Luxeuil-les-bains - P2,2025-03-01,SEN Women 76,WINTHER Priscillia,74.2,40.0,43.0,45.0,52.0,56.0,58.0,45.0,58.0,103.0
BFC - Chpt Province - Luxeuil-les-bains - P2,2025-03-01,U15 Men 61,ANGELO Hélios,57.9,40.0,45.0,48.0,55.0,60.0,63.0,48.0,63.0,111.0
BFC - Chpt Province - Luxeuil-les-bains - P2,2025-03-01,U20 Men 61,ROSSI Alexis,60.8,92.0,97.0,-100.0,108.0,113.0,-118.0,97.0,113.0,210.0
BFC - Chpt Province - Luxeuil-les-bains - P2,2025-03-01,U20 Men 67,CARMONA Enzo,64.7,75.0,-80.0,80.0,85.0,90.0,-95.0,80.0,90.0,170.0
BFC - Chpt Province - Luxeuil-les-bains - P2,2025-03-01,U20 Men 81,TODERASC Marius,79.1,-85.0,85.0,90.0,105.0,-110.0,-110.0,90.0,105.0,195.0
BFC - Chpt Province - Luxeuil-les-bains - P2,2025-03-01,SEN Men 73,MULLOR Julien,70.5,105.0,110.0,115.0,125.0,130.0,-135.0,115.0,130.0,245.0
BFC - Chpt Province - Luxeuil-les-bains - P2,2025-03-01,SEN Men 73,DUONG Vincent,72.3,95.0,99.0,102.0,115.0,-120.0,-122.0,102.0,115.0,217.0
BFC - Chpt Province - Luxeuil-les-bains - P2,2025-03-01,SEN Men 81,YANOU KETCHANKE Jean baptiste,80.9,112.0,117.0,122.0,153.0,158.0,163.0,122.0,163.0,285.0
BFC - Chpt Province - Luxeuil-les-bains - P2,2025-03-01,SEN Men 81,AWUVE Seyenam,80.5,110.0,-115.0,-120.0,140.0,-0.0,-0.0,110.0,140.0,250.0
BFC - Chpt Province - Luxeuil-les-bains - P2,2025-03-01,SEN Men 81,GARCIA Oliver,75.1,90.0,-100.0,-105.0,120.0,125.0,130.0,90.0,130.0,220.0
BFC - Chpt Province - Luxeuil-les-bains - P2,2025-03-01,SEN Men 81,ROUSSEAU Arthur,79.7,95.0,100.0,-105.0,116.0,121.0,-125.0,100.0,121.0,221.0
BFC - Chpt Province - Luxeuil-les-bains - P2,2025-03-01,SEN Men 81,GREZ Rodolphe,79.6,100.0,-0.0,-0.0,120.0,-0.0,-0.0,100.0,120.0,220.0
BFC - Chpt Province - Luxeuil-les-bains - P2,2025-03-01,SEN Men 81,GRANDIN Jean-philippe,76.3,74.0,75.0,76.0,104.0,106.0,108.0,76.0,108.0,184.0
BFC - Chpt Province - Luxeuil-les-bains - P2,2025-03-01,SEN Men 89,FIANDINO Romain,83.2,105.0,110.0,117.0,-143.0,143.0,-147.0,117.0,143.0,260.0
BFC - Chpt Province - Luxeuil-les-bains - P2,2025-03-01,U15 Men 61,ANGELO Hélios,57.9,40.0,45.0,48.0,55.0,60.0,63.0,48.0,63.0,111.0
BFC - Chpt Province - Luxeuil-les-bains - P2,2025-03-01,U20 Men 61,ROSSI Alexis,60.8,92.0,97.0,-100.0,108.0,113.0,-118.0,97.0,113.0,210.0
BFC - Chpt Province - Luxeuil-les-bains - P2,2025-03-01,U20 Men 67,CARMONA Enzo,64.7,75.0,-80.0,80.0,85.0,90.0,-95.0,80.0,90.0,170.0
BFC - Chpt Province - Luxeuil-les-bains - P2,2025-03-01,U20 Men 81,TODERASC Marius,79.1,-85.0,85.0,90.0,105.0,-110.0,-110.0,90.0,105.0,195.0
BFC - Chpt Province - Luxeuil-les-bains - P2,2025-03-01,SEN Men 73,MULLOR Julien,70.5,105.0,110.0,115.0,125.0,130.0,-135.0,115.0,130.0,245.0
BFC - Chpt Province - Luxeuil-les-bains - P2,2025-03-01,SEN Men 73,DUONG Vincent,72.3,95.0,99.0,102.0,115.0,-120.0,-122.0,102.0,115.0,217.0
BFC - Chpt Province - Luxeuil-les-bains - P2,2025-03-01,SEN Men 81,YANOU KETCHANKE Jean baptiste,80.9,112.0,117.0,122.0,153.0,158.0,163.0,122.0,163.0,285.0
BFC - Chpt Province - Luxeuil-les-bains - P2,2025-03-01,SEN Men 81,AWUVE Seyenam,80.5,110.0,-115.0,-120.0,140.0,-0.0,-0.0,110.0,140.0,250.0
BFC - Chpt Province - Luxeuil-les-bains - P2,2025-03-01,SEN Men 81,GARCIA Oliver,75.1,90.0,-100.0,-105.0,120.0,125.0,130.0,90.0,130.0,220.0
BFC - Chpt Province - Luxeuil-les-bains - P2,2025-03-01,SEN Men 81,ROUSSEAU Arthur,79.7,95.0,100.0,-105.0,116.0,121.0,-125.0,100.0,121.0,221.0
BFC - Chpt Province - Luxeuil-les-bains - P2,2025-03-01,SEN Men 81,GREZ Rodolphe,79.6,100.0,-0.0,-0.0,120.0,-0.0,-0.0,100.0,120.0,220.0
BFC - Chpt Province - Luxeuil-les-bains - P2,2025-03-01,SEN Men 81,GRANDIN Jean-philippe,76.3,74.0,75.0,76.0,104.0,106.0,108.0,76.0,108.0,184.0
BFC - Chpt Province - Luxeuil-les-bains - P2,2025-03-01,SEN Men 89,FIANDINO Romain,83.2,105.0,110.0,117.0,-143.0,143.0,-147.0,117.0,143.0,260.0
BFC - Chpt Province - Luxeuil-les-bains - P2,2025-03-01,U17 Women 55,SARGSYAN Susanna,53.8,37.0,39.0,-41.0,41.0,-44.0,44.0,39.0,44.0,83.0
BFC - Chpt Province - Luxeuil-les-bains - P2,2025-03-01,U17 Women 59,VIOLET Grazia,58.5,49.0,51.0,53.0,68.0,71.0,74.0,53.0,74.0,127.0
BFC - Chpt Province - Luxeuil-les-bains - P2,2025-03-01,U17 Women 59,ANCEL Lilou,56.8,48.0,52.0,-56.0,62.0,66.0,70.0,52.0,70.0,122.0
BFC - Chpt Province - Luxeuil-les-bains - P2,2025-03-01,U17 Women 64,KUSS--BILDSTEIN Irene,62.1,57.0,60.0,62.0,70.0,73.0,75.0,62.0,75.0,137.0
BFC - Chpt Province - Luxeuil-les-bains - P2,2025-03-01,U17 Women 76,JUNG-BUCH Léonie,75.35,46.0,-49.0,-49.0,57.0,60.0,-63.0,46.0,60.0,106.0
BFC - Chpt Province - Luxeuil-les-bains - P2,2025-03-01,U17 Women >81,KLOCK Amanda,88.0,52.0,55.0,58.0,64.0,-68.0,68.0,58.0,68.0,126.0
BFC - Chpt Province - Luxeuil-les-bains - P2,2025-03-01,U20 Women 49,HERZFELD Clemence,48.2,43.0,45.0,47.0,52.0,55.0,57.0,47.0,57.0,104.0
BFC - Chpt Province - Luxeuil-les-bains - P2,2025-03-01,U20 Women 55,ERHART Sarah,52.8,39.0,43.0,-46.0,-62.0,-65.0,-65.0,43.0,0.0,0.0
BFC - Chpt Province - Luxeuil-les-bains - P2,2025-03-01,U20 Women 64,WOLFF Adeline,61.6,-57.0,57.0,-59.0,78.0,-81.0,-83.0,57.0,78.0,135.0
BFC - Chpt Province - Luxeuil-les-bains - P2,2025-03-01,U20 Women 64,SCHOTT Océane,62.35,44.0,47.0,50.0,58.0,62.0,-65.0,50.0,62.0,112.0
BFC - Chpt Province - Luxeuil-les-bains - P2,2025-03-01,U20 Women 64,MASSLO Lucie,63.6,35.0,-37.0,37.0,48.0,-51.0,51.0,37.0,51.0,88.0
BFC - Chpt Province - Luxeuil-les-bains - P2,2025-03-01,U20 Women 71,PRIGENT MADEC Théoline,64.5,67.0,70.0,-72.0,88.0,91.0,-94.0,70.0,91.0,161.0
BFC - Chpt Province - Luxeuil-les-bains - P2,2025-03-01,U20 Women 71,BRUCHMANN Marion,66.35,45.0,47.0,49.0,65.0,68.0,-70.0,49.0,68.0,117.0
BFC - Chpt Province - Luxeuil-les-bains - P2,2025-03-01,U20 Women 71,WEIL Lily,66.95,47.0,51.0,55.0,57.0,-61.0,-62.0,55.0,57.0,112.0
BFC - Chpt Province - Luxeuil-les-bains - P2,2025-03-01,U17 Women 55,SARGSYAN Susanna,53.8,37.0,39.0,-41.0,41.0,-44.0,44.0,39.0,44.0,83.0
BFC - Chpt Province - Luxeuil-les-bains - P2,2025-03-01,U17 Women 59,VIOLET Grazia,58.5,49.0,51.0,53.0,68.0,71.0,74.0,53.0,74.0,127.0
BFC - Chpt Province - Luxeuil-les-bains - P2,2025-03-01,U17 Women 59,ANCEL Lilou,56.8,48.0,52.0,-56.0,62.0,66.0,70.0,52.0,70.0,122.0
BFC - Chpt Province - Luxeuil-les-bains - P2,2025-03-01,U17 Women 64,KUSS--BILDSTEIN Irene,62.1,57.0,60.0,62.0,70.0,73.0,75.0,62.0,75.0,137.0
BFC - Chpt Province - Luxeuil-les-bains - P2,2025-03-01,U17 Women 76,JUNG-BUCH Léonie,75.35,46.0,-49.0,-49.0,57.0,60.0,-63.0,46.0,60.0,106.0
BFC - Chpt Province - Luxeuil-les-bains - P2,2025-03-01,U17 Women >81,KLOCK Amanda,88.0,52.0,55.0,58.0,64.0,-68.0,68.0,58.0,68.0,126.0
BFC - Chpt Province - Luxeuil-les-bains - P2,2025-03-01,U20 Women 49,HERZFELD Clemence,48.2,43.0,45.0,47.0,52.0,55.0,57.0,47.0,57.0,104.0
BFC - Chpt Province - Luxeuil-les-bains - P2,2025-03-01,U20 Women 55,ERHART Sarah,52.8,39.0,43.0,-46.0,-62.0,-65.0,-65.0,43.0,0.0,0.0
BFC - Chpt Province - Luxeuil-les-bains - P2,2025-03-01,U20 Women 64,WOLFF Adeline,61.6,-57.0,57.0,-59.0,78.0,-81.0,-83.0,57.0,78.0,135.0
BFC - Chpt Province - Luxeuil-les-bains - P2,2025-03-01,U20 Women 64,SCHOTT Océane,62.35,44.0,47.0,50.0,58.0,62.0,-65.0,50.0,62.0,112.0
BFC - Chpt Province - Luxeuil-les-bains - P2,2025-03-01,U20 Women 64,MASSLO Lucie,63.6,35.0,-37.0,37.0,48.0,-51.0,51.0,37.0,51.0,88.0
BFC - Chpt Province - Luxeuil-les-bains - P2,2025-03-01,U20 Women 71,PRIGENT MADEC Théoline,64.5,67.0,70.0,-72.0,88.0,91.0,-94.0,70.0,91.0,161.0
BFC - Chpt Province - Luxeuil-les-bains - P2,2025-03-01,U20 Women 71,BRUCHMANN Marion,66.35,45.0,47.0,49.0,65.0,68.0,-70.0,49.0,68.0,117.0
BFC - Chpt Province - Luxeuil-les-bains - P2,2025-03-01,U20 Women 71,WEIL Lily,66.95,47.0,51.0,55.0,57.0,-61.0,-62.0,55.0,57.0,112.0
BFC - Chpt Province - Luxeuil-les-bains - P2,2025-03-01,U13 Men 35,WEISS Louis,34.2,14.0,16.0,-18.0,19.0,21.0,-23.0,16.0,21.0,37.0
BFC - Chpt Province - Luxeuil-les-bains - P2,2025-03-01,U13 Men 40,FOURQUIE Théotime,39.4,14.0,16.0,-18.0,22.0,24.0,-26.0,16.0,24.0,40.0
BFC - Chpt Province - Luxeuil-les-bains - P2,2025-03-01,U13 Men 45,THOMAS Briac,41.7,34.0,36.0,-38.0,43.0,45.0,-47.0,36.0,45.0,81.0
BFC - Chpt Province - Luxeuil-les-bains - P2,2025-03-01,U13 Men 45,KLEINDIENST Ethan,44.65,8.0,9.0,-11.0,10.0,11.0,13.0,9.0,13.0,22.0
BFC - Chpt Province - Luxeuil-les-bains - P2,2025-03-01,U13 Men 49,DUVAL Alaric,48.0,18.0,20.0,22.0,22.0,24.0,26.0,22.0,26.0,48.0
BFC - Chpt Province - Luxeuil-les-bains - P2,2025-03-01,U13 Men 55,SCHNEIDER Axel,50.35,17.0,19.0,-21.0,22.0,24.0,26.0,19.0,26.0,45.0
BFC - Chpt Province - Luxeuil-les-bains - P2,2025-03-01,U13 Men 61,HUBER Nathan,59.8,29.0,31.0,33.0,42.0,44.0,46.0,33.0,46.0,79.0
BFC - Chpt Province - Luxeuil-les-bains - P2,2025-03-01,U13 Men 61,EBERLE Ethan,57.7,7.0,8.0,-10.0,9.0,11.0,13.0,8.0,13.0,21.0
BFC - Chpt Province - Luxeuil-les-bains - P2,2025-03-01,U13 Men 73,KLOCK Janis,68.35,34.0,36.0,-38.0,42.0,44.0,46.0,36.0,46.0,82.0
BFC - Chpt Province - Luxeuil-les-bains - P2,2025-03-01,U13 Women 35,GACOIN Lucie,28.55,8.0,10.0,12.0,11.0,13.0,15.0,12.0,15.0,27.0
BFC - Chpt Province - Luxeuil-les-bains - P2,2025-03-01,U13 Women 40,GUTHMULLER Charline,35.2,15.0,17.0,19.0,20.0,22.0,24.0,19.0,24.0,43.0
BFC - Chpt Province - Luxeuil-les-bains - P2,2025-03-01,U13 Women 40,DAILLY Athénaïse,36.35,15.0,17.0,19.0,19.0,21.0,23.0,19.0,23.0,42.0
BFC - Chpt Province - Luxeuil-les-bains - P2,2025-03-01,U13 Women 45,DEMESSINE Khelyia,44.55,11.0,13.0,15.0,14.0,16.0,18.0,15.0,18.0,33.0
BFC - Chpt Province - Luxeuil-les-bains - P2,2025-03-01,U13 Men 35,WEISS Louis,34.2,14.0,16.0,-18.0,19.0,21.0,-23.0,16.0,21.0,37.0
BFC - Chpt Province - Luxeuil-les-bains - P2,2025-03-01,U13 Men 40,FOURQUIE Théotime,39.4,14.0,16.0,-18.0,22.0,24.0,-26.0,16.0,24.0,40.0
BFC - Chpt Province - Luxeuil-les-bains - P2,2025-03-01,U13 Men 45,THOMAS Briac,41.7,34.0,36.0,-38.0,43.0,45.0,-47.0,36.0,45.0,81.0
BFC - Chpt Province - Luxeuil-les-bains - P2,2025-03-01,U13 Men 45,KLEINDIENST Ethan,44.65,8.0,9.0,-11.0,10.0,11.0,13.0,9.0,13.0,22.0
BFC - Chpt Province - Luxeuil-les-bains - P2,2025-03-01,U13 Men 49,DUVAL Alaric,48.0,18.0,20.0,22.0,22.0,24.0,26.0,22.0,26.0,48.0
BFC - Chpt Province - Luxeuil-les-bains - P2,2025-03-01,U13 Men 55,SCHNEIDER Axel,50.35,17.0,19.0,-21.0,22.0,24.0,26.0,19.0,26.0,45.0
BFC - Chpt Province - Luxeuil-les-bains - P2,2025-03-01,U13 Men 61,HUBER Nathan,59.8,29.0,31.0,33.0,42.0,44.0,46.0,33.0,46.0,79.0
BFC - Chpt Province - Luxeuil-les-bains - P2,2025-03-01,U13 Men 61,EBERLE Ethan,57.7,7.0,8.0,-10.0,9.0,11.0,13.0,8.0,13.0,21.0
BFC - Chpt Province - Luxeuil-les-bains - P2,2025-03-01,U13 Men 73,KLOCK Janis,68.35,34.0,36.0,-38.0,42.0,44.0,46.0,36.0,46.0,82.0
BFC - Chpt Province - Luxeuil-les-bains - P2,2025-03-01,U13 Women 35,GACOIN Lucie,28.55,8.0,10.0,12.0,11.0,13.0,15.0,12.0,15.0,27.0
BFC - Chpt Province - Luxeuil-les-bains - P2,2025-03-01,U13 Women 40,GUTHMULLER Charline,35.2,15.0,17.0,19.0,20.0,22.0,24.0,19.0,24.0,43.0
BFC - Chpt Province - Luxeuil-les-bains - P2,2025-03-01,U13 Women 40,DAILLY Athénaïse,36.35,15.0,17.0,19.0,19.0,21.0,23.0,19.0,23.0,42.0
BFC - Chpt Province - Luxeuil-les-bains - P2,2025-03-01,U13 Women 45,DEMESSINE Khelyia,44.55,11.0,13.0,15.0,14.0,16.0,18.0,15.0,18.0,33.0
BFC - Chpt Province - Luxeuil-les-bains - P2,2025-03-01,U15 Men 49,JUNG Eugène,45.5,31.0,34.0,-36.0,40.0,43.0,45.0,34.0,45.0,79.0
BFC - Chpt Province - Luxeuil-les-bains - P2,2025-03-01,U15 Men 55,SARGSYAN Roberto,55.0,45.0,48.0,-50.0,52.0,56.0,60.0,48.0,60.0,108.0
BFC - Chpt Province - Luxeuil-les-bains - P2,2025-03-01,U15 Men 67,GUTHMULLER Arnaud,66.5,53.0,56.0,59.0,68.0,71.0,-75.0,59.0,71.0,130.0
BFC - Chpt Province - Luxeuil-les-bains - P2,2025-03-01,U15 Men 67,LINDENLAUB Arthur,64.55,-50.0,50.0,53.0,-60.0,-60.0,-60.0,53.0,0.0,0.0
BFC - Chpt Province - Luxeuil-les-bains - P2,2025-03-01,U15 Men 73,AOUNI Maxence,67.3,84.0,88.0,90.0,107.0,112.0,115.0,90.0,115.0,205.0
BFC - Chpt Province - Luxeuil-les-bains - P2,2025-03-01,U17 Men 55,SCHULTZ Martin,54.35,47.0,-50.0,-50.0,60.0,64.0,-68.0,47.0,64.0,111.0
BFC - Chpt Province - Luxeuil-les-bains - P2,2025-03-01,U17 Men 61,GOERGER Tom,60.45,59.0,62.0,-65.0,70.0,-75.0,75.0,62.0,75.0,137.0
BFC - Chpt Province - Luxeuil-les-bains - P2,2025-03-01,U17 Men 73,GEIGER Aymeric,71.3,93.0,98.0,-101.0,125.0,-132.0,-132.0,98.0,125.0,223.0
BFC - Chpt Province - Luxeuil-les-bains - P2,2025-03-01,U20 Men 67,RIAULT Maxime,65.0,60.0,65.0,70.0,81.0,-87.0,-90.0,70.0,81.0,151.0
BFC - Chpt Province - Luxeuil-les-bains - P2,2025-03-01,U20 Men 73,HEILMANN Brenann,71.55,84.0,87.0,-90.0,108.0,113.0,116.0,87.0,116.0,203.0
BFC - Chpt Province - Luxeuil-les-bains - P2,2025-03-01,U20 Men 73,BEGEL Achille,71.4,65.0,-70.0,-72.0,90.0,-95.0,-97.0,65.0,90.0,155.0
BFC - Chpt Province - Luxeuil-les-bains - P2,2025-03-01,U20 Men 81,LAEMLIN Yoan,78.9,75.0,80.0,82.0,103.0,108.0,-110.0,82.0,108.0,190.0
BFC - Chpt Province - Luxeuil-les-bains - P2,2025-03-01,U15 Men 49,JUNG Eugène,45.5,31.0,34.0,-36.0,40.0,43.0,45.0,34.0,45.0,79.0
BFC - Chpt Province - Luxeuil-les-bains - P2,2025-03-01,U15 Men 55,SARGSYAN Roberto,55.0,45.0,48.0,-50.0,52.0,56.0,60.0,48.0,60.0,108.0
BFC - Chpt Province - Luxeuil-les-bains - P2,2025-03-01,U15 Men 67,GUTHMULLER Arnaud,66.5,53.0,56.0,59.0,68.0,71.0,-75.0,59.0,71.0,130.0
BFC - Chpt Province - Luxeuil-les-bains - P2,2025-03-01,U15 Men 67,LINDENLAUB Arthur,64.55,-50.0,50.0,53.0,-60.0,-60.0,-60.0,53.0,0.0,0.0
BFC - Chpt Province - Luxeuil-les-bains - P2,2025-03-01,U15 Men 73,AOUNI Maxence,67.3,84.0,88.0,90.0,107.0,112.0,115.0,90.0,115.0,205.0
BFC - Chpt Province - Luxeuil-les-bains - P2,2025-03-01,U17 Men 55,SCHULTZ Martin,54.35,47.0,-50.0,-50.0,60.0,64.0,-68.0,47.0,64.0,111.0
BFC - Chpt Province - Luxeuil-les-bains - P2,2025-03-01,U17 Men 61,GOERGER Tom,60.45,59.0,62.0,-65.0,70.0,-75.0,75.0,62.0,75.0,137.0
BFC - Chpt Province - Luxeuil-les-bains - P2,2025-03-01,U17 Men 73,GEIGER Aymeric,71.3,93.0,98.0,-101.0,125.0,-132.0,-132.0,98.0,125.0,223.0
BFC - Chpt Province - Luxeuil-les-bains - P2,2025-03-01,U20 Men 67,RIAULT Maxime,65.0,60.0,65.0,70.0,81.0,-87.0,-90.0,70.0,81.0,151.0
BFC - Chpt Province - Luxeuil-les-bains - P2,2025-03-01,U20 Men 73,HEILMANN Brenann,71.55,84.0,87.0,-90.0,108.0,113.0,116.0,87.0,116.0,203.0
BFC - Chpt Province - Luxeuil-les-bains - P2,2025-03-01,U20 Men 73,BEGEL Achille,71.4,65.0,-70.0,-72.0,90.0,-95.0,-97.0,65.0,90.0,155.0
BFC - Chpt Province - Luxeuil-les-bains - P2,2025-03-01,U20 Men 81,LAEMLIN Yoan,78.9,75.0,80.0,82.0,103.0,108.0,-110.0,82.0,108.0,190.0
BFC - Chpt Province - Luxeuil-les-bains - P2,2025-03-01,SEN Men 61,POTENZA David,61.0,-92.0,93.0,-96.0,112.0,117.0,-122.0,93.0,117.0,210.0
BFC - Chpt Province - Luxeuil-les-bains - P2,2025-03-01,SEN Men 73,CHRISTOPHEL Valentin,72.45,121.0,126.0,-130.0,142.0,147.0,152.0,126.0,152.0,278.0
BFC - Chpt Province - Luxeuil-les-bains - P2,2025-03-01,SEN Men 73,GEREDA LIZCANO Angel jesus,72.55,100.0,104.0,-107.0,120.0,-125.0,125.0,104.0,125.0,229.0
BFC - Chpt Province - Luxeuil-les-bains - P2,2025-03-01,SEN Men 73,FINANCE Edgar,72.7,90.0,95.0,-100.0,-115.0,117.0,-122.0,95.0,117.0,212.0
BFC - Chpt Province - Luxeuil-les-bains - P2,2025-03-01,SEN Men 81,ROHRBACH Stephane,79.95,108.0,113.0,-116.0,130.0,134.0,137.0,113.0,137.0,250.0
BFC - Chpt Province - Luxeuil-les-bains - P2,2025-03-01,SEN Men 81,SPIESER Nicolas,78.15,108.0,-112.0,-115.0,125.0,130.0,-134.0,108.0,130.0,238.0
BFC - Chpt Province - Luxeuil-les-bains - P2,2025-03-01,SEN Men 81,RUOLT Sebastien,80.5,100.0,-105.0,-105.0,-125.0,-125.0,125.0,100.0,125.0,225.0
BFC - Chpt Province - Luxeuil-les-bains - P2,2025-03-01,SEN Men 81,SCHINDLER Romain,80.0,83.0,87.0,-93.0,103.0,-108.0,-111.0,87.0,103.0,190.0
BFC - Chpt Province - Luxeuil-les-bains - P2,2025-03-01,SEN Men 102,CANDRAY MEDINA Hector,100.2,110.0,-115.0,115.0,-135.0,138.0,145.0,115.0,145.0,260.0
BFC - Chpt Province - Luxeuil-les-bains - P2,2025-03-01,SEN Men 61,POTENZA David,61.0,-92.0,93.0,-96.0,112.0,117.0,-122.0,93.0,117.0,210.0
BFC - Chpt Province - Luxeuil-les-bains - P2,2025-03-01,SEN Men 73,CHRISTOPHEL Valentin,72.45,121.0,126.0,-130.0,142.0,147.0,152.0,126.0,152.0,278.0
BFC - Chpt Province - Luxeuil-les-bains - P2,2025-03-01,SEN Men 73,GEREDA LIZCANO Angel jesus,72.55,100.0,104.0,-107.0,120.0,-125.0,125.0,104.0,125.0,229.0
BFC - Chpt Province - Luxeuil-les-bains - P2,2025-03-01,SEN Men 73,FINANCE Edgar,72.7,90.0,95.0,-100.0,-115.0,117.0,-122.0,95.0,117.0,212.0
BFC - Chpt Province - Luxeuil-les-bains - P2,2025-03-01,SEN Men 81,ROHRBACH Stephane,79.95,108.0,113.0,-116.0,130.0,134.0,137.0,113.0,137.0,250.0
BFC - Chpt Province - Luxeuil-les-bains - P2,2025-03-01,SEN Men 81,SPIESER Nicolas,78.15,108.0,-112.0,-115.0,125.0,130.0,-134.0,108.0,130.0,238.0
BFC - Chpt Province - Luxeuil-les-bains - P2,2025-03-01,SEN Men 81,RUOLT Sebastien,80.5,100.0,-105.0,-105.0,-125.0,-125.0,125.0,100.0,125.0,225.0
BFC - Chpt Province - Luxeuil-les-bains - P2,2025-03-01,SEN Men 81,SCHINDLER Romain,80.0,83.0,87.0,-93.0,103.0,-108.0,-111.0,87.0,103.0,190.0
BFC - Chpt Province - Luxeuil-les-bains - P2,2025-03-01,SEN Men 102,CANDRAY MEDINA Hector,100.2,110.0,-115.0,115.0,-135.0,138.0,145.0,115.0,145.0,260.0
BFC - Chpt Province - Luxeuil-les-bains - P2,2025-03-01,SEN Men 89,BONNAMANT Bastien,84.65,118.0,123.0,-128.0,148.0,153.0,158.0,123.0,158.0,281.0
BFC - Chpt Province - Luxeuil-les-bains - P2,2025-03-01,SEN Men 89,AUBERTIN Gregoire,87.55,-116.0,116.0,121.0,139.0,147.0,-154.0,121.0,147.0,268.0
BFC - Chpt Province - Luxeuil-les-bains - P2,2025-03-01,SEN Men 89,NICKLES Maxime,86.8,-107.0,107.0,-112.0,135.0,-140.0,140.0,107.0,140.0,247.0
BFC - Chpt Province - Luxeuil-les-bains - P2,2025-03-01,SEN Men 89,BOILLON Vincent,87.2,97.0,-101.0,104.0,135.0,142.0,-145.0,104.0,142.0,246.0
BFC - Chpt Province - Luxeuil-les-bains - P2,2025-03-01,SEN Men 89,BUSCH Ethann,83.95,88.0,92.0,-95.0,100.0,-108.0,110.0,92.0,110.0,202.0
BFC - Chpt Province - Luxeuil-les-bains - P2,2025-03-01,SEN Men 89,BIRRY Xavier,88.65,87.0,92.0,96.0,106.0,111.0,-116.0,96.0,111.0,207.0
BFC - Chpt Province - Luxeuil-les-bains - P2,2025-03-01,SEN Men 96,SPIELMANN Arthur,95.95,125.0,130.0,-133.0,157.0,165.0,-0.0,130.0,165.0,295.0
BFC - Chpt Province - Luxeuil-les-bains - P2,2025-03-01,SEN Men 96,SAHIRI Julien,95.25,105.0,-112.0,-116.0,142.0,-152.0,-160.0,105.0,142.0,247.0
BFC - Chpt Province - Luxeuil-les-bains - P2,2025-03-01,SEN Men 96,KLICKI Alexis,95.6,95.0,100.0,-105.0,130.0,135.0,-140.0,100.0,135.0,235.0
BFC - Chpt Province - Luxeuil-les-bains - P2,2025-03-01,SEN Men 96,BOESS Yohan,93.85,-97.0,99.0,-105.0,112.0,118.0,125.0,99.0,125.0,224.0
BFC - Chpt Province - Luxeuil-les-bains - P2,2025-03-01,SEN Men 96,KELHETTER Jerome,92.15,99.0,-104.0,104.0,-126.0,-0.0,-0.0,104.0,0.0,0.0
BFC - Chpt Province - Luxeuil-les-bains - P2,2025-03-01,SEN Men 89,BONNAMANT Bastien,84.65,118.0,123.0,-128.0,148.0,153.0,158.0,123.0,158.0,281.0
BFC - Chpt Province - Luxeuil-les-bains - P2,2025-03-01,SEN Men 89,AUBERTIN Gregoire,87.55,-116.0,116.0,121.0,139.0,147.0,-154.0,121.0,147.0,268.0
BFC - Chpt Province - Luxeuil-les-bains - P2,2025-03-01,SEN Men 89,NICKLES Maxime,86.8,-107.0,107.0,-112.0,135.0,-140.0,140.0,107.0,140.0,247.0
BFC - Chpt Province - Luxeuil-les-bains - P2,2025-03-01,SEN Men 89,BOILLON Vincent,87.2,97.0,-101.0,104.0,135.0,142.0,-145.0,104.0,142.0,246.0
BFC - Chpt Province - Luxeuil-les-bains - P2,2025-03-01,SEN Men 89,BUSCH Ethann,83.95,88.0,92.0,-95.0,100.0,-108.0,110.0,92.0,110.0,202.0
BFC - Chpt Province - Luxeuil-les-bains - P2,2025-03-01,SEN Men 89,BIRRY Xavier,88.65,87.0,92.0,96.0,106.0,111.0,-116.0,96.0,111.0,207.0
BFC - Chpt Province - Luxeuil-les-bains - P2,2025-03-01,SEN Men 96,SPIELMANN Arthur,95.95,125.0,130.0,-133.0,157.0,165.0,-0.0,130.0,165.0,295.0
BFC - Chpt Province - Luxeuil-les-bains - P2,2025-03-01,SEN Men 96,SAHIRI Julien,95.25,105.0,-112.0,-116.0,142.0,-152.0,-160.0,105.0,142.0,247.0
BFC - Chpt Province - Luxeuil-les-bains - P2,2025-03-01,SEN Men 96,KLICKI Alexis,95.6,95.0,100.0,-105.0,130.0,135.0,-140.0,100.0,135.0,235.0
BFC - Chpt Province - Luxeuil-les-bains - P2,2025-03-01,SEN Men 96,BOESS Yohan,93.85,-97.0,99.0,-105.0,112.0,118.0,125.0,99.0,125.0,224.0
BFC - Chpt Province - Luxeuil-les-bains - P2,2025-03-01,SEN Men 96,KELHETTER Jerome,92.15,99.0,-104.0,104.0,-126.0,-0.0,-0.0,104.0,0.0,0.0
BFC - Chpt Province - Luxeuil-les-bains - P2,2025-03-01,U17 Men 61,NAUDIN Gabriel,59.33,-58.0,60.0,-62.0,77.0,-81.0,-81.0,60.0,77.0,137.0
BFC - Chpt Province - Luxeuil-les-bains - P2,2025-03-01,SEN Men 81,SENECLAUZE Merlin,79.23,91.0,96.0,101.0,125.0,-131.0,133.0,101.0,133.0,234.0
BFC - Chpt Province - Luxeuil-les-bains - P2,2025-03-01,SEN Men 81,DUDOGNON Arthur,79.61,-117.0,-120.0,-120.0,-0.0,-0.0,-0.0,0.0,0.0,0.0
BFC - Chpt Province - Luxeuil-les-bains - P2,2025-03-01,SEN Men 96,MASSE Samuel,90.6,-115.0,-119.0,-119.0,-0.0,-0.0,-0.0,0.0,0.0,0.0
BFC - Chpt Province - Luxeuil-les-bains - P2,2025-03-01,U17 Men 61,NAUDIN Gabriel,59.33,-58.0,60.0,-62.0,77.0,-81.0,-81.0,60.0,77.0,137.0
BFC - Chpt Province - Luxeuil-les-bains - P2,2025-03-01,SEN Men 81,SENECLAUZE Merlin,79.23,91.0,96.0,101.0,125.0,-131.0,133.0,101.0,133.0,234.0
BFC - Chpt Province - Luxeuil-les-bains - P2,2025-03-01,SEN Men 81,DUDOGNON Arthur,79.61,-117.0,-120.0,-120.0,-0.0,-0.0,-0.0,0.0,0.0,0.0
BFC - Chpt Province - Luxeuil-les-bains - P2,2025-03-01,SEN Men 96,MASSE Samuel,90.6,-115.0,-119.0,-119.0,-0.0,-0.0,-0.0,0.0,0.0,0.0
BFC - Chpt Province - Luxeuil-les-bains - P2,2025-03-01,U15 Women 45,MONNET-BESSON Lisa,42.24,27.0,29.0,31.0,36.0,38.0,-40.0,31.0,38.0,69.0
BFC - Chpt Province - Luxeuil-les-bains - P2,2025-03-01,U15 Women 55,BESLAY DE USATORRE Lou-anne,52.94,38.0,41.0,-43.0,47.0,50.0,-53.0,41.0,50.0,91.0
BFC - Chpt Province - Luxeuil-les-bains - P2,2025-03-01,U15 Women 64,GODELLE Clara,59.6,38.0,40.0,43.0,48.0,50.0,-52.0,43.0,50.0,93.0
BFC - Chpt Province - Luxeuil-les-bains - P2,2025-03-01,U15 Women 71,FAURE Eglantine,66.05,37.0,39.0,-41.0,40.0,43.0,-46.0,39.0,43.0,82.0
BFC - Chpt Province - Luxeuil-les-bains - P2,2025-03-01,U17 Women 55,JOUVRAY Jade,51.83,32.0,34.0,36.0,-40.0,-40.0,40.0,36.0,40.0,76.0
BFC - Chpt Province - Luxeuil-les-bains - P2,2025-03-01,U20 Women 55,BOUVY Ana,54.52,40.0,-43.0,44.0,48.0,51.0,53.0,44.0,53.0,97.0
BFC - Chpt Province - Luxeuil-les-bains - P2,2025-03-01,U20 Women 87,FARAUX Yasmine,85.01,52.0,55.0,57.0,71.0,-75.0,-78.0,57.0,71.0,128.0
BFC - Chpt Province - Luxeuil-les-bains - P2,2025-03-01,SEN Women 45,PRIMEL Laetitia,43.3,-43.0,-45.0,-45.0,-0.0,-0.0,-0.0,0.0,0.0,0.0
BFC - Chpt Province - Luxeuil-les-bains - P2,2025-03-01,SEN Women 55,SCHILLACI Emmanuelle,54.53,-61.0,61.0,-65.0,75.0,78.0,80.0,61.0,80.0,141.0
BFC - Chpt Province - Luxeuil-les-bains - P2,2025-03-01,SEN Women 55,MORIN Priscillia,53.97,49.0,51.0,53.0,67.0,-70.0,-70.0,53.0,67.0,120.0
BFC - Chpt Province - Luxeuil-les-bains - P2,2025-03-01,SEN Women 64,MOUNIER Camille,60.28,69.0,-72.0,72.0,85.0,90.0,-93.0,72.0,90.0,162.0
BFC - Chpt Province - Luxeuil-les-bains - P2,2025-03-01,SEN Women 64,VATINEL Anais,59.65,51.0,-53.0,-53.0,-70.0,-70.0,-70.0,51.0,0.0,0.0
BFC - Chpt Province - Luxeuil-les-bains - P2,2025-03-01,SEN Women 64,ELBLIDI Selsebil,60.7,60.0,-63.0,-63.0,-80.0,-80.0,-80.0,60.0,0.0,0.0
BFC - Chpt Province - Luxeuil-les-bains - P2,2025-03-01,SEN Women 71,ODADJIAN Julie,70.2,-53.0,53.0,-56.0,70.0,-75.0,-78.0,53.0,70.0,123.0
BFC - Chpt Province - Luxeuil-les-bains - P2,2025-03-01,U15 Women 45,MONNET-BESSON Lisa,42.24,27.0,29.0,31.0,36.0,38.0,-40.0,31.0,38.0,69.0
BFC - Chpt Province - Luxeuil-les-bains - P2,2025-03-01,U15 Women 55,BESLAY DE USATORRE Lou-anne,52.94,38.0,41.0,-43.0,47.0,50.0,-53.0,41.0,50.0,91.0
BFC - Chpt Province - Luxeuil-les-bains - P2,2025-03-01,U15 Women 64,GODELLE Clara,59.6,38.0,40.0,43.0,48.0,50.0,-52.0,43.0,50.0,93.0
BFC - Chpt Province - Luxeuil-les-bains - P2,2025-03-01,U15 Women 71,FAURE Eglantine,66.05,37.0,39.0,-41.0,40.0,43.0,-46.0,39.0,43.0,82.0
BFC - Chpt Province - Luxeuil-les-bains - P2,2025-03-01,U17 Women 55,JOUVRAY Jade,51.83,32.0,34.0,36.0,-40.0,-40.0,40.0,36.0,40.0,76.0
BFC - Chpt Province - Luxeuil-les-bains - P2,2025-03-01,U20 Women 55,BOUVY Ana,54.52,40.0,-43.0,44.0,48.0,51.0,53.0,44.0,53.0,97.0
BFC - Chpt Province - Luxeuil-les-bains - P2,2025-03-01,U20 Women 87,FARAUX Yasmine,85.01,52.0,55.0,57.0,71.0,-75.0,-78.0,57.0,71.0,128.0
BFC - Chpt Province - Luxeuil-les-bains - P2,2025-03-01,SEN Women 45,PRIMEL Laetitia,43.3,-43.0,-45.0,-45.0,-0.0,-0.0,-0.0,0.0,0.0,0.0
BFC - Chpt Province - Luxeuil-les-bains - P2,2025-03-01,SEN Women 55,SCHILLACI Emmanuelle,54.53,-61.0,61.0,-65.0,75.0,78.0,80.0,61.0,80.0,141.0
BFC - Chpt Province - Luxeuil-les-bains - P2,2025-03-01,SEN Women 55,MORIN Priscillia,53.97,49.0,51.0,53.0,67.0,-70.0,-70.0,53.0,67.0,120.0
BFC - Chpt Province - Luxeuil-les-bains - P2,2025-03-01,SEN Women 64,MOUNIER Camille,60.28,69.0,-72.0,72.0,85.0,90.0,-93.0,72.0,90.0,162.0
BFC - Chpt Province - Luxeuil-les-bains - P2,2025-03-01,SEN Women 64,VATINEL Anais,59.65,51.0,-53.0,-53.0,-70.0,-70.0,-70.0,51.0,0.0,0.0
BFC - Chpt Province - Luxeuil-les-bains - P2,2025-03-01,SEN Women 64,ELBLIDI Selsebil,60.7,60.0,-63.0,-63.0,-80.0,-80.0,-80.0,60.0,0.0,0.0
BFC - Chpt Province - Luxeuil-les-bains - P2,2025-03-01,SEN Women 71,ODADJIAN Julie,70.2,-53.0,53.0,-56.0,70.0,-75.0,-78.0,53.0,70.0,123.0
BFC - Chpt Province - Luxeuil-les-bains - P2,2025-03-01,U15 Women 55,BIBRAC Tamara,54.0,28.0,32.0,-35.0,33.0,36.0,40.0,32.0,40.0,72.0
BFC - Chpt Province - Luxeuil-les-bains - P2,2025-03-01,U15 Women 59,BRICOUT Cléa,58.0,32.0,35.0,-38.0,42.0,45.0,-48.0,35.0,45.0,80.0
BFC - Chpt Province - Luxeuil-les-bains - P2,2025-03-01,U15 Women 64,CAMPTON Augustine,62.0,32.0,35.0,37.0,42.0,46.0,-48.0,37.0,46.0,83.0
BFC - Chpt Province - Luxeuil-les-bains - P2,2025-03-01,U15 Women 71,ALPHONSE Yaelle,66.5,33.0,37.0,-39.0,42.0,46.0,-48.0,37.0,46.0,83.0
BFC - Chpt Province - Luxeuil-les-bains - P2,2025-03-01,U17 Women 55,ZAOUROU Maïana,55.0,40.0,43.0,-45.0,50.0,53.0,-55.0,43.0,53.0,96.0
BFC - Chpt Province - Luxeuil-les-bains - P2,2025-03-01,U17 Women 55,ZERD Anyssa,52.5,27.0,30.0,32.0,35.0,38.0,-40.0,32.0,38.0,70.0
BFC - Chpt Province - Luxeuil-les-bains - P2,2025-03-01,U17 Women 64,GARCIA DURAND Oryance,61.7,45.0,47.0,50.0,53.0,56.0,60.0,50.0,60.0,110.0
BFC - Chpt Province - Luxeuil-les-bains - P2,2025-03-01,U20 Women 55,MC ALLISTER Mélinda,54.8,35.0,38.0,40.0,50.0,55.0,-58.0,40.0,55.0,95.0
BFC - Chpt Province - Luxeuil-les-bains - P2,2025-03-01,U20 Women 59,CURTIT Alice,56.2,50.0,53.0,-55.0,65.0,70.0,-72.0,53.0,70.0,123.0
BFC - Chpt Province - Luxeuil-les-bains - P2,2025-03-01,U20 Women 76,IRENEE Maelle,72.6,52.0,56.0,-58.0,70.0,75.0,-78.0,56.0,75.0,131.0
BFC - Chpt Province - Luxeuil-les-bains - P2,2025-03-01,SEN Women 76,LAURENT Armelle,75.5,60.0,-65.0,65.0,82.0,86.0,-88.0,65.0,86.0,151.0
BFC - Chpt Province - Luxeuil-les-bains - P2,2025-03-01,U15 Women 55,BIBRAC Tamara,54.0,28.0,32.0,-35.0,33.0,36.0,40.0,32.0,40.0,72.0
BFC - Chpt Province - Luxeuil-les-bains - P2,2025-03-01,U15 Women 59,BRICOUT Cléa,58.0,32.0,35.0,-38.0,42.0,45.0,-48.0,35.0,45.0,80.0
BFC - Chpt Province - Luxeuil-les-bains - P2,2025-03-01,U15 Women 64,CAMPTON Augustine,62.0,32.0,35.0,37.0,42.0,46.0,-48.0,37.0,46.0,83.0
BFC - Chpt Province - Luxeuil-les-bains - P2,2025-03-01,U15 Women 71,ALPHONSE Yaelle,66.5,33.0,37.0,-39.0,42.0,46.0,-48.0,37.0,46.0,83.0
BFC - Chpt Province - Luxeuil-les-bains - P2,2025-03-01,U17 Women 55,ZAOUROU Maïana,55.0,40.0,43.0,-45.0,50.0,53.0,-55.0,43.0,53.0,96.0
BFC - Chpt Province - Luxeuil-les-bains - P2,2025-03-01,U17 Women 55,ZERD Anyssa,52.5,27.0,30.0,32.0,35.0,38.0,-40.0,32.0,38.0,70.0
BFC - Chpt Province - Luxeuil-les-bains - P2,2025-03-01,U17 Women 64,GARCIA DURAND Oryance,61.7,45.0,47.0,50.0,53.0,56.0,60.0,50.0,60.0,110.0
BFC - Chpt Province - Luxeuil-les-bains - P2,2025-03-01,U20 Women 55,MC ALLISTER Mélinda,54.8,35.0,38.0,40.0,50.0,55.0,-58.0,40.0,55.0,95.0
BFC - Chpt Province - Luxeuil-les-bains - P2,2025-03-01,U20 Women 59,CURTIT Alice,56.2,50.0,53.0,-55.0,65.0,70.0,-72.0,53.0,70.0,123.0
BFC - Chpt Province - Luxeuil-les-bains - P2,2025-03-01,U20 Women 76,IRENEE Maelle,72.6,52.0,56.0,-58.0,70.0,75.0,-78.0,56.0,75.0,131.0
BFC - Chpt Province - Luxeuil-les-bains - P2,2025-03-01,SEN Women 76,LAURENT Armelle,75.5,60.0,-65.0,65.0,82.0,86.0,-88.0,65.0,86.0,151.0
BFC - Chpt Province - Luxeuil-les-bains - P2,2025-03-01,U15 Men 49,BALCOU Basile,43.0,28.0,32.0,-35.0,40.0,44.0,-46.0,32.0,44.0,76.0
BFC - Chpt Province - Luxeuil-les-bains - P2,2025-03-01,U15 Men 49,BALAC Clément,46.5,30.0,33.0,35.0,42.0,46.0,-50.0,35.0,46.0,81.0
BFC - Chpt Province - Luxeuil-les-bains - P2,2025-03-01,U15 Men 49,PETRELLUZZI Victor,46.0,28.0,32.0,-35.0,38.0,42.0,-45.0,32.0,42.0,74.0
BFC - Chpt Province - Luxeuil-les-bains - P2,2025-03-01,U15 Men 73,SHERRER SALMERON Marius,71.5,52.0,55.0,-58.0,68.0,72.0,-75.0,55.0,72.0,127.0
BFC - Chpt Province - Luxeuil-les-bains - P2,2025-03-01,U15 Men 81,LEDEE Kender,78.0,60.0,65.0,-70.0,75.0,80.0,82.0,65.0,82.0,147.0
BFC - Chpt Province - Luxeuil-les-bains - P2,2025-03-01,U17 Men 67,RICO Maé simon,66.0,75.0,-80.0,80.0,95.0,100.0,-105.0,80.0,100.0,180.0
BFC - Chpt Province - Luxeuil-les-bains - P2,2025-03-01,U20 Men 81,BARRIERE Guillaume,80.2,95.0,-100.0,100.0,115.0,120.0,-123.0,100.0,120.0,220.0
BFC - Chpt Province - Luxeuil-les-bains - P2,2025-03-01,U20 Men 89,LE PIOLET Teiva,84.0,112.0,118.0,120.0,130.0,135.0,-140.0,120.0,135.0,255.0
BFC - Chpt Province - Luxeuil-les-bains - P2,2025-03-01,U20 Men 109,NUIRO Hevy guy,104.0,115.0,120.0,-122.0,140.0,145.0,150.0,120.0,150.0,270.0
BFC - Chpt Province - Luxeuil-les-bains - P2,2025-03-01,SEN Men 81,BOITTIN Natymael,78.7,95.0,100.0,-103.0,115.0,120.0,-123.0,100.0,120.0,220.0
BFC - Chpt Province - Luxeuil-les-bains - P2,2025-03-01,SEN Men 102,BENJAMIN Gregory,101.8,95.0,100.0,-105.0,120.0,-125.0,-125.0,100.0,120.0,220.0
BFC - Chpt Province - Luxeuil-les-bains - P2,2025-03-01,SEN Men >109,NAJOS Christophe,120.5,105.0,-110.0,-110.0,127.0,132.0,-135.0,105.0,132.0,237.0
BFC - Chpt Province - Luxeuil-les-bains - P2,2025-03-01,U15 Men 49,BALCOU Basile,43.0,28.0,32.0,-35.0,40.0,44.0,-46.0,32.0,44.0,76.0
BFC - Chpt Province - Luxeuil-les-bains - P2,2025-03-01,U15 Men 49,BALAC Clément,46.5,30.0,33.0,35.0,42.0,46.0,-50.0,35.0,46.0,81.0
BFC - Chpt Province - Luxeuil-les-bains - P2,2025-03-01,U15 Men 49,PETRELLUZZI Victor,46.0,28.0,32.0,-35.0,38.0,42.0,-45.0,32.0,42.0,74.0
BFC - Chpt Province - Luxeuil-les-bains - P2,2025-03-01,U15 Men 73,SHERRER SALMERON Marius,71.5,52.0,55.0,-58.0,68.0,72.0,-75.0,55.0,72.0,127.0
BFC - Chpt Province - Luxeuil-les-bains - P2,2025-03-01,U15 Men 81,LEDEE Kender,78.0,60.0,65.0,-70.0,75.0,80.0,82.0,65.0,82.0,147.0
BFC - Chpt Province - Luxeuil-les-bains - P2,2025-03-01,U17 Men 67,RICO Maé simon,66.0,75.0,-80.0,80.0,95.0,100.0,-105.0,80.0,100.0,180.0
BFC - Chpt Province - Luxeuil-les-bains - P2,2025-03-01,U20 Men 81,BARRIERE Guillaume,80.2,95.0,-100.0,100.0,115.0,120.0,-123.0,100.0,120.0,220.0
BFC - Chpt Province - Luxeuil-les-bains - P2,2025-03-01,U20 Men 89,LE PIOLET Teiva,84.0,112.0,118.0,120.0,130.0,135.0,-140.0,120.0,135.0,255.0
BFC - Chpt Province - Luxeuil-les-bains - P2,2025-03-01,U20 Men 109,NUIRO Hevy guy,104.0,115.0,120.0,-122.0,140.0,145.0,150.0,120.0,150.0,270.0
BFC - Chpt Province - Luxeuil-les-bains - P2,2025-03-01,SEN Men 81,BOITTIN Natymael,78.7,95.0,100.0,-103.0,115.0,120.0,-123.0,100.0,120.0,220.0
BFC - Chpt Province - Luxeuil-les-bains - P2,2025-03-01,SEN Men 102,BENJAMIN Gregory,101.8,95.0,100.0,-105.0,120.0,-125.0,-125.0,100.0,120.0,220.0
BFC - Chpt Province - Luxeuil-les-bains - P2,2025-03-01,SEN Men >109,NAJOS Christophe,120.5,105.0,-110.0,-110.0,127.0,132.0,-135.0,105.0,132.0,237.0
BFC - Chpt Province - Luxeuil-les-bains - P2,2025-03-01,W35 Women 55,STOKLOSA Alysée,54.3,54.0,57.0,59.0,72.0,74.0,-76.0,59.0,74.0,133.0
BFC - Chpt Province - Luxeuil-les-bains - P2,2025-03-01,W35 Women 64,LEMOYNE Nadji,64.0,50.0,53.0,55.0,65.0,70.0,72.0,55.0,72.0,127.0
BFC - Chpt Province - Luxeuil-les-bains - P2,2025-03-01,W35 Women 64,THEOPHILE Christelle,63.5,45.0,50.0,-53.0,55.0,60.0,-63.0,50.0,60.0,110.0
BFC - Chpt Province - Luxeuil-les-bains - P2,2025-03-01,W35 Women 64,BAZARD Samantha,63.4,32.0,36.0,-38.0,45.0,48.0,-50.0,36.0,48.0,84.0
BFC - Chpt Province - Luxeuil-les-bains - P2,2025-03-01,W35 Women 71,JACQUET Johanna,70.2,54.0,59.0,-62.0,72.0,77.0,-80.0,59.0,77.0,136.0
BFC - Chpt Province - Luxeuil-les-bains - P2,2025-03-01,W35 Women >87,BAPTE Syndra,93.5,60.0,65.0,-68.0,87.0,92.0,-95.0,65.0,92.0,157.0
BFC - Chpt Province - Luxeuil-les-bains - P2,2025-03-01,W40 Women 71,EL DEBS Christelle,65.4,75.0,-80.0,-80.0,95.0,-100.0,-100.0,75.0,95.0,170.0
BFC - Chpt Province - Luxeuil-les-bains - P2,2025-03-01,W40 Women 76,MERRIFIELD Alice,76.0,55.0,58.0,-60.0,73.0,76.0,-80.0,58.0,76.0,134.0
BFC - Chpt Province - Luxeuil-les-bains - P2,2025-03-01,W45 Women 59,EGEA Andrea,55.3,48.0,51.0,53.0,60.0,-62.0,63.0,53.0,63.0,116.0
BFC - Chpt Province - Luxeuil-les-bains - P2,2025-03-01,W35 Women 55,STOKLOSA Alysée,54.3,54.0,57.0,59.0,72.0,74.0,-76.0,59.0,74.0,133.0
BFC - Chpt Province - Luxeuil-les-bains - P2,2025-03-01,W35 Women 64,LEMOYNE Nadji,64.0,50.0,53.0,55.0,65.0,70.0,72.0,55.0,72.0,127.0
BFC - Chpt Province - Luxeuil-les-bains - P2,2025-03-01,W35 Women 64,THEOPHILE Christelle,63.5,45.0,50.0,-53.0,55.0,60.0,-63.0,50.0,60.0,110.0
BFC - Chpt Province - Luxeuil-les-bains - P2,2025-03-01,W35 Women 64,BAZARD Samantha,63.4,32.0,36.0,-38.0,45.0,48.0,-50.0,36.0,48.0,84.0
BFC - Chpt Province - Luxeuil-les-bains - P2,2025-03-01,W35 Women 71,JACQUET Johanna,70.2,54.0,59.0,-62.0,72.0,77.0,-80.0,59.0,77.0,136.0
BFC - Chpt Province - Luxeuil-les-bains - P2,2025-03-01,W35 Women >87,BAPTE Syndra,93.5,60.0,65.0,-68.0,87.0,92.0,-95.0,65.0,92.0,157.0
BFC - Chpt Province - Luxeuil-les-bains - P2,2025-03-01,W40 Women 71,EL DEBS Christelle,65.4,75.0,-80.0,-80.0,95.0,-100.0,-100.0,75.0,95.0,170.0
BFC - Chpt Province - Luxeuil-les-bains - P2,2025-03-01,W40 Women 76,MERRIFIELD Alice,76.0,55.0,58.0,-60.0,73.0,76.0,-80.0,58.0,76.0,134.0
BFC - Chpt Province - Luxeuil-les-bains - P2,2025-03-01,W45 Women 59,EGEA Andrea,55.3,48.0,51.0,53.0,60.0,-62.0,63.0,53.0,63.0,116.0
BFC - Chpt Province - Luxeuil-les-bains - P2,2025-03-01,M35 Men 81,RE Jean luc,73.5,55.0,60.0,-65.0,75.0,-80.0,-80.0,60.0,75.0,135.0
BFC - Chpt Province - Luxeuil-les-bains - P2,2025-03-01,M35 Men 102,AUROQUE Samuel,101.8,95.0,-100.0,100.0,127.0,132.0,-135.0,100.0,132.0,232.0
BFC - Chpt Province - Luxeuil-les-bains - P2,2025-03-01,M40 Men 73,PIERRE Phil,72.2,75.0,80.0,-82.0,85.0,90.0,-93.0,80.0,90.0,170.0
BFC - Chpt Province - Luxeuil-les-bains - P2,2025-03-01,M40 Men 81,PINEAU Aschkenaz,74.2,92.0,96.0,-100.0,122.0,127.0,132.0,96.0,132.0,228.0
BFC - Chpt Province - Luxeuil-les-bains - P2,2025-03-01,M40 Men 81,FRANCILETTE Valery,80.3,95.0,100.0,-102.0,105.0,110.0,112.0,100.0,112.0,212.0
BFC - Chpt Province - Luxeuil-les-bains - P2,2025-03-01,M40 Men 89,EREMBERT Teddy,89.0,95.0,100.0,103.0,125.0,130.0,132.0,103.0,132.0,235.0
BFC - Chpt Province - Luxeuil-les-bains - P2,2025-03-01,M45 Men 89,BIBRAC Teddy,86.0,65.0,70.0,72.0,85.0,90.0,-94.0,72.0,90.0,162.0
BFC - Chpt Province - Luxeuil-les-bains - P2,2025-03-01,M45 Men 89,LE PIOLET Vétéa,86.2,58.0,62.0,-65.0,68.0,72.0,75.0,62.0,75.0,137.0
BFC - Chpt Province - Luxeuil-les-bains - P2,2025-03-01,M45 Men 89,SUEDOIS David,83.8,55.0,60.0,-63.0,70.0,75.0,-80.0,60.0,75.0,135.0
BFC - Chpt Province - Luxeuil-les-bains - P2,2025-03-01,M35 Men 81,RE Jean luc,73.5,55.0,60.0,-65.0,75.0,-80.0,-80.0,60.0,75.0,135.0
BFC - Chpt Province - Luxeuil-les-bains - P2,2025-03-01,M35 Men 102,AUROQUE Samuel,101.8,95.0,-100.0,100.0,127.0,132.0,-135.0,100.0,132.0,232.0
BFC - Chpt Province - Luxeuil-les-bains - P2,2025-03-01,M40 Men 73,PIERRE Phil,72.2,75.0,80.0,-82.0,85.0,90.0,-93.0,80.0,90.0,170.0
BFC - Chpt Province - Luxeuil-les-bains - P2,2025-03-01,M40 Men 81,PINEAU Aschkenaz,74.2,92.0,96.0,-100.0,122.0,127.0,132.0,96.0,132.0,228.0
BFC - Chpt Province - Luxeuil-les-bains - P2,2025-03-01,M40 Men 81,FRANCILETTE Valery,80.3,95.0,100.0,-102.0,105.0,110.0,112.0,100.0,112.0,212.0
BFC - Chpt Province - Luxeuil-les-bains - P2,2025-03-01,M40 Men 89,EREMBERT Teddy,89.0,95.0,100.0,103.0,125.0,130.0,132.0,103.0,132.0,235.0
BFC - Chpt Province - Luxeuil-les-bains - P2,2025-03-01,M45 Men 89,BIBRAC Teddy,86.0,65.0,70.0,72.0,85.0,90.0,-94.0,72.0,90.0,162.0
BFC - Chpt Province - Luxeuil-les-bains - P2,2025-03-01,M45 Men 89,LE PIOLET Vétéa,86.2,58.0,62.0,-65.0,68.0,72.0,75.0,62.0,75.0,137.0
BFC - Chpt Province - Luxeuil-les-bains - P2,2025-03-01,M45 Men 89,SUEDOIS David,83.8,55.0,60.0,-63.0,70.0,75.0,-80.0,60.0,75.0,135.0
BFC - Chpt Province - Luxeuil-les-bains - P2,2025-03-01,SEN Men 73,USMA GOMEZ Daniel eduardo,71.1,80.0,-85.0,86.0,103.0,110.0,-115.0,86.0,110.0,196.0
BFC - Chpt Province - Luxeuil-les-bains - P2,2025-03-01,SEN Men 81,CUVILLIER Valentin,74.6,110.0,118.0,123.0,140.0,152.0,-0.0,123.0,152.0,275.0
BFC - Chpt Province - Luxeuil-les-bains - P2,2025-03-01,SEN Men 102,FLAUS Dylan,98.5,-130.0,-132.0,132.0,160.0,-170.0,-170.0,132.0,160.0,292.0
BFC - Chpt Province - Luxeuil-les-bains - P2,2025-03-01,SEN Men 73,USMA GOMEZ Daniel eduardo,71.1,80.0,-85.0,86.0,103.0,110.0,-115.0,86.0,110.0,196.0
BFC - Chpt Province - Luxeuil-les-bains - P2,2025-03-01,SEN Men 81,CUVILLIER Valentin,74.6,110.0,118.0,123.0,140.0,152.0,-0.0,123.0,152.0,275.0
BFC - Chpt Province - Luxeuil-les-bains - P2,2025-03-01,SEN Men 102,FLAUS Dylan,98.5,-130.0,-132.0,132.0,160.0,-170.0,-170.0,132.0,160.0,292.0
BFC - Chpt Province - Luxeuil-les-bains - P2,2025-03-01,W40 Women 59,GROBOTEK MOUROT Delphine,58.1,58.0,63.0,-65.0,75.0,80.0,-83.0,63.0,80.0,143.0
BFC - Chpt Province - Luxeuil-les-bains - P2,2025-03-01,W40 Women 71,OTTO Celine,64.9,39.0,41.0,43.0,51.0,53.0,56.0,43.0,56.0,99.0
BFC - Chpt Province - Luxeuil-les-bains - P2,2025-03-01,W50 Women 59,BEUGNEZ Leticia,59.0,35.0,39.0,-41.0,50.0,53.0,-56.0,39.0,53.0,92.0
BFC - Chpt Province - Luxeuil-les-bains - P2,2025-03-01,W40 Women 59,GROBOTEK MOUROT Delphine,58.1,58.0,63.0,-65.0,75.0,80.0,-83.0,63.0,80.0,143.0
BFC - Chpt Province - Luxeuil-les-bains - P2,2025-03-01,W40 Women 71,OTTO Celine,64.9,39.0,41.0,43.0,51.0,53.0,56.0,43.0,56.0,99.0
BFC - Chpt Province - Luxeuil-les-bains - P2,2025-03-01,W50 Women 59,BEUGNEZ Leticia,59.0,35.0,39.0,-41.0,50.0,53.0,-56.0,39.0,53.0,92.0
BFC - Chpt Province - Luxeuil-les-bains - P2,2025-03-01,U20 Women 64,VAN STRAATEN Clara,59.4,-63.0,63.0,-66.0,78.0,-81.0,-81.0,63.0,78.0,141.0
BFC - Chpt Province - Luxeuil-les-bains - P2,2025-03-01,U20 Women 64,MARTIN Maeva,63.5,-63.0,63.0,-66.0,-75.0,75.0,-80.0,63.0,75.0,138.0
BFC - Chpt Province - Luxeuil-les-bains - P2,2025-03-01,SEN Women 59,GAILLARD Lucie,59.0,57.0,-60.0,-60.0,83.0,-85.0,-85.0,57.0,83.0,140.0
BFC - Chpt Province - Luxeuil-les-bains - P2,2025-03-01,SEN Women 64,LACROIX Evelyne,64.0,73.0,76.0,-78.0,85.0,-89.0,-89.0,76.0,85.0,161.0
BFC - Chpt Province - Luxeuil-les-bains - P2,2025-03-01,SEN Women 64,SUEUR Hélène,63.9,60.0,63.0,-66.0,75.0,80.0,-85.0,63.0,80.0,143.0
BFC - Chpt Province - Luxeuil-les-bains - P2,2025-03-01,SEN Women 71,MANTAROPOULOS Marie,64.65,-84.0,-84.0,84.0,100.0,105.0,-110.0,84.0,105.0,189.0
BFC - Chpt Province - Luxeuil-les-bains - P2,2025-03-01,SEN Women 71,ROSTOUCHER Mathilde,66.65,60.0,-63.0,-63.0,70.0,73.0,75.0,60.0,75.0,135.0
BFC - Chpt Province - Luxeuil-les-bains - P2,2025-03-01,SEN Women 71,ARMSTRONG Victoria,67.0,-73.0,73.0,-80.0,-96.0,-96.0,-100.0,73.0,0.0,0.0
BFC - Chpt Province - Luxeuil-les-bains - P2,2025-03-01,U20 Women 64,VAN STRAATEN Clara,59.4,-63.0,63.0,-66.0,78.0,-81.0,-81.0,63.0,78.0,141.0
BFC - Chpt Province - Luxeuil-les-bains - P2,2025-03-01,U20 Women 64,MARTIN Maeva,63.5,-63.0,63.0,-66.0,-75.0,75.0,-80.0,63.0,75.0,138.0
BFC - Chpt Province - Luxeuil-les-bains - P2,2025-03-01,SEN Women 59,GAILLARD Lucie,59.0,57.0,-60.0,-60.0,83.0,-85.0,-85.0,57.0,83.0,140.0
BFC - Chpt Province - Luxeuil-les-bains - P2,2025-03-01,SEN Women 64,LACROIX Evelyne,64.0,73.0,76.0,-78.0,85.0,-89.0,-89.0,76.0,85.0,161.0
BFC - Chpt Province - Luxeuil-les-bains - P2,2025-03-01,SEN Women 64,SUEUR Hélène,63.9,60.0,63.0,-66.0,75.0,80.0,-85.0,63.0,80.0,143.0
BFC - Chpt Province - Luxeuil-les-bains - P2,2025-03-01,SEN Women 71,MANTAROPOULOS Marie,64.65,-84.0,-84.0,84.0,100.0,105.0,-110.0,84.0,105.0,189.0
BFC - Chpt Province - Luxeuil-les-bains - P2,2025-03-01,SEN Women 71,ROSTOUCHER Mathilde,66.65,60.0,-63.0,-63.0,70.0,73.0,75.0,60.0,75.0,135.0
BFC - Chpt Province - Luxeuil-les-bains - P2,2025-03-01,SEN Women 71,ARMSTRONG Victoria,67.0,-73.0,73.0,-80.0,-96.0,-96.0,-100.0,73.0,0.0,0.0
BFC - Chpt Province - Luxeuil-les-bains - P2,2025-03-01,U15 Women 55,AMELINE Inès,53.09,43.0,45.0,-48.0,55.0,58.0,60.0,45.0,60.0,105.0
BFC - Chpt Province - Luxeuil-les-bains - P2,2025-03-01,U15 Women 55,GUILMAU Prune,52.47,42.0,44.0,46.0,54.0,58.0,-60.0,46.0,58.0,104.0
BFC - Chpt Province - Luxeuil-les-bains - P2,2025-03-01,U15 Women 64,LEON Charline,60.52,55.0,58.0,59.0,67.0,-70.0,70.0,59.0,70.0,129.0
BFC - Chpt Province - Luxeuil-les-bains - P2,2025-03-01,U17 Women 71,PEJOUT Justine,67.18,33.0,35.0,38.0,43.0,46.0,48.0,38.0,48.0,86.0
BFC - Chpt Province - Luxeuil-les-bains - P2,2025-03-01,U17 Women 76,LEON Marika,72.57,39.0,-42.0,44.0,50.0,54.0,57.0,44.0,57.0,101.0
BFC - Chpt Province - Luxeuil-les-bains - P2,2025-03-01,U17 Women >81,PISTOL Léonie,99.01,42.0,44.0,46.0,-52.0,-52.0,-52.0,46.0,0.0,0.0
BFC - Chpt Province - Luxeuil-les-bains - P2,2025-03-01,U20 Women 71,LÉON Addison,69.53,-46.0,46.0,-49.0,55.0,-58.0,-59.0,46.0,55.0,101.0
BFC - Chpt Province - Luxeuil-les-bains - P2,2025-03-01,SEN Women 64,RENCK Maeva,62.61,54.0,57.0,-59.0,70.0,-73.0,-74.0,57.0,70.0,127.0
BFC - Chpt Province - Luxeuil-les-bains - P2,2025-03-01,SEN Women 64,LEBRUN Marjorie,61.89,50.0,53.0,-55.0,56.0,59.0,62.0,53.0,62.0,115.0
BFC - Chpt Province - Luxeuil-les-bains - P2,2025-03-01,SEN Women 64,MIMOUNI VAUDIN Lisa,63.81,70.0,-73.0,-75.0,-0.0,-0.0,-0.0,70.0,0.0,0.0
BFC - Chpt Province - Luxeuil-les-bains - P2,2025-03-01,SEN Women 71,GOMIS Clarisse,65.64,73.0,76.0,78.0,97.0,100.0,-102.0,78.0,100.0,178.0
BFC - Chpt Province - Luxeuil-les-bains - P2,2025-03-01,U15 Women 55,AMELINE Inès,53.09,43.0,45.0,-48.0,55.0,58.0,60.0,45.0,60.0,105.0
BFC - Chpt Province - Luxeuil-les-bains - P2,2025-03-01,U15 Women 55,GUILMAU Prune,52.47,42.0,44.0,46.0,54.0,58.0,-60.0,46.0,58.0,104.0
BFC - Chpt Province - Luxeuil-les-bains - P2,2025-03-01,U15 Women 64,LEON Charline,60.52,55.0,58.0,59.0,67.0,-70.0,70.0,59.0,70.0,129.0
BFC - Chpt Province - Luxeuil-les-bains - P2,2025-03-01,U17 Women 71,PEJOUT Justine,67.18,33.0,35.0,38.0,43.0,46.0,48.0,38.0,48.0,86.0
BFC - Chpt Province - Luxeuil-les-bains - P2,2025-03-01,U17 Women 76,LEON Marika,72.57,39.0,-42.0,44.0,50.0,54.0,57.0,44.0,57.0,101.0
BFC - Chpt Province - Luxeuil-les-bains - P2,2025-03-01,U17 Women >81,PISTOL Léonie,99.01,42.0,44.0,46.0,-52.0,-52.0,-52.0,46.0,0.0,0.0
BFC - Chpt Province - Luxeuil-les-bains - P2,2025-03-01,U20 Women 71,LÉON Addison,69.53,-46.0,46.0,-49.0,55.0,-58.0,-59.0,46.0,55.0,101.0
BFC - Chpt Province - Luxeuil-les-bains - P2,2025-03-01,SEN Women 64,RENCK Maeva,62.61,54.0,57.0,-59.0,70.0,-73.0,-74.0,57.0,70.0,127.0
BFC - Chpt Province - Luxeuil-les-bains - P2,2025-03-01,SEN Women 64,LEBRUN Marjorie,61.89,50.0,53.0,-55.0,56.0,59.0,62.0,53.0,62.0,115.0
BFC - Chpt Province - Luxeuil-les-bains - P2,2025-03-01,SEN Women 64,MIMOUNI VAUDIN Lisa,63.81,70.0,-73.0,-75.0,-0.0,-0.0,-0.0,70.0,0.0,0.0
BFC - Chpt Province - Luxeuil-les-bains - P2,2025-03-01,SEN Women 71,GOMIS Clarisse,65.64,73.0,76.0,78.0,97.0,100.0,-102.0,78.0,100.0,178.0
BFC - Chpt Province - Luxeuil-les-bains - P2,2025-03-01,U17 Men 73,JARDIN Lucas,72.8,84.0,88.0,90.0,98.0,102.0,-106.0,90.0,102.0,192.0
BFC - Chpt Province - Luxeuil-les-bains - P2,2025-03-01,U17 Men 73,MARIE Tom,70.9,70.0,73.0,75.0,90.0,95.0,100.0,75.0,100.0,175.0
BFC - Chpt Province - Luxeuil-les-bains - P2,2025-03-01,U20 Men 73,DUDOUET Joshua,70.8,75.0,80.0,-83.0,98.0,-103.0,-103.0,80.0,98.0,178.0
BFC - Chpt Province - Luxeuil-les-bains - P2,2025-03-01,U20 Men 81,SUDROT Armans,81.0,88.0,-92.0,-92.0,-105.0,106.0,-111.0,88.0,106.0,194.0
BFC - Chpt Province - Luxeuil-les-bains - P2,2025-03-01,U20 Men >109,JAME Mathéo,109.9,-95.0,95.0,-97.0,110.0,114.0,-121.0,95.0,114.0,209.0
BFC - Chpt Province - Luxeuil-les-bains - P2,2025-03-01,SEN Men 89,LEBRUN Noah,82.42,91.0,-93.0,93.0,-110.0,-110.0,-110.0,93.0,0.0,0.0
BFC - Chpt Province - Luxeuil-les-bains - P2,2025-03-01,SEN Men 96,JAME Jason,95.42,-97.0,-97.0,97.0,110.0,115.0,-120.0,97.0,115.0,212.0
BFC - Chpt Province - Luxeuil-les-bains - P2,2025-03-01,U17 Men 73,JARDIN Lucas,72.8,84.0,88.0,90.0,98.0,102.0,-106.0,90.0,102.0,192.0
BFC - Chpt Province - Luxeuil-les-bains - P2,2025-03-01,U17 Men 73,MARIE Tom,70.9,70.0,73.0,75.0,90.0,95.0,100.0,75.0,100.0,175.0
BFC - Chpt Province - Luxeuil-les-bains - P2,2025-03-01,U20 Men 73,DUDOUET Joshua,70.8,75.0,80.0,-83.0,98.0,-103.0,-103.0,80.0,98.0,178.0
BFC - Chpt Province - Luxeuil-les-bains - P2,2025-03-01,U20 Men 81,SUDROT Armans,81.0,88.0,-92.0,-92.0,-105.0,106.0,-111.0,88.0,106.0,194.0
BFC - Chpt Province - Luxeuil-les-bains - P2,2025-03-01,U20 Men >109,JAME Mathéo,109.9,-95.0,95.0,-97.0,110.0,114.0,-121.0,95.0,114.0,209.0
BFC - Chpt Province - Luxeuil-les-bains - P2,2025-03-01,SEN Men 89,LEBRUN Noah,82.42,91.0,-93.0,93.0,-110.0,-110.0,-110.0,93.0,0.0,0.0
BFC - Chpt Province - Luxeuil-les-bains - P2,2025-03-01,SEN Men 96,JAME Jason,95.42,-97.0,-97.0,97.0,110.0,115.0,-120.0,97.0,115.0,212.0
BFC - Chpt Province - Luxeuil-les-bains - P2,2025-03-01,W35 Women 64,BEAUME Morgane,59.57,38.0,41.0,-43.0,50.0,-53.0,53.0,41.0,53.0,94.0
BFC - Chpt Province - Luxeuil-les-bains - P2,2025-03-01,W40 Women 59,BUKATO Aline,57.63,42.0,45.0,-48.0,58.0,61.0,63.0,45.0,63.0,108.0
BFC - Chpt Province - Luxeuil-les-bains - P2,2025-03-01,W40 Women 64,DUARTE DA ROSA Marie,64.0,40.0,-42.0,42.0,-50.0,50.0,-53.0,42.0,50.0,92.0
BFC - Chpt Province - Luxeuil-les-bains - P2,2025-03-01,W50 Women 64,ANDREU Marianne,60.61,32.0,35.0,38.0,-42.0,42.0,-46.0,38.0,42.0,80.0
BFC - Chpt Province - Luxeuil-les-bains - P2,2025-03-01,W65 Women 71,BERHAUT Muriel,64.8,42.0,-44.0,44.0,52.0,-54.0,-54.0,44.0,52.0,96.0
BFC - Chpt Province - Luxeuil-les-bains - P2,2025-03-01,W35 Women 64,BEAUME Morgane,59.57,38.0,41.0,-43.0,50.0,-53.0,53.0,41.0,53.0,94.0
BFC - Chpt Province - Luxeuil-les-bains - P2,2025-03-01,W40 Women 59,BUKATO Aline,57.63,42.0,45.0,-48.0,58.0,61.0,63.0,45.0,63.0,108.0
BFC - Chpt Province - Luxeuil-les-bains - P2,2025-03-01,W40 Women 64,DUARTE DA ROSA Marie,64.0,40.0,-42.0,42.0,-50.0,50.0,-53.0,42.0,50.0,92.0
BFC - Chpt Province - Luxeuil-les-bains - P2,2025-03-01,W50 Women 64,ANDREU Marianne,60.61,32.0,35.0,38.0,-42.0,42.0,-46.0,38.0,42.0,80.0
BFC - Chpt Province - Luxeuil-les-bains - P2,2025-03-01,W65 Women 71,BERHAUT Muriel,64.8,42.0,-44.0,44.0,52.0,-54.0,-54.0,44.0,52.0,96.0
BFC - Chpt Province - Luxeuil-les-bains - P2,2025-03-01,M35 Men 73,LEFORT Maxime,72.72,70.0,75.0,-80.0,-90.0,90.0,95.0,75.0,95.0,170.0
BFC - Chpt Province - Luxeuil-les-bains - P2,2025-03-01,M40 Men 96,BUCAILLE Olivier,94.76,82.0,87.0,90.0,110.0,115.0,-120.0,90.0,115.0,205.0
BFC - Chpt Province - Luxeuil-les-bains - P2,2025-03-01,M40 Men 109,VALLET Richard,105.5,81.0,85.0,-88.0,115.0,120.0,-125.0,85.0,120.0,205.0
BFC - Chpt Province - Luxeuil-les-bains - P2,2025-03-01,M50 Men 89,ANNE Cyrille,81.95,75.0,-80.0,80.0,90.0,95.0,-100.0,80.0,95.0,175.0
BFC - Chpt Province - Luxeuil-les-bains - P2,2025-03-01,M50 Men 89,BETH Sebastien,88.84,55.0,58.0,60.0,73.0,77.0,-80.0,60.0,77.0,137.0
BFC - Chpt Province - Luxeuil-les-bains - P2,2025-03-01,M35 Men 73,LEFORT Maxime,72.72,70.0,75.0,-80.0,-90.0,90.0,95.0,75.0,95.0,170.0
BFC - Chpt Province - Luxeuil-les-bains - P2,2025-03-01,M40 Men 96,BUCAILLE Olivier,94.76,82.0,87.0,90.0,110.0,115.0,-120.0,90.0,115.0,205.0
BFC - Chpt Province - Luxeuil-les-bains - P2,2025-03-01,M40 Men 109,VALLET Richard,105.5,81.0,85.0,-88.0,115.0,120.0,-125.0,85.0,120.0,205.0
BFC - Chpt Province - Luxeuil-les-bains - P2,2025-03-01,M50 Men 89,ANNE Cyrille,81.95,75.0,-80.0,80.0,90.0,95.0,-100.0,80.0,95.0,175.0
BFC - Chpt Province - Luxeuil-les-bains - P2,2025-03-01,M50 Men 89,BETH Sebastien,88.84,55.0,58.0,60.0,73.0,77.0,-80.0,60.0,77.0,137.0
BFC - Chpt Province - Luxeuil-les-bains - P2,2025-03-01,W35 Women >87,BALLESTER Clémence,125.63,33.0,35.0,-40.0,48.0,51.0,-56.0,35.0,51.0,86.0
BFC - Chpt Province - Luxeuil-les-bains - P2,2025-03-01,W40 Women 59,DELAMOTTE Audrey,58.25,34.0,36.0,38.0,39.0,42.0,45.0,38.0,45.0,83.0
BFC - Chpt Province - Luxeuil-les-bains - P2,2025-03-01,W40 Women 64,NICOUL Cécile,60.77,42.0,45.0,-48.0,53.0,-57.0,-59.0,45.0,53.0,98.0
BFC - Chpt Province - Luxeuil-les-bains - P2,2025-03-01,W35 Women >87,BALLESTER Clémence,125.63,33.0,35.0,-40.0,48.0,51.0,-56.0,35.0,51.0,86.0
BFC - Chpt Province - Luxeuil-les-bains - P2,2025-03-01,W40 Women 59,DELAMOTTE Audrey,58.25,34.0,36.0,38.0,39.0,42.0,45.0,38.0,45.0,83.0
BFC - Chpt Province - Luxeuil-les-bains - P2,2025-03-01,W40 Women 64,NICOUL Cécile,60.77,42.0,45.0,-48.0,53.0,-57.0,-59.0,45.0,53.0,98.0
BFC - Chpt Province - Luxeuil-les-bains - P2,2025-03-01,U13 Women 49,MARGUERAT Mila,46.5,28.0,30.0,32.0,37.0,39.0,41.0,32.0,41.0,73.0
BFC - Chpt Province - Luxeuil-les-bains - P2,2025-03-01,U13 Women 49,MARGUERAT Mila,46.5,28.0,30.0,32.0,37.0,39.0,41.0,32.0,41.0,73.0
BFC - Chpt Province - Luxeuil-les-bains - P2,2025-03-01,U20 Men 55,DELAMOTTE Lukas,55.0,85.0,88.0,90.0,103.0,-108.0,-108.0,90.0,103.0,193.0
BFC - Chpt Province - Luxeuil-les-bains - P2,2025-03-01,SEN Men 81,HAREL Allan,78.46,90.0,94.0,-100.0,-120.0,120.0,-126.0,94.0,120.0,214.0
BFC - Chpt Province - Luxeuil-les-bains - P2,2025-03-01,U20 Men 55,DELAMOTTE Lukas,55.0,85.0,88.0,90.0,103.0,-108.0,-108.0,90.0,103.0,193.0
BFC - Chpt Province - Luxeuil-les-bains - P2,2025-03-01,SEN Men 81,HAREL Allan,78.46,90.0,94.0,-100.0,-120.0,120.0,-126.0,94.0,120.0,214.0
BFC - Chpt Province - Luxeuil-les-bains - P2,2025-03-01,U20 Women 59,DA ROCHA Clemence,57.1,48.0,-51.0,-51.0,59.0,-63.0,-67.0,48.0,59.0,107.0
BFC - Chpt Province - Luxeuil-les-bains - P2,2025-03-01,SEN Women 55,FALGOUX Erine,55.0,-65.0,-65.0,65.0,80.0,85.0,87.0,65.0,87.0,152.0
BFC - Chpt Province - Luxeuil-les-bains - P2,2025-03-01,SEN Women 55,RODRIGUEZ Alexandra,54.5,57.0,-60.0,60.0,75.0,-81.0,-81.0,60.0,75.0,135.0
BFC - Chpt Province - Luxeuil-les-bains - P2,2025-03-01,SEN Women 55,PAYRARD Mathilde,53.5,47.0,51.0,-54.0,58.0,-63.0,66.0,51.0,66.0,117.0
BFC - Chpt Province - Luxeuil-les-bains - P2,2025-03-01,SEN Women 55,TOUZAIN Anouk,55.0,38.0,40.0,42.0,48.0,51.0,54.0,42.0,54.0,96.0
BFC - Chpt Province - Luxeuil-les-bains - P2,2025-03-01,SEN Women 59,MAURO Rachel,58.7,60.0,-63.0,63.0,-77.0,-77.0,-77.0,63.0,0.0,0.0
BFC - Chpt Province - Luxeuil-les-bains - P2,2025-03-01,SEN Women 64,DOMAS Cloé,64.0,-61.0,61.0,-64.0,80.0,-86.0,-86.0,61.0,80.0,141.0
BFC - Chpt Province - Luxeuil-les-bains - P2,2025-03-01,SEN Women 64,CORMARY Mathilde,63.3,56.0,60.0,-63.0,-73.0,73.0,-78.0,60.0,73.0,133.0
BFC - Chpt Province - Luxeuil-les-bains - P2,2025-03-01,SEN Women 71,ROUGIER Louane,70.6,75.0,77.0,80.0,95.0,-101.0,-101.0,80.0,95.0,175.0
BFC - Chpt Province - Luxeuil-les-bains - P2,2025-03-01,SEN Women 71,CHOFFEL Eléona,68.4,50.0,-56.0,58.0,-85.0,-85.0,85.0,58.0,85.0,143.0
BFC - Chpt Province - Luxeuil-les-bains - P2,2025-03-01,SEN Women 71,SANTOS MOTA Maria joao,65.7,-40.0,40.0,-42.0,52.0,55.0,-60.0,40.0,55.0,95.0
BFC - Chpt Province - Luxeuil-les-bains - P2,2025-03-01,U20 Women 59,DA ROCHA Clemence,57.1,48.0,-51.0,-51.0,59.0,-63.0,-67.0,48.0,59.0,107.0
BFC - Chpt Province - Luxeuil-les-bains - P2,2025-03-01,SEN Women 55,FALGOUX Erine,55.0,-65.0,-65.0,65.0,80.0,85.0,87.0,65.0,87.0,152.0
BFC - Chpt Province - Luxeuil-les-bains - P2,2025-03-01,SEN Women 55,RODRIGUEZ Alexandra,54.5,57.0,-60.0,60.0,75.0,-81.0,-81.0,60.0,75.0,135.0
BFC - Chpt Province - Luxeuil-les-bains - P2,2025-03-01,SEN Women 55,PAYRARD Mathilde,53.5,47.0,51.0,-54.0,58.0,-63.0,66.0,51.0,66.0,117.0
BFC - Chpt Province - Luxeuil-les-bains - P2,2025-03-01,SEN Women 55,TOUZAIN Anouk,55.0,38.0,40.0,42.0,48.0,51.0,54.0,42.0,54.0,96.0
BFC - Chpt Province - Luxeuil-les-bains - P2,2025-03-01,SEN Women 59,MAURO Rachel,58.7,60.0,-63.0,63.0,-77.0,-77.0,-77.0,63.0,0.0,0.0
BFC - Chpt Province - Luxeuil-les-bains - P2,2025-03-01,SEN Women 64,DOMAS Cloé,64.0,-61.0,61.0,-64.0,80.0,-86.0,-86.0,61.0,80.0,141.0
BFC - Chpt Province - Luxeuil-les-bains - P2,2025-03-01,SEN Women 64,CORMARY Mathilde,63.3,56.0,60.0,-63.0,-73.0,73.0,-78.0,60.0,73.0,133.0
BFC - Chpt Province - Luxeuil-les-bains - P2,2025-03-01,SEN Women 71,ROUGIER Louane,70.6,75.0,77.0,80.0,95.0,-101.0,-101.0,80.0,95.0,175.0
BFC - Chpt Province - Luxeuil-les-bains - P2,2025-03-01,SEN Women 71,CHOFFEL Eléona,68.4,50.0,-56.0,58.0,-85.0,-85.0,85.0,58.0,85.0,143.0
BFC - Chpt Province - Luxeuil-les-bains - P2,2025-03-01,SEN Women 71,SANTOS MOTA Maria joao,65.7,-40.0,40.0,-42.0,52.0,55.0,-60.0,40.0,55.0,95.0
BFC - Chpt Province - Luxeuil-les-bains - P2,2025-03-01,U15 Women 55,STATTNER Léa,51.5,30.0,32.0,-36.0,42.0,-45.0,-45.0,32.0,42.0,74.0
BFC - Chpt Province - Luxeuil-les-bains - P2,2025-03-01,U15 Women 59,GAUCHOTTE Maelys,56.7,30.0,33.0,-36.0,40.0,-43.0,43.0,33.0,43.0,76.0
BFC - Chpt Province - Luxeuil-les-bains - P2,2025-03-01,U17 Women 45,DUCHAUFFOUR Rose,41.7,30.0,-33.0,-33.0,40.0,-45.0,-45.0,30.0,40.0,70.0
BFC - Chpt Province - Luxeuil-les-bains - P2,2025-03-01,U17 Women 55,CORGIAT BONDON Maelys,53.7,60.0,63.0,-66.0,75.0,77.0,80.0,63.0,80.0,143.0
BFC - Chpt Province - Luxeuil-les-bains - P2,2025-03-01,U17 Women 59,VERLET Emy,57.6,32.0,34.0,36.0,42.0,-46.0,46.0,36.0,46.0,82.0
BFC - Chpt Province - Luxeuil-les-bains - P2,2025-03-01,U20 Women 55,GORGES Armelle,54.9,51.0,54.0,-61.0,64.0,68.0,-72.0,54.0,68.0,122.0
BFC - Chpt Province - Luxeuil-les-bains - P2,2025-03-01,U20 Women 64,MARGUERAT Lola,59.9,38.0,41.0,43.0,-52.0,52.0,-56.0,43.0,52.0,95.0
BFC - Chpt Province - Luxeuil-les-bains - P2,2025-03-01,SEN Women 64,SCHNELLER Justine,63.5,60.0,63.0,65.0,78.0,-82.0,-82.0,65.0,78.0,143.0
BFC - Chpt Province - Luxeuil-les-bains - P2,2025-03-01,SEN Women 64,ULDRY Deborah,63.9,60.0,64.0,-67.0,71.0,-77.0,-77.0,64.0,71.0,135.0
BFC - Chpt Province - Luxeuil-les-bains - P2,2025-03-01,SEN Women 71,PRIEUR Justine,68.9,63.0,67.0,-70.0,80.0,84.0,-89.0,67.0,84.0,151.0
BFC - Chpt Province - Luxeuil-les-bains - P2,2025-03-01,SEN Women 71,JULLIEN Morgane,70.7,53.0,57.0,61.0,70.0,75.0,-79.0,61.0,75.0,136.0
BFC - Chpt Province - Luxeuil-les-bains - P2,2025-03-01,U15 Women 55,STATTNER Léa,51.5,30.0,32.0,-36.0,42.0,-45.0,-45.0,32.0,42.0,74.0
BFC - Chpt Province - Luxeuil-les-bains - P2,2025-03-01,U15 Women 59,GAUCHOTTE Maelys,56.7,30.0,33.0,-36.0,40.0,-43.0,43.0,33.0,43.0,76.0
BFC - Chpt Province - Luxeuil-les-bains - P2,2025-03-01,U17 Women 45,DUCHAUFFOUR Rose,41.7,30.0,-33.0,-33.0,40.0,-45.0,-45.0,30.0,40.0,70.0
BFC - Chpt Province - Luxeuil-les-bains - P2,2025-03-01,U17 Women 55,CORGIAT BONDON Maelys,53.7,60.0,63.0,-66.0,75.0,77.0,80.0,63.0,80.0,143.0
BFC - Chpt Province - Luxeuil-les-bains - P2,2025-03-01,U17 Women 59,VERLET Emy,57.6,32.0,34.0,36.0,42.0,-46.0,46.0,36.0,46.0,82.0
BFC - Chpt Province - Luxeuil-les-bains - P2,2025-03-01,U20 Women 55,GORGES Armelle,54.9,51.0,54.0,-61.0,64.0,68.0,-72.0,54.0,68.0,122.0
BFC - Chpt Province - Luxeuil-les-bains - P2,2025-03-01,U20 Women 64,MARGUERAT Lola,59.9,38.0,41.0,43.0,-52.0,52.0,-56.0,43.0,52.0,95.0
BFC - Chpt Province - Luxeuil-les-bains - P2,2025-03-01,SEN Women 64,SCHNELLER Justine,63.5,60.0,63.0,65.0,78.0,-82.0,-82.0,65.0,78.0,143.0
BFC - Chpt Province - Luxeuil-les-bains - P2,2025-03-01,SEN Women 64,ULDRY Deborah,63.9,60.0,64.0,-67.0,71.0,-77.0,-77.0,64.0,71.0,135.0
BFC - Chpt Province - Luxeuil-les-bains - P2,2025-03-01,SEN Women 71,PRIEUR Justine,68.9,63.0,67.0,-70.0,80.0,84.0,-89.0,67.0,84.0,151.0
BFC - Chpt Province - Luxeuil-les-bains - P2,2025-03-01,SEN Women 71,JULLIEN Morgane,70.7,53.0,57.0,61.0,70.0,75.0,-79.0,61.0,75.0,136.0
BFC - Chpt Province - Luxeuil-les-bains - P2,2025-03-01,U20 Men 61,RENARD Hugo,59.4,74.0,78.0,-81.0,92.0,96.0,98.0,78.0,98.0,176.0
BFC - Chpt Province - Luxeuil-les-bains - P2,2025-03-01,U20 Men 67,RENARD Benjamin,67.0,90.0,94.0,-98.0,110.0,117.0,-120.0,94.0,117.0,211.0
BFC - Chpt Province - Luxeuil-les-bains - P2,2025-03-01,U20 Men 67,YENGOYAN Rafayel,64.0,65.0,70.0,-74.0,85.0,-90.0,-90.0,70.0,85.0,155.0
BFC - Chpt Province - Luxeuil-les-bains - P2,2025-03-01,SEN Men 67,LEJAS Mathieu,67.0,80.0,84.0,-86.0,95.0,100.0,-107.0,84.0,100.0,184.0
BFC - Chpt Province - Luxeuil-les-bains - P2,2025-03-01,SEN Men 73,CHAZELLE Bastien,73.0,70.0,73.0,75.0,105.0,-110.0,-110.0,75.0,105.0,180.0
BFC - Chpt Province - Luxeuil-les-bains - P2,2025-03-01,SEN Men 81,LABERTRANDIE Lilian,80.0,110.0,115.0,118.0,132.0,140.0,-145.0,118.0,140.0,258.0
BFC - Chpt Province - Luxeuil-les-bains - P2,2025-03-01,SEN Men 89,RAMBELO MANGA Alexandre lala,89.0,-126.0,-127.0,127.0,160.0,-165.0,-167.0,127.0,160.0,287.0
BFC - Chpt Province - Luxeuil-les-bains - P2,2025-03-01,SEN Men 89,ESTEVES Guillaume,84.9,-78.0,78.0,-83.0,95.0,100.0,-103.0,78.0,100.0,178.0
BFC - Chpt Province - Luxeuil-les-bains - P2,2025-03-01,SEN Men 89,FRIMAULT Jérome,88.7,-75.0,-0.0,-0.0,-0.0,-0.0,-0.0,0.0,0.0,0.0
BFC - Chpt Province - Luxeuil-les-bains - P2,2025-03-01,SEN Men 96,ABADIE Benoit,95.7,110.0,-120.0,-120.0,-140.0,-140.0,-140.0,110.0,0.0,0.0
BFC - Chpt Province - Luxeuil-les-bains - P2,2025-03-01,SEN Men 102,LAROIX Anthony,101.0,131.0,135.0,-137.0,160.0,-167.0,-167.0,135.0,160.0,295.0
BFC - Chpt Province - Luxeuil-les-bains - P2,2025-03-01,SEN Men 102,POULET Vivien,101.0,98.0,-100.0,-100.0,-125.0,-125.0,-125.0,98.0,0.0,0.0
BFC - Chpt Province - Luxeuil-les-bains - P2,2025-03-01,U20 Men 61,RENARD Hugo,59.4,74.0,78.0,-81.0,92.0,96.0,98.0,78.0,98.0,176.0
BFC - Chpt Province - Luxeuil-les-bains - P2,2025-03-01,U20 Men 67,RENARD Benjamin,67.0,90.0,94.0,-98.0,110.0,117.0,-120.0,94.0,117.0,211.0
BFC - Chpt Province - Luxeuil-les-bains - P2,2025-03-01,U20 Men 67,YENGOYAN Rafayel,64.0,65.0,70.0,-74.0,85.0,-90.0,-90.0,70.0,85.0,155.0
BFC - Chpt Province - Luxeuil-les-bains - P2,2025-03-01,SEN Men 67,LEJAS Mathieu,67.0,80.0,84.0,-86.0,95.0,100.0,-107.0,84.0,100.0,184.0
BFC - Chpt Province - Luxeuil-les-bains - P2,2025-03-01,SEN Men 73,CHAZELLE Bastien,73.0,70.0,73.0,75.0,105.0,-110.0,-110.0,75.0,105.0,180.0
BFC - Chpt Province - Luxeuil-les-bains - P2,2025-03-01,SEN Men 81,LABERTRANDIE Lilian,80.0,110.0,115.0,118.0,132.0,140.0,-145.0,118.0,140.0,258.0
BFC - Chpt Province - Luxeuil-les-bains - P2,2025-03-01,SEN Men 89,RAMBELO MANGA Alexandre lala,89.0,-126.0,-127.0,127.0,160.0,-165.0,-167.0,127.0,160.0,287.0
BFC - Chpt Province - Luxeuil-les-bains - P2,2025-03-01,SEN Men 89,ESTEVES Guillaume,84.9,-78.0,78.0,-83.0,95.0,100.0,-103.0,78.0,100.0,178.0
BFC - Chpt Province - Luxeuil-les-bains - P2,2025-03-01,SEN Men 89,FRIMAULT Jérome,88.7,-75.0,-0.0,-0.0,-0.0,-0.0,-0.0,0.0,0.0,0.0
BFC - Chpt Province - Luxeuil-les-bains - P2,2025-03-01,SEN Men 96,ABADIE Benoit,95.7,110.0,-120.0,-120.0,-140.0,-140.0,-140.0,110.0,0.0,0.0
BFC - Chpt Province - Luxeuil-les-bains - P2,2025-03-01,SEN Men 102,LAROIX Anthony,101.0,131.0,135.0,-137.0,160.0,-167.0,-167.0,135.0,160.0,295.0
BFC - Chpt Province - Luxeuil-les-bains - P2,2025-03-01,SEN Men 102,POULET Vivien,101.0,98.0,-100.0,-100.0,-125.0,-125.0,-125.0,98.0,0.0,0.0
BFC - Chpt Province - Luxeuil-les-bains - P2,2025-03-01,M35 Men 81,PYTYPYW Adrien,80.5,60.0,65.0,-70.0,87.0,92.0,-97.0,65.0,92.0,157.0
BFC - Chpt Province - Luxeuil-les-bains - P2,2025-03-01,M40 Men 73,MONTET Ludwig,70.9,65.0,-67.0,67.0,-85.0,85.0,-88.0,67.0,85.0,152.0
BFC - Chpt Province - Luxeuil-les-bains - P2,2025-03-01,M40 Men 96,GAUCHOTTE David,94.4,83.0,86.0,90.0,117.0,-121.0,-121.0,90.0,117.0,207.0
BFC - Chpt Province - Luxeuil-les-bains - P2,2025-03-01,M50 Men 89,CLAUDEPIERRE Hugo,88.1,70.0,-73.0,-73.0,90.0,-95.0,-98.0,70.0,90.0,160.0
BFC - Chpt Province - Luxeuil-les-bains - P2,2025-03-01,M65 Men 81,TIRBISCH Patrice,77.2,47.0,51.0,54.0,69.0,73.0,76.0,54.0,76.0,130.0
BFC - Chpt Province - Luxeuil-les-bains - P2,2025-03-01,M35 Men 81,PYTYPYW Adrien,80.5,60.0,65.0,-70.0,87.0,92.0,-97.0,65.0,92.0,157.0
BFC - Chpt Province - Luxeuil-les-bains - P2,2025-03-01,M40 Men 73,MONTET Ludwig,70.9,65.0,-67.0,67.0,-85.0,85.0,-88.0,67.0,85.0,152.0
BFC - Chpt Province - Luxeuil-les-bains - P2,2025-03-01,M40 Men 96,GAUCHOTTE David,94.4,83.0,86.0,90.0,117.0,-121.0,-121.0,90.0,117.0,207.0
BFC - Chpt Province - Luxeuil-les-bains - P2,2025-03-01,M50 Men 89,CLAUDEPIERRE Hugo,88.1,70.0,-73.0,-73.0,90.0,-95.0,-98.0,70.0,90.0,160.0
BFC - Chpt Province - Luxeuil-les-bains - P2,2025-03-01,M65 Men 81,TIRBISCH Patrice,77.2,47.0,51.0,54.0,69.0,73.0,76.0,54.0,76.0,130.0
BFC - Chpt Province - Luxeuil-les-bains - P2,2025-03-01,U17 Women 59,RENAULT Alice,58.61,55.0,58.0,62.0,60.0,72.0,76.0,62.0,76.0,138.0
BFC - Chpt Province - Luxeuil-les-bains - P2,2025-03-01,U20 Women 71,EAST Pia,69.85,-59.0,-61.0,-61.0,73.0,76.0,-79.0,0.0,76.0,0.0
BFC - Chpt Province - Luxeuil-les-bains - P2,2025-03-01,SEN Women 55,LEHONGRE Clarisse,53.21,58.0,61.0,63.0,80.0,82.0,-85.0,63.0,82.0,145.0
BFC - Chpt Province - Luxeuil-les-bains - P2,2025-03-01,SEN Women 59,BRASSART Alyssa,58.95,67.0,-70.0,70.0,82.0,85.0,-0.0,70.0,85.0,155.0
BFC - Chpt Province - Luxeuil-les-bains - P2,2025-03-01,U17 Women 59,RENAULT Alice,58.61,55.0,58.0,62.0,60.0,72.0,76.0,62.0,76.0,138.0
BFC - Chpt Province - Luxeuil-les-bains - P2,2025-03-01,U20 Women 71,EAST Pia,69.85,-59.0,-61.0,-61.0,73.0,76.0,-79.0,0.0,76.0,0.0
BFC - Chpt Province - Luxeuil-les-bains - P2,2025-03-01,SEN Women 55,LEHONGRE Clarisse,53.21,58.0,61.0,63.0,80.0,82.0,-85.0,63.0,82.0,145.0
BFC - Chpt Province - Luxeuil-les-bains - P2,2025-03-01,SEN Women 59,BRASSART Alyssa,58.95,67.0,-70.0,70.0,82.0,85.0,-0.0,70.0,85.0,155.0
BFC - Chpt Province - Luxeuil-les-bains - P2,2025-03-01,M35 Men 73,DELAMOTTE Andy,70.3,63.0,-66.0,66.0,91.0,-97.0,-98.0,66.0,91.0,157.0
BFC - Chpt Province - Luxeuil-les-bains - P2,2025-03-01,M50 Men 89,DUBOC Laurent,81.95,72.0,75.0,78.0,91.0,97.0,-103.0,78.0,97.0,175.0
BFC - Chpt Province - Luxeuil-les-bains - P2,2025-03-01,M35 Men 73,DELAMOTTE Andy,70.3,63.0,-66.0,66.0,91.0,-97.0,-98.0,66.0,91.0,157.0
BFC - Chpt Province - Luxeuil-les-bains - P2,2025-03-01,M50 Men 89,DUBOC Laurent,81.95,72.0,75.0,78.0,91.0,97.0,-103.0,78.0,97.0,175.0
BFC - Chpt Province - Luxeuil-les-bains - P2,2025-03-01,U17 Men 96,ANTY-MANIER Noe,90.4,-100.0,105.0,-115.0,-125.0,125.0,-135.0,105.0,125.0,230.0
BFC - Chpt Province - Luxeuil-les-bains - P2,2025-03-01,U20 Men 67,AYDOGAN Atilla,65.0,100.0,105.0,-110.0,115.0,-120.0,125.0,105.0,125.0,230.0
BFC - Chpt Province - Luxeuil-les-bains - P2,2025-03-01,U20 Men 73,GELE Ulysse,70.2,-84.0,-84.0,85.0,100.0,-105.0,-106.0,85.0,100.0,185.0
BFC - Chpt Province - Luxeuil-les-bains - P2,2025-03-01,U20 Men 73,PRUVOST Luc,73.0,70.0,-75.0,-80.0,100.0,-105.0,-106.0,70.0,100.0,170.0
BFC - Chpt Province - Luxeuil-les-bains - P2,2025-03-01,U17 Men 96,ANTY-MANIER Noe,90.4,-100.0,105.0,-115.0,-125.0,125.0,-135.0,105.0,125.0,230.0
BFC - Chpt Province - Luxeuil-les-bains - P2,2025-03-01,U20 Men 67,AYDOGAN Atilla,65.0,100.0,105.0,-110.0,115.0,-120.0,125.0,105.0,125.0,230.0
BFC - Chpt Province - Luxeuil-les-bains - P2,2025-03-01,U20 Men 73,GELE Ulysse,70.2,-84.0,-84.0,85.0,100.0,-105.0,-106.0,85.0,100.0,185.0
BFC - Chpt Province - Luxeuil-les-bains - P2,2025-03-01,U20 Men 73,PRUVOST Luc,73.0,70.0,-75.0,-80.0,100.0,-105.0,-106.0,70.0,100.0,170.0
