event,date,category,lifter_name,bodyweight,snatch_1,snatch_2,snatch_3,cj_1,cj_2,cj_3,best_snatch,best_cj,total
HDF - Cpe de France des Clubs - Saint pol sur mer - 1er tour Coupe de France U15/17/20 Filles,2025-01-25,U15 Women 55,RADAMA Shaina,51.9,45.0,-48.0,-48.0,-53.0,53.0,56.0,45.0,56.0,101.0
HDF - Cpe de France des Clubs - Saint pol sur mer - 1er tour Coupe de France U15/17/20 Filles,2025-01-25,U15 Women 55,ARAB Aliyah,51.7,35.0,-37.0,38.0,40.0,45.0,-47.0,38.0,45.0,83.0
HDF - Cpe de France des Clubs - Saint pol sur mer - 1er tour Coupe de France U15/17/20 Filles,2025-01-25,U15 Women 59,PERROUAULT Calie,58.6,-32.0,-32.0,32.0,42.0,-45.0,-45.0,32.0,42.0,74.0
HDF - Cpe de France des Clubs - Saint pol sur mer - 1er tour Coupe de France U15/17/20 Filles,2025-01-25,U15 Women 71,CUVILLIER Ema,65.0,40.0,43.0,-45.0,50.0,54.0,57.0,43.0,57.0,100.0
HDF - Cpe de France des Clubs - Saint pol sur mer - 1er tour Coupe de France U15/17/20 Filles,2025-01-25,U17 Women 59,EL KORRICHI Aisha,59.0,45.0,50.0,52.0,-57.0,57.0,-62.0,52.0,57.0,109.0
HDF - Cpe de France des Clubs - Saint pol sur mer - 1er tour Coupe de France U15/17/20 Filles,2025-01-25,U17 Women 64,ALARD Bryana,63.2,40.0,-45.0,-45.0,50.0,55.0,-60.0,40.0,55.0,95.0
HDF - Cpe de France des Clubs - Saint pol sur mer - 1er tour Coupe de France U15/17/20 Filles,2025-01-25,U17 Women >81,JAN Manon,105.5,50.0,55.0,-60.0,75.0,80.0,-85.0,55.0,80.0,135.0
HDF - Cpe de France des Clubs - Saint pol sur mer - 1er tour Coupe de France U15/17/20 Filles,2025-01-25,U20 Women 49,MATHUREL Kalia,48.3,43.0,46.0,-48.0,55.0,58.0,-60.0,46.0,58.0,104.0
HDF - Cpe de France des Clubs - Saint pol sur mer - 1er tour Coupe de France U15/17/20 Filles,2025-01-25,U20 Women 55,ROUSSEL Julie,54.7,-62.0,62.0,66.0,79.0,83.0,-86.0,66.0,83.0,149.0
HDF - Cpe de France des Clubs - Saint pol sur mer - 1er tour Coupe de France U15/17/20 Filles,2025-01-25,U20 Women 76,PAUCHET Marine,75.6,-38.0,38.0,-41.0,43.0,46.0,-50.0,38.0,46.0,84.0
HDF - Cpe de France des Clubs - Saint pol sur mer - 1er tour Coupe de France U15/17/20 Filles,2025-01-25,U20 Women 87,HUYSSEUNE Iliana,84.8,62.0,65.0,-67.0,75.0,80.0,-83.0,65.0,80.0,145.0
HDF - Cpe de France des Clubs - Saint pol sur mer - 1er tour Coupe de France U15/17/20 Filles,2025-01-25,U15 Men 49,BAILLEUL Damien,48.7,24.0,26.0,28.0,33.0,-36.0,36.0,28.0,36.0,64.0
HDF - Cpe de France des Clubs - Saint pol sur mer - 1er tour Coupe de France U15/17/20 Filles,2025-01-25,U15 Men 55,MONIER Thibaut,52.6,35.0,38.0,41.0,45.0,50.0,54.0,41.0,54.0,95.0
HDF - Cpe de France des Clubs - Saint pol sur mer - 1er tour Coupe de France U15/17/20 Filles,2025-01-25,U15 Men 61,ALLAYS RAMACKERS Enguerrand,60.2,65.0,-69.0,70.0,75.0,80.0,-83.0,70.0,80.0,150.0
HDF - Cpe de France des Clubs - Saint pol sur mer - 1er tour Coupe de France U15/17/20 Filles,2025-01-25,U15 Men 61,HUYGHE Clément,58.4,42.0,46.0,50.0,60.0,63.0,65.0,50.0,65.0,115.0
HDF - Cpe de France des Clubs - Saint pol sur mer - 1er tour Coupe de France U15/17/20 Filles,2025-01-25,U17 Men 67,BUKHAROV Daniil,65.8,-35.0,35.0,38.0,45.0,48.0,51.0,38.0,51.0,89.0
HDF - Cpe de France des Clubs - Saint pol sur mer - 1er tour Coupe de France U15/17/20 Filles,2025-01-25,U17 Men 73,DESCHRYVER Arthur,70.3,70.0,75.0,-78.0,95.0,100.0,-105.0,75.0,100.0,175.0
HDF - Cpe de France des Clubs - Saint pol sur mer - 1er tour Coupe de France U15/17/20 Filles,2025-01-25,U17 Men 73,GRARD BEAUDET Yves,70.4,25.0,30.0,-35.0,35.0,40.0,45.0,30.0,45.0,75.0
HDF - Cpe de France des Clubs - Saint pol sur mer - 1er tour Coupe de France U15/17/20 Filles,2025-01-25,U17 Men 96,ANTY-MANIER Noe,92.0,95.0,-0.0,-0.0,115.0,-0.0,-0.0,95.0,115.0,210.0
HDF - Cpe de France des Clubs - Saint pol sur mer - 1er tour Coupe de France U15/17/20 Filles,2025-01-25,U20 Men 61,FELICIANO Antoine,59.8,68.0,72.0,75.0,90.0,95.0,100.0,75.0,100.0,175.0
HDF - Cpe de France des Clubs - Saint pol sur mer - 1er tour Coupe de France U15/17/20 Filles,2025-01-25,U20 Men 61,GRARD BEAUDET Benjamin,58.1,30.0,-35.0,-35.0,40.0,45.0,50.0,30.0,50.0,80.0
HDF - Cpe de France des Clubs - Saint pol sur mer - 1er tour Coupe de France U15/17/20 Filles,2025-01-25,U20 Men 67,DESCHILDRE Enzo,61.1,55.0,59.0,62.0,72.0,76.0,80.0,62.0,80.0,142.0
HDF - Cpe de France des Clubs - Saint pol sur mer - 1er tour Coupe de France U15/17/20 Filles,2025-01-25,U20 Men 73,FOURNIER Hugo,71.1,90.0,96.0,102.0,111.0,116.0,120.0,102.0,120.0,222.0
HDF - Cpe de France des Clubs - Saint pol sur mer - 1er tour Coupe de France U15/17/20 Filles,2025-01-25,U20 Men 73,DUPONT Maxence,71.1,90.0,-95.0,-95.0,-110.0,110.0,-113.0,90.0,110.0,200.0
HDF - Cpe de France des Clubs - Saint pol sur mer - 1er tour Coupe de France U15/17/20 Filles,2025-01-25,U20 Men 81,MOULRONT Simon,75.6,65.0,69.0,73.0,90.0,-95.0,-0.0,73.0,90.0,163.0
HDF - Cpe de France des Clubs - Saint pol sur mer - 1er tour Coupe de France U15/17/20 Filles,2025-01-25,U20 Men 89,DUFOUR Quentin,82.7,85.0,90.0,-95.0,105.0,110.0,-115.0,90.0,110.0,200.0
HDF - Cpe de France des Clubs - Saint pol sur mer - 1er tour Coupe de France U15/17/20 Filles,2025-01-25,U15 Men 49,BAILLEUL Damien,48.7,24.0,26.0,28.0,33.0,-36.0,36.0,28.0,36.0,64.0
HDF - Cpe de France des Clubs - Saint pol sur mer - 1er tour Coupe de France U15/17/20 Filles,2025-01-25,U15 Men 55,MONIER Thibaut,52.6,35.0,38.0,41.0,45.0,50.0,54.0,41.0,54.0,95.0
HDF - Cpe de France des Clubs - Saint pol sur mer - 1er tour Coupe de France U15/17/20 Filles,2025-01-25,U15 Men 61,ALLAYS RAMACKERS Enguerrand,60.2,65.0,-69.0,70.0,75.0,80.0,-83.0,70.0,80.0,150.0
HDF - Cpe de France des Clubs - Saint pol sur mer - 1er tour Coupe de France U15/17/20 Filles,2025-01-25,U15 Men 61,HUYGHE Clément,58.4,42.0,46.0,50.0,60.0,63.0,65.0,50.0,65.0,115.0
HDF - Cpe de France des Clubs - Saint pol sur mer - 1er tour Coupe de France U15/17/20 Filles,2025-01-25,U17 Men 67,BUKHAROV Daniil,65.8,-35.0,35.0,38.0,45.0,48.0,51.0,38.0,51.0,89.0
HDF - Cpe de France des Clubs - Saint pol sur mer - 1er tour Coupe de France U15/17/20 Filles,2025-01-25,U17 Men 73,DESCHRYVER Arthur,70.3,70.0,75.0,-78.0,95.0,100.0,-105.0,75.0,100.0,175.0
HDF - Cpe de France des Clubs - Saint pol sur mer - 1er tour Coupe de France U15/17/20 Filles,2025-01-25,U17 Men 73,GRARD BEAUDET Yves,70.4,25.0,30.0,-35.0,35.0,40.0,45.0,30.0,45.0,75.0
HDF - Cpe de France des Clubs - Saint pol sur mer - 1er tour Coupe de France U15/17/20 Filles,2025-01-25,U17 Men 96,ANTY-MANIER Noe,92.0,95.0,-0.0,-0.0,115.0,-0.0,-0.0,95.0,115.0,210.0
HDF - Cpe de France des Clubs - Saint pol sur mer - 1er tour Coupe de France U15/17/20 Filles,2025-01-25,U20 Men 61,FELICIANO Antoine,59.8,68.0,72.0,75.0,90.0,95.0,100.0,75.0,100.0,175.0
HDF - Cpe de France des Clubs - Saint pol sur mer - 1er tour Coupe de France U15/17/20 Filles,2025-01-25,U20 Men 61,GRARD BEAUDET Benjamin,58.1,30.0,-35.0,-35.0,40.0,45.0,50.0,30.0,50.0,80.0
HDF - Cpe de France des Clubs - Saint pol sur mer - 1er tour Coupe de France U15/17/20 Filles,2025-01-25,U20 Men 67,DESCHILDRE Enzo,61.1,55.0,59.0,62.0,72.0,76.0,80.0,62.0,80.0,142.0
HDF - Cpe de France des Clubs - Saint pol sur mer - 1er tour Coupe de France U15/17/20 Filles,2025-01-25,U20 Men 73,FOURNIER Hugo,71.1,90.0,96.0,102.0,111.0,116.0,120.0,102.0,120.0,222.0
HDF - Cpe de France des Clubs - Saint pol sur mer - 1er tour Coupe de France U15/17/20 Filles,2025-01-25,U20 Men 73,DUPONT Maxence,71.1,90.0,-95.0,-95.0,-110.0,110.0,-113.0,90.0,110.0,200.0
HDF - Cpe de France des Clubs - Saint pol sur mer - 1er tour Coupe de France U15/17/20 Filles,2025-01-25,U20 Men 81,MOULRONT Simon,75.6,65.0,69.0,73.0,90.0,-95.0,-0.0,73.0,90.0,163.0
HDF - Cpe de France des Clubs - Saint pol sur mer - 1er tour Coupe de France U15/17/20 Filles,2025-01-25,U20 Men 89,DUFOUR Quentin,82.7,85.0,90.0,-95.0,105.0,110.0,-115.0,90.0,110.0,200.0
HDF - Cpe de France des Clubs - Saint pol sur mer - 1er tour Coupe de France U15/17/20 Filles,2025-01-25,U15 Women 55,DAVID Lou ann,50.3,20.0,22.0,24.0,30.0,32.0,34.0,24.0,34.0,58.0
HDF - Cpe de France des Clubs - Saint pol sur mer - 1er tour Coupe de France U15/17/20 Filles,2025-01-25,U20 Women 59,BLONDE Camille,58.6,25.0,30.0,35.0,40.0,45.0,50.0,35.0,50.0,85.0
HDF - Cpe de France des Clubs - Saint pol sur mer - 1er tour Coupe de France U15/17/20 Filles,2025-01-25,U20 Women 64,FRANCHOIS Shawna,61.7,20.0,23.0,25.0,30.0,33.0,35.0,25.0,35.0,60.0
HDF - Cpe de France des Clubs - Saint pol sur mer - 1er tour Coupe de France U15/17/20 Filles,2025-01-25,SEN Men 81,PAPEGAY Florian,75.1,92.0,97.0,101.0,121.0,126.0,-131.0,101.0,126.0,227.0
HDF - Cpe de France des Clubs - Saint pol sur mer - 1er tour Coupe de France U15/17/20 Filles,2025-01-25,SEN Men 89,CHOQUET Matthieu,88.5,88.0,93.0,96.0,115.0,120.0,125.0,96.0,125.0,221.0
HDF - Cpe de France des Clubs - Saint pol sur mer - 1er tour Coupe de France U15/17/20 Filles,2025-01-25,SEN Men >109,FRANCHOIS Kevin,109.8,90.0,95.0,-100.0,105.0,110.0,-0.0,95.0,110.0,205.0
HDF - Cpe de France des Clubs - Saint pol sur mer - 1er tour Coupe de France U15/17/20 Filles,2025-01-25,U15 Women 55,DAVID Lou ann,50.3,20.0,22.0,24.0,30.0,32.0,34.0,24.0,34.0,58.0
HDF - Cpe de France des Clubs - Saint pol sur mer - 1er tour Coupe de France U15/17/20 Filles,2025-01-25,U20 Women 59,BLONDE Camille,58.6,25.0,30.0,35.0,40.0,45.0,50.0,35.0,50.0,85.0
HDF - Cpe de France des Clubs - Saint pol sur mer - 1er tour Coupe de France U15/17/20 Filles,2025-01-25,U20 Women 64,FRANCHOIS Shawna,61.7,20.0,23.0,25.0,30.0,33.0,35.0,25.0,35.0,60.0
HDF - Cpe de France des Clubs - Saint pol sur mer - 1er tour Coupe de France U15/17/20 Filles,2025-01-25,SEN Men 81,PAPEGAY Florian,75.1,92.0,97.0,101.0,121.0,126.0,-131.0,101.0,126.0,227.0
HDF - Cpe de France des Clubs - Saint pol sur mer - 1er tour Coupe de France U15/17/20 Filles,2025-01-25,SEN Men 89,CHOQUET Matthieu,88.5,88.0,93.0,96.0,115.0,120.0,125.0,96.0,125.0,221.0
HDF - Cpe de France des Clubs - Saint pol sur mer - 1er tour Coupe de France U15/17/20 Filles,2025-01-25,SEN Men >109,FRANCHOIS Kevin,109.8,90.0,95.0,-100.0,105.0,110.0,-0.0,95.0,110.0,205.0
HDF - Cpe de France des Clubs - Saint pol sur mer - 1er tour Coupe de France U15/17/20 Filles,2025-01-25,U13 Men 40,DUCHOCHOY Evan,38.9,26.0,28.0,30.0,40.0,42.0,44.0,30.0,44.0,74.0
HDF - Cpe de France des Clubs - Saint pol sur mer - 1er tour Coupe de France U15/17/20 Filles,2025-01-25,U13 Men 40,MOREL Clement,36.82,14.0,15.0,17.0,18.0,19.0,-20.0,17.0,19.0,36.0
HDF - Cpe de France des Clubs - Saint pol sur mer - 1er tour Coupe de France U15/17/20 Filles,2025-01-25,U13 Men 45,CHIZZOLINI Kendjy,42.0,14.0,16.0,-17.0,16.0,18.0,19.0,16.0,19.0,35.0
HDF - Cpe de France des Clubs - Saint pol sur mer - 1er tour Coupe de France U15/17/20 Filles,2025-01-25,U13 Men 67,WAUTHIER Lucas,61.9,30.0,32.0,34.0,42.0,44.0,46.0,34.0,46.0,80.0
HDF - Cpe de France des Clubs - Saint pol sur mer - 1er tour Coupe de France U15/17/20 Filles,2025-01-25,U13 Women 35,LEJEUNE Eleane,28.12,14.0,-15.0,15.0,17.0,-19.0,19.0,15.0,19.0,34.0
HDF - Cpe de France des Clubs - Saint pol sur mer - 1er tour Coupe de France U15/17/20 Filles,2025-01-25,U13 Women 40,RETOURNÉ Soline,35.78,11.0,-13.0,13.0,13.0,-15.0,15.0,13.0,15.0,28.0
HDF - Cpe de France des Clubs - Saint pol sur mer - 1er tour Coupe de France U15/17/20 Filles,2025-01-25,U13 Women 45,HECQUET Maelys,41.36,16.0,18.0,20.0,20.0,22.0,24.0,20.0,24.0,44.0
HDF - Cpe de France des Clubs - Saint pol sur mer - 1er tour Coupe de France U15/17/20 Filles,2025-01-25,U13 Women 55,CHIZZOLINI Inaya,49.52,23.0,25.0,-26.0,29.0,31.0,33.0,25.0,33.0,58.0
HDF - Cpe de France des Clubs - Saint pol sur mer - 1er tour Coupe de France U15/17/20 Filles,2025-01-25,U13 Women 59,WARNET Louise,57.06,17.0,19.0,21.0,20.0,22.0,24.0,21.0,24.0,45.0
HDF - Cpe de France des Clubs - Saint pol sur mer - 1er tour Coupe de France U15/17/20 Filles,2025-01-25,U13 Men 40,DUCHOCHOY Evan,38.9,26.0,28.0,30.0,40.0,42.0,44.0,30.0,44.0,74.0
HDF - Cpe de France des Clubs - Saint pol sur mer - 1er tour Coupe de France U15/17/20 Filles,2025-01-25,U13 Men 40,MOREL Clement,36.82,14.0,15.0,17.0,18.0,19.0,-20.0,17.0,19.0,36.0
HDF - Cpe de France des Clubs - Saint pol sur mer - 1er tour Coupe de France U15/17/20 Filles,2025-01-25,U13 Men 45,CHIZZOLINI Kendjy,42.0,14.0,16.0,-17.0,16.0,18.0,19.0,16.0,19.0,35.0
HDF - Cpe de France des Clubs - Saint pol sur mer - 1er tour Coupe de France U15/17/20 Filles,2025-01-25,U13 Men 67,WAUTHIER Lucas,61.9,30.0,32.0,34.0,42.0,44.0,46.0,34.0,46.0,80.0
HDF - Cpe de France des Clubs - Saint pol sur mer - 1er tour Coupe de France U15/17/20 Filles,2025-01-25,U13 Women 35,LEJEUNE Eleane,28.12,14.0,-15.0,15.0,17.0,-19.0,19.0,15.0,19.0,34.0
HDF - Cpe de France des Clubs - Saint pol sur mer - 1er tour Coupe de France U15/17/20 Filles,2025-01-25,U13 Women 40,RETOURNÉ Soline,35.78,11.0,-13.0,13.0,13.0,-15.0,15.0,13.0,15.0,28.0
HDF - Cpe de France des Clubs - Saint pol sur mer - 1er tour Coupe de France U15/17/20 Filles,2025-01-25,U13 Women 45,HECQUET Maelys,41.36,16.0,18.0,20.0,20.0,22.0,24.0,20.0,24.0,44.0
HDF - Cpe de France des Clubs - Saint pol sur mer - 1er tour Coupe de France U15/17/20 Filles,2025-01-25,U13 Women 55,CHIZZOLINI Inaya,49.52,23.0,25.0,-26.0,29.0,31.0,33.0,25.0,33.0,58.0
HDF - Cpe de France des Clubs - Saint pol sur mer - 1er tour Coupe de France U15/17/20 Filles,2025-01-25,U13 Women 59,WARNET Louise,57.06,17.0,19.0,21.0,20.0,22.0,24.0,21.0,24.0,45.0
HDF - Cpe de France des Clubs - Saint pol sur mer - 1er tour Coupe de France U15/17/20 Filles,2025-01-25,U15 Women 55,BACHELET Louna,54.2,32.0,34.0,36.0,37.0,40.0,43.0,36.0,43.0,79.0
HDF - Cpe de France des Clubs - Saint pol sur mer - 1er tour Coupe de France U15/17/20 Filles,2025-01-25,U15 Women 55,LAFFILEZ Zia,54.56,25.0,-27.0,-27.0,32.0,36.0,38.0,25.0,38.0,63.0
HDF - Cpe de France des Clubs - Saint pol sur mer - 1er tour Coupe de France U15/17/20 Filles,2025-01-25,U15 Women 55,DINOUARD Louison,54.34,21.0,24.0,27.0,26.0,29.0,31.0,27.0,31.0,58.0
HDF - Cpe de France des Clubs - Saint pol sur mer - 1er tour Coupe de France U15/17/20 Filles,2025-01-25,U15 Women 59,BOUCHEZ Clarys,56.44,32.0,35.0,36.0,41.0,44.0,46.0,36.0,46.0,82.0
HDF - Cpe de France des Clubs - Saint pol sur mer - 1er tour Coupe de France U15/17/20 Filles,2025-01-25,U15 Women 64,QUINET Esther,61.18,34.0,37.0,39.0,46.0,49.0,50.0,39.0,50.0,89.0
HDF - Cpe de France des Clubs - Saint pol sur mer - 1er tour Coupe de France U15/17/20 Filles,2025-01-25,U20 Women 76,NOURTIER Lyla,75.08,60.0,64.0,-67.0,75.0,78.0,80.0,64.0,80.0,144.0
HDF - Cpe de France des Clubs - Saint pol sur mer - 1er tour Coupe de France U15/17/20 Filles,2025-01-25,U15 Women 55,BACHELET Louna,54.2,32.0,34.0,36.0,37.0,40.0,43.0,36.0,43.0,79.0
HDF - Cpe de France des Clubs - Saint pol sur mer - 1er tour Coupe de France U15/17/20 Filles,2025-01-25,U15 Women 55,LAFFILEZ Zia,54.56,25.0,-27.0,-27.0,32.0,36.0,38.0,25.0,38.0,63.0
HDF - Cpe de France des Clubs - Saint pol sur mer - 1er tour Coupe de France U15/17/20 Filles,2025-01-25,U15 Women 55,DINOUARD Louison,54.34,21.0,24.0,27.0,26.0,29.0,31.0,27.0,31.0,58.0
HDF - Cpe de France des Clubs - Saint pol sur mer - 1er tour Coupe de France U15/17/20 Filles,2025-01-25,U15 Women 59,BOUCHEZ Clarys,56.44,32.0,35.0,36.0,41.0,44.0,46.0,36.0,46.0,82.0
HDF - Cpe de France des Clubs - Saint pol sur mer - 1er tour Coupe de France U15/17/20 Filles,2025-01-25,U15 Women 64,QUINET Esther,61.18,34.0,37.0,39.0,46.0,49.0,50.0,39.0,50.0,89.0
HDF - Cpe de France des Clubs - Saint pol sur mer - 1er tour Coupe de France U15/17/20 Filles,2025-01-25,U20 Women 76,NOURTIER Lyla,75.08,60.0,64.0,-67.0,75.0,78.0,80.0,64.0,80.0,144.0
HDF - Cpe de France des Clubs - Saint pol sur mer - 1er tour Coupe de France U15/17/20 Filles,2025-01-25,U15 Men 49,MOREL Matthis,43.3,26.0,28.0,-31.0,35.0,38.0,40.0,28.0,40.0,68.0
HDF - Cpe de France des Clubs - Saint pol sur mer - 1er tour Coupe de France U15/17/20 Filles,2025-01-25,U15 Men 49,BRIHAYE Enzo,43.08,20.0,22.0,-24.0,23.0,25.0,27.0,22.0,27.0,49.0
HDF - Cpe de France des Clubs - Saint pol sur mer - 1er tour Coupe de France U15/17/20 Filles,2025-01-25,U15 Men 67,LECOMTE Noa,66.6,36.0,40.0,41.0,46.0,49.0,51.0,41.0,51.0,92.0
HDF - Cpe de France des Clubs - Saint pol sur mer - 1er tour Coupe de France U15/17/20 Filles,2025-01-25,U15 Men 73,FLUTEAUX Marcus,72.4,35.0,38.0,-39.0,37.0,40.0,43.0,38.0,43.0,81.0
HDF - Cpe de France des Clubs - Saint pol sur mer - 1er tour Coupe de France U15/17/20 Filles,2025-01-25,U15 Men 81,BRIHAYE Leo,73.6,20.0,22.0,-24.0,23.0,25.0,27.0,22.0,27.0,49.0
HDF - Cpe de France des Clubs - Saint pol sur mer - 1er tour Coupe de France U15/17/20 Filles,2025-01-25,U15 Men 81,GONERA Sullyvan,73.8,18.0,20.0,-22.0,-20.0,22.0,23.0,20.0,23.0,43.0
HDF - Cpe de France des Clubs - Saint pol sur mer - 1er tour Coupe de France U15/17/20 Filles,2025-01-25,U15 Men 96,PINTO Wandrille,90.2,24.0,26.0,28.0,26.0,-29.0,31.0,28.0,31.0,59.0
HDF - Cpe de France des Clubs - Saint pol sur mer - 1er tour Coupe de France U15/17/20 Filles,2025-01-25,U17 Men 67,PINCHON Lucas,65.2,35.0,38.0,-40.0,45.0,-50.0,-50.0,38.0,45.0,83.0
HDF - Cpe de France des Clubs - Saint pol sur mer - 1er tour Coupe de France U15/17/20 Filles,2025-01-25,U20 Men 73,VARLET Aymeric,67.8,-60.0,60.0,65.0,75.0,80.0,-83.0,65.0,80.0,145.0
HDF - Cpe de France des Clubs - Saint pol sur mer - 1er tour Coupe de France U15/17/20 Filles,2025-01-25,U20 Men 73,DUMEIGE Rémy,68.9,60.0,-65.0,-65.0,75.0,-80.0,80.0,60.0,80.0,140.0
HDF - Cpe de France des Clubs - Saint pol sur mer - 1er tour Coupe de France U15/17/20 Filles,2025-01-25,U20 Men 109,SOMBRET Raphael,104.8,54.0,57.0,-60.0,70.0,75.0,78.0,57.0,78.0,135.0
HDF - Cpe de France des Clubs - Saint pol sur mer - 1er tour Coupe de France U15/17/20 Filles,2025-01-25,U15 Men 49,MOREL Matthis,43.3,26.0,28.0,-31.0,35.0,38.0,40.0,28.0,40.0,68.0
HDF - Cpe de France des Clubs - Saint pol sur mer - 1er tour Coupe de France U15/17/20 Filles,2025-01-25,U15 Men 49,BRIHAYE Enzo,43.08,20.0,22.0,-24.0,23.0,25.0,27.0,22.0,27.0,49.0
HDF - Cpe de France des Clubs - Saint pol sur mer - 1er tour Coupe de France U15/17/20 Filles,2025-01-25,U15 Men 67,LECOMTE Noa,66.6,36.0,40.0,41.0,46.0,49.0,51.0,41.0,51.0,92.0
HDF - Cpe de France des Clubs - Saint pol sur mer - 1er tour Coupe de France U15/17/20 Filles,2025-01-25,U15 Men 73,FLUTEAUX Marcus,72.4,35.0,38.0,-39.0,37.0,40.0,43.0,38.0,43.0,81.0
HDF - Cpe de France des Clubs - Saint pol sur mer - 1er tour Coupe de France U15/17/20 Filles,2025-01-25,U15 Men 81,BRIHAYE Leo,73.6,20.0,22.0,-24.0,23.0,25.0,27.0,22.0,27.0,49.0
HDF - Cpe de France des Clubs - Saint pol sur mer - 1er tour Coupe de France U15/17/20 Filles,2025-01-25,U15 Men 81,GONERA Sullyvan,73.8,18.0,20.0,-22.0,-20.0,22.0,23.0,20.0,23.0,43.0
HDF - Cpe de France des Clubs - Saint pol sur mer - 1er tour Coupe de France U15/17/20 Filles,2025-01-25,U15 Men 96,PINTO Wandrille,90.2,24.0,26.0,28.0,26.0,-29.0,31.0,28.0,31.0,59.0
HDF - Cpe de France des Clubs - Saint pol sur mer - 1er tour Coupe de France U15/17/20 Filles,2025-01-25,U17 Men 67,PINCHON Lucas,65.2,35.0,38.0,-40.0,45.0,-50.0,-50.0,38.0,45.0,83.0
HDF - Cpe de France des Clubs - Saint pol sur mer - 1er tour Coupe de France U15/17/20 Filles,2025-01-25,U20 Men 73,VARLET Aymeric,67.8,-60.0,60.0,65.0,75.0,80.0,-83.0,65.0,80.0,145.0
HDF - Cpe de France des Clubs - Saint pol sur mer - 1er tour Coupe de France U15/17/20 Filles,2025-01-25,U20 Men 73,DUMEIGE Rémy,68.9,60.0,-65.0,-65.0,75.0,-80.0,80.0,60.0,80.0,140.0
HDF - Cpe de France des Clubs - Saint pol sur mer - 1er tour Coupe de France U15/17/20 Filles,2025-01-25,U20 Men 109,SOMBRET Raphael,104.8,54.0,57.0,-60.0,70.0,75.0,78.0,57.0,78.0,135.0
HDF - Cpe de France des Clubs - Saint pol sur mer - 1er tour Coupe de France U15/17/20 Filles,2025-01-25,U13 Men 35,SERROUT DE LA CARRE Youan,30.67,16.0,18.0,19.0,23.0,24.0,25.0,19.0,25.0,44.0
HDF - Cpe de France des Clubs - Saint pol sur mer - 1er tour Coupe de France U15/17/20 Filles,2025-01-25,U13 Men 35,WISSAADEN Anass,31.73,13.0,15.0,17.0,17.0,-19.0,19.0,17.0,19.0,36.0
HDF - Cpe de France des Clubs - Saint pol sur mer - 1er tour Coupe de France U15/17/20 Filles,2025-01-25,U13 Men 35,DENHEZ Nolan,34.86,9.0,11.0,12.0,13.0,15.0,-17.0,12.0,15.0,27.0
HDF - Cpe de France des Clubs - Saint pol sur mer - 1er tour Coupe de France U15/17/20 Filles,2025-01-25,U13 Men 40,DELABRE Leo,36.19,19.0,20.0,21.0,26.0,28.0,30.0,21.0,30.0,51.0
HDF - Cpe de France des Clubs - Saint pol sur mer - 1er tour Coupe de France U15/17/20 Filles,2025-01-25,U13 Men 45,MARLOT NIZET Mathéo,43.77,21.0,-23.0,23.0,33.0,34.0,36.0,23.0,36.0,59.0
HDF - Cpe de France des Clubs - Saint pol sur mer - 1er tour Coupe de France U15/17/20 Filles,2025-01-25,U13 Men 49,CORDEIRO Clement,47.72,19.0,21.0,-23.0,-24.0,24.0,26.0,21.0,26.0,47.0
HDF - Cpe de France des Clubs - Saint pol sur mer - 1er tour Coupe de France U15/17/20 Filles,2025-01-25,U13 Men 49,DEBAISIEUX Ryan,46.45,17.0,18.0,-20.0,21.0,23.0,-25.0,18.0,23.0,41.0
HDF - Cpe de France des Clubs - Saint pol sur mer - 1er tour Coupe de France U15/17/20 Filles,2025-01-25,U13 Men 55,BOUCKÉ Luc,50.15,36.0,38.0,40.0,50.0,52.0,54.0,40.0,54.0,94.0
HDF - Cpe de France des Clubs - Saint pol sur mer - 1er tour Coupe de France U15/17/20 Filles,2025-01-25,U13 Men 61,BENBAHLOULI Moncef,59.0,22.0,23.0,25.0,-36.0,36.0,38.0,25.0,38.0,63.0
HDF - Cpe de France des Clubs - Saint pol sur mer - 1er tour Coupe de France U15/17/20 Filles,2025-01-25,U13 Men 73,COUSIN Thibault,70.69,14.0,16.0,18.0,20.0,22.0,24.0,18.0,24.0,42.0
HDF - Cpe de France des Clubs - Saint pol sur mer - 1er tour Coupe de France U15/17/20 Filles,2025-01-25,U13 Men >73,PENEZ Nathaniel,74.51,16.0,18.0,-20.0,21.0,23.0,25.0,18.0,25.0,43.0
HDF - Cpe de France des Clubs - Saint pol sur mer - 1er tour Coupe de France U15/17/20 Filles,2025-01-25,U13 Women 40,RHAMDAMI-KALLIFA Khadidja,37.96,20.0,22.0,-23.0,30.0,31.0,33.0,22.0,33.0,55.0
HDF - Cpe de France des Clubs - Saint pol sur mer - 1er tour Coupe de France U15/17/20 Filles,2025-01-25,U13 Women 45,PEREIRA Amalia,42.98,27.0,28.0,30.0,39.0,40.0,42.0,30.0,42.0,72.0
HDF - Cpe de France des Clubs - Saint pol sur mer - 1er tour Coupe de France U15/17/20 Filles,2025-01-25,U13 Women 45,RIQUIER Marie,40.98,16.0,18.0,-20.0,24.0,26.0,28.0,18.0,28.0,46.0
HDF - Cpe de France des Clubs - Saint pol sur mer - 1er tour Coupe de France U15/17/20 Filles,2025-01-25,U13 Women 49,BEAUGER Clara,46.0,36.0,38.0,40.0,45.0,47.0,49.0,40.0,49.0,89.0
HDF - Cpe de France des Clubs - Saint pol sur mer - 1er tour Coupe de France U15/17/20 Filles,2025-01-25,U13 Women 49,DECORTE-DELHAIE Leonie,46.18,16.0,18.0,20.0,28.0,30.0,32.0,20.0,32.0,52.0
HDF - Cpe de France des Clubs - Saint pol sur mer - 1er tour Coupe de France U15/17/20 Filles,2025-01-25,U13 Women 49,BRAUD Nina,49.0,16.0,18.0,-20.0,22.0,24.0,26.0,18.0,26.0,44.0
HDF - Cpe de France des Clubs - Saint pol sur mer - 1er tour Coupe de France U15/17/20 Filles,2025-01-25,U13 Women 71,THIRY Cheyenne,70.9,30.0,32.0,34.0,38.0,40.0,42.0,34.0,42.0,76.0
HDF - Cpe de France des Clubs - Saint pol sur mer - 1er tour Coupe de France U15/17/20 Filles,2025-01-25,U13 Men 35,SERROUT DE LA CARRE Youan,30.67,16.0,18.0,19.0,23.0,24.0,25.0,19.0,25.0,44.0
HDF - Cpe de France des Clubs - Saint pol sur mer - 1er tour Coupe de France U15/17/20 Filles,2025-01-25,U13 Men 35,WISSAADEN Anass,31.73,13.0,15.0,17.0,17.0,-19.0,19.0,17.0,19.0,36.0
HDF - Cpe de France des Clubs - Saint pol sur mer - 1er tour Coupe de France U15/17/20 Filles,2025-01-25,U13 Men 35,DENHEZ Nolan,34.86,9.0,11.0,12.0,13.0,15.0,-17.0,12.0,15.0,27.0
HDF - Cpe de France des Clubs - Saint pol sur mer - 1er tour Coupe de France U15/17/20 Filles,2025-01-25,U13 Men 40,DELABRE Leo,36.19,19.0,20.0,21.0,26.0,28.0,30.0,21.0,30.0,51.0
HDF - Cpe de France des Clubs - Saint pol sur mer - 1er tour Coupe de France U15/17/20 Filles,2025-01-25,U13 Men 45,MARLOT NIZET Mathéo,43.77,21.0,-23.0,23.0,33.0,34.0,36.0,23.0,36.0,59.0
HDF - Cpe de France des Clubs - Saint pol sur mer - 1er tour Coupe de France U15/17/20 Filles,2025-01-25,U13 Men 49,CORDEIRO Clement,47.72,19.0,21.0,-23.0,-24.0,24.0,26.0,21.0,26.0,47.0
HDF - Cpe de France des Clubs - Saint pol sur mer - 1er tour Coupe de France U15/17/20 Filles,2025-01-25,U13 Men 49,DEBAISIEUX Ryan,46.45,17.0,18.0,-20.0,21.0,23.0,-25.0,18.0,23.0,41.0
HDF - Cpe de France des Clubs - Saint pol sur mer - 1er tour Coupe de France U15/17/20 Filles,2025-01-25,U13 Men 55,BOUCKÉ Luc,50.15,36.0,38.0,40.0,50.0,52.0,54.0,40.0,54.0,94.0
HDF - Cpe de France des Clubs - Saint pol sur mer - 1er tour Coupe de France U15/17/20 Filles,2025-01-25,U13 Men 61,BENBAHLOULI Moncef,59.0,22.0,23.0,25.0,-36.0,36.0,38.0,25.0,38.0,63.0
HDF - Cpe de France des Clubs - Saint pol sur mer - 1er tour Coupe de France U15/17/20 Filles,2025-01-25,U13 Men 73,COUSIN Thibault,70.69,14.0,16.0,18.0,20.0,22.0,24.0,18.0,24.0,42.0
HDF - Cpe de France des Clubs - Saint pol sur mer - 1er tour Coupe de France U15/17/20 Filles,2025-01-25,U13 Men >73,PENEZ Nathaniel,74.51,16.0,18.0,-20.0,21.0,23.0,25.0,18.0,25.0,43.0
HDF - Cpe de France des Clubs - Saint pol sur mer - 1er tour Coupe de France U15/17/20 Filles,2025-01-25,U13 Women 40,RHAMDAMI-KALLIFA Khadidja,37.96,20.0,22.0,-23.0,30.0,31.0,33.0,22.0,33.0,55.0
HDF - Cpe de France des Clubs - Saint pol sur mer - 1er tour Coupe de France U15/17/20 Filles,2025-01-25,U13 Women 45,PEREIRA Amalia,42.98,27.0,28.0,30.0,39.0,40.0,42.0,30.0,42.0,72.0
HDF - Cpe de France des Clubs - Saint pol sur mer - 1er tour Coupe de France U15/17/20 Filles,2025-01-25,U13 Women 45,RIQUIER Marie,40.98,16.0,18.0,-20.0,24.0,26.0,28.0,18.0,28.0,46.0
HDF - Cpe de France des Clubs - Saint pol sur mer - 1er tour Coupe de France U15/17/20 Filles,2025-01-25,U13 Women 49,BEAUGER Clara,46.0,36.0,38.0,40.0,45.0,47.0,49.0,40.0,49.0,89.0
HDF - Cpe de France des Clubs - Saint pol sur mer - 1er tour Coupe de France U15/17/20 Filles,2025-01-25,U13 Women 49,DECORTE-DELHAIE Leonie,46.18,16.0,18.0,20.0,28.0,30.0,32.0,20.0,32.0,52.0
HDF - Cpe de France des Clubs - Saint pol sur mer - 1er tour Coupe de France U15/17/20 Filles,2025-01-25,U13 Women 49,BRAUD Nina,49.0,16.0,18.0,-20.0,22.0,24.0,26.0,18.0,26.0,44.0
HDF - Cpe de France des Clubs - Saint pol sur mer - 1er tour Coupe de France U15/17/20 Filles,2025-01-25,U13 Women 71,THIRY Cheyenne,70.9,30.0,32.0,34.0,38.0,40.0,42.0,34.0,42.0,76.0
HDF - Cpe de France des Clubs - Saint pol sur mer - 1er tour Coupe de France U15/17/20 Filles,2025-01-25,U15 Women 40,RIQUIER Alicia,38.3,18.0,21.0,-23.0,26.0,29.0,31.0,21.0,31.0,52.0
HDF - Cpe de France des Clubs - Saint pol sur mer - 1er tour Coupe de France U15/17/20 Filles,2025-01-25,U15 Women 55,DEVYNCK Elyn,53.08,25.0,-27.0,27.0,27.0,30.0,33.0,27.0,33.0,60.0
HDF - Cpe de France des Clubs - Saint pol sur mer - 1er tour Coupe de France U15/17/20 Filles,2025-01-25,U15 Women 59,AZAHAF Maissa,56.22,16.0,-18.0,-18.0,18.0,23.0,25.0,16.0,25.0,41.0
HDF - Cpe de France des Clubs - Saint pol sur mer - 1er tour Coupe de France U15/17/20 Filles,2025-01-25,U15 Women 76,FONTENELLE Chloe,73.88,50.0,-53.0,-53.0,64.0,67.0,-70.0,50.0,67.0,117.0
HDF - Cpe de France des Clubs - Saint pol sur mer - 1er tour Coupe de France U15/17/20 Filles,2025-01-25,U15 Women >81,PANNECOUCKE Sofia,84.75,28.0,31.0,33.0,35.0,37.0,40.0,33.0,40.0,73.0
HDF - Cpe de France des Clubs - Saint pol sur mer - 1er tour Coupe de France U15/17/20 Filles,2025-01-25,U17 Women 55,BEAUGER Louna,53.22,-40.0,41.0,-43.0,52.0,56.0,-60.0,41.0,56.0,97.0
HDF - Cpe de France des Clubs - Saint pol sur mer - 1er tour Coupe de France U15/17/20 Filles,2025-01-25,U17 Women 55,LARUE Nina,52.66,17.0,20.0,-22.0,24.0,27.0,-30.0,20.0,27.0,47.0
HDF - Cpe de France des Clubs - Saint pol sur mer - 1er tour Coupe de France U15/17/20 Filles,2025-01-25,U17 Women 64,GUINET Romane,59.7,27.0,29.0,31.0,35.0,38.0,-40.0,31.0,38.0,69.0
HDF - Cpe de France des Clubs - Saint pol sur mer - 1er tour Coupe de France U15/17/20 Filles,2025-01-25,U17 Women 71,FONTENELLE Lea,69.29,50.0,53.0,-55.0,64.0,67.0,-70.0,53.0,67.0,120.0
HDF - Cpe de France des Clubs - Saint pol sur mer - 1er tour Coupe de France U15/17/20 Filles,2025-01-25,U17 Women 71,HOFLACK Laura,70.08,50.0,-53.0,53.0,-64.0,64.0,-67.0,53.0,64.0,117.0
HDF - Cpe de France des Clubs - Saint pol sur mer - 1er tour Coupe de France U15/17/20 Filles,2025-01-25,U17 Women 76,LEBLANC Clara,75.7,23.0,26.0,29.0,28.0,31.0,35.0,29.0,35.0,64.0
HDF - Cpe de France des Clubs - Saint pol sur mer - 1er tour Coupe de France U15/17/20 Filles,2025-01-25,U17 Women >81,PANNECOUCKE Inès,82.73,23.0,25.0,-27.0,33.0,36.0,39.0,25.0,39.0,64.0
HDF - Cpe de France des Clubs - Saint pol sur mer - 1er tour Coupe de France U15/17/20 Filles,2025-01-25,U20 Women 59,LEBOUBE Cyrielle,58.87,35.0,-38.0,38.0,48.0,-51.0,-52.0,38.0,48.0,86.0
HDF - Cpe de France des Clubs - Saint pol sur mer - 1er tour Coupe de France U15/17/20 Filles,2025-01-25,U20 Women 64,DECORTE Naomie,59.4,30.0,33.0,-35.0,40.0,43.0,-45.0,33.0,43.0,76.0
HDF - Cpe de France des Clubs - Saint pol sur mer - 1er tour Coupe de France U15/17/20 Filles,2025-01-25,U20 Women 64,ARMAND Constance,62.93,15.0,-18.0,-18.0,20.0,-22.0,22.0,15.0,22.0,37.0
HDF - Cpe de France des Clubs - Saint pol sur mer - 1er tour Coupe de France U15/17/20 Filles,2025-01-25,U15 Women 40,RIQUIER Alicia,38.3,18.0,21.0,-23.0,26.0,29.0,31.0,21.0,31.0,52.0
HDF - Cpe de France des Clubs - Saint pol sur mer - 1er tour Coupe de France U15/17/20 Filles,2025-01-25,U15 Women 55,DEVYNCK Elyn,53.08,25.0,-27.0,27.0,27.0,30.0,33.0,27.0,33.0,60.0
HDF - Cpe de France des Clubs - Saint pol sur mer - 1er tour Coupe de France U15/17/20 Filles,2025-01-25,U15 Women 59,AZAHAF Maissa,56.22,16.0,-18.0,-18.0,18.0,23.0,25.0,16.0,25.0,41.0
HDF - Cpe de France des Clubs - Saint pol sur mer - 1er tour Coupe de France U15/17/20 Filles,2025-01-25,U15 Women 76,FONTENELLE Chloe,73.88,50.0,-53.0,-53.0,64.0,67.0,-70.0,50.0,67.0,117.0
HDF - Cpe de France des Clubs - Saint pol sur mer - 1er tour Coupe de France U15/17/20 Filles,2025-01-25,U15 Women >81,PANNECOUCKE Sofia,84.75,28.0,31.0,33.0,35.0,37.0,40.0,33.0,40.0,73.0
HDF - Cpe de France des Clubs - Saint pol sur mer - 1er tour Coupe de France U15/17/20 Filles,2025-01-25,U17 Women 55,BEAUGER Louna,53.22,-40.0,41.0,-43.0,52.0,56.0,-60.0,41.0,56.0,97.0
HDF - Cpe de France des Clubs - Saint pol sur mer - 1er tour Coupe de France U15/17/20 Filles,2025-01-25,U17 Women 55,LARUE Nina,52.66,17.0,20.0,-22.0,24.0,27.0,-30.0,20.0,27.0,47.0
HDF - Cpe de France des Clubs - Saint pol sur mer - 1er tour Coupe de France U15/17/20 Filles,2025-01-25,U17 Women 64,GUINET Romane,59.7,27.0,29.0,31.0,35.0,38.0,-40.0,31.0,38.0,69.0
HDF - Cpe de France des Clubs - Saint pol sur mer - 1er tour Coupe de France U15/17/20 Filles,2025-01-25,U17 Women 71,FONTENELLE Lea,69.29,50.0,53.0,-55.0,64.0,67.0,-70.0,53.0,67.0,120.0
HDF - Cpe de France des Clubs - Saint pol sur mer - 1er tour Coupe de France U15/17/20 Filles,2025-01-25,U17 Women 71,HOFLACK Laura,70.08,50.0,-53.0,53.0,-64.0,64.0,-67.0,53.0,64.0,117.0
HDF - Cpe de France des Clubs - Saint pol sur mer - 1er tour Coupe de France U15/17/20 Filles,2025-01-25,U17 Women 76,LEBLANC Clara,75.7,23.0,26.0,29.0,28.0,31.0,35.0,29.0,35.0,64.0
HDF - Cpe de France des Clubs - Saint pol sur mer - 1er tour Coupe de France U15/17/20 Filles,2025-01-25,U17 Women >81,PANNECOUCKE Inès,82.73,23.0,25.0,-27.0,33.0,36.0,39.0,25.0,39.0,64.0
HDF - Cpe de France des Clubs - Saint pol sur mer - 1er tour Coupe de France U15/17/20 Filles,2025-01-25,U20 Women 59,LEBOUBE Cyrielle,58.87,35.0,-38.0,38.0,48.0,-51.0,-52.0,38.0,48.0,86.0
HDF - Cpe de France des Clubs - Saint pol sur mer - 1er tour Coupe de France U15/17/20 Filles,2025-01-25,U20 Women 64,DECORTE Naomie,59.4,30.0,33.0,-35.0,40.0,43.0,-45.0,33.0,43.0,76.0
HDF - Cpe de France des Clubs - Saint pol sur mer - 1er tour Coupe de France U15/17/20 Filles,2025-01-25,U20 Women 64,ARMAND Constance,62.93,15.0,-18.0,-18.0,20.0,-22.0,22.0,15.0,22.0,37.0
HDF - Cpe de France des Clubs - Saint pol sur mer - 1er tour Coupe de France U15/17/20 Filles,2025-01-25,U15 Women 59,VERON Mailine,57.2,20.0,22.0,-24.0,30.0,32.0,-34.0,22.0,32.0,54.0
HDF - Cpe de France des Clubs - Saint pol sur mer - 1er tour Coupe de France U15/17/20 Filles,2025-01-25,U17 Women 59,LOIRE Angèle,58.7,27.0,29.0,31.0,40.0,43.0,-46.0,31.0,43.0,74.0
HDF - Cpe de France des Clubs - Saint pol sur mer - 1er tour Coupe de France U15/17/20 Filles,2025-01-25,SEN Women 59,BEYER Nadège,58.9,20.0,22.0,23.0,22.0,27.0,-30.0,23.0,27.0,50.0
HDF - Cpe de France des Clubs - Saint pol sur mer - 1er tour Coupe de France U15/17/20 Filles,2025-01-25,SEN Women 64,REYNDERS Jessica,62.0,44.0,-47.0,47.0,50.0,55.0,-61.0,47.0,55.0,102.0
HDF - Cpe de France des Clubs - Saint pol sur mer - 1er tour Coupe de France U15/17/20 Filles,2025-01-25,SEN Women 71,GAILLARD Ambre,67.94,48.0,52.0,-56.0,55.0,60.0,65.0,52.0,65.0,117.0
HDF - Cpe de France des Clubs - Saint pol sur mer - 1er tour Coupe de France U15/17/20 Filles,2025-01-25,SEN Women 71,BEAUSSART Estelle,70.1,45.0,49.0,52.0,60.0,64.0,67.0,52.0,67.0,119.0
HDF - Cpe de France des Clubs - Saint pol sur mer - 1er tour Coupe de France U15/17/20 Filles,2025-01-25,SEN Women 71,VERVAECKE Camille,67.73,10.0,13.0,15.0,16.0,18.0,20.0,15.0,20.0,35.0
HDF - Cpe de France des Clubs - Saint pol sur mer - 1er tour Coupe de France U15/17/20 Filles,2025-01-25,SEN Women 76,DEGRANDE Eloïse,75.95,35.0,40.0,42.0,50.0,55.0,-60.0,42.0,55.0,97.0
HDF - Cpe de France des Clubs - Saint pol sur mer - 1er tour Coupe de France U15/17/20 Filles,2025-01-25,SEN Women 87,GREMBER Oriane,81.3,61.0,65.0,68.0,80.0,-84.0,-0.0,68.0,80.0,148.0
HDF - Cpe de France des Clubs - Saint pol sur mer - 1er tour Coupe de France U15/17/20 Filles,2025-01-25,U20 Men 61,DEHANE Raphael,57.74,60.0,-65.0,65.0,80.0,85.0,-0.0,65.0,85.0,150.0
HDF - Cpe de France des Clubs - Saint pol sur mer - 1er tour Coupe de France U15/17/20 Filles,2025-01-25,U20 Men 81,COUTTEURE Lucas,75.7,50.0,53.0,-55.0,65.0,70.0,-75.0,53.0,70.0,123.0
HDF - Cpe de France des Clubs - Saint pol sur mer - 1er tour Coupe de France U15/17/20 Filles,2025-01-25,SEN Men 73,BEYER Antoine,72.83,-86.0,87.0,92.0,102.0,-106.0,107.0,92.0,107.0,199.0
HDF - Cpe de France des Clubs - Saint pol sur mer - 1er tour Coupe de France U15/17/20 Filles,2025-01-25,SEN Men 73,BOUILLET Mathis,69.6,70.0,-74.0,-77.0,90.0,94.0,97.0,70.0,97.0,167.0
HDF - Cpe de France des Clubs - Saint pol sur mer - 1er tour Coupe de France U15/17/20 Filles,2025-01-25,SEN Men 73,FONTENELLE Ludovic,70.57,70.0,75.0,80.0,60.0,-0.0,-0.0,80.0,60.0,140.0
HDF - Cpe de France des Clubs - Saint pol sur mer - 1er tour Coupe de France U15/17/20 Filles,2025-01-25,SEN Men 89,HUART Alexandre,88.9,75.0,80.0,-86.0,95.0,100.0,-103.0,80.0,100.0,180.0
HDF - Cpe de France des Clubs - Saint pol sur mer - 1er tour Coupe de France U15/17/20 Filles,2025-01-25,SEN Men 89,BEYER Jean-christophe,84.0,70.0,73.0,-76.0,85.0,91.0,93.0,73.0,93.0,166.0
HDF - Cpe de France des Clubs - Saint pol sur mer - 1er tour Coupe de France U15/17/20 Filles,2025-01-25,SEN Men 89,FORREST Xavier,84.72,47.0,51.0,-55.0,67.0,-75.0,-75.0,51.0,67.0,118.0
HDF - Cpe de France des Clubs - Saint pol sur mer - 1er tour Coupe de France U15/17/20 Filles,2025-01-25,SEN Men 89,THIRY Jean-marc,83.38,40.0,-42.0,44.0,-50.0,50.0,53.0,44.0,53.0,97.0
HDF - Cpe de France des Clubs - Saint pol sur mer - 1er tour Coupe de France U15/17/20 Filles,2025-01-25,U15 Women 59,VERON Mailine,57.2,20.0,22.0,-24.0,30.0,32.0,-34.0,22.0,32.0,54.0
HDF - Cpe de France des Clubs - Saint pol sur mer - 1er tour Coupe de France U15/17/20 Filles,2025-01-25,U17 Women 59,LOIRE Angèle,58.7,27.0,29.0,31.0,40.0,43.0,-46.0,31.0,43.0,74.0
HDF - Cpe de France des Clubs - Saint pol sur mer - 1er tour Coupe de France U15/17/20 Filles,2025-01-25,SEN Women 59,BEYER Nadège,58.9,20.0,22.0,23.0,22.0,27.0,-30.0,23.0,27.0,50.0
HDF - Cpe de France des Clubs - Saint pol sur mer - 1er tour Coupe de France U15/17/20 Filles,2025-01-25,SEN Women 64,REYNDERS Jessica,62.0,44.0,-47.0,47.0,50.0,55.0,-61.0,47.0,55.0,102.0
HDF - Cpe de France des Clubs - Saint pol sur mer - 1er tour Coupe de France U15/17/20 Filles,2025-01-25,SEN Women 71,GAILLARD Ambre,67.94,48.0,52.0,-56.0,55.0,60.0,65.0,52.0,65.0,117.0
HDF - Cpe de France des Clubs - Saint pol sur mer - 1er tour Coupe de France U15/17/20 Filles,2025-01-25,SEN Women 71,BEAUSSART Estelle,70.1,45.0,49.0,52.0,60.0,64.0,67.0,52.0,67.0,119.0
HDF - Cpe de France des Clubs - Saint pol sur mer - 1er tour Coupe de France U15/17/20 Filles,2025-01-25,SEN Women 71,VERVAECKE Camille,67.73,10.0,13.0,15.0,16.0,18.0,20.0,15.0,20.0,35.0
HDF - Cpe de France des Clubs - Saint pol sur mer - 1er tour Coupe de France U15/17/20 Filles,2025-01-25,SEN Women 76,DEGRANDE Eloïse,75.95,35.0,40.0,42.0,50.0,55.0,-60.0,42.0,55.0,97.0
HDF - Cpe de France des Clubs - Saint pol sur mer - 1er tour Coupe de France U15/17/20 Filles,2025-01-25,SEN Women 87,GREMBER Oriane,81.3,61.0,65.0,68.0,80.0,-84.0,-0.0,68.0,80.0,148.0
HDF - Cpe de France des Clubs - Saint pol sur mer - 1er tour Coupe de France U15/17/20 Filles,2025-01-25,U20 Men 61,DEHANE Raphael,57.74,60.0,-65.0,65.0,80.0,85.0,-0.0,65.0,85.0,150.0
HDF - Cpe de France des Clubs - Saint pol sur mer - 1er tour Coupe de France U15/17/20 Filles,2025-01-25,U20 Men 81,COUTTEURE Lucas,75.7,50.0,53.0,-55.0,65.0,70.0,-75.0,53.0,70.0,123.0
HDF - Cpe de France des Clubs - Saint pol sur mer - 1er tour Coupe de France U15/17/20 Filles,2025-01-25,SEN Men 73,BEYER Antoine,72.83,-86.0,87.0,92.0,102.0,-106.0,107.0,92.0,107.0,199.0
HDF - Cpe de France des Clubs - Saint pol sur mer - 1er tour Coupe de France U15/17/20 Filles,2025-01-25,SEN Men 73,BOUILLET Mathis,69.6,70.0,-74.0,-77.0,90.0,94.0,97.0,70.0,97.0,167.0
HDF - Cpe de France des Clubs - Saint pol sur mer - 1er tour Coupe de France U15/17/20 Filles,2025-01-25,SEN Men 73,FONTENELLE Ludovic,70.57,70.0,75.0,80.0,60.0,-0.0,-0.0,80.0,60.0,140.0
HDF - Cpe de France des Clubs - Saint pol sur mer - 1er tour Coupe de France U15/17/20 Filles,2025-01-25,SEN Men 89,HUART Alexandre,88.9,75.0,80.0,-86.0,95.0,100.0,-103.0,80.0,100.0,180.0
HDF - Cpe de France des Clubs - Saint pol sur mer - 1er tour Coupe de France U15/17/20 Filles,2025-01-25,SEN Men 89,BEYER Jean-christophe,84.0,70.0,73.0,-76.0,85.0,91.0,93.0,73.0,93.0,166.0
HDF - Cpe de France des Clubs - Saint pol sur mer - 1er tour Coupe de France U15/17/20 Filles,2025-01-25,SEN Men 89,FORREST Xavier,84.72,47.0,51.0,-55.0,67.0,-75.0,-75.0,51.0,67.0,118.0
HDF - Cpe de France des Clubs - Saint pol sur mer - 1er tour Coupe de France U15/17/20 Filles,2025-01-25,SEN Men 89,THIRY Jean-marc,83.38,40.0,-42.0,44.0,-50.0,50.0,53.0,44.0,53.0,97.0
HDF - Cpe de France des Clubs - Saint pol sur mer - 1er tour Coupe de France U15/17/20 Filles,2025-01-25,U15 Men 49,STASZAK Yanis,48.7,-17.0,17.0,-19.0,27.0,30.0,32.0,17.0,32.0,49.0
HDF - Cpe de France des Clubs - Saint pol sur mer - 1er tour Coupe de France U15/17/20 Filles,2025-01-25,U15 Men 55,BOUKHARTA Zakaria,54.4,50.0,-53.0,-55.0,60.0,65.0,-0.0,50.0,65.0,115.0
HDF - Cpe de France des Clubs - Saint pol sur mer - 1er tour Coupe de France U15/17/20 Filles,2025-01-25,U15 Men 55,MARLOT-NIZET Lucas,53.9,-34.0,34.0,40.0,49.0,53.0,-57.0,40.0,53.0,93.0
HDF - Cpe de France des Clubs - Saint pol sur mer - 1er tour Coupe de France U15/17/20 Filles,2025-01-25,U15 Men 55,LAHOUEL Noah,53.5,31.0,34.0,-37.0,35.0,-38.0,40.0,34.0,40.0,74.0
HDF - Cpe de France des Clubs - Saint pol sur mer - 1er tour Coupe de France U15/17/20 Filles,2025-01-25,U15 Men 73,BOUCKÉ Jean,70.5,38.0,41.0,-44.0,50.0,55.0,-60.0,41.0,55.0,96.0
HDF - Cpe de France des Clubs - Saint pol sur mer - 1er tour Coupe de France U15/17/20 Filles,2025-01-25,U15 Men 96,LEBLANC Lucas,90.2,-80.0,-80.0,80.0,102.0,-106.0,110.0,80.0,110.0,190.0
HDF - Cpe de France des Clubs - Saint pol sur mer - 1er tour Coupe de France U15/17/20 Filles,2025-01-25,U17 Men 55,MASSON Iliane,51.0,40.0,45.0,50.0,50.0,-55.0,55.0,50.0,55.0,105.0
HDF - Cpe de France des Clubs - Saint pol sur mer - 1er tour Coupe de France U15/17/20 Filles,2025-01-25,U17 Men 61,FAUCON Maxime,58.4,28.0,-31.0,-31.0,37.0,41.0,44.0,28.0,44.0,72.0
HDF - Cpe de France des Clubs - Saint pol sur mer - 1er tour Coupe de France U15/17/20 Filles,2025-01-25,U17 Men 67,ISSAM AIDOUDI Anis,64.9,34.0,37.0,39.0,45.0,49.0,52.0,39.0,52.0,91.0
HDF - Cpe de France des Clubs - Saint pol sur mer - 1er tour Coupe de France U15/17/20 Filles,2025-01-25,U20 Men 61,BARTHELEMY Florent,57.0,-62.0,62.0,66.0,88.0,92.0,-95.0,66.0,92.0,158.0
HDF - Cpe de France des Clubs - Saint pol sur mer - 1er tour Coupe de France U15/17/20 Filles,2025-01-25,U20 Men 73,SOM Hanzo,68.8,95.0,-100.0,-100.0,121.0,126.0,-131.0,95.0,126.0,221.0
HDF - Cpe de France des Clubs - Saint pol sur mer - 1er tour Coupe de France U15/17/20 Filles,2025-01-25,U20 Men 73,FAUVARQUE Kiliane,72.6,75.0,-78.0,-78.0,95.0,-98.0,-0.0,75.0,95.0,170.0
HDF - Cpe de France des Clubs - Saint pol sur mer - 1er tour Coupe de France U15/17/20 Filles,2025-01-25,U20 Men 81,BRESSON Antoine,77.7,80.0,85.0,-88.0,100.0,-105.0,-106.0,85.0,100.0,185.0
HDF - Cpe de France des Clubs - Saint pol sur mer - 1er tour Coupe de France U15/17/20 Filles,2025-01-25,U20 Men 81,MHADHBI-DELETOMBE Maxime,76.3,60.0,64.0,-67.0,70.0,-75.0,-77.0,64.0,70.0,134.0
HDF - Cpe de France des Clubs - Saint pol sur mer - 1er tour Coupe de France U15/17/20 Filles,2025-01-25,U20 Men 102,SOKOLOWSKI Sullivan,96.7,70.0,74.0,-76.0,82.0,-86.0,86.0,74.0,86.0,160.0
HDF - Cpe de France des Clubs - Saint pol sur mer - 1er tour Coupe de France U15/17/20 Filles,2025-01-25,U15 Men 49,STASZAK Yanis,48.7,-17.0,17.0,-19.0,27.0,30.0,32.0,17.0,32.0,49.0
HDF - Cpe de France des Clubs - Saint pol sur mer - 1er tour Coupe de France U15/17/20 Filles,2025-01-25,U15 Men 55,BOUKHARTA Zakaria,54.4,50.0,-53.0,-55.0,60.0,65.0,-0.0,50.0,65.0,115.0
HDF - Cpe de France des Clubs - Saint pol sur mer - 1er tour Coupe de France U15/17/20 Filles,2025-01-25,U15 Men 55,MARLOT-NIZET Lucas,53.9,-34.0,34.0,40.0,49.0,53.0,-57.0,40.0,53.0,93.0
HDF - Cpe de France des Clubs - Saint pol sur mer - 1er tour Coupe de France U15/17/20 Filles,2025-01-25,U15 Men 55,LAHOUEL Noah,53.5,31.0,34.0,-37.0,35.0,-38.0,40.0,34.0,40.0,74.0
HDF - Cpe de France des Clubs - Saint pol sur mer - 1er tour Coupe de France U15/17/20 Filles,2025-01-25,U15 Men 73,BOUCKÉ Jean,70.5,38.0,41.0,-44.0,50.0,55.0,-60.0,41.0,55.0,96.0
HDF - Cpe de France des Clubs - Saint pol sur mer - 1er tour Coupe de France U15/17/20 Filles,2025-01-25,U15 Men 96,LEBLANC Lucas,90.2,-80.0,-80.0,80.0,102.0,-106.0,110.0,80.0,110.0,190.0
HDF - Cpe de France des Clubs - Saint pol sur mer - 1er tour Coupe de France U15/17/20 Filles,2025-01-25,U17 Men 55,MASSON Iliane,51.0,40.0,45.0,50.0,50.0,-55.0,55.0,50.0,55.0,105.0
HDF - Cpe de France des Clubs - Saint pol sur mer - 1er tour Coupe de France U15/17/20 Filles,2025-01-25,U17 Men 61,FAUCON Maxime,58.4,28.0,-31.0,-31.0,37.0,41.0,44.0,28.0,44.0,72.0
HDF - Cpe de France des Clubs - Saint pol sur mer - 1er tour Coupe de France U15/17/20 Filles,2025-01-25,U17 Men 67,ISSAM AIDOUDI Anis,64.9,34.0,37.0,39.0,45.0,49.0,52.0,39.0,52.0,91.0
HDF - Cpe de France des Clubs - Saint pol sur mer - 1er tour Coupe de France U15/17/20 Filles,2025-01-25,U20 Men 61,BARTHELEMY Florent,57.0,-62.0,62.0,66.0,88.0,92.0,-95.0,66.0,92.0,158.0
HDF - Cpe de France des Clubs - Saint pol sur mer - 1er tour Coupe de France U15/17/20 Filles,2025-01-25,U20 Men 73,SOM Hanzo,68.8,95.0,-100.0,-100.0,121.0,126.0,-131.0,95.0,126.0,221.0
HDF - Cpe de France des Clubs - Saint pol sur mer - 1er tour Coupe de France U15/17/20 Filles,2025-01-25,U20 Men 73,FAUVARQUE Kiliane,72.6,75.0,-78.0,-78.0,95.0,-98.0,-0.0,75.0,95.0,170.0
HDF - Cpe de France des Clubs - Saint pol sur mer - 1er tour Coupe de France U15/17/20 Filles,2025-01-25,U20 Men 81,BRESSON Antoine,77.7,80.0,85.0,-88.0,100.0,-105.0,-106.0,85.0,100.0,185.0
HDF - Cpe de France des Clubs - Saint pol sur mer - 1er tour Coupe de France U15/17/20 Filles,2025-01-25,U20 Men 81,MHADHBI-DELETOMBE Maxime,76.3,60.0,64.0,-67.0,70.0,-75.0,-77.0,64.0,70.0,134.0
HDF - Cpe de France des Clubs - Saint pol sur mer - 1er tour Coupe de France U15/17/20 Filles,2025-01-25,U20 Men 102,SOKOLOWSKI Sullivan,96.7,70.0,74.0,-76.0,82.0,-86.0,86.0,74.0,86.0,160.0
HDF - Cpe de France des Clubs - Saint pol sur mer - 1er tour Coupe de France U15/17/20 Filles,2025-01-25,SEN Men 67,PASCAL Eric,67.0,58.0,61.0,63.0,75.0,-78.0,78.0,63.0,78.0,141.0
HDF - Cpe de France des Clubs - Saint pol sur mer - 1er tour Coupe de France U15/17/20 Filles,2025-01-25,SEN Men 81,COGNON Jonathan,79.46,106.0,110.0,112.0,140.0,145.0,150.0,112.0,150.0,262.0
HDF - Cpe de France des Clubs - Saint pol sur mer - 1er tour Coupe de France U15/17/20 Filles,2025-01-25,SEN Men 89,L HERMIER Joel,88.1,63.0,67.0,70.0,82.0,85.0,-87.0,70.0,85.0,155.0
HDF - Cpe de France des Clubs - Saint pol sur mer - 1er tour Coupe de France U15/17/20 Filles,2025-01-25,SEN Men 89,DETRAIN Emmanuel,86.87,55.0,57.0,-60.0,60.0,63.0,66.0,57.0,66.0,123.0
HDF - Cpe de France des Clubs - Saint pol sur mer - 1er tour Coupe de France U15/17/20 Filles,2025-01-25,SEN Men 96,DORIDOT Fabrice,90.6,64.0,67.0,-70.0,84.0,88.0,-91.0,67.0,88.0,155.0
HDF - Cpe de France des Clubs - Saint pol sur mer - 1er tour Coupe de France U15/17/20 Filles,2025-01-25,SEN Men 102,GARNIER Mathias,99.3,60.0,-63.0,63.0,70.0,73.0,75.0,63.0,75.0,138.0
HDF - Cpe de France des Clubs - Saint pol sur mer - 1er tour Coupe de France U15/17/20 Filles,2025-01-25,SEN Women 64,BARROCHE Clemence,60.61,54.0,57.0,60.0,75.0,78.0,80.0,60.0,80.0,140.0
HDF - Cpe de France des Clubs - Saint pol sur mer - 1er tour Coupe de France U15/17/20 Filles,2025-01-25,SEN Women 64,BOUGANNE Karen,61.52,40.0,43.0,45.0,50.0,53.0,-55.0,45.0,53.0,98.0
HDF - Cpe de France des Clubs - Saint pol sur mer - 1er tour Coupe de France U15/17/20 Filles,2025-01-25,SEN Women 71,COGNON Sonia,67.65,55.0,58.0,60.0,73.0,76.0,-78.0,60.0,76.0,136.0
HDF - Cpe de France des Clubs - Saint pol sur mer - 1er tour Coupe de France U15/17/20 Filles,2025-01-25,SEN Women 71,GUYARD Romane,66.83,-48.0,48.0,52.0,64.0,68.0,-70.0,52.0,68.0,120.0
HDF - Cpe de France des Clubs - Saint pol sur mer - 1er tour Coupe de France U15/17/20 Filles,2025-01-25,SEN Women 71,ABIDI Amelie,68.71,35.0,37.0,-39.0,45.0,48.0,50.0,37.0,50.0,87.0
HDF - Cpe de France des Clubs - Saint pol sur mer - 1er tour Coupe de France U15/17/20 Filles,2025-01-25,SEN Women 76,CHOYER Anissa,71.53,65.0,67.0,-69.0,86.0,-90.0,92.0,67.0,92.0,159.0
HDF - Cpe de France des Clubs - Saint pol sur mer - 1er tour Coupe de France U15/17/20 Filles,2025-01-25,SEN Men 67,PASCAL Eric,67.0,58.0,61.0,63.0,75.0,-78.0,78.0,63.0,78.0,141.0
HDF - Cpe de France des Clubs - Saint pol sur mer - 1er tour Coupe de France U15/17/20 Filles,2025-01-25,SEN Men 81,COGNON Jonathan,79.46,106.0,110.0,112.0,140.0,145.0,150.0,112.0,150.0,262.0
HDF - Cpe de France des Clubs - Saint pol sur mer - 1er tour Coupe de France U15/17/20 Filles,2025-01-25,SEN Men 89,L HERMIER Joel,88.1,63.0,67.0,70.0,82.0,85.0,-87.0,70.0,85.0,155.0
HDF - Cpe de France des Clubs - Saint pol sur mer - 1er tour Coupe de France U15/17/20 Filles,2025-01-25,SEN Men 89,DETRAIN Emmanuel,86.87,55.0,57.0,-60.0,60.0,63.0,66.0,57.0,66.0,123.0
HDF - Cpe de France des Clubs - Saint pol sur mer - 1er tour Coupe de France U15/17/20 Filles,2025-01-25,SEN Men 96,DORIDOT Fabrice,90.6,64.0,67.0,-70.0,84.0,88.0,-91.0,67.0,88.0,155.0
HDF - Cpe de France des Clubs - Saint pol sur mer - 1er tour Coupe de France U15/17/20 Filles,2025-01-25,SEN Men 102,GARNIER Mathias,99.3,60.0,-63.0,63.0,70.0,73.0,75.0,63.0,75.0,138.0
HDF - Cpe de France des Clubs - Saint pol sur mer - 1er tour Coupe de France U15/17/20 Filles,2025-01-25,SEN Women 64,BARROCHE Clemence,60.61,54.0,57.0,60.0,75.0,78.0,80.0,60.0,80.0,140.0
HDF - Cpe de France des Clubs - Saint pol sur mer - 1er tour Coupe de France U15/17/20 Filles,2025-01-25,SEN Women 64,BOUGANNE Karen,61.52,40.0,43.0,45.0,50.0,53.0,-55.0,45.0,53.0,98.0
HDF - Cpe de France des Clubs - Saint pol sur mer - 1er tour Coupe de France U15/17/20 Filles,2025-01-25,SEN Women 71,COGNON Sonia,67.65,55.0,58.0,60.0,73.0,76.0,-78.0,60.0,76.0,136.0
HDF - Cpe de France des Clubs - Saint pol sur mer - 1er tour Coupe de France U15/17/20 Filles,2025-01-25,SEN Women 71,GUYARD Romane,66.83,-48.0,48.0,52.0,64.0,68.0,-70.0,52.0,68.0,120.0
HDF - Cpe de France des Clubs - Saint pol sur mer - 1er tour Coupe de France U15/17/20 Filles,2025-01-25,SEN Women 71,ABIDI Amelie,68.71,35.0,37.0,-39.0,45.0,48.0,50.0,37.0,50.0,87.0
HDF - Cpe de France des Clubs - Saint pol sur mer - 1er tour Coupe de France U15/17/20 Filles,2025-01-25,SEN Women 76,CHOYER Anissa,71.53,65.0,67.0,-69.0,86.0,-90.0,92.0,67.0,92.0,159.0
HDF - Cpe de France des Clubs - Saint pol sur mer - 1er tour Coupe de France U15/17/20 Filles,2025-01-25,U15 Men 49,LAPIERRE Louis,47.0,15.0,20.0,30.0,30.0,35.0,40.0,30.0,40.0,70.0
HDF - Cpe de France des Clubs - Saint pol sur mer - 1er tour Coupe de France U15/17/20 Filles,2025-01-25,U15 Men 55,ALLA Bilal,50.22,29.0,31.0,33.0,-38.0,38.0,40.0,33.0,40.0,73.0
HDF - Cpe de France des Clubs - Saint pol sur mer - 1er tour Coupe de France U15/17/20 Filles,2025-01-25,U15 Men 55,BURON Evan,53.9,20.0,25.0,-28.0,30.0,-35.0,-35.0,25.0,30.0,55.0
HDF - Cpe de France des Clubs - Saint pol sur mer - 1er tour Coupe de France U15/17/20 Filles,2025-01-25,U15 Men 55,COLLET Romain,49.2,17.0,21.0,25.0,-22.0,22.0,25.0,25.0,25.0,50.0
HDF - Cpe de France des Clubs - Saint pol sur mer - 1er tour Coupe de France U15/17/20 Filles,2025-01-25,U15 Men 61,GRANGER Lucas,55.09,70.0,-74.0,-74.0,85.0,90.0,-92.0,70.0,90.0,160.0
HDF - Cpe de France des Clubs - Saint pol sur mer - 1er tour Coupe de France U15/17/20 Filles,2025-01-25,U15 Men 61,DALLOIS Timael,60.9,50.0,-53.0,-53.0,60.0,63.0,65.0,50.0,65.0,115.0
HDF - Cpe de France des Clubs - Saint pol sur mer - 1er tour Coupe de France U15/17/20 Filles,2025-01-25,U15 Men 89,FOURNIER Maxime,82.91,55.0,58.0,60.0,70.0,73.0,-75.0,60.0,73.0,133.0
HDF - Cpe de France des Clubs - Saint pol sur mer - 1er tour Coupe de France U15/17/20 Filles,2025-01-25,U17 Men 61,BELLIER--BARREAU Mathis,59.22,62.0,65.0,-67.0,73.0,77.0,-82.0,65.0,77.0,142.0
HDF - Cpe de France des Clubs - Saint pol sur mer - 1er tour Coupe de France U15/17/20 Filles,2025-01-25,U17 Men 61,PACAUD Emilien,60.7,48.0,51.0,-53.0,62.0,65.0,67.0,51.0,67.0,118.0
HDF - Cpe de France des Clubs - Saint pol sur mer - 1er tour Coupe de France U15/17/20 Filles,2025-01-25,U17 Men 67,ROQUET Noe,61.8,38.0,-41.0,-41.0,40.0,45.0,48.0,38.0,48.0,86.0
HDF - Cpe de France des Clubs - Saint pol sur mer - 1er tour Coupe de France U15/17/20 Filles,2025-01-25,U17 Men 73,NORMAND Enzo,71.16,85.0,88.0,90.0,-97.0,97.0,101.0,90.0,101.0,191.0
HDF - Cpe de France des Clubs - Saint pol sur mer - 1er tour Coupe de France U15/17/20 Filles,2025-01-25,U17 Men 81,DORIDOT Mathis,73.85,-65.0,-65.0,65.0,85.0,87.0,-90.0,65.0,87.0,152.0
HDF - Cpe de France des Clubs - Saint pol sur mer - 1er tour Coupe de France U15/17/20 Filles,2025-01-25,U17 Men 81,LEGEAY Jean,79.9,60.0,-64.0,65.0,78.0,82.0,85.0,65.0,85.0,150.0
HDF - Cpe de France des Clubs - Saint pol sur mer - 1er tour Coupe de France U15/17/20 Filles,2025-01-25,U20 Men 61,COTTEREAU Hugo,59.9,60.0,63.0,-65.0,75.0,78.0,-0.0,63.0,78.0,141.0
HDF - Cpe de France des Clubs - Saint pol sur mer - 1er tour Coupe de France U15/17/20 Filles,2025-01-25,U20 Men 73,TRANQUILLAIN Nathanael,72.54,-80.0,80.0,83.0,-100.0,100.0,-103.0,83.0,100.0,183.0
HDF - Cpe de France des Clubs - Saint pol sur mer - 1er tour Coupe de France U15/17/20 Filles,2025-01-25,U20 Men 81,HUBERT JOUBERT Arthur,77.85,76.0,-80.0,-80.0,92.0,96.0,97.0,76.0,97.0,173.0
HDF - Cpe de France des Clubs - Saint pol sur mer - 1er tour Coupe de France U15/17/20 Filles,2025-01-25,U20 Men 89,ROGUET Thomas,86.33,104.0,108.0,110.0,-133.0,-133.0,-0.0,110.0,0.0,0.0
HDF - Cpe de France des Clubs - Saint pol sur mer - 1er tour Coupe de France U15/17/20 Filles,2025-01-25,U20 Men 102,BIANCO Loucas,96.16,70.0,74.0,-77.0,97.0,101.0,-106.0,74.0,101.0,175.0
HDF - Cpe de France des Clubs - Saint pol sur mer - 1er tour Coupe de France U15/17/20 Filles,2025-01-25,U15 Men 49,LAPIERRE Louis,47.0,15.0,20.0,30.0,30.0,35.0,40.0,30.0,40.0,70.0
HDF - Cpe de France des Clubs - Saint pol sur mer - 1er tour Coupe de France U15/17/20 Filles,2025-01-25,U15 Men 55,ALLA Bilal,50.22,29.0,31.0,33.0,-38.0,38.0,40.0,33.0,40.0,73.0
HDF - Cpe de France des Clubs - Saint pol sur mer - 1er tour Coupe de France U15/17/20 Filles,2025-01-25,U15 Men 55,BURON Evan,53.9,20.0,25.0,-28.0,30.0,-35.0,-35.0,25.0,30.0,55.0
HDF - Cpe de France des Clubs - Saint pol sur mer - 1er tour Coupe de France U15/17/20 Filles,2025-01-25,U15 Men 55,COLLET Romain,49.2,17.0,21.0,25.0,-22.0,22.0,25.0,25.0,25.0,50.0
HDF - Cpe de France des Clubs - Saint pol sur mer - 1er tour Coupe de France U15/17/20 Filles,2025-01-25,U15 Men 61,GRANGER Lucas,55.09,70.0,-74.0,-74.0,85.0,90.0,-92.0,70.0,90.0,160.0
HDF - Cpe de France des Clubs - Saint pol sur mer - 1er tour Coupe de France U15/17/20 Filles,2025-01-25,U15 Men 61,DALLOIS Timael,60.9,50.0,-53.0,-53.0,60.0,63.0,65.0,50.0,65.0,115.0
HDF - Cpe de France des Clubs - Saint pol sur mer - 1er tour Coupe de France U15/17/20 Filles,2025-01-25,U15 Men 89,FOURNIER Maxime,82.91,55.0,58.0,60.0,70.0,73.0,-75.0,60.0,73.0,133.0
HDF - Cpe de France des Clubs - Saint pol sur mer - 1er tour Coupe de France U15/17/20 Filles,2025-01-25,U17 Men 61,BELLIER--BARREAU Mathis,59.22,62.0,65.0,-67.0,73.0,77.0,-82.0,65.0,77.0,142.0
HDF - Cpe de France des Clubs - Saint pol sur mer - 1er tour Coupe de France U15/17/20 Filles,2025-01-25,U17 Men 61,PACAUD Emilien,60.7,48.0,51.0,-53.0,62.0,65.0,67.0,51.0,67.0,118.0
HDF - Cpe de France des Clubs - Saint pol sur mer - 1er tour Coupe de France U15/17/20 Filles,2025-01-25,U17 Men 67,ROQUET Noe,61.8,38.0,-41.0,-41.0,40.0,45.0,48.0,38.0,48.0,86.0
HDF - Cpe de France des Clubs - Saint pol sur mer - 1er tour Coupe de France U15/17/20 Filles,2025-01-25,U17 Men 73,NORMAND Enzo,71.16,85.0,88.0,90.0,-97.0,97.0,101.0,90.0,101.0,191.0
HDF - Cpe de France des Clubs - Saint pol sur mer - 1er tour Coupe de France U15/17/20 Filles,2025-01-25,U17 Men 81,DORIDOT Mathis,73.85,-65.0,-65.0,65.0,85.0,87.0,-90.0,65.0,87.0,152.0
HDF - Cpe de France des Clubs - Saint pol sur mer - 1er tour Coupe de France U15/17/20 Filles,2025-01-25,U17 Men 81,LEGEAY Jean,79.9,60.0,-64.0,65.0,78.0,82.0,85.0,65.0,85.0,150.0
HDF - Cpe de France des Clubs - Saint pol sur mer - 1er tour Coupe de France U15/17/20 Filles,2025-01-25,U20 Men 61,COTTEREAU Hugo,59.9,60.0,63.0,-65.0,75.0,78.0,-0.0,63.0,78.0,141.0
HDF - Cpe de France des Clubs - Saint pol sur mer - 1er tour Coupe de France U15/17/20 Filles,2025-01-25,U20 Men 73,TRANQUILLAIN Nathanael,72.54,-80.0,80.0,83.0,-100.0,100.0,-103.0,83.0,100.0,183.0
HDF - Cpe de France des Clubs - Saint pol sur mer - 1er tour Coupe de France U15/17/20 Filles,2025-01-25,U20 Men 81,HUBERT JOUBERT Arthur,77.85,76.0,-80.0,-80.0,92.0,96.0,97.0,76.0,97.0,173.0
HDF - Cpe de France des Clubs - Saint pol sur mer - 1er tour Coupe de France U15/17/20 Filles,2025-01-25,U20 Men 89,ROGUET Thomas,86.33,104.0,108.0,110.0,-133.0,-133.0,-0.0,110.0,0.0,0.0
HDF - Cpe de France des Clubs - Saint pol sur mer - 1er tour Coupe de France U15/17/20 Filles,2025-01-25,U20 Men 102,BIANCO Loucas,96.16,70.0,74.0,-77.0,97.0,101.0,-106.0,74.0,101.0,175.0
HDF - Cpe de France des Clubs - Saint pol sur mer - 1er tour Coupe de France U15/17/20 Filles,2025-01-25,U13 Men 45,LAPIERRE Robin,44.81,22.0,23.0,25.0,32.0,33.0,35.0,25.0,35.0,60.0
HDF - Cpe de France des Clubs - Saint pol sur mer - 1er tour Coupe de France U15/17/20 Filles,2025-01-25,U13 Men 55,MEDARD Lorenzo,53.53,22.0,24.0,26.0,30.0,32.0,34.0,26.0,34.0,60.0
HDF - Cpe de France des Clubs - Saint pol sur mer - 1er tour Coupe de France U15/17/20 Filles,2025-01-25,U13 Men 67,BURGEOT Noah,63.95,15.0,17.0,19.0,17.0,18.0,20.0,19.0,20.0,39.0
HDF - Cpe de France des Clubs - Saint pol sur mer - 1er tour Coupe de France U15/17/20 Filles,2025-01-25,U13 Women 35,SAVARY Lea,29.31,-11.0,11.0,13.0,15.0,-16.0,16.0,13.0,16.0,29.0
HDF - Cpe de France des Clubs - Saint pol sur mer - 1er tour Coupe de France U15/17/20 Filles,2025-01-25,U13 Women 45,FERRANDIN Camille,41.21,15.0,16.0,18.0,21.0,22.0,24.0,18.0,24.0,42.0
HDF - Cpe de France des Clubs - Saint pol sur mer - 1er tour Coupe de France U15/17/20 Filles,2025-01-25,U13 Women 59,FOURNIER Alice,57.59,22.0,23.0,25.0,31.0,32.0,34.0,25.0,34.0,59.0
HDF - Cpe de France des Clubs - Saint pol sur mer - 1er tour Coupe de France U15/17/20 Filles,2025-01-25,U13 Men 45,LAPIERRE Robin,44.81,22.0,23.0,25.0,32.0,33.0,35.0,25.0,35.0,60.0
HDF - Cpe de France des Clubs - Saint pol sur mer - 1er tour Coupe de France U15/17/20 Filles,2025-01-25,U13 Men 55,MEDARD Lorenzo,53.53,22.0,24.0,26.0,30.0,32.0,34.0,26.0,34.0,60.0
HDF - Cpe de France des Clubs - Saint pol sur mer - 1er tour Coupe de France U15/17/20 Filles,2025-01-25,U13 Men 67,BURGEOT Noah,63.95,15.0,17.0,19.0,17.0,18.0,20.0,19.0,20.0,39.0
HDF - Cpe de France des Clubs - Saint pol sur mer - 1er tour Coupe de France U15/17/20 Filles,2025-01-25,U13 Women 35,SAVARY Lea,29.31,-11.0,11.0,13.0,15.0,-16.0,16.0,13.0,16.0,29.0
HDF - Cpe de France des Clubs - Saint pol sur mer - 1er tour Coupe de France U15/17/20 Filles,2025-01-25,U13 Women 45,FERRANDIN Camille,41.21,15.0,16.0,18.0,21.0,22.0,24.0,18.0,24.0,42.0
HDF - Cpe de France des Clubs - Saint pol sur mer - 1er tour Coupe de France U15/17/20 Filles,2025-01-25,U13 Women 59,FOURNIER Alice,57.59,22.0,23.0,25.0,31.0,32.0,34.0,25.0,34.0,59.0
HDF - Cpe de France des Clubs - Saint pol sur mer - 1er tour Coupe de France U15/17/20 Filles,2025-01-25,U13 Men 35,AJROUD Mohamed,29.3,5.0,6.0,7.0,7.0,8.0,-10.0,7.0,8.0,15.0
HDF - Cpe de France des Clubs - Saint pol sur mer - 1er tour Coupe de France U15/17/20 Filles,2025-01-25,U13 Men 45,THOMAS Briac,41.3,33.0,35.0,37.0,42.0,44.0,46.0,37.0,46.0,83.0
HDF - Cpe de France des Clubs - Saint pol sur mer - 1er tour Coupe de France U15/17/20 Filles,2025-01-25,U13 Men 49,DUVAL Alaric,47.5,17.0,-19.0,19.0,20.0,-22.0,22.0,19.0,22.0,41.0
HDF - Cpe de France des Clubs - Saint pol sur mer - 1er tour Coupe de France U15/17/20 Filles,2025-01-25,U13 Men 61,HUBER Nathan,59.9,-31.0,31.0,33.0,41.0,43.0,45.0,33.0,45.0,78.0
HDF - Cpe de France des Clubs - Saint pol sur mer - 1er tour Coupe de France U15/17/20 Filles,2025-01-25,U13 Men 73,KLOCK Janis,68.5,31.0,33.0,35.0,43.0,45.0,47.0,35.0,47.0,82.0
HDF - Cpe de France des Clubs - Saint pol sur mer - 1er tour Coupe de France U15/17/20 Filles,2025-01-25,U13 Women 35,GUTHMULLER Charline,34.5,12.0,14.0,16.0,18.0,20.0,22.0,16.0,22.0,38.0
HDF - Cpe de France des Clubs - Saint pol sur mer - 1er tour Coupe de France U15/17/20 Filles,2025-01-25,U13 Men 35,AJROUD Mohamed,29.3,5.0,6.0,7.0,7.0,8.0,-10.0,7.0,8.0,15.0
HDF - Cpe de France des Clubs - Saint pol sur mer - 1er tour Coupe de France U15/17/20 Filles,2025-01-25,U13 Men 45,THOMAS Briac,41.3,33.0,35.0,37.0,42.0,44.0,46.0,37.0,46.0,83.0
HDF - Cpe de France des Clubs - Saint pol sur mer - 1er tour Coupe de France U15/17/20 Filles,2025-01-25,U13 Men 49,DUVAL Alaric,47.5,17.0,-19.0,19.0,20.0,-22.0,22.0,19.0,22.0,41.0
HDF - Cpe de France des Clubs - Saint pol sur mer - 1er tour Coupe de France U15/17/20 Filles,2025-01-25,U13 Men 61,HUBER Nathan,59.9,-31.0,31.0,33.0,41.0,43.0,45.0,33.0,45.0,78.0
HDF - Cpe de France des Clubs - Saint pol sur mer - 1er tour Coupe de France U15/17/20 Filles,2025-01-25,U13 Men 73,KLOCK Janis,68.5,31.0,33.0,35.0,43.0,45.0,47.0,35.0,47.0,82.0
HDF - Cpe de France des Clubs - Saint pol sur mer - 1er tour Coupe de France U15/17/20 Filles,2025-01-25,U13 Women 35,GUTHMULLER Charline,34.5,12.0,14.0,16.0,18.0,20.0,22.0,16.0,22.0,38.0
HDF - Cpe de France des Clubs - Saint pol sur mer - 1er tour Coupe de France U15/17/20 Filles,2025-01-25,U17 Women 55,SARGSYAN Susanna,54.7,32.0,34.0,36.0,40.0,43.0,-45.0,36.0,43.0,79.0
HDF - Cpe de France des Clubs - Saint pol sur mer - 1er tour Coupe de France U15/17/20 Filles,2025-01-25,U17 Women 59,VIOLET Grazia,57.9,48.0,51.0,-53.0,62.0,65.0,68.0,51.0,68.0,119.0
HDF - Cpe de France des Clubs - Saint pol sur mer - 1er tour Coupe de France U15/17/20 Filles,2025-01-25,U17 Women 59,SEGAUX Oriane,55.1,48.0,51.0,53.0,-61.0,-61.0,61.0,53.0,61.0,114.0
HDF - Cpe de France des Clubs - Saint pol sur mer - 1er tour Coupe de France U15/17/20 Filles,2025-01-25,U17 Women 64,KUSS--BILDSTEIN Irene,62.0,54.0,58.0,61.0,64.0,68.0,72.0,61.0,72.0,133.0
HDF - Cpe de France des Clubs - Saint pol sur mer - 1er tour Coupe de France U15/17/20 Filles,2025-01-25,U17 Women >81,KLOCK Amanda,88.4,51.0,54.0,57.0,62.0,65.0,68.0,57.0,68.0,125.0
HDF - Cpe de France des Clubs - Saint pol sur mer - 1er tour Coupe de France U15/17/20 Filles,2025-01-25,U20 Women 55,HERZFELD Clemence,49.3,-44.0,44.0,46.0,53.0,56.0,58.0,46.0,58.0,104.0
HDF - Cpe de France des Clubs - Saint pol sur mer - 1er tour Coupe de France U15/17/20 Filles,2025-01-25,U20 Women 59,BIANCHI Clara,57.3,53.0,56.0,59.0,70.0,-73.0,-73.0,59.0,70.0,129.0
HDF - Cpe de France des Clubs - Saint pol sur mer - 1er tour Coupe de France U15/17/20 Filles,2025-01-25,U20 Women 71,BRUCHMANN Marion,65.7,44.0,46.0,48.0,55.0,59.0,63.0,48.0,63.0,111.0
HDF - Cpe de France des Clubs - Saint pol sur mer - 1er tour Coupe de France U15/17/20 Filles,2025-01-25,U20 Women 76,HARTUNG Laura,72.2,20.0,24.0,-26.0,27.0,30.0,32.0,24.0,32.0,56.0
HDF - Cpe de France des Clubs - Saint pol sur mer - 1er tour Coupe de France U15/17/20 Filles,2025-01-25,U17 Women 55,SARGSYAN Susanna,54.7,32.0,34.0,36.0,40.0,43.0,-45.0,36.0,43.0,79.0
HDF - Cpe de France des Clubs - Saint pol sur mer - 1er tour Coupe de France U15/17/20 Filles,2025-01-25,U17 Women 59,VIOLET Grazia,57.9,48.0,51.0,-53.0,62.0,65.0,68.0,51.0,68.0,119.0
HDF - Cpe de France des Clubs - Saint pol sur mer - 1er tour Coupe de France U15/17/20 Filles,2025-01-25,U17 Women 59,SEGAUX Oriane,55.1,48.0,51.0,53.0,-61.0,-61.0,61.0,53.0,61.0,114.0
HDF - Cpe de France des Clubs - Saint pol sur mer - 1er tour Coupe de France U15/17/20 Filles,2025-01-25,U17 Women 64,KUSS--BILDSTEIN Irene,62.0,54.0,58.0,61.0,64.0,68.0,72.0,61.0,72.0,133.0
HDF - Cpe de France des Clubs - Saint pol sur mer - 1er tour Coupe de France U15/17/20 Filles,2025-01-25,U17 Women >81,KLOCK Amanda,88.4,51.0,54.0,57.0,62.0,65.0,68.0,57.0,68.0,125.0
HDF - Cpe de France des Clubs - Saint pol sur mer - 1er tour Coupe de France U15/17/20 Filles,2025-01-25,U20 Women 55,HERZFELD Clemence,49.3,-44.0,44.0,46.0,53.0,56.0,58.0,46.0,58.0,104.0
HDF - Cpe de France des Clubs - Saint pol sur mer - 1er tour Coupe de France U15/17/20 Filles,2025-01-25,U20 Women 59,BIANCHI Clara,57.3,53.0,56.0,59.0,70.0,-73.0,-73.0,59.0,70.0,129.0
HDF - Cpe de France des Clubs - Saint pol sur mer - 1er tour Coupe de France U15/17/20 Filles,2025-01-25,U20 Women 71,BRUCHMANN Marion,65.7,44.0,46.0,48.0,55.0,59.0,63.0,48.0,63.0,111.0
HDF - Cpe de France des Clubs - Saint pol sur mer - 1er tour Coupe de France U15/17/20 Filles,2025-01-25,U20 Women 76,HARTUNG Laura,72.2,20.0,24.0,-26.0,27.0,30.0,32.0,24.0,32.0,56.0
HDF - Cpe de France des Clubs - Saint pol sur mer - 1er tour Coupe de France U15/17/20 Filles,2025-01-25,U15 Men 49,JUNG Eugène,46.0,27.0,30.0,-32.0,38.0,-41.0,41.0,30.0,41.0,71.0
HDF - Cpe de France des Clubs - Saint pol sur mer - 1er tour Coupe de France U15/17/20 Filles,2025-01-25,U15 Men 55,SARGSYAN Roberto,55.0,38.0,41.0,-43.0,48.0,51.0,53.0,41.0,53.0,94.0
HDF - Cpe de France des Clubs - Saint pol sur mer - 1er tour Coupe de France U15/17/20 Filles,2025-01-25,U15 Men 67,GUTHMULLER Arnaud,66.5,51.0,54.0,-57.0,-69.0,70.0,-73.0,54.0,70.0,124.0
HDF - Cpe de France des Clubs - Saint pol sur mer - 1er tour Coupe de France U15/17/20 Filles,2025-01-25,U17 Men 67,GOERGER Tom,62.6,53.0,57.0,60.0,-72.0,74.0,-78.0,60.0,74.0,134.0
HDF - Cpe de France des Clubs - Saint pol sur mer - 1er tour Coupe de France U15/17/20 Filles,2025-01-25,U20 Men 73,HEILMANN Brenann,72.3,80.0,85.0,-90.0,105.0,110.0,115.0,85.0,115.0,200.0
HDF - Cpe de France des Clubs - Saint pol sur mer - 1er tour Coupe de France U15/17/20 Filles,2025-01-25,U20 Men 73,D'ANGELO Timothee,71.1,55.0,-60.0,60.0,70.0,-75.0,75.0,60.0,75.0,135.0
HDF - Cpe de France des Clubs - Saint pol sur mer - 1er tour Coupe de France U15/17/20 Filles,2025-01-25,U15 Men 49,JUNG Eugène,46.0,27.0,30.0,-32.0,38.0,-41.0,41.0,30.0,41.0,71.0
HDF - Cpe de France des Clubs - Saint pol sur mer - 1er tour Coupe de France U15/17/20 Filles,2025-01-25,U15 Men 55,SARGSYAN Roberto,55.0,38.0,41.0,-43.0,48.0,51.0,53.0,41.0,53.0,94.0
HDF - Cpe de France des Clubs - Saint pol sur mer - 1er tour Coupe de France U15/17/20 Filles,2025-01-25,U15 Men 67,GUTHMULLER Arnaud,66.5,51.0,54.0,-57.0,-69.0,70.0,-73.0,54.0,70.0,124.0
HDF - Cpe de France des Clubs - Saint pol sur mer - 1er tour Coupe de France U15/17/20 Filles,2025-01-25,U17 Men 67,GOERGER Tom,62.6,53.0,57.0,60.0,-72.0,74.0,-78.0,60.0,74.0,134.0
HDF - Cpe de France des Clubs - Saint pol sur mer - 1er tour Coupe de France U15/17/20 Filles,2025-01-25,U20 Men 73,HEILMANN Brenann,72.3,80.0,85.0,-90.0,105.0,110.0,115.0,85.0,115.0,200.0
HDF - Cpe de France des Clubs - Saint pol sur mer - 1er tour Coupe de France U15/17/20 Filles,2025-01-25,U20 Men 73,D'ANGELO Timothee,71.1,55.0,-60.0,60.0,70.0,-75.0,75.0,60.0,75.0,135.0
HDF - Cpe de France des Clubs - Saint pol sur mer - 1er tour Coupe de France U15/17/20 Filles,2025-01-25,SEN Men 67,TANCELIN Yoan,63.2,62.0,-66.0,-66.0,-75.0,75.0,80.0,62.0,80.0,142.0
HDF - Cpe de France des Clubs - Saint pol sur mer - 1er tour Coupe de France U15/17/20 Filles,2025-01-25,SEN Men 73,ZYADE MANSOR Awos,69.0,70.0,-75.0,-75.0,85.0,91.0,-97.0,70.0,91.0,161.0
HDF - Cpe de France des Clubs - Saint pol sur mer - 1er tour Coupe de France U15/17/20 Filles,2025-01-25,SEN Men 73,HEZARIFEND Antoine,72.5,-72.0,72.0,75.0,82.0,-85.0,85.0,75.0,85.0,160.0
HDF - Cpe de France des Clubs - Saint pol sur mer - 1er tour Coupe de France U15/17/20 Filles,2025-01-25,SEN Men 89,DIEBOLD Eric,82.8,63.0,68.0,72.0,78.0,83.0,-85.0,72.0,83.0,155.0
HDF - Cpe de France des Clubs - Saint pol sur mer - 1er tour Coupe de France U15/17/20 Filles,2025-01-25,SEN Men 96,DAUM Matthieu,93.0,70.0,75.0,80.0,97.0,102.0,107.0,80.0,107.0,187.0
HDF - Cpe de France des Clubs - Saint pol sur mer - 1er tour Coupe de France U15/17/20 Filles,2025-01-25,SEN Men >109,KOMLJENOVIC Stephane,112.8,72.0,76.0,80.0,102.0,-106.0,107.0,80.0,107.0,187.0
HDF - Cpe de France des Clubs - Saint pol sur mer - 1er tour Coupe de France U15/17/20 Filles,2025-01-25,SEN Women 55,SCHUNDER Morgane,51.7,40.0,42.0,44.0,51.0,54.0,-57.0,44.0,54.0,98.0
HDF - Cpe de France des Clubs - Saint pol sur mer - 1er tour Coupe de France U15/17/20 Filles,2025-01-25,SEN Women 55,MARCHAL Joy,49.2,29.0,-32.0,32.0,42.0,45.0,-48.0,32.0,45.0,77.0
HDF - Cpe de France des Clubs - Saint pol sur mer - 1er tour Coupe de France U15/17/20 Filles,2025-01-25,SEN Women 59,BERSCHEID Claire,56.0,23.0,26.0,29.0,-32.0,32.0,-34.0,29.0,32.0,61.0
HDF - Cpe de France des Clubs - Saint pol sur mer - 1er tour Coupe de France U15/17/20 Filles,2025-01-25,SEN Women 64,MICHEL Charlotte,59.7,30.0,34.0,-36.0,42.0,46.0,-48.0,34.0,46.0,80.0
HDF - Cpe de France des Clubs - Saint pol sur mer - 1er tour Coupe de France U15/17/20 Filles,2025-01-25,SEN Women 64,BECK Christine,61.9,23.0,26.0,-30.0,30.0,-33.0,33.0,26.0,33.0,59.0
HDF - Cpe de France des Clubs - Saint pol sur mer - 1er tour Coupe de France U15/17/20 Filles,2025-01-25,SEN Women 87,THOMAS Evelyne,85.0,42.0,46.0,50.0,54.0,58.0,61.0,50.0,61.0,111.0
HDF - Cpe de France des Clubs - Saint pol sur mer - 1er tour Coupe de France U15/17/20 Filles,2025-01-25,SEN Men 67,TANCELIN Yoan,63.2,62.0,-66.0,-66.0,-75.0,75.0,80.0,62.0,80.0,142.0
HDF - Cpe de France des Clubs - Saint pol sur mer - 1er tour Coupe de France U15/17/20 Filles,2025-01-25,SEN Men 73,ZYADE MANSOR Awos,69.0,70.0,-75.0,-75.0,85.0,91.0,-97.0,70.0,91.0,161.0
HDF - Cpe de France des Clubs - Saint pol sur mer - 1er tour Coupe de France U15/17/20 Filles,2025-01-25,SEN Men 73,HEZARIFEND Antoine,72.5,-72.0,72.0,75.0,82.0,-85.0,85.0,75.0,85.0,160.0
HDF - Cpe de France des Clubs - Saint pol sur mer - 1er tour Coupe de France U15/17/20 Filles,2025-01-25,SEN Men 89,DIEBOLD Eric,82.8,63.0,68.0,72.0,78.0,83.0,-85.0,72.0,83.0,155.0
HDF - Cpe de France des Clubs - Saint pol sur mer - 1er tour Coupe de France U15/17/20 Filles,2025-01-25,SEN Men 96,DAUM Matthieu,93.0,70.0,75.0,80.0,97.0,102.0,107.0,80.0,107.0,187.0
HDF - Cpe de France des Clubs - Saint pol sur mer - 1er tour Coupe de France U15/17/20 Filles,2025-01-25,SEN Men >109,KOMLJENOVIC Stephane,112.8,72.0,76.0,80.0,102.0,-106.0,107.0,80.0,107.0,187.0
HDF - Cpe de France des Clubs - Saint pol sur mer - 1er tour Coupe de France U15/17/20 Filles,2025-01-25,SEN Women 55,SCHUNDER Morgane,51.7,40.0,42.0,44.0,51.0,54.0,-57.0,44.0,54.0,98.0
HDF - Cpe de France des Clubs - Saint pol sur mer - 1er tour Coupe de France U15/17/20 Filles,2025-01-25,SEN Women 55,MARCHAL Joy,49.2,29.0,-32.0,32.0,42.0,45.0,-48.0,32.0,45.0,77.0
HDF - Cpe de France des Clubs - Saint pol sur mer - 1er tour Coupe de France U15/17/20 Filles,2025-01-25,SEN Women 59,BERSCHEID Claire,56.0,23.0,26.0,29.0,-32.0,32.0,-34.0,29.0,32.0,61.0
HDF - Cpe de France des Clubs - Saint pol sur mer - 1er tour Coupe de France U15/17/20 Filles,2025-01-25,SEN Women 64,MICHEL Charlotte,59.7,30.0,34.0,-36.0,42.0,46.0,-48.0,34.0,46.0,80.0
HDF - Cpe de France des Clubs - Saint pol sur mer - 1er tour Coupe de France U15/17/20 Filles,2025-01-25,SEN Women 64,BECK Christine,61.9,23.0,26.0,-30.0,30.0,-33.0,33.0,26.0,33.0,59.0
HDF - Cpe de France des Clubs - Saint pol sur mer - 1er tour Coupe de France U15/17/20 Filles,2025-01-25,SEN Women 87,THOMAS Evelyne,85.0,42.0,46.0,50.0,54.0,58.0,61.0,50.0,61.0,111.0
HDF - Cpe de France des Clubs - Saint pol sur mer - 1er tour Coupe de France U15/17/20 Filles,2025-01-25,SEN Men 81,SCHINDLER Romain,79.3,83.0,86.0,-88.0,100.0,-105.0,-105.0,86.0,100.0,186.0
HDF - Cpe de France des Clubs - Saint pol sur mer - 1er tour Coupe de France U15/17/20 Filles,2025-01-25,SEN Men 89,BIRRY Xavier,88.6,-80.0,80.0,-90.0,90.0,100.0,-110.0,80.0,100.0,180.0
HDF - Cpe de France des Clubs - Saint pol sur mer - 1er tour Coupe de France U15/17/20 Filles,2025-01-25,SEN Men 89,SCHINDLER Pierre,86.9,-60.0,60.0,-63.0,70.0,74.0,-78.0,60.0,74.0,134.0
HDF - Cpe de France des Clubs - Saint pol sur mer - 1er tour Coupe de France U15/17/20 Filles,2025-01-25,SEN Men 96,SAAD Ahmad,95.7,95.0,-0.0,-0.0,118.0,128.0,-138.0,95.0,128.0,223.0
HDF - Cpe de France des Clubs - Saint pol sur mer - 1er tour Coupe de France U15/17/20 Filles,2025-01-25,SEN Men 96,BOESS Yohan,92.9,95.0,-0.0,-0.0,112.0,120.0,125.0,95.0,125.0,220.0
HDF - Cpe de France des Clubs - Saint pol sur mer - 1er tour Coupe de France U15/17/20 Filles,2025-01-25,SEN Men 96,LUX Jonathan,92.8,95.0,-100.0,-0.0,-0.0,-0.0,-0.0,95.0,0.0,0.0
HDF - Cpe de France des Clubs - Saint pol sur mer - 1er tour Coupe de France U15/17/20 Filles,2025-01-25,SEN Women 55,SIEGEL Lucile,53.4,45.0,48.0,52.0,50.0,54.0,-58.0,52.0,54.0,106.0
HDF - Cpe de France des Clubs - Saint pol sur mer - 1er tour Coupe de France U15/17/20 Filles,2025-01-25,SEN Women 55,BITHOREL Mathilde,54.1,32.0,-35.0,35.0,48.0,51.0,54.0,35.0,54.0,89.0
HDF - Cpe de France des Clubs - Saint pol sur mer - 1er tour Coupe de France U15/17/20 Filles,2025-01-25,SEN Women 59,ARRIVET Melanie,58.6,40.0,-42.0,-42.0,60.0,63.0,-65.0,40.0,63.0,103.0
HDF - Cpe de France des Clubs - Saint pol sur mer - 1er tour Coupe de France U15/17/20 Filles,2025-01-25,SEN Women 59,KUENTZ Mathilda,56.7,28.0,30.0,-32.0,31.0,34.0,36.0,30.0,36.0,66.0
HDF - Cpe de France des Clubs - Saint pol sur mer - 1er tour Coupe de France U15/17/20 Filles,2025-01-25,SEN Women 64,KUHN Julia,62.8,30.0,33.0,-36.0,38.0,42.0,-45.0,33.0,42.0,75.0
HDF - Cpe de France des Clubs - Saint pol sur mer - 1er tour Coupe de France U15/17/20 Filles,2025-01-25,SEN Women 76,DEPENWEILLER Pauline,74.3,15.0,-0.0,-0.0,15.0,-0.0,-0.0,15.0,15.0,30.0
HDF - Cpe de France des Clubs - Saint pol sur mer - 1er tour Coupe de France U15/17/20 Filles,2025-01-25,SEN Men 81,SCHINDLER Romain,79.3,83.0,86.0,-88.0,100.0,-105.0,-105.0,86.0,100.0,186.0
HDF - Cpe de France des Clubs - Saint pol sur mer - 1er tour Coupe de France U15/17/20 Filles,2025-01-25,SEN Men 89,BIRRY Xavier,88.6,-80.0,80.0,-90.0,90.0,100.0,-110.0,80.0,100.0,180.0
HDF - Cpe de France des Clubs - Saint pol sur mer - 1er tour Coupe de France U15/17/20 Filles,2025-01-25,SEN Men 89,SCHINDLER Pierre,86.9,-60.0,60.0,-63.0,70.0,74.0,-78.0,60.0,74.0,134.0
HDF - Cpe de France des Clubs - Saint pol sur mer - 1er tour Coupe de France U15/17/20 Filles,2025-01-25,SEN Men 96,SAAD Ahmad,95.7,95.0,-0.0,-0.0,118.0,128.0,-138.0,95.0,128.0,223.0
HDF - Cpe de France des Clubs - Saint pol sur mer - 1er tour Coupe de France U15/17/20 Filles,2025-01-25,SEN Men 96,BOESS Yohan,92.9,95.0,-0.0,-0.0,112.0,120.0,125.0,95.0,125.0,220.0
HDF - Cpe de France des Clubs - Saint pol sur mer - 1er tour Coupe de France U15/17/20 Filles,2025-01-25,SEN Men 96,LUX Jonathan,92.8,95.0,-100.0,-0.0,-0.0,-0.0,-0.0,95.0,0.0,0.0
HDF - Cpe de France des Clubs - Saint pol sur mer - 1er tour Coupe de France U15/17/20 Filles,2025-01-25,SEN Women 55,SIEGEL Lucile,53.4,45.0,48.0,52.0,50.0,54.0,-58.0,52.0,54.0,106.0
HDF - Cpe de France des Clubs - Saint pol sur mer - 1er tour Coupe de France U15/17/20 Filles,2025-01-25,SEN Women 55,BITHOREL Mathilde,54.1,32.0,-35.0,35.0,48.0,51.0,54.0,35.0,54.0,89.0
HDF - Cpe de France des Clubs - Saint pol sur mer - 1er tour Coupe de France U15/17/20 Filles,2025-01-25,SEN Women 59,ARRIVET Melanie,58.6,40.0,-42.0,-42.0,60.0,63.0,-65.0,40.0,63.0,103.0
HDF - Cpe de France des Clubs - Saint pol sur mer - 1er tour Coupe de France U15/17/20 Filles,2025-01-25,SEN Women 59,KUENTZ Mathilda,56.7,28.0,30.0,-32.0,31.0,34.0,36.0,30.0,36.0,66.0
HDF - Cpe de France des Clubs - Saint pol sur mer - 1er tour Coupe de France U15/17/20 Filles,2025-01-25,SEN Women 64,KUHN Julia,62.8,30.0,33.0,-36.0,38.0,42.0,-45.0,33.0,42.0,75.0
HDF - Cpe de France des Clubs - Saint pol sur mer - 1er tour Coupe de France U15/17/20 Filles,2025-01-25,SEN Women 76,DEPENWEILLER Pauline,74.3,15.0,-0.0,-0.0,15.0,-0.0,-0.0,15.0,15.0,30.0
HDF - Cpe de France des Clubs - Saint pol sur mer - 1er tour Coupe de France U15/17/20 Filles,2025-01-25,U17 Women 76,JUNG-BUCH Léonie,76.0,40.0,44.0,47.0,53.0,57.0,60.0,47.0,60.0,107.0
HDF - Cpe de France des Clubs - Saint pol sur mer - 1er tour Coupe de France U15/17/20 Filles,2025-01-25,U20 Women 64,MASSLO Lucie,63.1,32.0,35.0,38.0,48.0,-52.0,52.0,38.0,52.0,90.0
HDF - Cpe de France des Clubs - Saint pol sur mer - 1er tour Coupe de France U15/17/20 Filles,2025-01-25,SEN Women 55,CHRISTOPHEL Marie,49.7,46.0,50.0,54.0,60.0,65.0,-0.0,54.0,65.0,119.0
HDF - Cpe de France des Clubs - Saint pol sur mer - 1er tour Coupe de France U15/17/20 Filles,2025-01-25,SEN Women 59,BONNAMANT Melanie,58.0,67.0,69.0,71.0,85.0,88.0,-91.0,71.0,88.0,159.0
HDF - Cpe de France des Clubs - Saint pol sur mer - 1er tour Coupe de France U15/17/20 Filles,2025-01-25,SEN Women 64,CORLOBE Melanie,60.9,43.0,47.0,-50.0,57.0,61.0,-64.0,47.0,61.0,108.0
HDF - Cpe de France des Clubs - Saint pol sur mer - 1er tour Coupe de France U15/17/20 Filles,2025-01-25,SEN Women 64,SCHRENCK Maryline,63.6,32.0,-35.0,36.0,32.0,35.0,39.0,36.0,39.0,75.0
HDF - Cpe de France des Clubs - Saint pol sur mer - 1er tour Coupe de France U15/17/20 Filles,2025-01-25,SEN Women 71,BAUER Camille,69.9,54.0,57.0,-60.0,65.0,68.0,-71.0,57.0,68.0,125.0
HDF - Cpe de France des Clubs - Saint pol sur mer - 1er tour Coupe de France U15/17/20 Filles,2025-01-25,SEN Women 71,OSTROWSKY Chloe,66.8,49.0,-52.0,-52.0,63.0,-67.0,67.0,49.0,67.0,116.0
HDF - Cpe de France des Clubs - Saint pol sur mer - 1er tour Coupe de France U15/17/20 Filles,2025-01-25,SEN Women 71,SEMER Maryssa,71.0,26.0,29.0,32.0,38.0,41.0,43.0,32.0,43.0,75.0
HDF - Cpe de France des Clubs - Saint pol sur mer - 1er tour Coupe de France U15/17/20 Filles,2025-01-25,SEN Men 61,POTENZA David,60.9,80.0,85.0,90.0,100.0,105.0,110.0,90.0,110.0,200.0
HDF - Cpe de France des Clubs - Saint pol sur mer - 1er tour Coupe de France U15/17/20 Filles,2025-01-25,SEN Men 73,CHRISTOPHEL Valentin,72.8,117.0,121.0,125.0,137.0,143.0,150.0,125.0,150.0,275.0
HDF - Cpe de France des Clubs - Saint pol sur mer - 1er tour Coupe de France U15/17/20 Filles,2025-01-25,SEN Men 81,ROHRBACH Stephane,79.1,100.0,105.0,110.0,120.0,125.0,130.0,110.0,130.0,240.0
HDF - Cpe de France des Clubs - Saint pol sur mer - 1er tour Coupe de France U15/17/20 Filles,2025-01-25,SEN Men 89,BONNAMANT Bastien,86.9,115.0,120.0,125.0,145.0,152.0,158.0,125.0,158.0,283.0
HDF - Cpe de France des Clubs - Saint pol sur mer - 1er tour Coupe de France U15/17/20 Filles,2025-01-25,SEN Men 89,NICKLES Maxime,86.9,100.0,105.0,-110.0,130.0,135.0,140.0,105.0,140.0,245.0
HDF - Cpe de France des Clubs - Saint pol sur mer - 1er tour Coupe de France U15/17/20 Filles,2025-01-25,SEN Men 96,TONDINI Pierre,93.8,95.0,100.0,-105.0,130.0,135.0,140.0,100.0,140.0,240.0
HDF - Cpe de France des Clubs - Saint pol sur mer - 1er tour Coupe de France U15/17/20 Filles,2025-01-25,SEN Men 96,KELHETTER Jerome,92.8,90.0,95.0,99.0,115.0,125.0,130.0,99.0,130.0,229.0
HDF - Cpe de France des Clubs - Saint pol sur mer - 1er tour Coupe de France U15/17/20 Filles,2025-01-25,SEN Men 102,SPIELMANN Arthur,98.1,115.0,120.0,-126.0,150.0,155.0,160.0,120.0,160.0,280.0
HDF - Cpe de France des Clubs - Saint pol sur mer - 1er tour Coupe de France U15/17/20 Filles,2025-01-25,SEN Men 102,KLICKI Alexis,97.6,93.0,97.0,100.0,130.0,135.0,-140.0,100.0,135.0,235.0
HDF - Cpe de France des Clubs - Saint pol sur mer - 1er tour Coupe de France U15/17/20 Filles,2025-01-25,U17 Women 76,JUNG-BUCH Léonie,76.0,40.0,44.0,47.0,53.0,57.0,60.0,47.0,60.0,107.0
HDF - Cpe de France des Clubs - Saint pol sur mer - 1er tour Coupe de France U15/17/20 Filles,2025-01-25,U20 Women 64,MASSLO Lucie,63.1,32.0,35.0,38.0,48.0,-52.0,52.0,38.0,52.0,90.0
HDF - Cpe de France des Clubs - Saint pol sur mer - 1er tour Coupe de France U15/17/20 Filles,2025-01-25,SEN Women 55,CHRISTOPHEL Marie,49.7,46.0,50.0,54.0,60.0,65.0,-0.0,54.0,65.0,119.0
HDF - Cpe de France des Clubs - Saint pol sur mer - 1er tour Coupe de France U15/17/20 Filles,2025-01-25,SEN Women 59,BONNAMANT Melanie,58.0,67.0,69.0,71.0,85.0,88.0,-91.0,71.0,88.0,159.0
HDF - Cpe de France des Clubs - Saint pol sur mer - 1er tour Coupe de France U15/17/20 Filles,2025-01-25,SEN Women 64,CORLOBE Melanie,60.9,43.0,47.0,-50.0,57.0,61.0,-64.0,47.0,61.0,108.0
HDF - Cpe de France des Clubs - Saint pol sur mer - 1er tour Coupe de France U15/17/20 Filles,2025-01-25,SEN Women 64,SCHRENCK Maryline,63.6,32.0,-35.0,36.0,32.0,35.0,39.0,36.0,39.0,75.0
HDF - Cpe de France des Clubs - Saint pol sur mer - 1er tour Coupe de France U15/17/20 Filles,2025-01-25,SEN Women 71,BAUER Camille,69.9,54.0,57.0,-60.0,65.0,68.0,-71.0,57.0,68.0,125.0
HDF - Cpe de France des Clubs - Saint pol sur mer - 1er tour Coupe de France U15/17/20 Filles,2025-01-25,SEN Women 71,OSTROWSKY Chloe,66.8,49.0,-52.0,-52.0,63.0,-67.0,67.0,49.0,67.0,116.0
HDF - Cpe de France des Clubs - Saint pol sur mer - 1er tour Coupe de France U15/17/20 Filles,2025-01-25,SEN Women 71,SEMER Maryssa,71.0,26.0,29.0,32.0,38.0,41.0,43.0,32.0,43.0,75.0
HDF - Cpe de France des Clubs - Saint pol sur mer - 1er tour Coupe de France U15/17/20 Filles,2025-01-25,SEN Men 61,POTENZA David,60.9,80.0,85.0,90.0,100.0,105.0,110.0,90.0,110.0,200.0
HDF - Cpe de France des Clubs - Saint pol sur mer - 1er tour Coupe de France U15/17/20 Filles,2025-01-25,SEN Men 73,CHRISTOPHEL Valentin,72.8,117.0,121.0,125.0,137.0,143.0,150.0,125.0,150.0,275.0
HDF - Cpe de France des Clubs - Saint pol sur mer - 1er tour Coupe de France U15/17/20 Filles,2025-01-25,SEN Men 81,ROHRBACH Stephane,79.1,100.0,105.0,110.0,120.0,125.0,130.0,110.0,130.0,240.0
HDF - Cpe de France des Clubs - Saint pol sur mer - 1er tour Coupe de France U15/17/20 Filles,2025-01-25,SEN Men 89,BONNAMANT Bastien,86.9,115.0,120.0,125.0,145.0,152.0,158.0,125.0,158.0,283.0
HDF - Cpe de France des Clubs - Saint pol sur mer - 1er tour Coupe de France U15/17/20 Filles,2025-01-25,SEN Men 89,NICKLES Maxime,86.9,100.0,105.0,-110.0,130.0,135.0,140.0,105.0,140.0,245.0
HDF - Cpe de France des Clubs - Saint pol sur mer - 1er tour Coupe de France U15/17/20 Filles,2025-01-25,SEN Men 96,TONDINI Pierre,93.8,95.0,100.0,-105.0,130.0,135.0,140.0,100.0,140.0,240.0
HDF - Cpe de France des Clubs - Saint pol sur mer - 1er tour Coupe de France U15/17/20 Filles,2025-01-25,SEN Men 96,KELHETTER Jerome,92.8,90.0,95.0,99.0,115.0,125.0,130.0,99.0,130.0,229.0
HDF - Cpe de France des Clubs - Saint pol sur mer - 1er tour Coupe de France U15/17/20 Filles,2025-01-25,SEN Men 102,SPIELMANN Arthur,98.1,115.0,120.0,-126.0,150.0,155.0,160.0,120.0,160.0,280.0
HDF - Cpe de France des Clubs - Saint pol sur mer - 1er tour Coupe de France U15/17/20 Filles,2025-01-25,SEN Men 102,KLICKI Alexis,97.6,93.0,97.0,100.0,130.0,135.0,-140.0,100.0,135.0,235.0
HDF - Cpe de France des Clubs - Saint pol sur mer - 1er tour Coupe de France U15/17/20 Filles,2025-01-25,U17 Women 59,HOIRET Ynesse,55.44,33.0,35.0,37.0,38.0,41.0,-45.0,37.0,41.0,78.0
HDF - Cpe de France des Clubs - Saint pol sur mer - 1er tour Coupe de France U15/17/20 Filles,2025-01-25,SEN Women 76,VAN OVERBEKE Axelle,73.7,70.0,73.0,75.0,85.0,89.0,93.0,75.0,93.0,168.0
HDF - Cpe de France des Clubs - Saint pol sur mer - 1er tour Coupe de France U15/17/20 Filles,2025-01-25,SEN Women 76,LECLERCQ Marion,75.9,34.0,36.0,38.0,44.0,48.0,-50.0,38.0,48.0,86.0
HDF - Cpe de France des Clubs - Saint pol sur mer - 1er tour Coupe de France U15/17/20 Filles,2025-01-25,U20 Men 73,LENGLET Maxime,69.3,64.0,67.0,70.0,80.0,84.0,88.0,70.0,88.0,158.0
HDF - Cpe de France des Clubs - Saint pol sur mer - 1er tour Coupe de France U15/17/20 Filles,2025-01-25,SEN Men 96,WAREE Pierre,91.2,60.0,63.0,-66.0,75.0,78.0,81.0,63.0,81.0,144.0
HDF - Cpe de France des Clubs - Saint pol sur mer - 1er tour Coupe de France U15/17/20 Filles,2025-01-25,SEN Men 102,VARLET Teddy,101.08,81.0,84.0,87.0,102.0,106.0,110.0,87.0,110.0,197.0
HDF - Cpe de France des Clubs - Saint pol sur mer - 1er tour Coupe de France U15/17/20 Filles,2025-01-25,U17 Women 59,HOIRET Ynesse,55.44,33.0,35.0,37.0,38.0,41.0,-45.0,37.0,41.0,78.0
HDF - Cpe de France des Clubs - Saint pol sur mer - 1er tour Coupe de France U15/17/20 Filles,2025-01-25,SEN Women 76,VAN OVERBEKE Axelle,73.7,70.0,73.0,75.0,85.0,89.0,93.0,75.0,93.0,168.0
HDF - Cpe de France des Clubs - Saint pol sur mer - 1er tour Coupe de France U15/17/20 Filles,2025-01-25,SEN Women 76,LECLERCQ Marion,75.9,34.0,36.0,38.0,44.0,48.0,-50.0,38.0,48.0,86.0
HDF - Cpe de France des Clubs - Saint pol sur mer - 1er tour Coupe de France U15/17/20 Filles,2025-01-25,U20 Men 73,LENGLET Maxime,69.3,64.0,67.0,70.0,80.0,84.0,88.0,70.0,88.0,158.0
HDF - Cpe de France des Clubs - Saint pol sur mer - 1er tour Coupe de France U15/17/20 Filles,2025-01-25,SEN Men 96,WAREE Pierre,91.2,60.0,63.0,-66.0,75.0,78.0,81.0,63.0,81.0,144.0
HDF - Cpe de France des Clubs - Saint pol sur mer - 1er tour Coupe de France U15/17/20 Filles,2025-01-25,SEN Men 102,VARLET Teddy,101.08,81.0,84.0,87.0,102.0,106.0,110.0,87.0,110.0,197.0
HDF - Cpe de France des Clubs - Saint pol sur mer - 1er tour Coupe de France U15/17/20 Filles,2025-01-25,U15 Men 49,BALAC Clément,46.0,25.0,30.0,-32.0,40.0,42.0,45.0,30.0,45.0,75.0
HDF - Cpe de France des Clubs - Saint pol sur mer - 1er tour Coupe de France U15/17/20 Filles,2025-01-25,U15 Men 49,PETRELLUZZI Victor,44.0,25.0,28.0,30.0,35.0,40.0,-43.0,30.0,40.0,70.0
HDF - Cpe de France des Clubs - Saint pol sur mer - 1er tour Coupe de France U15/17/20 Filles,2025-01-25,U15 Men 49,BALCOU Basile,40.0,25.0,27.0,-29.0,30.0,33.0,35.0,27.0,35.0,62.0
HDF - Cpe de France des Clubs - Saint pol sur mer - 1er tour Coupe de France U15/17/20 Filles,2025-01-25,U15 Men 55,CHOULET Noël,55.0,25.0,30.0,-33.0,38.0,40.0,-42.0,30.0,40.0,70.0
HDF - Cpe de France des Clubs - Saint pol sur mer - 1er tour Coupe de France U15/17/20 Filles,2025-01-25,U15 Men 61,MERIOT Travis,61.0,40.0,45.0,-48.0,50.0,52.0,-55.0,45.0,52.0,97.0
HDF - Cpe de France des Clubs - Saint pol sur mer - 1er tour Coupe de France U15/17/20 Filles,2025-01-25,U15 Men 61,ZAOUROU Charly,57.0,35.0,40.0,-43.0,45.0,50.0,-54.0,40.0,50.0,90.0
HDF - Cpe de France des Clubs - Saint pol sur mer - 1er tour Coupe de France U15/17/20 Filles,2025-01-25,U15 Men 61,HILARIC Nathan,58.5,35.0,40.0,-43.0,40.0,45.0,-48.0,40.0,45.0,85.0
HDF - Cpe de France des Clubs - Saint pol sur mer - 1er tour Coupe de France U15/17/20 Filles,2025-01-25,U15 Men 61,JENASTE MOZAR Jamie,58.0,30.0,32.0,-35.0,40.0,45.0,-48.0,32.0,45.0,77.0
HDF - Cpe de France des Clubs - Saint pol sur mer - 1er tour Coupe de France U15/17/20 Filles,2025-01-25,U15 Men 67,SHERRER SALMERON Marius,67.0,45.0,50.0,52.0,65.0,70.0,-75.0,52.0,70.0,122.0
HDF - Cpe de France des Clubs - Saint pol sur mer - 1er tour Coupe de France U15/17/20 Filles,2025-01-25,U15 Men 73,LE CURIEUX-DURIVAL Angel,68.0,30.0,32.0,-35.0,35.0,40.0,-45.0,32.0,40.0,72.0
HDF - Cpe de France des Clubs - Saint pol sur mer - 1er tour Coupe de France U15/17/20 Filles,2025-01-25,U15 Men 81,LEDEE Kender,77.0,60.0,-65.0,65.0,70.0,75.0,80.0,65.0,80.0,145.0
HDF - Cpe de France des Clubs - Saint pol sur mer - 1er tour Coupe de France U15/17/20 Filles,2025-01-25,U17 Men 61,MARIGOT Florian,61.0,50.0,55.0,-58.0,65.0,70.0,-75.0,55.0,70.0,125.0
HDF - Cpe de France des Clubs - Saint pol sur mer - 1er tour Coupe de France U15/17/20 Filles,2025-01-25,U17 Men 61,TIEDREZ Mahé,57.0,35.0,40.0,-45.0,45.0,50.0,-55.0,40.0,50.0,90.0
HDF - Cpe de France des Clubs - Saint pol sur mer - 1er tour Coupe de France U15/17/20 Filles,2025-01-25,U17 Men 61,VERIN Emrys,60.0,40.0,-45.0,-45.0,45.0,50.0,-55.0,40.0,50.0,90.0
HDF - Cpe de France des Clubs - Saint pol sur mer - 1er tour Coupe de France U15/17/20 Filles,2025-01-25,U17 Men 67,RICO Maé simon,66.7,70.0,-75.0,75.0,95.0,100.0,-105.0,75.0,100.0,175.0
HDF - Cpe de France des Clubs - Saint pol sur mer - 1er tour Coupe de France U15/17/20 Filles,2025-01-25,U17 Men 73,DUCROT Galaad,69.0,50.0,55.0,-60.0,60.0,65.0,-70.0,55.0,65.0,120.0
HDF - Cpe de France des Clubs - Saint pol sur mer - 1er tour Coupe de France U15/17/20 Filles,2025-01-25,U17 Men 96,URGEN Lucas,90.6,55.0,60.0,-63.0,70.0,75.0,-80.0,60.0,75.0,135.0
HDF - Cpe de France des Clubs - Saint pol sur mer - 1er tour Coupe de France U15/17/20 Filles,2025-01-25,U20 Men >109,DESIR Robenson,112.0,50.0,55.0,60.0,70.0,-75.0,75.0,60.0,75.0,135.0
HDF - Cpe de France des Clubs - Saint pol sur mer - 1er tour Coupe de France U15/17/20 Filles,2025-01-25,U15 Men 49,BALAC Clément,46.0,25.0,30.0,-32.0,40.0,42.0,45.0,30.0,45.0,75.0
HDF - Cpe de France des Clubs - Saint pol sur mer - 1er tour Coupe de France U15/17/20 Filles,2025-01-25,U15 Men 49,PETRELLUZZI Victor,44.0,25.0,28.0,30.0,35.0,40.0,-43.0,30.0,40.0,70.0
HDF - Cpe de France des Clubs - Saint pol sur mer - 1er tour Coupe de France U15/17/20 Filles,2025-01-25,U15 Men 49,BALCOU Basile,40.0,25.0,27.0,-29.0,30.0,33.0,35.0,27.0,35.0,62.0
HDF - Cpe de France des Clubs - Saint pol sur mer - 1er tour Coupe de France U15/17/20 Filles,2025-01-25,U15 Men 55,CHOULET Noël,55.0,25.0,30.0,-33.0,38.0,40.0,-42.0,30.0,40.0,70.0
HDF - Cpe de France des Clubs - Saint pol sur mer - 1er tour Coupe de France U15/17/20 Filles,2025-01-25,U15 Men 61,MERIOT Travis,61.0,40.0,45.0,-48.0,50.0,52.0,-55.0,45.0,52.0,97.0
HDF - Cpe de France des Clubs - Saint pol sur mer - 1er tour Coupe de France U15/17/20 Filles,2025-01-25,U15 Men 61,ZAOUROU Charly,57.0,35.0,40.0,-43.0,45.0,50.0,-54.0,40.0,50.0,90.0
HDF - Cpe de France des Clubs - Saint pol sur mer - 1er tour Coupe de France U15/17/20 Filles,2025-01-25,U15 Men 61,HILARIC Nathan,58.5,35.0,40.0,-43.0,40.0,45.0,-48.0,40.0,45.0,85.0
HDF - Cpe de France des Clubs - Saint pol sur mer - 1er tour Coupe de France U15/17/20 Filles,2025-01-25,U15 Men 61,JENASTE MOZAR Jamie,58.0,30.0,32.0,-35.0,40.0,45.0,-48.0,32.0,45.0,77.0
HDF - Cpe de France des Clubs - Saint pol sur mer - 1er tour Coupe de France U15/17/20 Filles,2025-01-25,U15 Men 67,SHERRER SALMERON Marius,67.0,45.0,50.0,52.0,65.0,70.0,-75.0,52.0,70.0,122.0
HDF - Cpe de France des Clubs - Saint pol sur mer - 1er tour Coupe de France U15/17/20 Filles,2025-01-25,U15 Men 73,LE CURIEUX-DURIVAL Angel,68.0,30.0,32.0,-35.0,35.0,40.0,-45.0,32.0,40.0,72.0
HDF - Cpe de France des Clubs - Saint pol sur mer - 1er tour Coupe de France U15/17/20 Filles,2025-01-25,U15 Men 81,LEDEE Kender,77.0,60.0,-65.0,65.0,70.0,75.0,80.0,65.0,80.0,145.0
HDF - Cpe de France des Clubs - Saint pol sur mer - 1er tour Coupe de France U15/17/20 Filles,2025-01-25,U17 Men 61,MARIGOT Florian,61.0,50.0,55.0,-58.0,65.0,70.0,-75.0,55.0,70.0,125.0
HDF - Cpe de France des Clubs - Saint pol sur mer - 1er tour Coupe de France U15/17/20 Filles,2025-01-25,U17 Men 61,TIEDREZ Mahé,57.0,35.0,40.0,-45.0,45.0,50.0,-55.0,40.0,50.0,90.0
HDF - Cpe de France des Clubs - Saint pol sur mer - 1er tour Coupe de France U15/17/20 Filles,2025-01-25,U17 Men 61,VERIN Emrys,60.0,40.0,-45.0,-45.0,45.0,50.0,-55.0,40.0,50.0,90.0
HDF - Cpe de France des Clubs - Saint pol sur mer - 1er tour Coupe de France U15/17/20 Filles,2025-01-25,U17 Men 67,RICO Maé simon,66.7,70.0,-75.0,75.0,95.0,100.0,-105.0,75.0,100.0,175.0
HDF - Cpe de France des Clubs - Saint pol sur mer - 1er tour Coupe de France U15/17/20 Filles,2025-01-25,U17 Men 73,DUCROT Galaad,69.0,50.0,55.0,-60.0,60.0,65.0,-70.0,55.0,65.0,120.0
HDF - Cpe de France des Clubs - Saint pol sur mer - 1er tour Coupe de France U15/17/20 Filles,2025-01-25,U17 Men 96,URGEN Lucas,90.6,55.0,60.0,-63.0,70.0,75.0,-80.0,60.0,75.0,135.0
HDF - Cpe de France des Clubs - Saint pol sur mer - 1er tour Coupe de France U15/17/20 Filles,2025-01-25,U20 Men >109,DESIR Robenson,112.0,50.0,55.0,60.0,70.0,-75.0,75.0,60.0,75.0,135.0
HDF - Cpe de France des Clubs - Saint pol sur mer - 1er tour Coupe de France U15/17/20 Filles,2025-01-25,SEN Men 81,DERRICK Yannis,81.0,115.0,-120.0,120.0,160.0,166.0,-170.0,120.0,166.0,286.0
HDF - Cpe de France des Clubs - Saint pol sur mer - 1er tour Coupe de France U15/17/20 Filles,2025-01-25,SEN Men 81,PINEAU Aschkenaz,74.0,95.0,100.0,-103.0,125.0,130.0,-132.0,100.0,130.0,230.0
HDF - Cpe de France des Clubs - Saint pol sur mer - 1er tour Coupe de France U15/17/20 Filles,2025-01-25,SEN Men 81,BOITTIN Natymael,78.0,95.0,-100.0,100.0,115.0,120.0,-125.0,100.0,120.0,220.0
HDF - Cpe de France des Clubs - Saint pol sur mer - 1er tour Coupe de France U15/17/20 Filles,2025-01-25,SEN Men 81,FRANCILETTE Valery,80.0,90.0,95.0,100.0,105.0,110.0,-115.0,100.0,110.0,210.0
HDF - Cpe de France des Clubs - Saint pol sur mer - 1er tour Coupe de France U15/17/20 Filles,2025-01-25,SEN Men 89,EREMBERT Teddy,89.0,95.0,100.0,-105.0,125.0,130.0,-135.0,100.0,130.0,230.0
HDF - Cpe de France des Clubs - Saint pol sur mer - 1er tour Coupe de France U15/17/20 Filles,2025-01-25,SEN Men 102,LINGUET Willem,101.8,115.0,120.0,-123.0,145.0,150.0,-155.0,120.0,150.0,270.0
HDF - Cpe de France des Clubs - Saint pol sur mer - 1er tour Coupe de France U15/17/20 Filles,2025-01-25,SEN Women 55,STOKLOSA Alysée,54.6,55.0,58.0,-60.0,72.0,76.0,-80.0,58.0,76.0,134.0
HDF - Cpe de France des Clubs - Saint pol sur mer - 1er tour Coupe de France U15/17/20 Filles,2025-01-25,SEN Women 64,LEMOYNE Nadji,64.0,52.0,55.0,-58.0,65.0,70.0,-73.0,55.0,70.0,125.0
HDF - Cpe de France des Clubs - Saint pol sur mer - 1er tour Coupe de France U15/17/20 Filles,2025-01-25,SEN Women 71,EL DEBS Christelle,65.0,70.0,75.0,80.0,95.0,-100.0,100.0,80.0,100.0,180.0
HDF - Cpe de France des Clubs - Saint pol sur mer - 1er tour Coupe de France U15/17/20 Filles,2025-01-25,SEN Women 76,LAURENT Armelle,76.0,60.0,65.0,-67.0,80.0,85.0,-88.0,65.0,85.0,150.0
HDF - Cpe de France des Clubs - Saint pol sur mer - 1er tour Coupe de France U15/17/20 Filles,2025-01-25,SEN Women 76,MERRIFIELD Alice,76.0,50.0,55.0,-57.0,70.0,75.0,-78.0,55.0,75.0,130.0
HDF - Cpe de France des Clubs - Saint pol sur mer - 1er tour Coupe de France U15/17/20 Filles,2025-01-25,SEN Women >87,AVIDOR Rebecca,94.0,48.0,52.0,55.0,65.0,68.0,-70.0,55.0,68.0,123.0
HDF - Cpe de France des Clubs - Saint pol sur mer - 1er tour Coupe de France U15/17/20 Filles,2025-01-25,SEN Men 81,DERRICK Yannis,81.0,115.0,-120.0,120.0,160.0,166.0,-170.0,120.0,166.0,286.0
HDF - Cpe de France des Clubs - Saint pol sur mer - 1er tour Coupe de France U15/17/20 Filles,2025-01-25,SEN Men 81,PINEAU Aschkenaz,74.0,95.0,100.0,-103.0,125.0,130.0,-132.0,100.0,130.0,230.0
HDF - Cpe de France des Clubs - Saint pol sur mer - 1er tour Coupe de France U15/17/20 Filles,2025-01-25,SEN Men 81,BOITTIN Natymael,78.0,95.0,-100.0,100.0,115.0,120.0,-125.0,100.0,120.0,220.0
HDF - Cpe de France des Clubs - Saint pol sur mer - 1er tour Coupe de France U15/17/20 Filles,2025-01-25,SEN Men 81,FRANCILETTE Valery,80.0,90.0,95.0,100.0,105.0,110.0,-115.0,100.0,110.0,210.0
HDF - Cpe de France des Clubs - Saint pol sur mer - 1er tour Coupe de France U15/17/20 Filles,2025-01-25,SEN Men 89,EREMBERT Teddy,89.0,95.0,100.0,-105.0,125.0,130.0,-135.0,100.0,130.0,230.0
HDF - Cpe de France des Clubs - Saint pol sur mer - 1er tour Coupe de France U15/17/20 Filles,2025-01-25,SEN Men 102,LINGUET Willem,101.8,115.0,120.0,-123.0,145.0,150.0,-155.0,120.0,150.0,270.0
HDF - Cpe de France des Clubs - Saint pol sur mer - 1er tour Coupe de France U15/17/20 Filles,2025-01-25,SEN Women 55,STOKLOSA Alysée,54.6,55.0,58.0,-60.0,72.0,76.0,-80.0,58.0,76.0,134.0
HDF - Cpe de France des Clubs - Saint pol sur mer - 1er tour Coupe de France U15/17/20 Filles,2025-01-25,SEN Women 64,LEMOYNE Nadji,64.0,52.0,55.0,-58.0,65.0,70.0,-73.0,55.0,70.0,125.0
HDF - Cpe de France des Clubs - Saint pol sur mer - 1er tour Coupe de France U15/17/20 Filles,2025-01-25,SEN Women 71,EL DEBS Christelle,65.0,70.0,75.0,80.0,95.0,-100.0,100.0,80.0,100.0,180.0
HDF - Cpe de France des Clubs - Saint pol sur mer - 1er tour Coupe de France U15/17/20 Filles,2025-01-25,SEN Women 76,LAURENT Armelle,76.0,60.0,65.0,-67.0,80.0,85.0,-88.0,65.0,85.0,150.0
HDF - Cpe de France des Clubs - Saint pol sur mer - 1er tour Coupe de France U15/17/20 Filles,2025-01-25,SEN Women 76,MERRIFIELD Alice,76.0,50.0,55.0,-57.0,70.0,75.0,-78.0,55.0,75.0,130.0
HDF - Cpe de France des Clubs - Saint pol sur mer - 1er tour Coupe de France U15/17/20 Filles,2025-01-25,SEN Women >87,AVIDOR Rebecca,94.0,48.0,52.0,55.0,65.0,68.0,-70.0,55.0,68.0,123.0
HDF - Cpe de France des Clubs - Saint pol sur mer - 1er tour Coupe de France U15/17/20 Filles,2025-01-25,U20 Men 67,LASBATS Ethan,67.0,55.0,60.0,-65.0,70.0,75.0,-80.0,60.0,75.0,135.0
HDF - Cpe de France des Clubs - Saint pol sur mer - 1er tour Coupe de France U15/17/20 Filles,2025-01-25,U20 Men 67,KALB Gyann,67.0,50.0,55.0,-60.0,70.0,75.0,-80.0,55.0,75.0,130.0
HDF - Cpe de France des Clubs - Saint pol sur mer - 1er tour Coupe de France U15/17/20 Filles,2025-01-25,U20 Men 81,LE PIOLET Teiva,81.0,110.0,-115.0,115.0,130.0,135.0,-140.0,115.0,135.0,250.0
HDF - Cpe de France des Clubs - Saint pol sur mer - 1er tour Coupe de France U15/17/20 Filles,2025-01-25,U20 Men 81,BARRIERE Guillaume,80.0,90.0,95.0,-100.0,110.0,115.0,-120.0,95.0,115.0,210.0
HDF - Cpe de France des Clubs - Saint pol sur mer - 1er tour Coupe de France U15/17/20 Filles,2025-01-25,U20 Men 96,LE PIOLET Manoa,90.0,120.0,125.0,127.0,140.0,145.0,-147.0,127.0,145.0,272.0
HDF - Cpe de France des Clubs - Saint pol sur mer - 1er tour Coupe de France U15/17/20 Filles,2025-01-25,U20 Men 102,NUIRO Hevy guy,102.0,110.0,115.0,-120.0,135.0,140.0,145.0,115.0,145.0,260.0
HDF - Cpe de France des Clubs - Saint pol sur mer - 1er tour Coupe de France U15/17/20 Filles,2025-01-25,U20 Men 67,LASBATS Ethan,67.0,55.0,60.0,-65.0,70.0,75.0,-80.0,60.0,75.0,135.0
HDF - Cpe de France des Clubs - Saint pol sur mer - 1er tour Coupe de France U15/17/20 Filles,2025-01-25,U20 Men 67,KALB Gyann,67.0,50.0,55.0,-60.0,70.0,75.0,-80.0,55.0,75.0,130.0
HDF - Cpe de France des Clubs - Saint pol sur mer - 1er tour Coupe de France U15/17/20 Filles,2025-01-25,U20 Men 81,LE PIOLET Teiva,81.0,110.0,-115.0,115.0,130.0,135.0,-140.0,115.0,135.0,250.0
HDF - Cpe de France des Clubs - Saint pol sur mer - 1er tour Coupe de France U15/17/20 Filles,2025-01-25,U20 Men 81,BARRIERE Guillaume,80.0,90.0,95.0,-100.0,110.0,115.0,-120.0,95.0,115.0,210.0
HDF - Cpe de France des Clubs - Saint pol sur mer - 1er tour Coupe de France U15/17/20 Filles,2025-01-25,U20 Men 96,LE PIOLET Manoa,90.0,120.0,125.0,127.0,140.0,145.0,-147.0,127.0,145.0,272.0
HDF - Cpe de France des Clubs - Saint pol sur mer - 1er tour Coupe de France U15/17/20 Filles,2025-01-25,U20 Men 102,NUIRO Hevy guy,102.0,110.0,115.0,-120.0,135.0,140.0,145.0,115.0,145.0,260.0
HDF - Cpe de France des Clubs - Saint pol sur mer - 1er tour Coupe de France U15/17/20 Filles,2025-01-25,U15 Women 59,CAMPTON Augustine,58.8,30.0,33.0,-35.0,40.0,44.0,-47.0,33.0,44.0,77.0
HDF - Cpe de France des Clubs - Saint pol sur mer - 1er tour Coupe de France U15/17/20 Filles,2025-01-25,U15 Women 59,BRICOUT Cléa,58.0,30.0,32.0,-34.0,40.0,42.0,-44.0,32.0,42.0,74.0
HDF - Cpe de France des Clubs - Saint pol sur mer - 1er tour Coupe de France U15/17/20 Filles,2025-01-25,U15 Women 71,ALPHONSE Yaelle,66.0,27.0,32.0,35.0,40.0,-45.0,45.0,35.0,45.0,80.0
HDF - Cpe de France des Clubs - Saint pol sur mer - 1er tour Coupe de France U15/17/20 Filles,2025-01-25,U17 Women 55,ZAOUROU Maïana,54.8,38.0,42.0,-45.0,48.0,52.0,-55.0,42.0,52.0,94.0
HDF - Cpe de France des Clubs - Saint pol sur mer - 1er tour Coupe de France U15/17/20 Filles,2025-01-25,U17 Women 55,ZERD Anyssa,51.0,20.0,25.0,-27.0,30.0,35.0,-38.0,25.0,35.0,60.0
HDF - Cpe de France des Clubs - Saint pol sur mer - 1er tour Coupe de France U15/17/20 Filles,2025-01-25,U17 Women 59,GARCIA DURAND Oryance,58.0,35.0,38.0,40.0,40.0,45.0,50.0,40.0,50.0,90.0
HDF - Cpe de France des Clubs - Saint pol sur mer - 1er tour Coupe de France U15/17/20 Filles,2025-01-25,U15 Women 59,CAMPTON Augustine,58.8,30.0,33.0,-35.0,40.0,44.0,-47.0,33.0,44.0,77.0
HDF - Cpe de France des Clubs - Saint pol sur mer - 1er tour Coupe de France U15/17/20 Filles,2025-01-25,U15 Women 59,BRICOUT Cléa,58.0,30.0,32.0,-34.0,40.0,42.0,-44.0,32.0,42.0,74.0
HDF - Cpe de France des Clubs - Saint pol sur mer - 1er tour Coupe de France U15/17/20 Filles,2025-01-25,U15 Women 71,ALPHONSE Yaelle,66.0,27.0,32.0,35.0,40.0,-45.0,45.0,35.0,45.0,80.0
HDF - Cpe de France des Clubs - Saint pol sur mer - 1er tour Coupe de France U15/17/20 Filles,2025-01-25,U17 Women 55,ZAOUROU Maïana,54.8,38.0,42.0,-45.0,48.0,52.0,-55.0,42.0,52.0,94.0
HDF - Cpe de France des Clubs - Saint pol sur mer - 1er tour Coupe de France U15/17/20 Filles,2025-01-25,U17 Women 55,ZERD Anyssa,51.0,20.0,25.0,-27.0,30.0,35.0,-38.0,25.0,35.0,60.0
HDF - Cpe de France des Clubs - Saint pol sur mer - 1er tour Coupe de France U15/17/20 Filles,2025-01-25,U17 Women 59,GARCIA DURAND Oryance,58.0,35.0,38.0,40.0,40.0,45.0,50.0,40.0,50.0,90.0
HDF - Cpe de France des Clubs - Saint pol sur mer - 1er tour Coupe de France U15/17/20 Filles,2025-01-25,U20 Women 55,MC ALLISTER Mélinda,55.0,30.0,35.0,38.0,45.0,50.0,-55.0,38.0,50.0,88.0
HDF - Cpe de France des Clubs - Saint pol sur mer - 1er tour Coupe de France U15/17/20 Filles,2025-01-25,U20 Women 59,CURTIT Alice,56.0,50.0,53.0,-55.0,60.0,65.0,-70.0,53.0,65.0,118.0
HDF - Cpe de France des Clubs - Saint pol sur mer - 1er tour Coupe de France U15/17/20 Filles,2025-01-25,U20 Women 64,RILCY Angeli,61.0,32.0,35.0,-37.0,40.0,45.0,-47.0,35.0,45.0,80.0
HDF - Cpe de France des Clubs - Saint pol sur mer - 1er tour Coupe de France U15/17/20 Filles,2025-01-25,U20 Women 76,IRENEE Maelle,73.0,50.0,55.0,-58.0,65.0,70.0,75.0,55.0,75.0,130.0
HDF - Cpe de France des Clubs - Saint pol sur mer - 1er tour Coupe de France U15/17/20 Filles,2025-01-25,U20 Women 81,HYMAN Jackie-princesse,81.0,60.0,-65.0,65.0,75.0,80.0,-85.0,65.0,80.0,145.0
HDF - Cpe de France des Clubs - Saint pol sur mer - 1er tour Coupe de France U15/17/20 Filles,2025-01-25,U20 Women 81,THEOPHILE Thimara,80.0,40.0,45.0,-50.0,50.0,55.0,-60.0,45.0,55.0,100.0
HDF - Cpe de France des Clubs - Saint pol sur mer - 1er tour Coupe de France U15/17/20 Filles,2025-01-25,U20 Women 55,MC ALLISTER Mélinda,55.0,30.0,35.0,38.0,45.0,50.0,-55.0,38.0,50.0,88.0
HDF - Cpe de France des Clubs - Saint pol sur mer - 1er tour Coupe de France U15/17/20 Filles,2025-01-25,U20 Women 59,CURTIT Alice,56.0,50.0,53.0,-55.0,60.0,65.0,-70.0,53.0,65.0,118.0
HDF - Cpe de France des Clubs - Saint pol sur mer - 1er tour Coupe de France U15/17/20 Filles,2025-01-25,U20 Women 64,RILCY Angeli,61.0,32.0,35.0,-37.0,40.0,45.0,-47.0,35.0,45.0,80.0
HDF - Cpe de France des Clubs - Saint pol sur mer - 1er tour Coupe de France U15/17/20 Filles,2025-01-25,U20 Women 76,IRENEE Maelle,73.0,50.0,55.0,-58.0,65.0,70.0,75.0,55.0,75.0,130.0
HDF - Cpe de France des Clubs - Saint pol sur mer - 1er tour Coupe de France U15/17/20 Filles,2025-01-25,U20 Women 81,HYMAN Jackie-princesse,81.0,60.0,-65.0,65.0,75.0,80.0,-85.0,65.0,80.0,145.0
HDF - Cpe de France des Clubs - Saint pol sur mer - 1er tour Coupe de France U15/17/20 Filles,2025-01-25,U20 Women 81,THEOPHILE Thimara,80.0,40.0,45.0,-50.0,50.0,55.0,-60.0,45.0,55.0,100.0
HDF - Cpe de France des Clubs - Saint pol sur mer - 1er tour Coupe de France U15/17/20 Filles,2025-01-25,U13 Men 35,CAULIER Timéo,32.5,14.0,16.0,17.0,16.0,18.0,20.0,17.0,20.0,37.0
HDF - Cpe de France des Clubs - Saint pol sur mer - 1er tour Coupe de France U15/17/20 Filles,2025-01-25,U13 Men 45,RIEUX-SOUBEYRAN Sébastien,43.2,23.0,25.0,27.0,28.0,30.0,32.0,27.0,32.0,59.0
HDF - Cpe de France des Clubs - Saint pol sur mer - 1er tour Coupe de France U15/17/20 Filles,2025-01-25,U13 Women 64,RUGGERI Chloé,59.3,18.0,20.0,22.0,24.0,26.0,28.0,22.0,28.0,50.0
HDF - Cpe de France des Clubs - Saint pol sur mer - 1er tour Coupe de France U15/17/20 Filles,2025-01-25,U13 Men 35,CAULIER Timéo,32.5,14.0,16.0,17.0,16.0,18.0,20.0,17.0,20.0,37.0
HDF - Cpe de France des Clubs - Saint pol sur mer - 1er tour Coupe de France U15/17/20 Filles,2025-01-25,U13 Men 45,RIEUX-SOUBEYRAN Sébastien,43.2,23.0,25.0,27.0,28.0,30.0,32.0,27.0,32.0,59.0
HDF - Cpe de France des Clubs - Saint pol sur mer - 1er tour Coupe de France U15/17/20 Filles,2025-01-25,U13 Women 64,RUGGERI Chloé,59.3,18.0,20.0,22.0,24.0,26.0,28.0,22.0,28.0,50.0
HDF - Cpe de France des Clubs - Saint pol sur mer - 1er tour Coupe de France U15/17/20 Filles,2025-01-25,U15 Women 45,ANGELO Jamie lynn,44.6,36.0,39.0,42.0,45.0,49.0,52.0,42.0,52.0,94.0
HDF - Cpe de France des Clubs - Saint pol sur mer - 1er tour Coupe de France U15/17/20 Filles,2025-01-25,U15 Women 55,LEROY Chloé,54.6,27.0,30.0,-33.0,35.0,40.0,45.0,30.0,45.0,75.0
HDF - Cpe de France des Clubs - Saint pol sur mer - 1er tour Coupe de France U15/17/20 Filles,2025-01-25,U15 Women 55,SANZ Clémence,49.4,23.0,25.0,-28.0,30.0,35.0,40.0,25.0,40.0,65.0
HDF - Cpe de France des Clubs - Saint pol sur mer - 1er tour Coupe de France U15/17/20 Filles,2025-01-25,U17 Women 49,ALCARAZ Charlotte,46.3,35.0,38.0,40.0,45.0,48.0,52.0,40.0,52.0,92.0
HDF - Cpe de France des Clubs - Saint pol sur mer - 1er tour Coupe de France U15/17/20 Filles,2025-01-25,U17 Women 59,DEGEZ Florette,55.1,60.0,65.0,70.0,77.0,82.0,87.0,70.0,87.0,157.0
HDF - Cpe de France des Clubs - Saint pol sur mer - 1er tour Coupe de France U15/17/20 Filles,2025-01-25,U20 Women 64,DIAW Lia,60.2,55.0,60.0,65.0,70.0,77.0,83.0,65.0,83.0,148.0
HDF - Cpe de France des Clubs - Saint pol sur mer - 1er tour Coupe de France U15/17/20 Filles,2025-01-25,U15 Women 45,ANGELO Jamie lynn,44.6,36.0,39.0,42.0,45.0,49.0,52.0,42.0,52.0,94.0
HDF - Cpe de France des Clubs - Saint pol sur mer - 1er tour Coupe de France U15/17/20 Filles,2025-01-25,U15 Women 55,LEROY Chloé,54.6,27.0,30.0,-33.0,35.0,40.0,45.0,30.0,45.0,75.0
HDF - Cpe de France des Clubs - Saint pol sur mer - 1er tour Coupe de France U15/17/20 Filles,2025-01-25,U15 Women 55,SANZ Clémence,49.4,23.0,25.0,-28.0,30.0,35.0,40.0,25.0,40.0,65.0
HDF - Cpe de France des Clubs - Saint pol sur mer - 1er tour Coupe de France U15/17/20 Filles,2025-01-25,U17 Women 49,ALCARAZ Charlotte,46.3,35.0,38.0,40.0,45.0,48.0,52.0,40.0,52.0,92.0
HDF - Cpe de France des Clubs - Saint pol sur mer - 1er tour Coupe de France U15/17/20 Filles,2025-01-25,U17 Women 59,DEGEZ Florette,55.1,60.0,65.0,70.0,77.0,82.0,87.0,70.0,87.0,157.0
HDF - Cpe de France des Clubs - Saint pol sur mer - 1er tour Coupe de France U15/17/20 Filles,2025-01-25,U20 Women 64,DIAW Lia,60.2,55.0,60.0,65.0,70.0,77.0,83.0,65.0,83.0,148.0
HDF - Cpe de France des Clubs - Saint pol sur mer - 1er tour Coupe de France U15/17/20 Filles,2025-01-25,U15 Men 61,ALCARAZ Thomas,56.5,60.0,65.0,70.0,80.0,85.0,90.0,70.0,90.0,160.0
HDF - Cpe de France des Clubs - Saint pol sur mer - 1er tour Coupe de France U15/17/20 Filles,2025-01-25,U17 Men 49,JEAN Wyatt,48.7,57.0,62.0,-66.0,75.0,80.0,85.0,62.0,85.0,147.0
HDF - Cpe de France des Clubs - Saint pol sur mer - 1er tour Coupe de France U15/17/20 Filles,2025-01-25,U17 Men 61,ROSS Clément,55.4,55.0,60.0,-65.0,70.0,75.0,80.0,60.0,80.0,140.0
HDF - Cpe de France des Clubs - Saint pol sur mer - 1er tour Coupe de France U15/17/20 Filles,2025-01-25,U20 Men 67,ROSSI Alexis,62.2,82.0,87.0,91.0,105.0,110.0,-115.0,91.0,110.0,201.0
HDF - Cpe de France des Clubs - Saint pol sur mer - 1er tour Coupe de France U15/17/20 Filles,2025-01-25,U20 Men 67,CARMONA Enzo,62.9,65.0,70.0,75.0,80.0,-85.0,85.0,75.0,85.0,160.0
HDF - Cpe de France des Clubs - Saint pol sur mer - 1er tour Coupe de France U15/17/20 Filles,2025-01-25,U20 Men 96,OURTAUD-COTTER Valentin,92.4,110.0,115.0,120.0,120.0,130.0,135.0,120.0,135.0,255.0
HDF - Cpe de France des Clubs - Saint pol sur mer - 1er tour Coupe de France U15/17/20 Filles,2025-01-25,U15 Men 61,ALCARAZ Thomas,56.5,60.0,65.0,70.0,80.0,85.0,90.0,70.0,90.0,160.0
HDF - Cpe de France des Clubs - Saint pol sur mer - 1er tour Coupe de France U15/17/20 Filles,2025-01-25,U17 Men 49,JEAN Wyatt,48.7,57.0,62.0,-66.0,75.0,80.0,85.0,62.0,85.0,147.0
HDF - Cpe de France des Clubs - Saint pol sur mer - 1er tour Coupe de France U15/17/20 Filles,2025-01-25,U17 Men 61,ROSS Clément,55.4,55.0,60.0,-65.0,70.0,75.0,80.0,60.0,80.0,140.0
HDF - Cpe de France des Clubs - Saint pol sur mer - 1er tour Coupe de France U15/17/20 Filles,2025-01-25,U20 Men 67,ROSSI Alexis,62.2,82.0,87.0,91.0,105.0,110.0,-115.0,91.0,110.0,201.0
HDF - Cpe de France des Clubs - Saint pol sur mer - 1er tour Coupe de France U15/17/20 Filles,2025-01-25,U20 Men 67,CARMONA Enzo,62.9,65.0,70.0,75.0,80.0,-85.0,85.0,75.0,85.0,160.0
HDF - Cpe de France des Clubs - Saint pol sur mer - 1er tour Coupe de France U15/17/20 Filles,2025-01-25,U20 Men 96,OURTAUD-COTTER Valentin,92.4,110.0,115.0,120.0,120.0,130.0,135.0,120.0,135.0,255.0
HDF - Cpe de France des Clubs - Saint pol sur mer - 1er tour Coupe de France U15/17/20 Filles,2025-01-25,U20 Men 81,BOULINIER Dorian,73.4,80.0,83.0,-86.0,100.0,105.0,-0.0,83.0,105.0,188.0
HDF - Cpe de France des Clubs - Saint pol sur mer - 1er tour Coupe de France U15/17/20 Filles,2025-01-25,SEN Men 73,MULLOR Julien,70.8,95.0,100.0,105.0,110.0,120.0,-130.0,105.0,120.0,225.0
HDF - Cpe de France des Clubs - Saint pol sur mer - 1er tour Coupe de France U15/17/20 Filles,2025-01-25,SEN Men 73,CORNU Lorik,72.8,88.0,-93.0,-93.0,105.0,110.0,-115.0,88.0,110.0,198.0
HDF - Cpe de France des Clubs - Saint pol sur mer - 1er tour Coupe de France U15/17/20 Filles,2025-01-25,SEN Men 81,PRECLOUX Matys,74.2,92.0,-97.0,97.0,110.0,115.0,120.0,97.0,120.0,217.0
HDF - Cpe de France des Clubs - Saint pol sur mer - 1er tour Coupe de France U15/17/20 Filles,2025-01-25,SEN Men 81,ROUSSEAU Arthur,80.1,85.0,90.0,95.0,105.0,110.0,115.0,95.0,115.0,210.0
HDF - Cpe de France des Clubs - Saint pol sur mer - 1er tour Coupe de France U15/17/20 Filles,2025-01-25,SEN Men 96,KIEFFER Guillaume,91.6,90.0,95.0,100.0,110.0,115.0,-120.0,100.0,115.0,215.0
HDF - Cpe de France des Clubs - Saint pol sur mer - 1er tour Coupe de France U15/17/20 Filles,2025-01-25,U20 Women 64,GOUSSE Amandine,62.8,35.0,40.0,-45.0,50.0,55.0,58.0,40.0,58.0,98.0
HDF - Cpe de France des Clubs - Saint pol sur mer - 1er tour Coupe de France U15/17/20 Filles,2025-01-25,U20 Women 76,DESBLEDS Camille,75.4,35.0,40.0,45.0,45.0,50.0,55.0,45.0,55.0,100.0
HDF - Cpe de France des Clubs - Saint pol sur mer - 1er tour Coupe de France U15/17/20 Filles,2025-01-25,SEN Women 59,LOUBERE-CLAVERIE Noa,58.3,62.0,67.0,70.0,82.0,87.0,92.0,70.0,92.0,162.0
HDF - Cpe de France des Clubs - Saint pol sur mer - 1er tour Coupe de France U15/17/20 Filles,2025-01-25,SEN Women 59,HUND Delphine,55.8,48.0,52.0,55.0,58.0,62.0,-65.0,55.0,62.0,117.0
HDF - Cpe de France des Clubs - Saint pol sur mer - 1er tour Coupe de France U15/17/20 Filles,2025-01-25,SEN Women 71,GOBERT Iris,70.3,-72.0,-72.0,72.0,80.0,-85.0,87.0,72.0,87.0,159.0
HDF - Cpe de France des Clubs - Saint pol sur mer - 1er tour Coupe de France U15/17/20 Filles,2025-01-25,SEN Women 71,GILLET Manon,65.5,50.0,55.0,58.0,70.0,75.0,80.0,58.0,80.0,138.0
HDF - Cpe de France des Clubs - Saint pol sur mer - 1er tour Coupe de France U15/17/20 Filles,2025-01-25,U20 Men 81,BOULINIER Dorian,73.4,80.0,83.0,-86.0,100.0,105.0,-0.0,83.0,105.0,188.0
HDF - Cpe de France des Clubs - Saint pol sur mer - 1er tour Coupe de France U15/17/20 Filles,2025-01-25,SEN Men 73,MULLOR Julien,70.8,95.0,100.0,105.0,110.0,120.0,-130.0,105.0,120.0,225.0
HDF - Cpe de France des Clubs - Saint pol sur mer - 1er tour Coupe de France U15/17/20 Filles,2025-01-25,SEN Men 73,CORNU Lorik,72.8,88.0,-93.0,-93.0,105.0,110.0,-115.0,88.0,110.0,198.0
HDF - Cpe de France des Clubs - Saint pol sur mer - 1er tour Coupe de France U15/17/20 Filles,2025-01-25,SEN Men 81,PRECLOUX Matys,74.2,92.0,-97.0,97.0,110.0,115.0,120.0,97.0,120.0,217.0
HDF - Cpe de France des Clubs - Saint pol sur mer - 1er tour Coupe de France U15/17/20 Filles,2025-01-25,SEN Men 81,ROUSSEAU Arthur,80.1,85.0,90.0,95.0,105.0,110.0,115.0,95.0,115.0,210.0
HDF - Cpe de France des Clubs - Saint pol sur mer - 1er tour Coupe de France U15/17/20 Filles,2025-01-25,SEN Men 96,KIEFFER Guillaume,91.6,90.0,95.0,100.0,110.0,115.0,-120.0,100.0,115.0,215.0
HDF - Cpe de France des Clubs - Saint pol sur mer - 1er tour Coupe de France U15/17/20 Filles,2025-01-25,U20 Women 64,GOUSSE Amandine,62.8,35.0,40.0,-45.0,50.0,55.0,58.0,40.0,58.0,98.0
HDF - Cpe de France des Clubs - Saint pol sur mer - 1er tour Coupe de France U15/17/20 Filles,2025-01-25,U20 Women 76,DESBLEDS Camille,75.4,35.0,40.0,45.0,45.0,50.0,55.0,45.0,55.0,100.0
HDF - Cpe de France des Clubs - Saint pol sur mer - 1er tour Coupe de France U15/17/20 Filles,2025-01-25,SEN Women 59,LOUBERE-CLAVERIE Noa,58.3,62.0,67.0,70.0,82.0,87.0,92.0,70.0,92.0,162.0
HDF - Cpe de France des Clubs - Saint pol sur mer - 1er tour Coupe de France U15/17/20 Filles,2025-01-25,SEN Women 59,HUND Delphine,55.8,48.0,52.0,55.0,58.0,62.0,-65.0,55.0,62.0,117.0
HDF - Cpe de France des Clubs - Saint pol sur mer - 1er tour Coupe de France U15/17/20 Filles,2025-01-25,SEN Women 71,GOBERT Iris,70.3,-72.0,-72.0,72.0,80.0,-85.0,87.0,72.0,87.0,159.0
HDF - Cpe de France des Clubs - Saint pol sur mer - 1er tour Coupe de France U15/17/20 Filles,2025-01-25,SEN Women 71,GILLET Manon,65.5,50.0,55.0,58.0,70.0,75.0,80.0,58.0,80.0,138.0
HDF - Cpe de France des Clubs - Saint pol sur mer - 1er tour Coupe de France U15/17/20 Filles,2025-01-25,U17 Women 64,MONTORIER Juliette,63.0,-37.0,37.0,-39.0,44.0,47.0,50.0,37.0,50.0,87.0
HDF - Cpe de France des Clubs - Saint pol sur mer - 1er tour Coupe de France U15/17/20 Filles,2025-01-25,U20 Women 87,DODARD Mathilde,87.0,42.0,46.0,50.0,60.0,-65.0,-66.0,50.0,60.0,110.0
HDF - Cpe de France des Clubs - Saint pol sur mer - 1er tour Coupe de France U15/17/20 Filles,2025-01-25,SEN Women 55,BIGNON Caroline,54.4,48.0,50.0,52.0,58.0,60.0,63.0,52.0,63.0,115.0
HDF - Cpe de France des Clubs - Saint pol sur mer - 1er tour Coupe de France U15/17/20 Filles,2025-01-25,SEN Women 64,DELACHAT Mathilde,63.9,64.0,68.0,-71.0,82.0,87.0,91.0,68.0,91.0,159.0
HDF - Cpe de France des Clubs - Saint pol sur mer - 1er tour Coupe de France U15/17/20 Filles,2025-01-25,SEN Women 64,ALMEIDA Lea,64.0,60.0,63.0,-66.0,70.0,74.0,76.0,63.0,76.0,139.0
HDF - Cpe de France des Clubs - Saint pol sur mer - 1er tour Coupe de France U15/17/20 Filles,2025-01-25,SEN Women 71,EBERENA Sylvie,64.4,64.0,-68.0,68.0,79.0,-84.0,-84.0,68.0,79.0,147.0
HDF - Cpe de France des Clubs - Saint pol sur mer - 1er tour Coupe de France U15/17/20 Filles,2025-01-25,SEN Women 71,AZAGOURY Sephora,64.4,43.0,46.0,48.0,59.0,63.0,-65.0,48.0,63.0,111.0
HDF - Cpe de France des Clubs - Saint pol sur mer - 1er tour Coupe de France U15/17/20 Filles,2025-01-25,SEN Women 71,JEANBLANC Estelle,64.5,-38.0,38.0,-40.0,-51.0,-53.0,53.0,38.0,53.0,91.0
HDF - Cpe de France des Clubs - Saint pol sur mer - 1er tour Coupe de France U15/17/20 Filles,2025-01-25,SEN Women 76,REZZAK Amelle,71.1,65.0,70.0,-74.0,85.0,90.0,-95.0,70.0,90.0,160.0
HDF - Cpe de France des Clubs - Saint pol sur mer - 1er tour Coupe de France U15/17/20 Filles,2025-01-25,SEN Men 61,PECHARD Antoine,60.3,80.0,-85.0,-85.0,100.0,105.0,108.0,80.0,108.0,188.0
HDF - Cpe de France des Clubs - Saint pol sur mer - 1er tour Coupe de France U15/17/20 Filles,2025-01-25,SEN Men 81,COLOMBO Ludwig,81.0,120.0,127.0,132.0,145.0,153.0,160.0,132.0,160.0,292.0
HDF - Cpe de France des Clubs - Saint pol sur mer - 1er tour Coupe de France U15/17/20 Filles,2025-01-25,SEN Men 81,ANGOT Alexis,80.0,105.0,112.0,115.0,117.0,122.0,127.0,115.0,127.0,242.0
HDF - Cpe de France des Clubs - Saint pol sur mer - 1er tour Coupe de France U15/17/20 Filles,2025-01-25,SEN Men 81,RAFFAILLAC Romain,80.7,65.0,70.0,75.0,90.0,96.0,-100.0,75.0,96.0,171.0
HDF - Cpe de France des Clubs - Saint pol sur mer - 1er tour Coupe de France U15/17/20 Filles,2025-01-25,SEN Men 89,SERRA Romain,87.3,90.0,95.0,-100.0,115.0,122.0,127.0,95.0,127.0,222.0
HDF - Cpe de France des Clubs - Saint pol sur mer - 1er tour Coupe de France U15/17/20 Filles,2025-01-25,SEN Men 89,PRIGENT Maxime,83.7,-85.0,85.0,90.0,100.0,107.0,112.0,90.0,112.0,202.0
HDF - Cpe de France des Clubs - Saint pol sur mer - 1er tour Coupe de France U15/17/20 Filles,2025-01-25,SEN Men 89,DESCHAMPS Johan,86.7,70.0,-75.0,75.0,95.0,-100.0,-102.0,75.0,95.0,170.0
HDF - Cpe de France des Clubs - Saint pol sur mer - 1er tour Coupe de France U15/17/20 Filles,2025-01-25,SEN Men 89,HIPPOLYTE Fanfan,82.7,65.0,-70.0,-75.0,90.0,97.0,-103.0,65.0,97.0,162.0
HDF - Cpe de France des Clubs - Saint pol sur mer - 1er tour Coupe de France U15/17/20 Filles,2025-01-25,SEN Men 96,COLIN Thomas,89.5,120.0,128.0,-135.0,145.0,-155.0,-157.0,128.0,145.0,273.0
HDF - Cpe de France des Clubs - Saint pol sur mer - 1er tour Coupe de France U15/17/20 Filles,2025-01-25,U17 Women 64,MONTORIER Juliette,63.0,-37.0,37.0,-39.0,44.0,47.0,50.0,37.0,50.0,87.0
HDF - Cpe de France des Clubs - Saint pol sur mer - 1er tour Coupe de France U15/17/20 Filles,2025-01-25,U20 Women 87,DODARD Mathilde,87.0,42.0,46.0,50.0,60.0,-65.0,-66.0,50.0,60.0,110.0
HDF - Cpe de France des Clubs - Saint pol sur mer - 1er tour Coupe de France U15/17/20 Filles,2025-01-25,SEN Women 55,BIGNON Caroline,54.4,48.0,50.0,52.0,58.0,60.0,63.0,52.0,63.0,115.0
HDF - Cpe de France des Clubs - Saint pol sur mer - 1er tour Coupe de France U15/17/20 Filles,2025-01-25,SEN Women 64,DELACHAT Mathilde,63.9,64.0,68.0,-71.0,82.0,87.0,91.0,68.0,91.0,159.0
HDF - Cpe de France des Clubs - Saint pol sur mer - 1er tour Coupe de France U15/17/20 Filles,2025-01-25,SEN Women 64,ALMEIDA Lea,64.0,60.0,63.0,-66.0,70.0,74.0,76.0,63.0,76.0,139.0
HDF - Cpe de France des Clubs - Saint pol sur mer - 1er tour Coupe de France U15/17/20 Filles,2025-01-25,SEN Women 71,EBERENA Sylvie,64.4,64.0,-68.0,68.0,79.0,-84.0,-84.0,68.0,79.0,147.0
HDF - Cpe de France des Clubs - Saint pol sur mer - 1er tour Coupe de France U15/17/20 Filles,2025-01-25,SEN Women 71,AZAGOURY Sephora,64.4,43.0,46.0,48.0,59.0,63.0,-65.0,48.0,63.0,111.0
HDF - Cpe de France des Clubs - Saint pol sur mer - 1er tour Coupe de France U15/17/20 Filles,2025-01-25,SEN Women 71,JEANBLANC Estelle,64.5,-38.0,38.0,-40.0,-51.0,-53.0,53.0,38.0,53.0,91.0
HDF - Cpe de France des Clubs - Saint pol sur mer - 1er tour Coupe de France U15/17/20 Filles,2025-01-25,SEN Women 76,REZZAK Amelle,71.1,65.0,70.0,-74.0,85.0,90.0,-95.0,70.0,90.0,160.0
HDF - Cpe de France des Clubs - Saint pol sur mer - 1er tour Coupe de France U15/17/20 Filles,2025-01-25,SEN Men 61,PECHARD Antoine,60.3,80.0,-85.0,-85.0,100.0,105.0,108.0,80.0,108.0,188.0
HDF - Cpe de France des Clubs - Saint pol sur mer - 1er tour Coupe de France U15/17/20 Filles,2025-01-25,SEN Men 81,COLOMBO Ludwig,81.0,120.0,127.0,132.0,145.0,153.0,160.0,132.0,160.0,292.0
HDF - Cpe de France des Clubs - Saint pol sur mer - 1er tour Coupe de France U15/17/20 Filles,2025-01-25,SEN Men 81,ANGOT Alexis,80.0,105.0,112.0,115.0,117.0,122.0,127.0,115.0,127.0,242.0
HDF - Cpe de France des Clubs - Saint pol sur mer - 1er tour Coupe de France U15/17/20 Filles,2025-01-25,SEN Men 81,RAFFAILLAC Romain,80.7,65.0,70.0,75.0,90.0,96.0,-100.0,75.0,96.0,171.0
HDF - Cpe de France des Clubs - Saint pol sur mer - 1er tour Coupe de France U15/17/20 Filles,2025-01-25,SEN Men 89,SERRA Romain,87.3,90.0,95.0,-100.0,115.0,122.0,127.0,95.0,127.0,222.0
HDF - Cpe de France des Clubs - Saint pol sur mer - 1er tour Coupe de France U15/17/20 Filles,2025-01-25,SEN Men 89,PRIGENT Maxime,83.7,-85.0,85.0,90.0,100.0,107.0,112.0,90.0,112.0,202.0
HDF - Cpe de France des Clubs - Saint pol sur mer - 1er tour Coupe de France U15/17/20 Filles,2025-01-25,SEN Men 89,DESCHAMPS Johan,86.7,70.0,-75.0,75.0,95.0,-100.0,-102.0,75.0,95.0,170.0
HDF - Cpe de France des Clubs - Saint pol sur mer - 1er tour Coupe de France U15/17/20 Filles,2025-01-25,SEN Men 89,HIPPOLYTE Fanfan,82.7,65.0,-70.0,-75.0,90.0,97.0,-103.0,65.0,97.0,162.0
HDF - Cpe de France des Clubs - Saint pol sur mer - 1er tour Coupe de France U15/17/20 Filles,2025-01-25,SEN Men 96,COLIN Thomas,89.5,120.0,128.0,-135.0,145.0,-155.0,-157.0,128.0,145.0,273.0
HDF - Cpe de France des Clubs - Saint pol sur mer - 1er tour Coupe de France U15/17/20 Filles,2025-01-25,SEN Men 73,COTTEREAU Antoine,71.9,-96.0,-96.0,-96.0,-120.0,120.0,-127.0,0.0,120.0,0.0
HDF - Cpe de France des Clubs - Saint pol sur mer - 1er tour Coupe de France U15/17/20 Filles,2025-01-25,SEN Men 81,SUPPLY Joanin,77.0,-92.0,-92.0,95.0,-120.0,120.0,125.0,95.0,125.0,220.0
HDF - Cpe de France des Clubs - Saint pol sur mer - 1er tour Coupe de France U15/17/20 Filles,2025-01-25,SEN Men 89,COSTA Mickael,89.0,-103.0,104.0,-110.0,-132.0,134.0,-140.0,104.0,134.0,238.0
HDF - Cpe de France des Clubs - Saint pol sur mer - 1er tour Coupe de France U15/17/20 Filles,2025-01-25,SEN Men 89,LEMAIRE Loic,88.0,85.0,-90.0,-90.0,-100.0,100.0,-105.0,85.0,100.0,185.0
HDF - Cpe de France des Clubs - Saint pol sur mer - 1er tour Coupe de France U15/17/20 Filles,2025-01-25,SEN Men 96,CHELALI Zakaria,95.2,100.0,-110.0,-110.0,130.0,-140.0,140.0,100.0,140.0,240.0
HDF - Cpe de France des Clubs - Saint pol sur mer - 1er tour Coupe de France U15/17/20 Filles,2025-01-25,SEN Men 96,MAUMAIRE Loïc,93.0,95.0,100.0,-105.0,105.0,112.0,-120.0,100.0,112.0,212.0
HDF - Cpe de France des Clubs - Saint pol sur mer - 1er tour Coupe de France U15/17/20 Filles,2025-01-25,SEN Women 49,LEROY Manon,46.5,45.0,49.0,-52.0,58.0,-62.0,63.0,49.0,63.0,112.0
HDF - Cpe de France des Clubs - Saint pol sur mer - 1er tour Coupe de France U15/17/20 Filles,2025-01-25,SEN Women 55,MARTINELLI Laetitia,52.9,45.0,-48.0,48.0,60.0,65.0,-67.0,48.0,65.0,113.0
HDF - Cpe de France des Clubs - Saint pol sur mer - 1er tour Coupe de France U15/17/20 Filles,2025-01-25,SEN Women 64,COHEN Alice,63.3,60.0,-63.0,-63.0,70.0,73.0,-75.0,60.0,73.0,133.0
HDF - Cpe de France des Clubs - Saint pol sur mer - 1er tour Coupe de France U15/17/20 Filles,2025-01-25,SEN Women 64,PELLETIER Jade,64.0,45.0,49.0,-52.0,63.0,66.0,69.0,49.0,69.0,118.0
HDF - Cpe de France des Clubs - Saint pol sur mer - 1er tour Coupe de France U15/17/20 Filles,2025-01-25,SEN Women 71,LAUV Pauline,66.3,65.0,70.0,-75.0,80.0,85.0,-90.0,70.0,85.0,155.0
HDF - Cpe de France des Clubs - Saint pol sur mer - 1er tour Coupe de France U15/17/20 Filles,2025-01-25,SEN Women 76,PRIM Melanie,73.7,53.0,-57.0,58.0,63.0,67.0,70.0,58.0,70.0,128.0
HDF - Cpe de France des Clubs - Saint pol sur mer - 1er tour Coupe de France U15/17/20 Filles,2025-01-25,SEN Men 73,COTTEREAU Antoine,71.9,-96.0,-96.0,-96.0,-120.0,120.0,-127.0,0.0,120.0,0.0
HDF - Cpe de France des Clubs - Saint pol sur mer - 1er tour Coupe de France U15/17/20 Filles,2025-01-25,SEN Men 81,SUPPLY Joanin,77.0,-92.0,-92.0,95.0,-120.0,120.0,125.0,95.0,125.0,220.0
HDF - Cpe de France des Clubs - Saint pol sur mer - 1er tour Coupe de France U15/17/20 Filles,2025-01-25,SEN Men 89,COSTA Mickael,89.0,-103.0,104.0,-110.0,-132.0,134.0,-140.0,104.0,134.0,238.0
HDF - Cpe de France des Clubs - Saint pol sur mer - 1er tour Coupe de France U15/17/20 Filles,2025-01-25,SEN Men 89,LEMAIRE Loic,88.0,85.0,-90.0,-90.0,-100.0,100.0,-105.0,85.0,100.0,185.0
HDF - Cpe de France des Clubs - Saint pol sur mer - 1er tour Coupe de France U15/17/20 Filles,2025-01-25,SEN Men 96,CHELALI Zakaria,95.2,100.0,-110.0,-110.0,130.0,-140.0,140.0,100.0,140.0,240.0
HDF - Cpe de France des Clubs - Saint pol sur mer - 1er tour Coupe de France U15/17/20 Filles,2025-01-25,SEN Men 96,MAUMAIRE Loïc,93.0,95.0,100.0,-105.0,105.0,112.0,-120.0,100.0,112.0,212.0
HDF - Cpe de France des Clubs - Saint pol sur mer - 1er tour Coupe de France U15/17/20 Filles,2025-01-25,SEN Women 49,LEROY Manon,46.5,45.0,49.0,-52.0,58.0,-62.0,63.0,49.0,63.0,112.0
HDF - Cpe de France des Clubs - Saint pol sur mer - 1er tour Coupe de France U15/17/20 Filles,2025-01-25,SEN Women 55,MARTINELLI Laetitia,52.9,45.0,-48.0,48.0,60.0,65.0,-67.0,48.0,65.0,113.0
HDF - Cpe de France des Clubs - Saint pol sur mer - 1er tour Coupe de France U15/17/20 Filles,2025-01-25,SEN Women 64,COHEN Alice,63.3,60.0,-63.0,-63.0,70.0,73.0,-75.0,60.0,73.0,133.0
HDF - Cpe de France des Clubs - Saint pol sur mer - 1er tour Coupe de France U15/17/20 Filles,2025-01-25,SEN Women 64,PELLETIER Jade,64.0,45.0,49.0,-52.0,63.0,66.0,69.0,49.0,69.0,118.0
HDF - Cpe de France des Clubs - Saint pol sur mer - 1er tour Coupe de France U15/17/20 Filles,2025-01-25,SEN Women 71,LAUV Pauline,66.3,65.0,70.0,-75.0,80.0,85.0,-90.0,70.0,85.0,155.0
HDF - Cpe de France des Clubs - Saint pol sur mer - 1er tour Coupe de France U15/17/20 Filles,2025-01-25,SEN Women 76,PRIM Melanie,73.7,53.0,-57.0,58.0,63.0,67.0,70.0,58.0,70.0,128.0
HDF - Cpe de France des Clubs - Saint pol sur mer - 1er tour Coupe de France U15/17/20 Filles,2025-01-25,U15 Women 45,FALIES Annaë,42.8,-20.0,20.0,23.0,27.0,30.0,-33.0,23.0,30.0,53.0
HDF - Cpe de France des Clubs - Saint pol sur mer - 1er tour Coupe de France U15/17/20 Filles,2025-01-25,U15 Women 49,CAUMON Zoé,48.8,28.0,31.0,-33.0,-38.0,38.0,41.0,31.0,41.0,72.0
HDF - Cpe de France des Clubs - Saint pol sur mer - 1er tour Coupe de France U15/17/20 Filles,2025-01-25,U15 Women 49,BORSANI Cammille,47.8,25.0,28.0,30.0,32.0,34.0,36.0,30.0,36.0,66.0
HDF - Cpe de France des Clubs - Saint pol sur mer - 1er tour Coupe de France U15/17/20 Filles,2025-01-25,U15 Women 55,CONSTENSOUS Emma,49.5,35.0,39.0,42.0,-48.0,50.0,53.0,42.0,53.0,95.0
HDF - Cpe de France des Clubs - Saint pol sur mer - 1er tour Coupe de France U15/17/20 Filles,2025-01-25,U15 Women 55,SOW Aby,53.0,34.0,37.0,39.0,44.0,47.0,-49.0,39.0,47.0,86.0
HDF - Cpe de France des Clubs - Saint pol sur mer - 1er tour Coupe de France U15/17/20 Filles,2025-01-25,U15 Women 59,BARGOIN Eléa,56.6,-15.0,15.0,-18.0,23.0,-26.0,-26.0,15.0,23.0,38.0
HDF - Cpe de France des Clubs - Saint pol sur mer - 1er tour Coupe de France U15/17/20 Filles,2025-01-25,U17 Women 55,DESHAIES Amandine,52.7,-51.0,51.0,-53.0,60.0,-64.0,-68.0,51.0,60.0,111.0
HDF - Cpe de France des Clubs - Saint pol sur mer - 1er tour Coupe de France U15/17/20 Filles,2025-01-25,U17 Women 55,COLUCCI-BREIL Ninon,53.9,35.0,38.0,40.0,46.0,-50.0,50.0,40.0,50.0,90.0
HDF - Cpe de France des Clubs - Saint pol sur mer - 1er tour Coupe de France U15/17/20 Filles,2025-01-25,U17 Women 64,FILMOTTE Eurydice,61.5,-55.0,-56.0,56.0,66.0,-70.0,72.0,56.0,72.0,128.0
HDF - Cpe de France des Clubs - Saint pol sur mer - 1er tour Coupe de France U15/17/20 Filles,2025-01-25,U15 Women 45,FALIES Annaë,42.8,-20.0,20.0,23.0,27.0,30.0,-33.0,23.0,30.0,53.0
HDF - Cpe de France des Clubs - Saint pol sur mer - 1er tour Coupe de France U15/17/20 Filles,2025-01-25,U15 Women 49,CAUMON Zoé,48.8,28.0,31.0,-33.0,-38.0,38.0,41.0,31.0,41.0,72.0
HDF - Cpe de France des Clubs - Saint pol sur mer - 1er tour Coupe de France U15/17/20 Filles,2025-01-25,U15 Women 49,BORSANI Cammille,47.8,25.0,28.0,30.0,32.0,34.0,36.0,30.0,36.0,66.0
HDF - Cpe de France des Clubs - Saint pol sur mer - 1er tour Coupe de France U15/17/20 Filles,2025-01-25,U15 Women 55,CONSTENSOUS Emma,49.5,35.0,39.0,42.0,-48.0,50.0,53.0,42.0,53.0,95.0
HDF - Cpe de France des Clubs - Saint pol sur mer - 1er tour Coupe de France U15/17/20 Filles,2025-01-25,U15 Women 55,SOW Aby,53.0,34.0,37.0,39.0,44.0,47.0,-49.0,39.0,47.0,86.0
HDF - Cpe de France des Clubs - Saint pol sur mer - 1er tour Coupe de France U15/17/20 Filles,2025-01-25,U15 Women 59,BARGOIN Eléa,56.6,-15.0,15.0,-18.0,23.0,-26.0,-26.0,15.0,23.0,38.0
HDF - Cpe de France des Clubs - Saint pol sur mer - 1er tour Coupe de France U15/17/20 Filles,2025-01-25,U17 Women 55,DESHAIES Amandine,52.7,-51.0,51.0,-53.0,60.0,-64.0,-68.0,51.0,60.0,111.0
HDF - Cpe de France des Clubs - Saint pol sur mer - 1er tour Coupe de France U15/17/20 Filles,2025-01-25,U17 Women 55,COLUCCI-BREIL Ninon,53.9,35.0,38.0,40.0,46.0,-50.0,50.0,40.0,50.0,90.0
HDF - Cpe de France des Clubs - Saint pol sur mer - 1er tour Coupe de France U15/17/20 Filles,2025-01-25,U17 Women 64,FILMOTTE Eurydice,61.5,-55.0,-56.0,56.0,66.0,-70.0,72.0,56.0,72.0,128.0
HDF - Cpe de France des Clubs - Saint pol sur mer - 1er tour Coupe de France U15/17/20 Filles,2025-01-25,U20 Women 55,BLANCHARD Chloé,52.3,50.0,53.0,56.0,60.0,64.0,-68.0,56.0,64.0,120.0
HDF - Cpe de France des Clubs - Saint pol sur mer - 1er tour Coupe de France U15/17/20 Filles,2025-01-25,U20 Women 59,LORET Leïlou,55.1,57.0,60.0,63.0,78.0,82.0,-84.0,63.0,82.0,145.0
HDF - Cpe de France des Clubs - Saint pol sur mer - 1er tour Coupe de France U15/17/20 Filles,2025-01-25,U20 Women 71,GABILLAT Lucie,64.6,46.0,49.0,-51.0,58.0,-61.0,-61.0,49.0,58.0,107.0
HDF - Cpe de France des Clubs - Saint pol sur mer - 1er tour Coupe de France U15/17/20 Filles,2025-01-25,U20 Women 55,BLANCHARD Chloé,52.3,50.0,53.0,56.0,60.0,64.0,-68.0,56.0,64.0,120.0
HDF - Cpe de France des Clubs - Saint pol sur mer - 1er tour Coupe de France U15/17/20 Filles,2025-01-25,U20 Women 59,LORET Leïlou,55.1,57.0,60.0,63.0,78.0,82.0,-84.0,63.0,82.0,145.0
HDF - Cpe de France des Clubs - Saint pol sur mer - 1er tour Coupe de France U15/17/20 Filles,2025-01-25,U20 Women 71,GABILLAT Lucie,64.6,46.0,49.0,-51.0,58.0,-61.0,-61.0,49.0,58.0,107.0
HDF - Cpe de France des Clubs - Saint pol sur mer - 1er tour Coupe de France U15/17/20 Filles,2025-01-25,U15 Men 61,CATOLIQUOT Malone,59.8,63.0,67.0,-70.0,79.0,83.0,-85.0,67.0,83.0,150.0
HDF - Cpe de France des Clubs - Saint pol sur mer - 1er tour Coupe de France U15/17/20 Filles,2025-01-25,U15 Men 67,GUIRAL LIACHENKO Giany,64.4,28.0,32.0,-34.0,-36.0,36.0,39.0,32.0,39.0,71.0
HDF - Cpe de France des Clubs - Saint pol sur mer - 1er tour Coupe de France U15/17/20 Filles,2025-01-25,U15 Men 89,FILHES Marius,82.5,52.0,57.0,61.0,75.0,79.0,82.0,61.0,82.0,143.0
HDF - Cpe de France des Clubs - Saint pol sur mer - 1er tour Coupe de France U15/17/20 Filles,2025-01-25,U15 Men 61,CATOLIQUOT Malone,59.8,63.0,67.0,-70.0,79.0,83.0,-85.0,67.0,83.0,150.0
HDF - Cpe de France des Clubs - Saint pol sur mer - 1er tour Coupe de France U15/17/20 Filles,2025-01-25,U15 Men 67,GUIRAL LIACHENKO Giany,64.4,28.0,32.0,-34.0,-36.0,36.0,39.0,32.0,39.0,71.0
HDF - Cpe de France des Clubs - Saint pol sur mer - 1er tour Coupe de France U15/17/20 Filles,2025-01-25,U15 Men 89,FILHES Marius,82.5,52.0,57.0,61.0,75.0,79.0,82.0,61.0,82.0,143.0
HDF - Cpe de France des Clubs - Saint pol sur mer - 1er tour Coupe de France U15/17/20 Filles,2025-01-25,U20 Men 89,GABARRE FONFREDE Raphael,83.0,106.0,-109.0,111.0,130.0,135.0,-138.0,111.0,135.0,246.0
HDF - Cpe de France des Clubs - Saint pol sur mer - 1er tour Coupe de France U15/17/20 Filles,2025-01-25,SEN Men 81,PERSONNIC Youenn,80.1,-118.0,122.0,-125.0,-142.0,145.0,150.0,122.0,150.0,272.0
HDF - Cpe de France des Clubs - Saint pol sur mer - 1er tour Coupe de France U15/17/20 Filles,2025-01-25,SEN Men 81,EON Yann,73.3,82.0,-86.0,88.0,100.0,105.0,110.0,88.0,110.0,198.0
HDF - Cpe de France des Clubs - Saint pol sur mer - 1er tour Coupe de France U15/17/20 Filles,2025-01-25,SEN Men 81,BERGERON-BRAULT Paul,75.2,75.0,-80.0,80.0,95.0,100.0,-105.0,80.0,100.0,180.0
HDF - Cpe de France des Clubs - Saint pol sur mer - 1er tour Coupe de France U15/17/20 Filles,2025-01-25,SEN Men 89,GABILLAT Damien,83.0,-90.0,-90.0,-90.0,105.0,110.0,115.0,0.0,115.0,0.0
HDF - Cpe de France des Clubs - Saint pol sur mer - 1er tour Coupe de France U15/17/20 Filles,2025-01-25,SEN Men 96,BOULINGUEZ Maxime,94.4,-118.0,120.0,-123.0,-142.0,145.0,-150.0,120.0,145.0,265.0
HDF - Cpe de France des Clubs - Saint pol sur mer - 1er tour Coupe de France U15/17/20 Filles,2025-01-25,SEN Women 55,CADONI Perrine,53.2,60.0,62.0,64.0,73.0,76.0,79.0,64.0,79.0,143.0
HDF - Cpe de France des Clubs - Saint pol sur mer - 1er tour Coupe de France U15/17/20 Filles,2025-01-25,SEN Women 59,LALLOYEAU Marilou,59.0,62.0,64.0,-66.0,80.0,83.0,-0.0,64.0,83.0,147.0
HDF - Cpe de France des Clubs - Saint pol sur mer - 1er tour Coupe de France U15/17/20 Filles,2025-01-25,SEN Women 64,SALELLES Manon,63.1,65.0,-68.0,-68.0,-82.0,-82.0,-83.0,65.0,0.0,0.0
HDF - Cpe de France des Clubs - Saint pol sur mer - 1er tour Coupe de France U15/17/20 Filles,2025-01-25,U20 Men 89,GABARRE FONFREDE Raphael,83.0,106.0,-109.0,111.0,130.0,135.0,-138.0,111.0,135.0,246.0
HDF - Cpe de France des Clubs - Saint pol sur mer - 1er tour Coupe de France U15/17/20 Filles,2025-01-25,SEN Men 81,PERSONNIC Youenn,80.1,-118.0,122.0,-125.0,-142.0,145.0,150.0,122.0,150.0,272.0
HDF - Cpe de France des Clubs - Saint pol sur mer - 1er tour Coupe de France U15/17/20 Filles,2025-01-25,SEN Men 81,EON Yann,73.3,82.0,-86.0,88.0,100.0,105.0,110.0,88.0,110.0,198.0
HDF - Cpe de France des Clubs - Saint pol sur mer - 1er tour Coupe de France U15/17/20 Filles,2025-01-25,SEN Men 81,BERGERON-BRAULT Paul,75.2,75.0,-80.0,80.0,95.0,100.0,-105.0,80.0,100.0,180.0
HDF - Cpe de France des Clubs - Saint pol sur mer - 1er tour Coupe de France U15/17/20 Filles,2025-01-25,SEN Men 89,GABILLAT Damien,83.0,-90.0,-90.0,-90.0,105.0,110.0,115.0,0.0,115.0,0.0
HDF - Cpe de France des Clubs - Saint pol sur mer - 1er tour Coupe de France U15/17/20 Filles,2025-01-25,SEN Men 96,BOULINGUEZ Maxime,94.4,-118.0,120.0,-123.0,-142.0,145.0,-150.0,120.0,145.0,265.0
HDF - Cpe de France des Clubs - Saint pol sur mer - 1er tour Coupe de France U15/17/20 Filles,2025-01-25,SEN Women 55,CADONI Perrine,53.2,60.0,62.0,64.0,73.0,76.0,79.0,64.0,79.0,143.0
HDF - Cpe de France des Clubs - Saint pol sur mer - 1er tour Coupe de France U15/17/20 Filles,2025-01-25,SEN Women 59,LALLOYEAU Marilou,59.0,62.0,64.0,-66.0,80.0,83.0,-0.0,64.0,83.0,147.0
HDF - Cpe de France des Clubs - Saint pol sur mer - 1er tour Coupe de France U15/17/20 Filles,2025-01-25,SEN Women 64,SALELLES Manon,63.1,65.0,-68.0,-68.0,-82.0,-82.0,-83.0,65.0,0.0,0.0
HDF - Cpe de France des Clubs - Saint pol sur mer - 1er tour Coupe de France U15/17/20 Filles,2025-01-25,U15 Women 49,PERDRIAT Laurine,48.7,20.0,-22.0,22.0,24.0,27.0,30.0,22.0,30.0,52.0
HDF - Cpe de France des Clubs - Saint pol sur mer - 1er tour Coupe de France U15/17/20 Filles,2025-01-25,U15 Women 55,FRABBONI Nina,54.6,41.0,44.0,47.0,51.0,54.0,57.0,47.0,57.0,104.0
HDF - Cpe de France des Clubs - Saint pol sur mer - 1er tour Coupe de France U15/17/20 Filles,2025-01-25,U15 Women 76,KERKENI Maelys,72.7,39.0,42.0,45.0,52.0,55.0,58.0,45.0,58.0,103.0
HDF - Cpe de France des Clubs - Saint pol sur mer - 1er tour Coupe de France U15/17/20 Filles,2025-01-25,U17 Women 55,MROZKOWIAK Maelys,49.8,38.0,40.0,43.0,52.0,55.0,58.0,43.0,58.0,101.0
HDF - Cpe de France des Clubs - Saint pol sur mer - 1er tour Coupe de France U15/17/20 Filles,2025-01-25,U17 Women 55,BEGIN Ombeline,49.6,35.0,-37.0,38.0,47.0,-50.0,50.0,38.0,50.0,88.0
HDF - Cpe de France des Clubs - Saint pol sur mer - 1er tour Coupe de France U15/17/20 Filles,2025-01-25,U17 Women 55,BERCHE Agathe,53.6,15.0,16.0,19.0,20.0,23.0,26.0,19.0,26.0,45.0
HDF - Cpe de France des Clubs - Saint pol sur mer - 1er tour Coupe de France U15/17/20 Filles,2025-01-25,U20 Women 59,COUSIN Marie,57.0,50.0,53.0,-55.0,60.0,63.0,-65.0,53.0,63.0,116.0
HDF - Cpe de France des Clubs - Saint pol sur mer - 1er tour Coupe de France U15/17/20 Filles,2025-01-25,U20 Women 59,SAYER Eline,57.55,45.0,48.0,51.0,60.0,65.0,-68.0,51.0,65.0,116.0
HDF - Cpe de France des Clubs - Saint pol sur mer - 1er tour Coupe de France U15/17/20 Filles,2025-01-25,U20 Women 59,CARION Bélinda,58.3,41.0,-43.0,45.0,51.0,54.0,56.0,45.0,56.0,101.0
HDF - Cpe de France des Clubs - Saint pol sur mer - 1er tour Coupe de France U15/17/20 Filles,2025-01-25,U20 Women 64,DEMAN Coraline,62.53,56.0,59.0,62.0,76.0,79.0,82.0,62.0,82.0,144.0
HDF - Cpe de France des Clubs - Saint pol sur mer - 1er tour Coupe de France U15/17/20 Filles,2025-01-25,U20 Women 71,CALMUS Thais,67.2,73.0,-77.0,-77.0,90.0,95.0,-98.0,73.0,95.0,168.0
HDF - Cpe de France des Clubs - Saint pol sur mer - 1er tour Coupe de France U15/17/20 Filles,2025-01-25,U20 Women 76,HAUDRECHY Chloé,72.8,-57.0,57.0,61.0,78.0,81.0,-84.0,61.0,81.0,142.0
HDF - Cpe de France des Clubs - Saint pol sur mer - 1er tour Coupe de France U15/17/20 Filles,2025-01-25,U15 Women 49,PERDRIAT Laurine,48.7,20.0,-22.0,22.0,24.0,27.0,30.0,22.0,30.0,52.0
HDF - Cpe de France des Clubs - Saint pol sur mer - 1er tour Coupe de France U15/17/20 Filles,2025-01-25,U15 Women 55,FRABBONI Nina,54.6,41.0,44.0,47.0,51.0,54.0,57.0,47.0,57.0,104.0
HDF - Cpe de France des Clubs - Saint pol sur mer - 1er tour Coupe de France U15/17/20 Filles,2025-01-25,U15 Women 76,KERKENI Maelys,72.7,39.0,42.0,45.0,52.0,55.0,58.0,45.0,58.0,103.0
HDF - Cpe de France des Clubs - Saint pol sur mer - 1er tour Coupe de France U15/17/20 Filles,2025-01-25,U17 Women 55,MROZKOWIAK Maelys,49.8,38.0,40.0,43.0,52.0,55.0,58.0,43.0,58.0,101.0
HDF - Cpe de France des Clubs - Saint pol sur mer - 1er tour Coupe de France U15/17/20 Filles,2025-01-25,U17 Women 55,BEGIN Ombeline,49.6,35.0,-37.0,38.0,47.0,-50.0,50.0,38.0,50.0,88.0
HDF - Cpe de France des Clubs - Saint pol sur mer - 1er tour Coupe de France U15/17/20 Filles,2025-01-25,U17 Women 55,BERCHE Agathe,53.6,15.0,16.0,19.0,20.0,23.0,26.0,19.0,26.0,45.0
HDF - Cpe de France des Clubs - Saint pol sur mer - 1er tour Coupe de France U15/17/20 Filles,2025-01-25,U20 Women 59,COUSIN Marie,57.0,50.0,53.0,-55.0,60.0,63.0,-65.0,53.0,63.0,116.0
HDF - Cpe de France des Clubs - Saint pol sur mer - 1er tour Coupe de France U15/17/20 Filles,2025-01-25,U20 Women 59,SAYER Eline,57.55,45.0,48.0,51.0,60.0,65.0,-68.0,51.0,65.0,116.0
HDF - Cpe de France des Clubs - Saint pol sur mer - 1er tour Coupe de France U15/17/20 Filles,2025-01-25,U20 Women 59,CARION Bélinda,58.3,41.0,-43.0,45.0,51.0,54.0,56.0,45.0,56.0,101.0
HDF - Cpe de France des Clubs - Saint pol sur mer - 1er tour Coupe de France U15/17/20 Filles,2025-01-25,U20 Women 64,DEMAN Coraline,62.53,56.0,59.0,62.0,76.0,79.0,82.0,62.0,82.0,144.0
HDF - Cpe de France des Clubs - Saint pol sur mer - 1er tour Coupe de France U15/17/20 Filles,2025-01-25,U20 Women 71,CALMUS Thais,67.2,73.0,-77.0,-77.0,90.0,95.0,-98.0,73.0,95.0,168.0
HDF - Cpe de France des Clubs - Saint pol sur mer - 1er tour Coupe de France U15/17/20 Filles,2025-01-25,U20 Women 76,HAUDRECHY Chloé,72.8,-57.0,57.0,61.0,78.0,81.0,-84.0,61.0,81.0,142.0
HDF - Cpe de France des Clubs - Saint pol sur mer - 1er tour Coupe de France U15/17/20 Filles,2025-01-25,U15 Men 49,GIGLIO Matteo,38.35,22.0,24.0,26.0,27.0,-30.0,30.0,26.0,30.0,56.0
HDF - Cpe de France des Clubs - Saint pol sur mer - 1er tour Coupe de France U15/17/20 Filles,2025-01-25,U15 Men 49,ERSIN Noe,42.15,17.0,19.0,21.0,22.0,24.0,27.0,21.0,27.0,48.0
HDF - Cpe de France des Clubs - Saint pol sur mer - 1er tour Coupe de France U15/17/20 Filles,2025-01-25,U15 Men 55,PUIG Ethan,50.8,30.0,35.0,38.0,40.0,43.0,50.0,38.0,50.0,88.0
HDF - Cpe de France des Clubs - Saint pol sur mer - 1er tour Coupe de France U15/17/20 Filles,2025-01-25,U17 Men 55,TRICARD Axel,54.3,31.0,-34.0,35.0,42.0,45.0,47.0,35.0,47.0,82.0
HDF - Cpe de France des Clubs - Saint pol sur mer - 1er tour Coupe de France U15/17/20 Filles,2025-01-25,U17 Men 61,RETORE Thibaut,59.8,44.0,47.0,-50.0,54.0,58.0,62.0,47.0,62.0,109.0
HDF - Cpe de France des Clubs - Saint pol sur mer - 1er tour Coupe de France U15/17/20 Filles,2025-01-25,U17 Men 61,POUBLAN Alexandre,59.85,27.0,31.0,35.0,30.0,35.0,42.0,35.0,42.0,77.0
HDF - Cpe de France des Clubs - Saint pol sur mer - 1er tour Coupe de France U15/17/20 Filles,2025-01-25,U17 Men 67,CARVALHO Aubin,61.65,49.0,53.0,57.0,69.0,74.0,78.0,57.0,78.0,135.0
HDF - Cpe de France des Clubs - Saint pol sur mer - 1er tour Coupe de France U15/17/20 Filles,2025-01-25,U17 Men 73,TOUT Kais,69.9,67.0,72.0,78.0,82.0,-90.0,90.0,78.0,90.0,168.0
HDF - Cpe de France des Clubs - Saint pol sur mer - 1er tour Coupe de France U15/17/20 Filles,2025-01-25,U17 Men 89,BOUTAUD Nathan,83.0,20.0,30.0,-35.0,30.0,33.0,36.0,30.0,36.0,66.0
HDF - Cpe de France des Clubs - Saint pol sur mer - 1er tour Coupe de France U15/17/20 Filles,2025-01-25,U15 Men 49,GIGLIO Matteo,38.35,22.0,24.0,26.0,27.0,-30.0,30.0,26.0,30.0,56.0
HDF - Cpe de France des Clubs - Saint pol sur mer - 1er tour Coupe de France U15/17/20 Filles,2025-01-25,U15 Men 49,ERSIN Noe,42.15,17.0,19.0,21.0,22.0,24.0,27.0,21.0,27.0,48.0
HDF - Cpe de France des Clubs - Saint pol sur mer - 1er tour Coupe de France U15/17/20 Filles,2025-01-25,U15 Men 55,PUIG Ethan,50.8,30.0,35.0,38.0,40.0,43.0,50.0,38.0,50.0,88.0
HDF - Cpe de France des Clubs - Saint pol sur mer - 1er tour Coupe de France U15/17/20 Filles,2025-01-25,U17 Men 55,TRICARD Axel,54.3,31.0,-34.0,35.0,42.0,45.0,47.0,35.0,47.0,82.0
HDF - Cpe de France des Clubs - Saint pol sur mer - 1er tour Coupe de France U15/17/20 Filles,2025-01-25,U17 Men 61,RETORE Thibaut,59.8,44.0,47.0,-50.0,54.0,58.0,62.0,47.0,62.0,109.0
HDF - Cpe de France des Clubs - Saint pol sur mer - 1er tour Coupe de France U15/17/20 Filles,2025-01-25,U17 Men 61,POUBLAN Alexandre,59.85,27.0,31.0,35.0,30.0,35.0,42.0,35.0,42.0,77.0
HDF - Cpe de France des Clubs - Saint pol sur mer - 1er tour Coupe de France U15/17/20 Filles,2025-01-25,U17 Men 67,CARVALHO Aubin,61.65,49.0,53.0,57.0,69.0,74.0,78.0,57.0,78.0,135.0
HDF - Cpe de France des Clubs - Saint pol sur mer - 1er tour Coupe de France U15/17/20 Filles,2025-01-25,U17 Men 73,TOUT Kais,69.9,67.0,72.0,78.0,82.0,-90.0,90.0,78.0,90.0,168.0
HDF - Cpe de France des Clubs - Saint pol sur mer - 1er tour Coupe de France U15/17/20 Filles,2025-01-25,U17 Men 89,BOUTAUD Nathan,83.0,20.0,30.0,-35.0,30.0,33.0,36.0,30.0,36.0,66.0
HDF - Cpe de France des Clubs - Saint pol sur mer - 1er tour Coupe de France U15/17/20 Filles,2025-01-25,U13 Men 35,GRIGORIAN Alen,30.3,20.0,22.0,-24.0,25.0,27.0,28.0,22.0,28.0,50.0
HDF - Cpe de France des Clubs - Saint pol sur mer - 1er tour Coupe de France U15/17/20 Filles,2025-01-25,U13 Men 40,UNAL Nathan,37.5,13.0,15.0,17.0,18.0,20.0,22.0,17.0,22.0,39.0
HDF - Cpe de France des Clubs - Saint pol sur mer - 1er tour Coupe de France U15/17/20 Filles,2025-01-25,U13 Men 73,ROBIN Raphael,70.4,28.0,30.0,32.0,31.0,33.0,35.0,32.0,35.0,67.0
HDF - Cpe de France des Clubs - Saint pol sur mer - 1er tour Coupe de France U15/17/20 Filles,2025-01-25,U13 Women 35,LIONNET LAFFARGUE Lee swan,35.0,18.0,20.0,22.0,28.0,29.0,31.0,22.0,31.0,53.0
HDF - Cpe de France des Clubs - Saint pol sur mer - 1er tour Coupe de France U15/17/20 Filles,2025-01-25,U13 Women 45,THOMARAT Juliette,44.4,26.0,28.0,30.0,32.0,34.0,36.0,30.0,36.0,66.0
HDF - Cpe de France des Clubs - Saint pol sur mer - 1er tour Coupe de France U15/17/20 Filles,2025-01-25,U13 Women 45,LECAT-LE BAIL Mayane,43.3,14.0,16.0,-18.0,18.0,20.0,22.0,16.0,22.0,38.0
HDF - Cpe de France des Clubs - Saint pol sur mer - 1er tour Coupe de France U15/17/20 Filles,2025-01-25,U13 Men 35,GRIGORIAN Alen,30.3,20.0,22.0,-24.0,25.0,27.0,28.0,22.0,28.0,50.0
HDF - Cpe de France des Clubs - Saint pol sur mer - 1er tour Coupe de France U15/17/20 Filles,2025-01-25,U13 Men 40,UNAL Nathan,37.5,13.0,15.0,17.0,18.0,20.0,22.0,17.0,22.0,39.0
HDF - Cpe de France des Clubs - Saint pol sur mer - 1er tour Coupe de France U15/17/20 Filles,2025-01-25,U13 Men 73,ROBIN Raphael,70.4,28.0,30.0,32.0,31.0,33.0,35.0,32.0,35.0,67.0
HDF - Cpe de France des Clubs - Saint pol sur mer - 1er tour Coupe de France U15/17/20 Filles,2025-01-25,U13 Women 35,LIONNET LAFFARGUE Lee swan,35.0,18.0,20.0,22.0,28.0,29.0,31.0,22.0,31.0,53.0
HDF - Cpe de France des Clubs - Saint pol sur mer - 1er tour Coupe de France U15/17/20 Filles,2025-01-25,U13 Women 45,THOMARAT Juliette,44.4,26.0,28.0,30.0,32.0,34.0,36.0,30.0,36.0,66.0
HDF - Cpe de France des Clubs - Saint pol sur mer - 1er tour Coupe de France U15/17/20 Filles,2025-01-25,U13 Women 45,LECAT-LE BAIL Mayane,43.3,14.0,16.0,-18.0,18.0,20.0,22.0,16.0,22.0,38.0
HDF - Cpe de France des Clubs - Saint pol sur mer - 1er tour Coupe de France U15/17/20 Filles,2025-01-25,U15 Women 59,GONZALEZ Julie,55.4,36.0,39.0,41.0,45.0,48.0,52.0,41.0,52.0,93.0
HDF - Cpe de France des Clubs - Saint pol sur mer - 1er tour Coupe de France U15/17/20 Filles,2025-01-25,U15 Women >81,VASQUEZ VILARINO Paula,81.2,38.0,40.0,42.0,45.0,48.0,51.0,42.0,51.0,93.0
HDF - Cpe de France des Clubs - Saint pol sur mer - 1er tour Coupe de France U15/17/20 Filles,2025-01-25,U17 Women 55,KOCHETOVA Margot,54.9,75.0,-78.0,80.0,92.0,95.0,-98.0,80.0,95.0,175.0
HDF - Cpe de France des Clubs - Saint pol sur mer - 1er tour Coupe de France U15/17/20 Filles,2025-01-25,U17 Women 71,BARET Emma,68.6,30.0,33.0,36.0,44.0,47.0,50.0,36.0,50.0,86.0
HDF - Cpe de France des Clubs - Saint pol sur mer - 1er tour Coupe de France U15/17/20 Filles,2025-01-25,U20 Women 55,KOUCHENSKY Darya,54.2,55.0,-58.0,-59.0,65.0,68.0,-70.0,55.0,68.0,123.0
HDF - Cpe de France des Clubs - Saint pol sur mer - 1er tour Coupe de France U15/17/20 Filles,2025-01-25,U20 Women 55,JALKH Elyssa,53.4,44.0,-47.0,-48.0,54.0,57.0,-60.0,44.0,57.0,101.0
HDF - Cpe de France des Clubs - Saint pol sur mer - 1er tour Coupe de France U15/17/20 Filles,2025-01-25,U20 Women 55,DJEBLI Ornella,52.7,20.0,-23.0,23.0,25.0,30.0,32.0,23.0,32.0,55.0
HDF - Cpe de France des Clubs - Saint pol sur mer - 1er tour Coupe de France U15/17/20 Filles,2025-01-25,U20 Women 55,BARBOTEAU Janelle,54.8,20.0,-22.0,-23.0,22.0,25.0,28.0,20.0,28.0,48.0
HDF - Cpe de France des Clubs - Saint pol sur mer - 1er tour Coupe de France U15/17/20 Filles,2025-01-25,U20 Women 64,PIERRE Noeline,64.0,36.0,39.0,-43.0,50.0,54.0,57.0,39.0,57.0,96.0
HDF - Cpe de France des Clubs - Saint pol sur mer - 1er tour Coupe de France U15/17/20 Filles,2025-01-25,U15 Women 59,GONZALEZ Julie,55.4,36.0,39.0,41.0,45.0,48.0,52.0,41.0,52.0,93.0
HDF - Cpe de France des Clubs - Saint pol sur mer - 1er tour Coupe de France U15/17/20 Filles,2025-01-25,U15 Women >81,VASQUEZ VILARINO Paula,81.2,38.0,40.0,42.0,45.0,48.0,51.0,42.0,51.0,93.0
HDF - Cpe de France des Clubs - Saint pol sur mer - 1er tour Coupe de France U15/17/20 Filles,2025-01-25,U17 Women 55,KOCHETOVA Margot,54.9,75.0,-78.0,80.0,92.0,95.0,-98.0,80.0,95.0,175.0
HDF - Cpe de France des Clubs - Saint pol sur mer - 1er tour Coupe de France U15/17/20 Filles,2025-01-25,U17 Women 71,BARET Emma,68.6,30.0,33.0,36.0,44.0,47.0,50.0,36.0,50.0,86.0
HDF - Cpe de France des Clubs - Saint pol sur mer - 1er tour Coupe de France U15/17/20 Filles,2025-01-25,U20 Women 55,KOUCHENSKY Darya,54.2,55.0,-58.0,-59.0,65.0,68.0,-70.0,55.0,68.0,123.0
HDF - Cpe de France des Clubs - Saint pol sur mer - 1er tour Coupe de France U15/17/20 Filles,2025-01-25,U20 Women 55,JALKH Elyssa,53.4,44.0,-47.0,-48.0,54.0,57.0,-60.0,44.0,57.0,101.0
HDF - Cpe de France des Clubs - Saint pol sur mer - 1er tour Coupe de France U15/17/20 Filles,2025-01-25,U20 Women 55,DJEBLI Ornella,52.7,20.0,-23.0,23.0,25.0,30.0,32.0,23.0,32.0,55.0
HDF - Cpe de France des Clubs - Saint pol sur mer - 1er tour Coupe de France U15/17/20 Filles,2025-01-25,U20 Women 55,BARBOTEAU Janelle,54.8,20.0,-22.0,-23.0,22.0,25.0,28.0,20.0,28.0,48.0
HDF - Cpe de France des Clubs - Saint pol sur mer - 1er tour Coupe de France U15/17/20 Filles,2025-01-25,U20 Women 64,PIERRE Noeline,64.0,36.0,39.0,-43.0,50.0,54.0,57.0,39.0,57.0,96.0
HDF - Cpe de France des Clubs - Saint pol sur mer - 1er tour Coupe de France U15/17/20 Filles,2025-01-25,U17 Men 67,BAUD Hugo,64.1,45.0,50.0,55.0,60.0,65.0,71.0,55.0,71.0,126.0
HDF - Cpe de France des Clubs - Saint pol sur mer - 1er tour Coupe de France U15/17/20 Filles,2025-01-25,U20 Men 61,RIGAUD Gabriel,60.95,65.0,70.0,-75.0,74.0,80.0,-85.0,70.0,80.0,150.0
HDF - Cpe de France des Clubs - Saint pol sur mer - 1er tour Coupe de France U15/17/20 Filles,2025-01-25,U20 Men 81,ERSIN Matys,78.55,30.0,35.0,38.0,35.0,40.0,45.0,38.0,45.0,83.0
HDF - Cpe de France des Clubs - Saint pol sur mer - 1er tour Coupe de France U15/17/20 Filles,2025-01-25,U17 Men 67,BAUD Hugo,64.1,45.0,50.0,55.0,60.0,65.0,71.0,55.0,71.0,126.0
HDF - Cpe de France des Clubs - Saint pol sur mer - 1er tour Coupe de France U15/17/20 Filles,2025-01-25,U20 Men 61,RIGAUD Gabriel,60.95,65.0,70.0,-75.0,74.0,80.0,-85.0,70.0,80.0,150.0
HDF - Cpe de France des Clubs - Saint pol sur mer - 1er tour Coupe de France U15/17/20 Filles,2025-01-25,U20 Men 81,ERSIN Matys,78.55,30.0,35.0,38.0,35.0,40.0,45.0,38.0,45.0,83.0
HDF - Cpe de France des Clubs - Saint pol sur mer - 1er tour Coupe de France U15/17/20 Filles,2025-01-25,SEN Men 67,BARDEL Thibaut,66.9,85.0,90.0,-95.0,-115.0,-115.0,115.0,90.0,115.0,205.0
HDF - Cpe de France des Clubs - Saint pol sur mer - 1er tour Coupe de France U15/17/20 Filles,2025-01-25,SEN Men 73,LABONDE Romain,72.95,-90.0,90.0,95.0,115.0,-120.0,-121.0,95.0,115.0,210.0
HDF - Cpe de France des Clubs - Saint pol sur mer - 1er tour Coupe de France U15/17/20 Filles,2025-01-25,SEN Men 81,CUFFEL Dylan,80.4,90.0,-92.0,92.0,110.0,113.0,-115.0,92.0,113.0,205.0
HDF - Cpe de France des Clubs - Saint pol sur mer - 1er tour Coupe de France U15/17/20 Filles,2025-01-25,SEN Men 89,DUSSOULIER Arnaud,82.8,77.0,-82.0,82.0,103.0,-108.0,108.0,82.0,108.0,190.0
HDF - Cpe de France des Clubs - Saint pol sur mer - 1er tour Coupe de France U15/17/20 Filles,2025-01-25,SEN Men 89,CASTETS Gabriel,87.3,78.0,81.0,83.0,107.0,-110.0,-111.0,83.0,107.0,190.0
HDF - Cpe de France des Clubs - Saint pol sur mer - 1er tour Coupe de France U15/17/20 Filles,2025-01-25,SEN Men 89,LEVEQUE Léonard,87.35,-125.0,125.0,-130.0,-155.0,-155.0,-156.0,125.0,0.0,0.0
HDF - Cpe de France des Clubs - Saint pol sur mer - 1er tour Coupe de France U15/17/20 Filles,2025-01-25,SEN Women 55,DJELASSI Marjorie,53.9,43.0,45.0,47.0,55.0,-60.0,62.0,47.0,62.0,109.0
HDF - Cpe de France des Clubs - Saint pol sur mer - 1er tour Coupe de France U15/17/20 Filles,2025-01-25,SEN Women 64,DUMONT Emilie,63.5,73.0,78.0,-81.0,93.0,-98.0,98.0,78.0,98.0,176.0
HDF - Cpe de France des Clubs - Saint pol sur mer - 1er tour Coupe de France U15/17/20 Filles,2025-01-25,SEN Women 64,DEMSKI Océane,64.0,44.0,-47.0,-48.0,52.0,56.0,-59.0,44.0,56.0,100.0
HDF - Cpe de France des Clubs - Saint pol sur mer - 1er tour Coupe de France U15/17/20 Filles,2025-01-25,SEN Women 71,COESTIER Margot,70.95,60.0,63.0,66.0,75.0,80.0,-86.0,66.0,80.0,146.0
HDF - Cpe de France des Clubs - Saint pol sur mer - 1er tour Coupe de France U15/17/20 Filles,2025-01-25,SEN Women 71,TOUT Laetitia,69.95,40.0,43.0,46.0,54.0,-60.0,60.0,46.0,60.0,106.0
HDF - Cpe de France des Clubs - Saint pol sur mer - 1er tour Coupe de France U15/17/20 Filles,2025-01-25,SEN Women 76,EXCOFFIER Émilie,76.0,60.0,-64.0,65.0,73.0,77.0,81.0,65.0,81.0,146.0
HDF - Cpe de France des Clubs - Saint pol sur mer - 1er tour Coupe de France U15/17/20 Filles,2025-01-25,SEN Men 67,BARDEL Thibaut,66.9,85.0,90.0,-95.0,-115.0,-115.0,115.0,90.0,115.0,205.0
HDF - Cpe de France des Clubs - Saint pol sur mer - 1er tour Coupe de France U15/17/20 Filles,2025-01-25,SEN Men 73,LABONDE Romain,72.95,-90.0,90.0,95.0,115.0,-120.0,-121.0,95.0,115.0,210.0
HDF - Cpe de France des Clubs - Saint pol sur mer - 1er tour Coupe de France U15/17/20 Filles,2025-01-25,SEN Men 81,CUFFEL Dylan,80.4,90.0,-92.0,92.0,110.0,113.0,-115.0,92.0,113.0,205.0
HDF - Cpe de France des Clubs - Saint pol sur mer - 1er tour Coupe de France U15/17/20 Filles,2025-01-25,SEN Men 89,DUSSOULIER Arnaud,82.8,77.0,-82.0,82.0,103.0,-108.0,108.0,82.0,108.0,190.0
HDF - Cpe de France des Clubs - Saint pol sur mer - 1er tour Coupe de France U15/17/20 Filles,2025-01-25,SEN Men 89,CASTETS Gabriel,87.3,78.0,81.0,83.0,107.0,-110.0,-111.0,83.0,107.0,190.0
HDF - Cpe de France des Clubs - Saint pol sur mer - 1er tour Coupe de France U15/17/20 Filles,2025-01-25,SEN Men 89,LEVEQUE Léonard,87.35,-125.0,125.0,-130.0,-155.0,-155.0,-156.0,125.0,0.0,0.0
HDF - Cpe de France des Clubs - Saint pol sur mer - 1er tour Coupe de France U15/17/20 Filles,2025-01-25,SEN Women 55,DJELASSI Marjorie,53.9,43.0,45.0,47.0,55.0,-60.0,62.0,47.0,62.0,109.0
HDF - Cpe de France des Clubs - Saint pol sur mer - 1er tour Coupe de France U15/17/20 Filles,2025-01-25,SEN Women 64,DUMONT Emilie,63.5,73.0,78.0,-81.0,93.0,-98.0,98.0,78.0,98.0,176.0
HDF - Cpe de France des Clubs - Saint pol sur mer - 1er tour Coupe de France U15/17/20 Filles,2025-01-25,SEN Women 64,DEMSKI Océane,64.0,44.0,-47.0,-48.0,52.0,56.0,-59.0,44.0,56.0,100.0
HDF - Cpe de France des Clubs - Saint pol sur mer - 1er tour Coupe de France U15/17/20 Filles,2025-01-25,SEN Women 71,COESTIER Margot,70.95,60.0,63.0,66.0,75.0,80.0,-86.0,66.0,80.0,146.0
HDF - Cpe de France des Clubs - Saint pol sur mer - 1er tour Coupe de France U15/17/20 Filles,2025-01-25,SEN Women 71,TOUT Laetitia,69.95,40.0,43.0,46.0,54.0,-60.0,60.0,46.0,60.0,106.0
HDF - Cpe de France des Clubs - Saint pol sur mer - 1er tour Coupe de France U15/17/20 Filles,2025-01-25,SEN Women 76,EXCOFFIER Émilie,76.0,60.0,-64.0,65.0,73.0,77.0,81.0,65.0,81.0,146.0
HDF - Cpe de France des Clubs - Saint pol sur mer - 1er tour Coupe de France U15/17/20 Filles,2025-01-25,U13 Men 35,COUILLARD Naïm,33.25,7.0,9.0,10.0,8.0,10.0,-12.0,10.0,10.0,20.0
HDF - Cpe de France des Clubs - Saint pol sur mer - 1er tour Coupe de France U15/17/20 Filles,2025-01-25,U13 Men 40,LOPEZ Julien,37.3,7.0,8.0,9.0,8.0,10.0,12.0,9.0,12.0,21.0
HDF - Cpe de France des Clubs - Saint pol sur mer - 1er tour Coupe de France U15/17/20 Filles,2025-01-25,U13 Women 40,DOUSSET Éléana,35.9,5.0,6.0,7.0,7.0,8.0,9.0,7.0,9.0,16.0
HDF - Cpe de France des Clubs - Saint pol sur mer - 1er tour Coupe de France U15/17/20 Filles,2025-01-25,U13 Men 35,COUILLARD Naïm,33.25,7.0,9.0,10.0,8.0,10.0,-12.0,10.0,10.0,20.0
HDF - Cpe de France des Clubs - Saint pol sur mer - 1er tour Coupe de France U15/17/20 Filles,2025-01-25,U13 Men 40,LOPEZ Julien,37.3,7.0,8.0,9.0,8.0,10.0,12.0,9.0,12.0,21.0
HDF - Cpe de France des Clubs - Saint pol sur mer - 1er tour Coupe de France U15/17/20 Filles,2025-01-25,U13 Women 40,DOUSSET Éléana,35.9,5.0,6.0,7.0,7.0,8.0,9.0,7.0,9.0,16.0
HDF - Cpe de France des Clubs - Saint pol sur mer - 1er tour Coupe de France U15/17/20 Filles,2025-01-25,U15 Women 45,RISSO Lina,41.9,36.0,38.0,40.0,45.0,47.0,49.0,40.0,49.0,89.0
HDF - Cpe de France des Clubs - Saint pol sur mer - 1er tour Coupe de France U15/17/20 Filles,2025-01-25,U15 Women 45,HOFFMANN Tasnym,44.3,-38.0,-39.0,39.0,46.0,48.0,51.0,39.0,51.0,90.0
HDF - Cpe de France des Clubs - Saint pol sur mer - 1er tour Coupe de France U15/17/20 Filles,2025-01-25,U15 Women 49,RIGAUD Louise,46.9,50.0,54.0,-56.0,61.0,64.0,66.0,54.0,66.0,120.0
HDF - Cpe de France des Clubs - Saint pol sur mer - 1er tour Coupe de France U15/17/20 Filles,2025-01-25,U15 Women 45,RISSO Lina,41.9,36.0,38.0,40.0,45.0,47.0,49.0,40.0,49.0,89.0
HDF - Cpe de France des Clubs - Saint pol sur mer - 1er tour Coupe de France U15/17/20 Filles,2025-01-25,U15 Women 45,HOFFMANN Tasnym,44.3,-38.0,-39.0,39.0,46.0,48.0,51.0,39.0,51.0,90.0
HDF - Cpe de France des Clubs - Saint pol sur mer - 1er tour Coupe de France U15/17/20 Filles,2025-01-25,U15 Women 49,RIGAUD Louise,46.9,50.0,54.0,-56.0,61.0,64.0,66.0,54.0,66.0,120.0
HDF - Cpe de France des Clubs - Saint pol sur mer - 1er tour Coupe de France U15/17/20 Filles,2025-01-25,U20 Women 59,ANTROP Marilou,56.3,8.0,10.0,12.0,20.0,-25.0,25.0,12.0,25.0,37.0
HDF - Cpe de France des Clubs - Saint pol sur mer - 1er tour Coupe de France U15/17/20 Filles,2025-01-25,U20 Women 64,BEDEIR LARADE Safana,63.1,60.0,-67.0,67.0,83.0,87.0,-90.0,67.0,87.0,154.0
HDF - Cpe de France des Clubs - Saint pol sur mer - 1er tour Coupe de France U15/17/20 Filles,2025-01-25,U20 Women 76,DUMAS Constance,74.2,25.0,28.0,30.0,30.0,35.0,38.0,30.0,38.0,68.0
HDF - Cpe de France des Clubs - Saint pol sur mer - 1er tour Coupe de France U15/17/20 Filles,2025-01-25,U20 Women 59,ANTROP Marilou,56.3,8.0,10.0,12.0,20.0,-25.0,25.0,12.0,25.0,37.0
HDF - Cpe de France des Clubs - Saint pol sur mer - 1er tour Coupe de France U15/17/20 Filles,2025-01-25,U20 Women 64,BEDEIR LARADE Safana,63.1,60.0,-67.0,67.0,83.0,87.0,-90.0,67.0,87.0,154.0
HDF - Cpe de France des Clubs - Saint pol sur mer - 1er tour Coupe de France U15/17/20 Filles,2025-01-25,U20 Women 76,DUMAS Constance,74.2,25.0,28.0,30.0,30.0,35.0,38.0,30.0,38.0,68.0
HDF - Cpe de France des Clubs - Saint pol sur mer - 1er tour Coupe de France U15/17/20 Filles,2025-01-25,U13 Men 35,DECRAENE Mael,27.22,14.0,16.0,-18.0,18.0,20.0,-22.0,16.0,20.0,36.0
HDF - Cpe de France des Clubs - Saint pol sur mer - 1er tour Coupe de France U15/17/20 Filles,2025-01-25,U13 Men 40,BEAURAIN Isaac,36.6,30.0,32.0,34.0,40.0,42.0,44.0,34.0,44.0,78.0
HDF - Cpe de France des Clubs - Saint pol sur mer - 1er tour Coupe de France U15/17/20 Filles,2025-01-25,U13 Men 40,BOULMONT DUBOIS Jules,37.76,11.0,13.0,-14.0,15.0,17.0,19.0,13.0,19.0,32.0
HDF - Cpe de France des Clubs - Saint pol sur mer - 1er tour Coupe de France U15/17/20 Filles,2025-01-25,U13 Men 55,BERGER MARLIOT Mao,49.06,-21.0,21.0,-22.0,-26.0,-26.0,-26.0,21.0,0.0,0.0
HDF - Cpe de France des Clubs - Saint pol sur mer - 1er tour Coupe de France U15/17/20 Filles,2025-01-25,U13 Women 35,HORN Ines,31.08,19.0,21.0,-23.0,30.0,32.0,34.0,21.0,34.0,55.0
HDF - Cpe de France des Clubs - Saint pol sur mer - 1er tour Coupe de France U15/17/20 Filles,2025-01-25,U13 Women 35,SAID Sara,33.94,20.0,22.0,24.0,30.0,32.0,34.0,24.0,34.0,58.0
HDF - Cpe de France des Clubs - Saint pol sur mer - 1er tour Coupe de France U15/17/20 Filles,2025-01-25,U13 Men 35,DECRAENE Mael,27.22,14.0,16.0,-18.0,18.0,20.0,-22.0,16.0,20.0,36.0
HDF - Cpe de France des Clubs - Saint pol sur mer - 1er tour Coupe de France U15/17/20 Filles,2025-01-25,U13 Men 40,BEAURAIN Isaac,36.6,30.0,32.0,34.0,40.0,42.0,44.0,34.0,44.0,78.0
HDF - Cpe de France des Clubs - Saint pol sur mer - 1er tour Coupe de France U15/17/20 Filles,2025-01-25,U13 Men 40,BOULMONT DUBOIS Jules,37.76,11.0,13.0,-14.0,15.0,17.0,19.0,13.0,19.0,32.0
HDF - Cpe de France des Clubs - Saint pol sur mer - 1er tour Coupe de France U15/17/20 Filles,2025-01-25,U13 Men 55,BERGER MARLIOT Mao,49.06,-21.0,21.0,-22.0,-26.0,-26.0,-26.0,21.0,0.0,0.0
HDF - Cpe de France des Clubs - Saint pol sur mer - 1er tour Coupe de France U15/17/20 Filles,2025-01-25,U13 Women 35,HORN Ines,31.08,19.0,21.0,-23.0,30.0,32.0,34.0,21.0,34.0,55.0
HDF - Cpe de France des Clubs - Saint pol sur mer - 1er tour Coupe de France U15/17/20 Filles,2025-01-25,U13 Women 35,SAID Sara,33.94,20.0,22.0,24.0,30.0,32.0,34.0,24.0,34.0,58.0
HDF - Cpe de France des Clubs - Saint pol sur mer - 1er tour Coupe de France U15/17/20 Filles,2025-01-25,U15 Women 45,DECRAENE Selenia,41.72,40.0,-43.0,-43.0,50.0,52.0,-54.0,40.0,52.0,92.0
HDF - Cpe de France des Clubs - Saint pol sur mer - 1er tour Coupe de France U15/17/20 Filles,2025-01-25,U15 Women 45,ROUSSILLAT Klea,41.56,26.0,29.0,-30.0,36.0,38.0,-40.0,29.0,38.0,67.0
HDF - Cpe de France des Clubs - Saint pol sur mer - 1er tour Coupe de France U15/17/20 Filles,2025-01-25,U15 Women 55,ANDRIEUX Flora,53.3,50.0,52.0,-54.0,67.0,71.0,-72.0,52.0,71.0,123.0
HDF - Cpe de France des Clubs - Saint pol sur mer - 1er tour Coupe de France U15/17/20 Filles,2025-01-25,U15 Women 55,DUFRANNE Leya,52.82,35.0,-38.0,-38.0,45.0,48.0,50.0,35.0,50.0,85.0
HDF - Cpe de France des Clubs - Saint pol sur mer - 1er tour Coupe de France U15/17/20 Filles,2025-01-25,U15 Women 55,LE MOAL Cylene,52.8,25.0,27.0,-29.0,34.0,37.0,39.0,27.0,39.0,66.0
HDF - Cpe de France des Clubs - Saint pol sur mer - 1er tour Coupe de France U15/17/20 Filles,2025-01-25,U17 Women 59,ROUSSEAU Nathanaelle,57.74,35.0,38.0,-40.0,50.0,-53.0,-53.0,38.0,50.0,88.0
HDF - Cpe de France des Clubs - Saint pol sur mer - 1er tour Coupe de France U15/17/20 Filles,2025-01-25,U17 Women 59,TRIBOULOIS Zoe,55.56,25.0,28.0,31.0,31.0,34.0,-36.0,31.0,34.0,65.0
HDF - Cpe de France des Clubs - Saint pol sur mer - 1er tour Coupe de France U15/17/20 Filles,2025-01-25,U17 Women 64,VASSAUX Cassandre,61.02,20.0,22.0,24.0,32.0,-36.0,36.0,24.0,36.0,60.0
HDF - Cpe de France des Clubs - Saint pol sur mer - 1er tour Coupe de France U15/17/20 Filles,2025-01-25,U17 Women 71,ROUY Ilona,69.7,60.0,63.0,65.0,75.0,-78.0,-78.0,65.0,75.0,140.0
HDF - Cpe de France des Clubs - Saint pol sur mer - 1er tour Coupe de France U15/17/20 Filles,2025-01-25,U15 Women 45,DECRAENE Selenia,41.72,40.0,-43.0,-43.0,50.0,52.0,-54.0,40.0,52.0,92.0
HDF - Cpe de France des Clubs - Saint pol sur mer - 1er tour Coupe de France U15/17/20 Filles,2025-01-25,U15 Women 45,ROUSSILLAT Klea,41.56,26.0,29.0,-30.0,36.0,38.0,-40.0,29.0,38.0,67.0
HDF - Cpe de France des Clubs - Saint pol sur mer - 1er tour Coupe de France U15/17/20 Filles,2025-01-25,U15 Women 55,ANDRIEUX Flora,53.3,50.0,52.0,-54.0,67.0,71.0,-72.0,52.0,71.0,123.0
HDF - Cpe de France des Clubs - Saint pol sur mer - 1er tour Coupe de France U15/17/20 Filles,2025-01-25,U15 Women 55,DUFRANNE Leya,52.82,35.0,-38.0,-38.0,45.0,48.0,50.0,35.0,50.0,85.0
HDF - Cpe de France des Clubs - Saint pol sur mer - 1er tour Coupe de France U15/17/20 Filles,2025-01-25,U15 Women 55,LE MOAL Cylene,52.8,25.0,27.0,-29.0,34.0,37.0,39.0,27.0,39.0,66.0
HDF - Cpe de France des Clubs - Saint pol sur mer - 1er tour Coupe de France U15/17/20 Filles,2025-01-25,U17 Women 59,ROUSSEAU Nathanaelle,57.74,35.0,38.0,-40.0,50.0,-53.0,-53.0,38.0,50.0,88.0
HDF - Cpe de France des Clubs - Saint pol sur mer - 1er tour Coupe de France U15/17/20 Filles,2025-01-25,U17 Women 59,TRIBOULOIS Zoe,55.56,25.0,28.0,31.0,31.0,34.0,-36.0,31.0,34.0,65.0
HDF - Cpe de France des Clubs - Saint pol sur mer - 1er tour Coupe de France U15/17/20 Filles,2025-01-25,U17 Women 64,VASSAUX Cassandre,61.02,20.0,22.0,24.0,32.0,-36.0,36.0,24.0,36.0,60.0
HDF - Cpe de France des Clubs - Saint pol sur mer - 1er tour Coupe de France U15/17/20 Filles,2025-01-25,U17 Women 71,ROUY Ilona,69.7,60.0,63.0,65.0,75.0,-78.0,-78.0,65.0,75.0,140.0
HDF - Cpe de France des Clubs - Saint pol sur mer - 1er tour Coupe de France U15/17/20 Filles,2025-01-25,SEN Men 61,ALAOUI BENZAKROUM Ismail,60.7,55.0,58.0,60.0,65.0,-70.0,70.0,60.0,70.0,130.0
HDF - Cpe de France des Clubs - Saint pol sur mer - 1er tour Coupe de France U15/17/20 Filles,2025-01-25,SEN Men 73,PANNEAU Jules,69.3,75.0,78.0,80.0,95.0,100.0,106.0,80.0,106.0,186.0
HDF - Cpe de France des Clubs - Saint pol sur mer - 1er tour Coupe de France U15/17/20 Filles,2025-01-25,SEN Men 81,DALOUR Killian,78.4,92.0,97.0,-101.0,118.0,-123.0,123.0,97.0,123.0,220.0
HDF - Cpe de France des Clubs - Saint pol sur mer - 1er tour Coupe de France U15/17/20 Filles,2025-01-25,SEN Men 81,HELLARD Timothé,78.7,70.0,75.0,80.0,95.0,100.0,105.0,80.0,105.0,185.0
HDF - Cpe de France des Clubs - Saint pol sur mer - 1er tour Coupe de France U15/17/20 Filles,2025-01-25,SEN Men 89,CAUPENNE Carl,81.8,95.0,-100.0,-102.0,120.0,125.0,128.0,95.0,128.0,223.0
HDF - Cpe de France des Clubs - Saint pol sur mer - 1er tour Coupe de France U15/17/20 Filles,2025-01-25,SEN Men 89,FERRU Quentin,87.6,92.0,97.0,101.0,120.0,126.0,130.0,101.0,130.0,231.0
HDF - Cpe de France des Clubs - Saint pol sur mer - 1er tour Coupe de France U15/17/20 Filles,2025-01-25,SEN Men 89,HESHMATI Sohrab,87.7,-95.0,95.0,-100.0,-125.0,125.0,-130.0,95.0,125.0,220.0
HDF - Cpe de France des Clubs - Saint pol sur mer - 1er tour Coupe de France U15/17/20 Filles,2025-01-25,SEN Men 96,VITAL Jules,95.3,-100.0,100.0,105.0,125.0,130.0,135.0,105.0,135.0,240.0
HDF - Cpe de France des Clubs - Saint pol sur mer - 1er tour Coupe de France U15/17/20 Filles,2025-01-25,SEN Men 109,AOUICI Karim,105.7,70.0,75.0,77.0,90.0,95.0,100.0,77.0,100.0,177.0
HDF - Cpe de France des Clubs - Saint pol sur mer - 1er tour Coupe de France U15/17/20 Filles,2025-01-25,SEN Women 59,CHIAULON Maud,56.6,-80.0,80.0,-83.0,90.0,-103.0,-103.0,80.0,90.0,170.0
HDF - Cpe de France des Clubs - Saint pol sur mer - 1er tour Coupe de France U15/17/20 Filles,2025-01-25,SEN Women 64,AMATO Maelys,63.1,-38.0,38.0,41.0,53.0,-57.0,58.0,41.0,58.0,99.0
HDF - Cpe de France des Clubs - Saint pol sur mer - 1er tour Coupe de France U15/17/20 Filles,2025-01-25,SEN Women 71,ASSAH Morgane,70.7,-85.0,85.0,90.0,100.0,103.0,106.0,90.0,106.0,196.0
HDF - Cpe de France des Clubs - Saint pol sur mer - 1er tour Coupe de France U15/17/20 Filles,2025-01-25,SEN Women 71,BIENAIMÉ Cassandra,71.0,53.0,57.0,-60.0,65.0,-70.0,70.0,57.0,70.0,127.0
HDF - Cpe de France des Clubs - Saint pol sur mer - 1er tour Coupe de France U15/17/20 Filles,2025-01-25,SEN Women 71,SOYEZ Marion,68.4,37.0,42.0,46.0,50.0,55.0,59.0,46.0,59.0,105.0
HDF - Cpe de France des Clubs - Saint pol sur mer - 1er tour Coupe de France U15/17/20 Filles,2025-01-25,SEN Women 76,DUMUR Armony,75.0,70.0,73.0,79.0,93.0,-98.0,100.0,79.0,100.0,179.0
HDF - Cpe de France des Clubs - Saint pol sur mer - 1er tour Coupe de France U15/17/20 Filles,2025-01-25,SEN Women 76,MAKOWSKI Eugénie,74.7,60.0,64.0,66.0,85.0,88.0,91.0,66.0,91.0,157.0
HDF - Cpe de France des Clubs - Saint pol sur mer - 1er tour Coupe de France U15/17/20 Filles,2025-01-25,SEN Women 76,TORRES Marina,71.2,43.0,45.0,-48.0,53.0,55.0,58.0,45.0,58.0,103.0
HDF - Cpe de France des Clubs - Saint pol sur mer - 1er tour Coupe de France U15/17/20 Filles,2025-01-25,SEN Women >87,ABBE Kelly,90.3,53.0,56.0,58.0,65.0,72.0,-76.0,58.0,72.0,130.0
HDF - Cpe de France des Clubs - Saint pol sur mer - 1er tour Coupe de France U15/17/20 Filles,2025-01-25,SEN Men 61,ALAOUI BENZAKROUM Ismail,60.7,55.0,58.0,60.0,65.0,-70.0,70.0,60.0,70.0,130.0
HDF - Cpe de France des Clubs - Saint pol sur mer - 1er tour Coupe de France U15/17/20 Filles,2025-01-25,SEN Men 73,PANNEAU Jules,69.3,75.0,78.0,80.0,95.0,100.0,106.0,80.0,106.0,186.0
HDF - Cpe de France des Clubs - Saint pol sur mer - 1er tour Coupe de France U15/17/20 Filles,2025-01-25,SEN Men 81,DALOUR Killian,78.4,92.0,97.0,-101.0,118.0,-123.0,123.0,97.0,123.0,220.0
HDF - Cpe de France des Clubs - Saint pol sur mer - 1er tour Coupe de France U15/17/20 Filles,2025-01-25,SEN Men 81,HELLARD Timothé,78.7,70.0,75.0,80.0,95.0,100.0,105.0,80.0,105.0,185.0
HDF - Cpe de France des Clubs - Saint pol sur mer - 1er tour Coupe de France U15/17/20 Filles,2025-01-25,SEN Men 89,CAUPENNE Carl,81.8,95.0,-100.0,-102.0,120.0,125.0,128.0,95.0,128.0,223.0
HDF - Cpe de France des Clubs - Saint pol sur mer - 1er tour Coupe de France U15/17/20 Filles,2025-01-25,SEN Men 89,FERRU Quentin,87.6,92.0,97.0,101.0,120.0,126.0,130.0,101.0,130.0,231.0
HDF - Cpe de France des Clubs - Saint pol sur mer - 1er tour Coupe de France U15/17/20 Filles,2025-01-25,SEN Men 89,HESHMATI Sohrab,87.7,-95.0,95.0,-100.0,-125.0,125.0,-130.0,95.0,125.0,220.0
HDF - Cpe de France des Clubs - Saint pol sur mer - 1er tour Coupe de France U15/17/20 Filles,2025-01-25,SEN Men 96,VITAL Jules,95.3,-100.0,100.0,105.0,125.0,130.0,135.0,105.0,135.0,240.0
HDF - Cpe de France des Clubs - Saint pol sur mer - 1er tour Coupe de France U15/17/20 Filles,2025-01-25,SEN Men 109,AOUICI Karim,105.7,70.0,75.0,77.0,90.0,95.0,100.0,77.0,100.0,177.0
HDF - Cpe de France des Clubs - Saint pol sur mer - 1er tour Coupe de France U15/17/20 Filles,2025-01-25,SEN Women 59,CHIAULON Maud,56.6,-80.0,80.0,-83.0,90.0,-103.0,-103.0,80.0,90.0,170.0
HDF - Cpe de France des Clubs - Saint pol sur mer - 1er tour Coupe de France U15/17/20 Filles,2025-01-25,SEN Women 64,AMATO Maelys,63.1,-38.0,38.0,41.0,53.0,-57.0,58.0,41.0,58.0,99.0
HDF - Cpe de France des Clubs - Saint pol sur mer - 1er tour Coupe de France U15/17/20 Filles,2025-01-25,SEN Women 71,ASSAH Morgane,70.7,-85.0,85.0,90.0,100.0,103.0,106.0,90.0,106.0,196.0
HDF - Cpe de France des Clubs - Saint pol sur mer - 1er tour Coupe de France U15/17/20 Filles,2025-01-25,SEN Women 71,BIENAIMÉ Cassandra,71.0,53.0,57.0,-60.0,65.0,-70.0,70.0,57.0,70.0,127.0
HDF - Cpe de France des Clubs - Saint pol sur mer - 1er tour Coupe de France U15/17/20 Filles,2025-01-25,SEN Women 71,SOYEZ Marion,68.4,37.0,42.0,46.0,50.0,55.0,59.0,46.0,59.0,105.0
HDF - Cpe de France des Clubs - Saint pol sur mer - 1er tour Coupe de France U15/17/20 Filles,2025-01-25,SEN Women 76,DUMUR Armony,75.0,70.0,73.0,79.0,93.0,-98.0,100.0,79.0,100.0,179.0
HDF - Cpe de France des Clubs - Saint pol sur mer - 1er tour Coupe de France U15/17/20 Filles,2025-01-25,SEN Women 76,MAKOWSKI Eugénie,74.7,60.0,64.0,66.0,85.0,88.0,91.0,66.0,91.0,157.0
HDF - Cpe de France des Clubs - Saint pol sur mer - 1er tour Coupe de France U15/17/20 Filles,2025-01-25,SEN Women 76,TORRES Marina,71.2,43.0,45.0,-48.0,53.0,55.0,58.0,45.0,58.0,103.0
HDF - Cpe de France des Clubs - Saint pol sur mer - 1er tour Coupe de France U15/17/20 Filles,2025-01-25,SEN Women >87,ABBE Kelly,90.3,53.0,56.0,58.0,65.0,72.0,-76.0,58.0,72.0,130.0
HDF - Cpe de France des Clubs - Saint pol sur mer - 1er tour Coupe de France U15/17/20 Filles,2025-01-25,U15 Men 67,AOUNI Maxence,66.7,82.0,-86.0,-86.0,105.0,110.0,113.0,82.0,113.0,195.0
HDF - Cpe de France des Clubs - Saint pol sur mer - 1er tour Coupe de France U15/17/20 Filles,2025-01-25,U20 Men 81,LAEMLIN Yoan,80.0,72.0,77.0,80.0,100.0,105.0,-108.0,80.0,105.0,185.0
HDF - Cpe de France des Clubs - Saint pol sur mer - 1er tour Coupe de France U15/17/20 Filles,2025-01-25,U20 Men 81,ROUSSEAU Théo,77.5,38.0,43.0,46.0,48.0,-51.0,51.0,46.0,51.0,97.0
HDF - Cpe de France des Clubs - Saint pol sur mer - 1er tour Coupe de France U15/17/20 Filles,2025-01-25,U15 Men 67,AOUNI Maxence,66.7,82.0,-86.0,-86.0,105.0,110.0,113.0,82.0,113.0,195.0
HDF - Cpe de France des Clubs - Saint pol sur mer - 1er tour Coupe de France U15/17/20 Filles,2025-01-25,U20 Men 81,LAEMLIN Yoan,80.0,72.0,77.0,80.0,100.0,105.0,-108.0,80.0,105.0,185.0
HDF - Cpe de France des Clubs - Saint pol sur mer - 1er tour Coupe de France U15/17/20 Filles,2025-01-25,U20 Men 81,ROUSSEAU Théo,77.5,38.0,43.0,46.0,48.0,-51.0,51.0,46.0,51.0,97.0
HDF - Cpe de France des Clubs - Saint pol sur mer - 1er tour Coupe de France U15/17/20 Filles,2025-01-25,U15 Men 96,SIMLER Jules,89.2,18.0,22.0,25.0,-28.0,28.0,-31.0,25.0,28.0,53.0
HDF - Cpe de France des Clubs - Saint pol sur mer - 1er tour Coupe de France U15/17/20 Filles,2025-01-25,U20 Men 67,RIAULT Maxime,66.1,63.0,67.0,70.0,80.0,85.0,-90.0,70.0,85.0,155.0
HDF - Cpe de France des Clubs - Saint pol sur mer - 1er tour Coupe de France U15/17/20 Filles,2025-01-25,SEN Men 81,VANDERSTRAETEN Arthur,76.1,77.0,82.0,85.0,107.0,112.0,115.0,85.0,115.0,200.0
HDF - Cpe de France des Clubs - Saint pol sur mer - 1er tour Coupe de France U15/17/20 Filles,2025-01-25,SEN Men 81,KATT Joshua,73.6,65.0,70.0,-74.0,85.0,-90.0,93.0,70.0,93.0,163.0
HDF - Cpe de France des Clubs - Saint pol sur mer - 1er tour Coupe de France U15/17/20 Filles,2025-01-25,SEN Men 89,BOILLON Vincent,85.5,100.0,-106.0,-106.0,130.0,137.0,-141.0,100.0,137.0,237.0
HDF - Cpe de France des Clubs - Saint pol sur mer - 1er tour Coupe de France U15/17/20 Filles,2025-01-25,SEN Men 89,POINTET Robin,84.6,97.0,-102.0,-102.0,122.0,126.0,130.0,97.0,130.0,227.0
HDF - Cpe de France des Clubs - Saint pol sur mer - 1er tour Coupe de France U15/17/20 Filles,2025-01-25,SEN Men 89,BARTH Loïc,84.2,72.0,-77.0,-77.0,-100.0,100.0,105.0,72.0,105.0,177.0
HDF - Cpe de France des Clubs - Saint pol sur mer - 1er tour Coupe de France U15/17/20 Filles,2025-01-25,SEN Men 96,SAHIRI Julien,95.5,105.0,-112.0,112.0,140.0,150.0,-157.0,112.0,150.0,262.0
HDF - Cpe de France des Clubs - Saint pol sur mer - 1er tour Coupe de France U15/17/20 Filles,2025-01-25,SEN Men 96,CAQUEUX Baptiste,95.2,80.0,85.0,90.0,100.0,110.0,115.0,90.0,115.0,205.0
HDF - Cpe de France des Clubs - Saint pol sur mer - 1er tour Coupe de France U15/17/20 Filles,2025-01-25,U20 Women 87,SCHWENDENMANN Eulalie,85.1,36.0,-40.0,-40.0,49.0,53.0,-55.0,36.0,53.0,89.0
HDF - Cpe de France des Clubs - Saint pol sur mer - 1er tour Coupe de France U15/17/20 Filles,2025-01-25,SEN Women 55,TSCHAEN Amandine,51.25,42.0,45.0,47.0,55.0,58.0,61.0,47.0,61.0,108.0
HDF - Cpe de France des Clubs - Saint pol sur mer - 1er tour Coupe de France U15/17/20 Filles,2025-01-25,SEN Women 55,HERZIG Marion,54.5,32.0,-34.0,34.0,42.0,45.0,-47.0,34.0,45.0,79.0
HDF - Cpe de France des Clubs - Saint pol sur mer - 1er tour Coupe de France U15/17/20 Filles,2025-01-25,SEN Women 59,ESTNER Sarah,58.9,55.0,59.0,62.0,72.0,75.0,78.0,62.0,78.0,140.0
HDF - Cpe de France des Clubs - Saint pol sur mer - 1er tour Coupe de France U15/17/20 Filles,2025-01-25,SEN Women 64,MEYER Helena,60.2,50.0,53.0,55.0,73.0,77.0,-80.0,55.0,77.0,132.0
HDF - Cpe de France des Clubs - Saint pol sur mer - 1er tour Coupe de France U15/17/20 Filles,2025-01-25,SEN Women 81,KWIATKOWSKI Cristina,80.3,48.0,52.0,-55.0,68.0,72.0,-75.0,52.0,72.0,124.0
HDF - Cpe de France des Clubs - Saint pol sur mer - 1er tour Coupe de France U15/17/20 Filles,2025-01-25,SEN Women 87,ARTUÇ Santana,84.6,49.0,53.0,55.0,71.0,-75.0,-75.0,55.0,71.0,126.0
HDF - Cpe de France des Clubs - Saint pol sur mer - 1er tour Coupe de France U15/17/20 Filles,2025-01-25,SEN Women 87,BITSCH Claire,83.35,32.0,35.0,-37.0,44.0,47.0,-50.0,35.0,47.0,82.0
HDF - Cpe de France des Clubs - Saint pol sur mer - 1er tour Coupe de France U15/17/20 Filles,2025-01-25,SEN Women >87,CERDAN Margot,92.55,70.0,-73.0,75.0,97.0,-101.0,-103.0,75.0,97.0,172.0
HDF - Cpe de France des Clubs - Saint pol sur mer - 1er tour Coupe de France U15/17/20 Filles,2025-01-25,U15 Men 96,SIMLER Jules,89.2,18.0,22.0,25.0,-28.0,28.0,-31.0,25.0,28.0,53.0
HDF - Cpe de France des Clubs - Saint pol sur mer - 1er tour Coupe de France U15/17/20 Filles,2025-01-25,U20 Men 67,RIAULT Maxime,66.1,63.0,67.0,70.0,80.0,85.0,-90.0,70.0,85.0,155.0
HDF - Cpe de France des Clubs - Saint pol sur mer - 1er tour Coupe de France U15/17/20 Filles,2025-01-25,SEN Men 81,VANDERSTRAETEN Arthur,76.1,77.0,82.0,85.0,107.0,112.0,115.0,85.0,115.0,200.0
HDF - Cpe de France des Clubs - Saint pol sur mer - 1er tour Coupe de France U15/17/20 Filles,2025-01-25,SEN Men 81,KATT Joshua,73.6,65.0,70.0,-74.0,85.0,-90.0,93.0,70.0,93.0,163.0
HDF - Cpe de France des Clubs - Saint pol sur mer - 1er tour Coupe de France U15/17/20 Filles,2025-01-25,SEN Men 89,BOILLON Vincent,85.5,100.0,-106.0,-106.0,130.0,137.0,-141.0,100.0,137.0,237.0
HDF - Cpe de France des Clubs - Saint pol sur mer - 1er tour Coupe de France U15/17/20 Filles,2025-01-25,SEN Men 89,POINTET Robin,84.6,97.0,-102.0,-102.0,122.0,126.0,130.0,97.0,130.0,227.0
HDF - Cpe de France des Clubs - Saint pol sur mer - 1er tour Coupe de France U15/17/20 Filles,2025-01-25,SEN Men 89,BARTH Loïc,84.2,72.0,-77.0,-77.0,-100.0,100.0,105.0,72.0,105.0,177.0
HDF - Cpe de France des Clubs - Saint pol sur mer - 1er tour Coupe de France U15/17/20 Filles,2025-01-25,SEN Men 96,SAHIRI Julien,95.5,105.0,-112.0,112.0,140.0,150.0,-157.0,112.0,150.0,262.0
HDF - Cpe de France des Clubs - Saint pol sur mer - 1er tour Coupe de France U15/17/20 Filles,2025-01-25,SEN Men 96,CAQUEUX Baptiste,95.2,80.0,85.0,90.0,100.0,110.0,115.0,90.0,115.0,205.0
HDF - Cpe de France des Clubs - Saint pol sur mer - 1er tour Coupe de France U15/17/20 Filles,2025-01-25,U20 Women 87,SCHWENDENMANN Eulalie,85.1,36.0,-40.0,-40.0,49.0,53.0,-55.0,36.0,53.0,89.0
HDF - Cpe de France des Clubs - Saint pol sur mer - 1er tour Coupe de France U15/17/20 Filles,2025-01-25,SEN Women 55,TSCHAEN Amandine,51.25,42.0,45.0,47.0,55.0,58.0,61.0,47.0,61.0,108.0
HDF - Cpe de France des Clubs - Saint pol sur mer - 1er tour Coupe de France U15/17/20 Filles,2025-01-25,SEN Women 55,HERZIG Marion,54.5,32.0,-34.0,34.0,42.0,45.0,-47.0,34.0,45.0,79.0
HDF - Cpe de France des Clubs - Saint pol sur mer - 1er tour Coupe de France U15/17/20 Filles,2025-01-25,SEN Women 59,ESTNER Sarah,58.9,55.0,59.0,62.0,72.0,75.0,78.0,62.0,78.0,140.0
HDF - Cpe de France des Clubs - Saint pol sur mer - 1er tour Coupe de France U15/17/20 Filles,2025-01-25,SEN Women 64,MEYER Helena,60.2,50.0,53.0,55.0,73.0,77.0,-80.0,55.0,77.0,132.0
HDF - Cpe de France des Clubs - Saint pol sur mer - 1er tour Coupe de France U15/17/20 Filles,2025-01-25,SEN Women 81,KWIATKOWSKI Cristina,80.3,48.0,52.0,-55.0,68.0,72.0,-75.0,52.0,72.0,124.0
HDF - Cpe de France des Clubs - Saint pol sur mer - 1er tour Coupe de France U15/17/20 Filles,2025-01-25,SEN Women 87,ARTUÇ Santana,84.6,49.0,53.0,55.0,71.0,-75.0,-75.0,55.0,71.0,126.0
HDF - Cpe de France des Clubs - Saint pol sur mer - 1er tour Coupe de France U15/17/20 Filles,2025-01-25,SEN Women 87,BITSCH Claire,83.35,32.0,35.0,-37.0,44.0,47.0,-50.0,35.0,47.0,82.0
HDF - Cpe de France des Clubs - Saint pol sur mer - 1er tour Coupe de France U15/17/20 Filles,2025-01-25,SEN Women >87,CERDAN Margot,92.55,70.0,-73.0,75.0,97.0,-101.0,-103.0,75.0,97.0,172.0
HDF - Cpe de France des Clubs - Saint pol sur mer - 1er tour Coupe de France U15/17/20 Filles,2025-01-25,U17 Men 73,JARDIN Lucas,70.4,83.0,87.0,-91.0,97.0,-102.0,-102.0,87.0,97.0,184.0
HDF - Cpe de France des Clubs - Saint pol sur mer - 1er tour Coupe de France U15/17/20 Filles,2025-01-25,U20 Men 81,VARLET Luka,74.95,63.0,68.0,-71.0,80.0,85.0,88.0,68.0,88.0,156.0
HDF - Cpe de France des Clubs - Saint pol sur mer - 1er tour Coupe de France U15/17/20 Filles,2025-01-25,U20 Men 109,JAME Mathéo,108.5,95.0,100.0,-103.0,-115.0,-115.0,-115.0,100.0,0.0,0.0
HDF - Cpe de France des Clubs - Saint pol sur mer - 1er tour Coupe de France U15/17/20 Filles,2025-01-25,SEN Men 102,JAME Jason,96.4,95.0,100.0,-105.0,117.0,122.0,-125.0,100.0,122.0,222.0
HDF - Cpe de France des Clubs - Saint pol sur mer - 1er tour Coupe de France U15/17/20 Filles,2025-01-25,SEN Men 109,LECLOUAREC Mathis,102.6,115.0,120.0,-125.0,135.0,140.0,145.0,120.0,145.0,265.0
HDF - Cpe de France des Clubs - Saint pol sur mer - 1er tour Coupe de France U15/17/20 Filles,2025-01-25,SEN Men 109,VALLET Richard,103.8,82.0,86.0,-90.0,118.0,122.0,-125.0,86.0,122.0,208.0
HDF - Cpe de France des Clubs - Saint pol sur mer - 1er tour Coupe de France U15/17/20 Filles,2025-01-25,SEN Women 55,LOUVEAU Marion,53.84,46.0,-48.0,-48.0,56.0,59.0,62.0,46.0,62.0,108.0
HDF - Cpe de France des Clubs - Saint pol sur mer - 1er tour Coupe de France U15/17/20 Filles,2025-01-25,SEN Women 64,CHESNAIS Pauline,62.07,53.0,57.0,61.0,70.0,76.0,81.0,61.0,81.0,142.0
HDF - Cpe de France des Clubs - Saint pol sur mer - 1er tour Coupe de France U15/17/20 Filles,2025-01-25,SEN Women 64,TULLEAU Lea,61.46,43.0,-47.0,47.0,50.0,53.0,55.0,47.0,55.0,102.0
HDF - Cpe de France des Clubs - Saint pol sur mer - 1er tour Coupe de France U15/17/20 Filles,2025-01-25,SEN Women 71,MABILLE Aude,65.54,46.0,-50.0,50.0,58.0,62.0,65.0,50.0,65.0,115.0
HDF - Cpe de France des Clubs - Saint pol sur mer - 1er tour Coupe de France U15/17/20 Filles,2025-01-25,SEN Women 71,MAUME Priscilla,70.53,46.0,48.0,50.0,56.0,-59.0,59.0,50.0,59.0,109.0
HDF - Cpe de France des Clubs - Saint pol sur mer - 1er tour Coupe de France U15/17/20 Filles,2025-01-25,SEN Women 71,DUARTE DA ROSA Marie,65.72,35.0,39.0,-42.0,47.0,50.0,-53.0,39.0,50.0,89.0
HDF - Cpe de France des Clubs - Saint pol sur mer - 1er tour Coupe de France U15/17/20 Filles,2025-01-25,U17 Men 73,JARDIN Lucas,70.4,83.0,87.0,-91.0,97.0,-102.0,-102.0,87.0,97.0,184.0
HDF - Cpe de France des Clubs - Saint pol sur mer - 1er tour Coupe de France U15/17/20 Filles,2025-01-25,U20 Men 81,VARLET Luka,74.95,63.0,68.0,-71.0,80.0,85.0,88.0,68.0,88.0,156.0
HDF - Cpe de France des Clubs - Saint pol sur mer - 1er tour Coupe de France U15/17/20 Filles,2025-01-25,U20 Men 109,JAME Mathéo,108.5,95.0,100.0,-103.0,-115.0,-115.0,-115.0,100.0,0.0,0.0
HDF - Cpe de France des Clubs - Saint pol sur mer - 1er tour Coupe de France U15/17/20 Filles,2025-01-25,SEN Men 102,JAME Jason,96.4,95.0,100.0,-105.0,117.0,122.0,-125.0,100.0,122.0,222.0
HDF - Cpe de France des Clubs - Saint pol sur mer - 1er tour Coupe de France U15/17/20 Filles,2025-01-25,SEN Men 109,LECLOUAREC Mathis,102.6,115.0,120.0,-125.0,135.0,140.0,145.0,120.0,145.0,265.0
HDF - Cpe de France des Clubs - Saint pol sur mer - 1er tour Coupe de France U15/17/20 Filles,2025-01-25,SEN Men 109,VALLET Richard,103.8,82.0,86.0,-90.0,118.0,122.0,-125.0,86.0,122.0,208.0
HDF - Cpe de France des Clubs - Saint pol sur mer - 1er tour Coupe de France U15/17/20 Filles,2025-01-25,SEN Women 55,LOUVEAU Marion,53.84,46.0,-48.0,-48.0,56.0,59.0,62.0,46.0,62.0,108.0
HDF - Cpe de France des Clubs - Saint pol sur mer - 1er tour Coupe de France U15/17/20 Filles,2025-01-25,SEN Women 64,CHESNAIS Pauline,62.07,53.0,57.0,61.0,70.0,76.0,81.0,61.0,81.0,142.0
HDF - Cpe de France des Clubs - Saint pol sur mer - 1er tour Coupe de France U15/17/20 Filles,2025-01-25,SEN Women 64,TULLEAU Lea,61.46,43.0,-47.0,47.0,50.0,53.0,55.0,47.0,55.0,102.0
HDF - Cpe de France des Clubs - Saint pol sur mer - 1er tour Coupe de France U15/17/20 Filles,2025-01-25,SEN Women 71,MABILLE Aude,65.54,46.0,-50.0,50.0,58.0,62.0,65.0,50.0,65.0,115.0
HDF - Cpe de France des Clubs - Saint pol sur mer - 1er tour Coupe de France U15/17/20 Filles,2025-01-25,SEN Women 71,MAUME Priscilla,70.53,46.0,48.0,50.0,56.0,-59.0,59.0,50.0,59.0,109.0
HDF - Cpe de France des Clubs - Saint pol sur mer - 1er tour Coupe de France U15/17/20 Filles,2025-01-25,SEN Women 71,DUARTE DA ROSA Marie,65.72,35.0,39.0,-42.0,47.0,50.0,-53.0,39.0,50.0,89.0
HDF - Cpe de France des Clubs - Saint pol sur mer - 1er tour Coupe de France U15/17/20 Filles,2025-01-25,U15 Women 55,AMELINE Inès,51.25,40.0,-42.0,42.0,-53.0,53.0,-55.0,42.0,53.0,95.0
HDF - Cpe de France des Clubs - Saint pol sur mer - 1er tour Coupe de France U15/17/20 Filles,2025-01-25,U15 Women 64,LEON Charline,59.05,50.0,53.0,56.0,63.0,-66.0,-66.0,56.0,63.0,119.0
HDF - Cpe de France des Clubs - Saint pol sur mer - 1er tour Coupe de France U15/17/20 Filles,2025-01-25,U17 Women 71,PEJOUT Justine,65.9,36.0,-38.0,-38.0,40.0,43.0,46.0,36.0,46.0,82.0
HDF - Cpe de France des Clubs - Saint pol sur mer - 1er tour Coupe de France U15/17/20 Filles,2025-01-25,U17 Women 71,LEON Marika,70.8,32.0,-35.0,35.0,40.0,-43.0,45.0,35.0,45.0,80.0
HDF - Cpe de France des Clubs - Saint pol sur mer - 1er tour Coupe de France U15/17/20 Filles,2025-01-25,U17 Women >81,PISTOL Léonie,98.3,40.0,42.0,44.0,51.0,53.0,-55.0,44.0,53.0,97.0
HDF - Cpe de France des Clubs - Saint pol sur mer - 1er tour Coupe de France U15/17/20 Filles,2025-01-25,U20 Women 71,LÉON Addison,70.05,44.0,-48.0,-48.0,52.0,55.0,58.0,44.0,58.0,102.0
HDF - Cpe de France des Clubs - Saint pol sur mer - 1er tour Coupe de France U15/17/20 Filles,2025-01-25,U15 Women 55,AMELINE Inès,51.25,40.0,-42.0,42.0,-53.0,53.0,-55.0,42.0,53.0,95.0
HDF - Cpe de France des Clubs - Saint pol sur mer - 1er tour Coupe de France U15/17/20 Filles,2025-01-25,U15 Women 64,LEON Charline,59.05,50.0,53.0,56.0,63.0,-66.0,-66.0,56.0,63.0,119.0
HDF - Cpe de France des Clubs - Saint pol sur mer - 1er tour Coupe de France U15/17/20 Filles,2025-01-25,U17 Women 71,PEJOUT Justine,65.9,36.0,-38.0,-38.0,40.0,43.0,46.0,36.0,46.0,82.0
HDF - Cpe de France des Clubs - Saint pol sur mer - 1er tour Coupe de France U15/17/20 Filles,2025-01-25,U17 Women 71,LEON Marika,70.8,32.0,-35.0,35.0,40.0,-43.0,45.0,35.0,45.0,80.0
HDF - Cpe de France des Clubs - Saint pol sur mer - 1er tour Coupe de France U15/17/20 Filles,2025-01-25,U17 Women >81,PISTOL Léonie,98.3,40.0,42.0,44.0,51.0,53.0,-55.0,44.0,53.0,97.0
HDF - Cpe de France des Clubs - Saint pol sur mer - 1er tour Coupe de France U15/17/20 Filles,2025-01-25,U20 Women 71,LÉON Addison,70.05,44.0,-48.0,-48.0,52.0,55.0,58.0,44.0,58.0,102.0
HDF - Cpe de France des Clubs - Saint pol sur mer - 1er tour Coupe de France U15/17/20 Filles,2025-01-25,U13 Women 35,ERNAULT BOULÉ Mélyne,34.4,17.0,19.0,-20.0,24.0,-26.0,26.0,19.0,26.0,45.0
HDF - Cpe de France des Clubs - Saint pol sur mer - 1er tour Coupe de France U15/17/20 Filles,2025-01-25,U13 Women 40,JAMES Oceanne,39.0,10.0,12.0,-13.0,10.0,12.0,14.0,12.0,14.0,26.0
HDF - Cpe de France des Clubs - Saint pol sur mer - 1er tour Coupe de France U15/17/20 Filles,2025-01-25,U13 Women 64,FATTOUM Mayssa,59.6,15.0,17.0,18.0,18.0,20.0,22.0,18.0,22.0,40.0
HDF - Cpe de France des Clubs - Saint pol sur mer - 1er tour Coupe de France U15/17/20 Filles,2025-01-25,U13 Women 35,ERNAULT BOULÉ Mélyne,34.4,17.0,19.0,-20.0,24.0,-26.0,26.0,19.0,26.0,45.0
HDF - Cpe de France des Clubs - Saint pol sur mer - 1er tour Coupe de France U15/17/20 Filles,2025-01-25,U13 Women 40,JAMES Oceanne,39.0,10.0,12.0,-13.0,10.0,12.0,14.0,12.0,14.0,26.0
HDF - Cpe de France des Clubs - Saint pol sur mer - 1er tour Coupe de France U15/17/20 Filles,2025-01-25,U13 Women 64,FATTOUM Mayssa,59.6,15.0,17.0,18.0,18.0,20.0,22.0,18.0,22.0,40.0
HDF - Cpe de France des Clubs - Saint pol sur mer - 1er tour Coupe de France U15/17/20 Filles,2025-01-25,U10 Men ,GEORGES Aymerick,47.6,15.0,-17.0,17.0,20.0,22.0,-23.0,17.0,22.0,39.0
HDF - Cpe de France des Clubs - Saint pol sur mer - 1er tour Coupe de France U15/17/20 Filles,2025-01-25,U13 Men 55,PARADOT DUCERF Jeremie,53.0,15.0,17.0,-19.0,19.0,21.0,23.0,17.0,23.0,40.0
HDF - Cpe de France des Clubs - Saint pol sur mer - 1er tour Coupe de France U15/17/20 Filles,2025-01-25,U13 Men 67,HUDAN Esteban,62.0,32.0,34.0,35.0,-42.0,42.0,44.0,35.0,44.0,79.0
HDF - Cpe de France des Clubs - Saint pol sur mer - 1er tour Coupe de France U15/17/20 Filles,2025-01-25,U13 Women 35,BENDALI Faustine,31.7,13.0,14.0,15.0,16.0,17.0,19.0,15.0,19.0,34.0
HDF - Cpe de France des Clubs - Saint pol sur mer - 1er tour Coupe de France U15/17/20 Filles,2025-01-25,U13 Women 71,DA SILVA OLIVEIRA Guilherme,67.5,20.0,22.0,24.0,24.0,26.0,27.0,24.0,27.0,51.0
HDF - Cpe de France des Clubs - Saint pol sur mer - 1er tour Coupe de France U15/17/20 Filles,2025-01-25,U10 Men ,GEORGES Aymerick,47.6,15.0,-17.0,17.0,20.0,22.0,-23.0,17.0,22.0,39.0
HDF - Cpe de France des Clubs - Saint pol sur mer - 1er tour Coupe de France U15/17/20 Filles,2025-01-25,U13 Men 55,PARADOT DUCERF Jeremie,53.0,15.0,17.0,-19.0,19.0,21.0,23.0,17.0,23.0,40.0
HDF - Cpe de France des Clubs - Saint pol sur mer - 1er tour Coupe de France U15/17/20 Filles,2025-01-25,U13 Men 67,HUDAN Esteban,62.0,32.0,34.0,35.0,-42.0,42.0,44.0,35.0,44.0,79.0
HDF - Cpe de France des Clubs - Saint pol sur mer - 1er tour Coupe de France U15/17/20 Filles,2025-01-25,U13 Women 35,BENDALI Faustine,31.7,13.0,14.0,15.0,16.0,17.0,19.0,15.0,19.0,34.0
HDF - Cpe de France des Clubs - Saint pol sur mer - 1er tour Coupe de France U15/17/20 Filles,2025-01-25,U13 Women 71,DA SILVA OLIVEIRA Guilherme,67.5,20.0,22.0,24.0,24.0,26.0,27.0,24.0,27.0,51.0
HDF - Cpe de France des Clubs - Saint pol sur mer - 1er tour Coupe de France U15/17/20 Filles,2025-01-25,U15 Women 49,LAMBOLEY Amélia,48.4,21.0,-23.0,23.0,30.0,-33.0,-34.0,23.0,30.0,53.0
HDF - Cpe de France des Clubs - Saint pol sur mer - 1er tour Coupe de France U15/17/20 Filles,2025-01-25,U15 Women 59,GUCCIARDI Clara,58.6,35.0,38.0,41.0,45.0,48.0,51.0,41.0,51.0,92.0
HDF - Cpe de France des Clubs - Saint pol sur mer - 1er tour Coupe de France U15/17/20 Filles,2025-01-25,U17 Women 49,GROSJEAN Maëlys,47.0,41.0,-43.0,43.0,51.0,54.0,-56.0,43.0,54.0,97.0
HDF - Cpe de France des Clubs - Saint pol sur mer - 1er tour Coupe de France U15/17/20 Filles,2025-01-25,U17 Women 55,LITZLER Servane,52.8,49.0,-52.0,52.0,61.0,65.0,-67.0,52.0,65.0,117.0
HDF - Cpe de France des Clubs - Saint pol sur mer - 1er tour Coupe de France U15/17/20 Filles,2025-01-25,U17 Women 55,PY Maelys,54.3,44.0,47.0,50.0,54.0,57.0,60.0,50.0,60.0,110.0
HDF - Cpe de France des Clubs - Saint pol sur mer - 1er tour Coupe de France U15/17/20 Filles,2025-01-25,U17 Women 55,LOIGEROT Elisa,52.4,36.0,39.0,41.0,49.0,52.0,-54.0,41.0,52.0,93.0
HDF - Cpe de France des Clubs - Saint pol sur mer - 1er tour Coupe de France U15/17/20 Filles,2025-01-25,U17 Women >81,POIROT-LAIR Lou-anne,86.2,45.0,49.0,53.0,-60.0,60.0,-64.0,53.0,60.0,113.0
HDF - Cpe de France des Clubs - Saint pol sur mer - 1er tour Coupe de France U15/17/20 Filles,2025-01-25,U20 Women 59,COLLIGNON Aurélie,55.7,42.0,45.0,47.0,60.0,-64.0,-64.0,47.0,60.0,107.0
HDF - Cpe de France des Clubs - Saint pol sur mer - 1er tour Coupe de France U15/17/20 Filles,2025-01-25,U20 Women 71,ANTONIO Lea marie,65.4,76.0,-80.0,80.0,100.0,104.0,-107.0,80.0,104.0,184.0
HDF - Cpe de France des Clubs - Saint pol sur mer - 1er tour Coupe de France U15/17/20 Filles,2025-01-25,U15 Women 49,LAMBOLEY Amélia,48.4,21.0,-23.0,23.0,30.0,-33.0,-34.0,23.0,30.0,53.0
HDF - Cpe de France des Clubs - Saint pol sur mer - 1er tour Coupe de France U15/17/20 Filles,2025-01-25,U15 Women 59,GUCCIARDI Clara,58.6,35.0,38.0,41.0,45.0,48.0,51.0,41.0,51.0,92.0
HDF - Cpe de France des Clubs - Saint pol sur mer - 1er tour Coupe de France U15/17/20 Filles,2025-01-25,U17 Women 49,GROSJEAN Maëlys,47.0,41.0,-43.0,43.0,51.0,54.0,-56.0,43.0,54.0,97.0
HDF - Cpe de France des Clubs - Saint pol sur mer - 1er tour Coupe de France U15/17/20 Filles,2025-01-25,U17 Women 55,LITZLER Servane,52.8,49.0,-52.0,52.0,61.0,65.0,-67.0,52.0,65.0,117.0
HDF - Cpe de France des Clubs - Saint pol sur mer - 1er tour Coupe de France U15/17/20 Filles,2025-01-25,U17 Women 55,PY Maelys,54.3,44.0,47.0,50.0,54.0,57.0,60.0,50.0,60.0,110.0
HDF - Cpe de France des Clubs - Saint pol sur mer - 1er tour Coupe de France U15/17/20 Filles,2025-01-25,U17 Women 55,LOIGEROT Elisa,52.4,36.0,39.0,41.0,49.0,52.0,-54.0,41.0,52.0,93.0
HDF - Cpe de France des Clubs - Saint pol sur mer - 1er tour Coupe de France U15/17/20 Filles,2025-01-25,U17 Women >81,POIROT-LAIR Lou-anne,86.2,45.0,49.0,53.0,-60.0,60.0,-64.0,53.0,60.0,113.0
HDF - Cpe de France des Clubs - Saint pol sur mer - 1er tour Coupe de France U15/17/20 Filles,2025-01-25,U20 Women 59,COLLIGNON Aurélie,55.7,42.0,45.0,47.0,60.0,-64.0,-64.0,47.0,60.0,107.0
HDF - Cpe de France des Clubs - Saint pol sur mer - 1er tour Coupe de France U15/17/20 Filles,2025-01-25,U20 Women 71,ANTONIO Lea marie,65.4,76.0,-80.0,80.0,100.0,104.0,-107.0,80.0,104.0,184.0
HDF - Cpe de France des Clubs - Saint pol sur mer - 1er tour Coupe de France U15/17/20 Filles,2025-01-25,U13 Men 40,CARITEY Gabin,39.3,14.0,16.0,18.0,16.0,18.0,20.0,18.0,20.0,38.0
HDF - Cpe de France des Clubs - Saint pol sur mer - 1er tour Coupe de France U15/17/20 Filles,2025-01-25,U13 Men 49,REUCHET Gabin,46.7,18.0,20.0,22.0,23.0,25.0,27.0,22.0,27.0,49.0
HDF - Cpe de France des Clubs - Saint pol sur mer - 1er tour Coupe de France U15/17/20 Filles,2025-01-25,U13 Men 49,VIJAYAPASKARAN Harys,48.9,15.0,17.0,19.0,18.0,20.0,22.0,19.0,22.0,41.0
HDF - Cpe de France des Clubs - Saint pol sur mer - 1er tour Coupe de France U15/17/20 Filles,2025-01-25,U13 Men 49,GONZALEZ BURCEA Eduardo,45.2,8.0,10.0,12.0,11.0,13.0,15.0,12.0,15.0,27.0
HDF - Cpe de France des Clubs - Saint pol sur mer - 1er tour Coupe de France U15/17/20 Filles,2025-01-25,U13 Men 67,TARBY Mathéo,66.0,25.0,27.0,29.0,35.0,37.0,39.0,29.0,39.0,68.0
HDF - Cpe de France des Clubs - Saint pol sur mer - 1er tour Coupe de France U15/17/20 Filles,2025-01-25,U13 Women 35,DUMETIER Charlyse,29.0,8.0,10.0,12.0,12.0,14.0,-16.0,12.0,14.0,26.0
HDF - Cpe de France des Clubs - Saint pol sur mer - 1er tour Coupe de France U15/17/20 Filles,2025-01-25,U13 Women 40,LITZLER Luna,38.0,31.0,33.0,35.0,44.0,46.0,48.0,35.0,48.0,83.0
HDF - Cpe de France des Clubs - Saint pol sur mer - 1er tour Coupe de France U15/17/20 Filles,2025-01-25,U13 Women 40,BLAIZE Elésia,36.8,21.0,23.0,25.0,31.0,33.0,35.0,25.0,35.0,60.0
HDF - Cpe de France des Clubs - Saint pol sur mer - 1er tour Coupe de France U15/17/20 Filles,2025-01-25,U13 Women 40,MATAM MATAM Rebecca marguerite,37.0,15.0,17.0,19.0,20.0,22.0,24.0,19.0,24.0,43.0
HDF - Cpe de France des Clubs - Saint pol sur mer - 1er tour Coupe de France U15/17/20 Filles,2025-01-25,U13 Women 45,AUBRY Leena,42.5,24.0,26.0,28.0,34.0,-36.0,36.0,28.0,36.0,64.0
HDF - Cpe de France des Clubs - Saint pol sur mer - 1er tour Coupe de France U15/17/20 Filles,2025-01-25,U13 Women 49,DURIC Ema,49.0,41.0,43.0,45.0,51.0,53.0,55.0,45.0,55.0,100.0
HDF - Cpe de France des Clubs - Saint pol sur mer - 1er tour Coupe de France U15/17/20 Filles,2025-01-25,U13 Women 71,SIGUST DUQUESNOY Lya,66.2,-0.0,-0.0,-0.0,-0.0,-0.0,-0.0,0.0,0.0,0.0
HDF - Cpe de France des Clubs - Saint pol sur mer - 1er tour Coupe de France U15/17/20 Filles,2025-01-25,U13 Men 40,CARITEY Gabin,39.3,14.0,16.0,18.0,16.0,18.0,20.0,18.0,20.0,38.0
HDF - Cpe de France des Clubs - Saint pol sur mer - 1er tour Coupe de France U15/17/20 Filles,2025-01-25,U13 Men 49,REUCHET Gabin,46.7,18.0,20.0,22.0,23.0,25.0,27.0,22.0,27.0,49.0
HDF - Cpe de France des Clubs - Saint pol sur mer - 1er tour Coupe de France U15/17/20 Filles,2025-01-25,U13 Men 49,VIJAYAPASKARAN Harys,48.9,15.0,17.0,19.0,18.0,20.0,22.0,19.0,22.0,41.0
HDF - Cpe de France des Clubs - Saint pol sur mer - 1er tour Coupe de France U15/17/20 Filles,2025-01-25,U13 Men 49,GONZALEZ BURCEA Eduardo,45.2,8.0,10.0,12.0,11.0,13.0,15.0,12.0,15.0,27.0
HDF - Cpe de France des Clubs - Saint pol sur mer - 1er tour Coupe de France U15/17/20 Filles,2025-01-25,U13 Men 67,TARBY Mathéo,66.0,25.0,27.0,29.0,35.0,37.0,39.0,29.0,39.0,68.0
HDF - Cpe de France des Clubs - Saint pol sur mer - 1er tour Coupe de France U15/17/20 Filles,2025-01-25,U13 Women 35,DUMETIER Charlyse,29.0,8.0,10.0,12.0,12.0,14.0,-16.0,12.0,14.0,26.0
HDF - Cpe de France des Clubs - Saint pol sur mer - 1er tour Coupe de France U15/17/20 Filles,2025-01-25,U13 Women 40,LITZLER Luna,38.0,31.0,33.0,35.0,44.0,46.0,48.0,35.0,48.0,83.0
HDF - Cpe de France des Clubs - Saint pol sur mer - 1er tour Coupe de France U15/17/20 Filles,2025-01-25,U13 Women 40,BLAIZE Elésia,36.8,21.0,23.0,25.0,31.0,33.0,35.0,25.0,35.0,60.0
HDF - Cpe de France des Clubs - Saint pol sur mer - 1er tour Coupe de France U15/17/20 Filles,2025-01-25,U13 Women 40,MATAM MATAM Rebecca marguerite,37.0,15.0,17.0,19.0,20.0,22.0,24.0,19.0,24.0,43.0
HDF - Cpe de France des Clubs - Saint pol sur mer - 1er tour Coupe de France U15/17/20 Filles,2025-01-25,U13 Women 45,AUBRY Leena,42.5,24.0,26.0,28.0,34.0,-36.0,36.0,28.0,36.0,64.0
HDF - Cpe de France des Clubs - Saint pol sur mer - 1er tour Coupe de France U15/17/20 Filles,2025-01-25,U13 Women 49,DURIC Ema,49.0,41.0,43.0,45.0,51.0,53.0,55.0,45.0,55.0,100.0
HDF - Cpe de France des Clubs - Saint pol sur mer - 1er tour Coupe de France U15/17/20 Filles,2025-01-25,U13 Women 71,SIGUST DUQUESNOY Lya,66.2,-0.0,-0.0,-0.0,-0.0,-0.0,-0.0,0.0,0.0,0.0
HDF - Cpe de France des Clubs - Saint pol sur mer - 1er tour Coupe de France U15/17/20 Filles,2025-01-25,U15 Men 55,COCKERILL Arthur,51.44,26.0,-28.0,28.0,27.0,-30.0,32.0,28.0,32.0,60.0
HDF - Cpe de France des Clubs - Saint pol sur mer - 1er tour Coupe de France U15/17/20 Filles,2025-01-25,U15 Men 61,PELTIER Lorenzo,57.64,26.0,-28.0,28.0,30.0,33.0,35.0,28.0,35.0,63.0
HDF - Cpe de France des Clubs - Saint pol sur mer - 1er tour Coupe de France U15/17/20 Filles,2025-01-25,U15 Men 67,IAFRATE Ismael,64.81,81.0,85.0,-90.0,101.0,105.0,-108.0,85.0,105.0,190.0
HDF - Cpe de France des Clubs - Saint pol sur mer - 1er tour Coupe de France U15/17/20 Filles,2025-01-25,U15 Men 73,MORIN Julien,67.82,37.0,-41.0,42.0,46.0,50.0,54.0,42.0,54.0,96.0
HDF - Cpe de France des Clubs - Saint pol sur mer - 1er tour Coupe de France U15/17/20 Filles,2025-01-25,U15 Men 81,BORLOZ Aymé,79.36,33.0,35.0,37.0,43.0,-45.0,-46.0,37.0,43.0,80.0
HDF - Cpe de France des Clubs - Saint pol sur mer - 1er tour Coupe de France U15/17/20 Filles,2025-01-25,U17 Men 61,POMMIER Antoine,59.72,38.0,42.0,45.0,46.0,-50.0,50.0,45.0,50.0,95.0
HDF - Cpe de France des Clubs - Saint pol sur mer - 1er tour Coupe de France U15/17/20 Filles,2025-01-25,U17 Men 89,RETO ORTIZ Ruben rodolfo,83.42,50.0,55.0,60.0,71.0,77.0,-81.0,60.0,77.0,137.0
HDF - Cpe de France des Clubs - Saint pol sur mer - 1er tour Coupe de France U15/17/20 Filles,2025-01-25,U20 Men 73,IAFRATE Adam,72.23,82.0,86.0,89.0,102.0,-104.0,-108.0,89.0,102.0,191.0
HDF - Cpe de France des Clubs - Saint pol sur mer - 1er tour Coupe de France U15/17/20 Filles,2025-01-25,U20 Men 73,GAILLARD Gwenael,67.96,55.0,59.0,62.0,70.0,75.0,80.0,62.0,80.0,142.0
HDF - Cpe de France des Clubs - Saint pol sur mer - 1er tour Coupe de France U15/17/20 Filles,2025-01-25,U15 Men 55,COCKERILL Arthur,51.44,26.0,-28.0,28.0,27.0,-30.0,32.0,28.0,32.0,60.0
HDF - Cpe de France des Clubs - Saint pol sur mer - 1er tour Coupe de France U15/17/20 Filles,2025-01-25,U15 Men 61,PELTIER Lorenzo,57.64,26.0,-28.0,28.0,30.0,33.0,35.0,28.0,35.0,63.0
HDF - Cpe de France des Clubs - Saint pol sur mer - 1er tour Coupe de France U15/17/20 Filles,2025-01-25,U15 Men 67,IAFRATE Ismael,64.81,81.0,85.0,-90.0,101.0,105.0,-108.0,85.0,105.0,190.0
HDF - Cpe de France des Clubs - Saint pol sur mer - 1er tour Coupe de France U15/17/20 Filles,2025-01-25,U15 Men 73,MORIN Julien,67.82,37.0,-41.0,42.0,46.0,50.0,54.0,42.0,54.0,96.0
HDF - Cpe de France des Clubs - Saint pol sur mer - 1er tour Coupe de France U15/17/20 Filles,2025-01-25,U15 Men 81,BORLOZ Aymé,79.36,33.0,35.0,37.0,43.0,-45.0,-46.0,37.0,43.0,80.0
HDF - Cpe de France des Clubs - Saint pol sur mer - 1er tour Coupe de France U15/17/20 Filles,2025-01-25,U17 Men 61,POMMIER Antoine,59.72,38.0,42.0,45.0,46.0,-50.0,50.0,45.0,50.0,95.0
HDF - Cpe de France des Clubs - Saint pol sur mer - 1er tour Coupe de France U15/17/20 Filles,2025-01-25,U17 Men 89,RETO ORTIZ Ruben rodolfo,83.42,50.0,55.0,60.0,71.0,77.0,-81.0,60.0,77.0,137.0
HDF - Cpe de France des Clubs - Saint pol sur mer - 1er tour Coupe de France U15/17/20 Filles,2025-01-25,U20 Men 73,IAFRATE Adam,72.23,82.0,86.0,89.0,102.0,-104.0,-108.0,89.0,102.0,191.0
HDF - Cpe de France des Clubs - Saint pol sur mer - 1er tour Coupe de France U15/17/20 Filles,2025-01-25,U20 Men 73,GAILLARD Gwenael,67.96,55.0,59.0,62.0,70.0,75.0,80.0,62.0,80.0,142.0
HDF - Cpe de France des Clubs - Saint pol sur mer - 1er tour Coupe de France U15/17/20 Filles,2025-01-25,U15 Women 45,MONNET-BESSON Lisa,40.72,25.0,-28.0,28.0,35.0,-38.0,38.0,28.0,38.0,66.0
HDF - Cpe de France des Clubs - Saint pol sur mer - 1er tour Coupe de France U15/17/20 Filles,2025-01-25,U15 Women 59,GODELLE Clara,58.65,36.0,39.0,-42.0,40.0,46.0,49.0,39.0,49.0,88.0
HDF - Cpe de France des Clubs - Saint pol sur mer - 1er tour Coupe de France U15/17/20 Filles,2025-01-25,U15 Women 71,FAURE Eglantine,67.09,34.0,37.0,39.0,38.0,40.0,-42.0,39.0,40.0,79.0
HDF - Cpe de France des Clubs - Saint pol sur mer - 1er tour Coupe de France U15/17/20 Filles,2025-01-25,U17 Women 49,MESMIN DESTIENNE Hannah,46.24,20.0,-23.0,23.0,25.0,28.0,-31.0,23.0,28.0,51.0
HDF - Cpe de France des Clubs - Saint pol sur mer - 1er tour Coupe de France U15/17/20 Filles,2025-01-25,U17 Women 55,JOUVRAY Jade,52.29,30.0,32.0,34.0,38.0,-40.0,-40.0,34.0,38.0,72.0
HDF - Cpe de France des Clubs - Saint pol sur mer - 1er tour Coupe de France U15/17/20 Filles,2025-01-25,U17 Women 59,REBORA Sidonie,56.9,22.0,25.0,-28.0,26.0,29.0,31.0,25.0,31.0,56.0
HDF - Cpe de France des Clubs - Saint pol sur mer - 1er tour Coupe de France U15/17/20 Filles,2025-01-25,U20 Women 55,BOUVY Ana,54.49,35.0,40.0,-45.0,44.0,47.0,50.0,40.0,50.0,90.0
HDF - Cpe de France des Clubs - Saint pol sur mer - 1er tour Coupe de France U15/17/20 Filles,2025-01-25,U20 Women 55,OGNEUX Angele,51.51,28.0,31.0,34.0,38.0,42.0,-46.0,34.0,42.0,76.0
HDF - Cpe de France des Clubs - Saint pol sur mer - 1er tour Coupe de France U15/17/20 Filles,2025-01-25,U20 Women 71,PERIN Lana,66.37,33.0,37.0,-40.0,40.0,44.0,47.0,37.0,47.0,84.0
HDF - Cpe de France des Clubs - Saint pol sur mer - 1er tour Coupe de France U15/17/20 Filles,2025-01-25,U20 Women 71,PERIN Sarah,66.07,33.0,37.0,-40.0,40.0,46.0,-50.0,37.0,46.0,83.0
HDF - Cpe de France des Clubs - Saint pol sur mer - 1er tour Coupe de France U15/17/20 Filles,2025-01-25,U20 Women 71,DURAES DE PINHO Elvira,65.07,35.0,40.0,-45.0,-44.0,-44.0,-44.0,40.0,0.0,0.0
HDF - Cpe de France des Clubs - Saint pol sur mer - 1er tour Coupe de France U15/17/20 Filles,2025-01-25,U20 Women 76,LAURENT Emeline,72.5,60.0,65.0,70.0,75.0,80.0,85.0,70.0,85.0,155.0
HDF - Cpe de France des Clubs - Saint pol sur mer - 1er tour Coupe de France U15/17/20 Filles,2025-01-25,U15 Women 45,MONNET-BESSON Lisa,40.72,25.0,-28.0,28.0,35.0,-38.0,38.0,28.0,38.0,66.0
HDF - Cpe de France des Clubs - Saint pol sur mer - 1er tour Coupe de France U15/17/20 Filles,2025-01-25,U15 Women 59,GODELLE Clara,58.65,36.0,39.0,-42.0,40.0,46.0,49.0,39.0,49.0,88.0
HDF - Cpe de France des Clubs - Saint pol sur mer - 1er tour Coupe de France U15/17/20 Filles,2025-01-25,U15 Women 71,FAURE Eglantine,67.09,34.0,37.0,39.0,38.0,40.0,-42.0,39.0,40.0,79.0
HDF - Cpe de France des Clubs - Saint pol sur mer - 1er tour Coupe de France U15/17/20 Filles,2025-01-25,U17 Women 49,MESMIN DESTIENNE Hannah,46.24,20.0,-23.0,23.0,25.0,28.0,-31.0,23.0,28.0,51.0
HDF - Cpe de France des Clubs - Saint pol sur mer - 1er tour Coupe de France U15/17/20 Filles,2025-01-25,U17 Women 55,JOUVRAY Jade,52.29,30.0,32.0,34.0,38.0,-40.0,-40.0,34.0,38.0,72.0
HDF - Cpe de France des Clubs - Saint pol sur mer - 1er tour Coupe de France U15/17/20 Filles,2025-01-25,U17 Women 59,REBORA Sidonie,56.9,22.0,25.0,-28.0,26.0,29.0,31.0,25.0,31.0,56.0
HDF - Cpe de France des Clubs - Saint pol sur mer - 1er tour Coupe de France U15/17/20 Filles,2025-01-25,U20 Women 55,BOUVY Ana,54.49,35.0,40.0,-45.0,44.0,47.0,50.0,40.0,50.0,90.0
HDF - Cpe de France des Clubs - Saint pol sur mer - 1er tour Coupe de France U15/17/20 Filles,2025-01-25,U20 Women 55,OGNEUX Angele,51.51,28.0,31.0,34.0,38.0,42.0,-46.0,34.0,42.0,76.0
HDF - Cpe de France des Clubs - Saint pol sur mer - 1er tour Coupe de France U15/17/20 Filles,2025-01-25,U20 Women 71,PERIN Lana,66.37,33.0,37.0,-40.0,40.0,44.0,47.0,37.0,47.0,84.0
HDF - Cpe de France des Clubs - Saint pol sur mer - 1er tour Coupe de France U15/17/20 Filles,2025-01-25,U20 Women 71,PERIN Sarah,66.07,33.0,37.0,-40.0,40.0,46.0,-50.0,37.0,46.0,83.0
HDF - Cpe de France des Clubs - Saint pol sur mer - 1er tour Coupe de France U15/17/20 Filles,2025-01-25,U20 Women 71,DURAES DE PINHO Elvira,65.07,35.0,40.0,-45.0,-44.0,-44.0,-44.0,40.0,0.0,0.0
HDF - Cpe de France des Clubs - Saint pol sur mer - 1er tour Coupe de France U15/17/20 Filles,2025-01-25,U20 Women 76,LAURENT Emeline,72.5,60.0,65.0,70.0,75.0,80.0,85.0,70.0,85.0,155.0
HDF - Cpe de France des Clubs - Saint pol sur mer - 1er tour Coupe de France U15/17/20 Filles,2025-01-25,U20 Men 61,RENARD Hugo,58.98,68.0,72.0,76.0,88.0,93.0,-97.0,76.0,93.0,169.0
HDF - Cpe de France des Clubs - Saint pol sur mer - 1er tour Coupe de France U15/17/20 Filles,2025-01-25,U20 Men 67,RENARD Benjamin,66.35,86.0,90.0,-93.0,105.0,111.0,116.0,90.0,116.0,206.0
HDF - Cpe de France des Clubs - Saint pol sur mer - 1er tour Coupe de France U15/17/20 Filles,2025-01-25,U20 Men 96,MULLER Nicolas,91.49,80.0,85.0,-89.0,102.0,108.0,112.0,85.0,112.0,197.0
HDF - Cpe de France des Clubs - Saint pol sur mer - 1er tour Coupe de France U15/17/20 Filles,2025-01-25,SEN Men 81,MACRIDIS Evan,76.53,89.0,94.0,-98.0,118.0,-122.0,-126.0,94.0,118.0,212.0
HDF - Cpe de France des Clubs - Saint pol sur mer - 1er tour Coupe de France U15/17/20 Filles,2025-01-25,SEN Men 81,DELESVAUX Florian,79.71,-73.0,73.0,-77.0,90.0,-95.0,-97.0,73.0,90.0,163.0
HDF - Cpe de France des Clubs - Saint pol sur mer - 1er tour Coupe de France U15/17/20 Filles,2025-01-25,SEN Men 81,GRANET Lionel,80.04,65.0,70.0,-75.0,80.0,87.0,92.0,70.0,92.0,162.0
HDF - Cpe de France des Clubs - Saint pol sur mer - 1er tour Coupe de France U15/17/20 Filles,2025-01-25,SEN Men 96,DE LA CALLE Yoann,91.1,87.0,91.0,95.0,102.0,107.0,111.0,95.0,111.0,206.0
HDF - Cpe de France des Clubs - Saint pol sur mer - 1er tour Coupe de France U15/17/20 Filles,2025-01-25,SEN Men >109,ANGELINI Nicolas,124.48,80.0,85.0,-90.0,110.0,115.0,-122.0,85.0,115.0,200.0
HDF - Cpe de France des Clubs - Saint pol sur mer - 1er tour Coupe de France U15/17/20 Filles,2025-01-25,SEN Men >109,DEL PINO Miguel,124.72,52.0,-57.0,58.0,65.0,70.0,-75.0,58.0,70.0,128.0
HDF - Cpe de France des Clubs - Saint pol sur mer - 1er tour Coupe de France U15/17/20 Filles,2025-01-25,SEN Women 55,GIORDANO Camille,53.3,49.0,53.0,-55.0,63.0,-67.0,67.0,53.0,67.0,120.0
HDF - Cpe de France des Clubs - Saint pol sur mer - 1er tour Coupe de France U15/17/20 Filles,2025-01-25,SEN Women 55,PAYRARD Mathilde,52.3,45.0,49.0,-53.0,57.0,60.0,63.0,49.0,63.0,112.0
HDF - Cpe de France des Clubs - Saint pol sur mer - 1er tour Coupe de France U15/17/20 Filles,2025-01-25,SEN Women 55,DUPECHAUD Blanche,53.9,17.0,-21.0,21.0,30.0,34.0,-38.0,21.0,34.0,55.0
HDF - Cpe de France des Clubs - Saint pol sur mer - 1er tour Coupe de France U15/17/20 Filles,2025-01-25,SEN Women 64,VATINEL Anais,61.0,52.0,-54.0,-54.0,66.0,69.0,72.0,52.0,72.0,124.0
HDF - Cpe de France des Clubs - Saint pol sur mer - 1er tour Coupe de France U15/17/20 Filles,2025-01-25,SEN Women 64,MIGLIANICO Claire,61.7,36.0,39.0,42.0,52.0,57.0,-61.0,42.0,57.0,99.0
HDF - Cpe de France des Clubs - Saint pol sur mer - 1er tour Coupe de France U15/17/20 Filles,2025-01-25,SEN Women 64,SOUVIGNET Lucille,59.7,36.0,-40.0,-42.0,43.0,46.0,-49.0,36.0,46.0,82.0
HDF - Cpe de France des Clubs - Saint pol sur mer - 1er tour Coupe de France U15/17/20 Filles,2025-01-25,SEN Women 71,REY Elodie,67.5,-46.0,46.0,49.0,62.0,66.0,70.0,49.0,70.0,119.0
HDF - Cpe de France des Clubs - Saint pol sur mer - 1er tour Coupe de France U15/17/20 Filles,2025-01-25,U20 Men 61,RENARD Hugo,58.98,68.0,72.0,76.0,88.0,93.0,-97.0,76.0,93.0,169.0
HDF - Cpe de France des Clubs - Saint pol sur mer - 1er tour Coupe de France U15/17/20 Filles,2025-01-25,U20 Men 67,RENARD Benjamin,66.35,86.0,90.0,-93.0,105.0,111.0,116.0,90.0,116.0,206.0
HDF - Cpe de France des Clubs - Saint pol sur mer - 1er tour Coupe de France U15/17/20 Filles,2025-01-25,U20 Men 96,MULLER Nicolas,91.49,80.0,85.0,-89.0,102.0,108.0,112.0,85.0,112.0,197.0
HDF - Cpe de France des Clubs - Saint pol sur mer - 1er tour Coupe de France U15/17/20 Filles,2025-01-25,SEN Men 81,MACRIDIS Evan,76.53,89.0,94.0,-98.0,118.0,-122.0,-126.0,94.0,118.0,212.0
HDF - Cpe de France des Clubs - Saint pol sur mer - 1er tour Coupe de France U15/17/20 Filles,2025-01-25,SEN Men 81,DELESVAUX Florian,79.71,-73.0,73.0,-77.0,90.0,-95.0,-97.0,73.0,90.0,163.0
HDF - Cpe de France des Clubs - Saint pol sur mer - 1er tour Coupe de France U15/17/20 Filles,2025-01-25,SEN Men 81,GRANET Lionel,80.04,65.0,70.0,-75.0,80.0,87.0,92.0,70.0,92.0,162.0
HDF - Cpe de France des Clubs - Saint pol sur mer - 1er tour Coupe de France U15/17/20 Filles,2025-01-25,SEN Men 96,DE LA CALLE Yoann,91.1,87.0,91.0,95.0,102.0,107.0,111.0,95.0,111.0,206.0
HDF - Cpe de France des Clubs - Saint pol sur mer - 1er tour Coupe de France U15/17/20 Filles,2025-01-25,SEN Men >109,ANGELINI Nicolas,124.48,80.0,85.0,-90.0,110.0,115.0,-122.0,85.0,115.0,200.0
HDF - Cpe de France des Clubs - Saint pol sur mer - 1er tour Coupe de France U15/17/20 Filles,2025-01-25,SEN Men >109,DEL PINO Miguel,124.72,52.0,-57.0,58.0,65.0,70.0,-75.0,58.0,70.0,128.0
HDF - Cpe de France des Clubs - Saint pol sur mer - 1er tour Coupe de France U15/17/20 Filles,2025-01-25,SEN Women 55,GIORDANO Camille,53.3,49.0,53.0,-55.0,63.0,-67.0,67.0,53.0,67.0,120.0
HDF - Cpe de France des Clubs - Saint pol sur mer - 1er tour Coupe de France U15/17/20 Filles,2025-01-25,SEN Women 55,PAYRARD Mathilde,52.3,45.0,49.0,-53.0,57.0,60.0,63.0,49.0,63.0,112.0
HDF - Cpe de France des Clubs - Saint pol sur mer - 1er tour Coupe de France U15/17/20 Filles,2025-01-25,SEN Women 55,DUPECHAUD Blanche,53.9,17.0,-21.0,21.0,30.0,34.0,-38.0,21.0,34.0,55.0
HDF - Cpe de France des Clubs - Saint pol sur mer - 1er tour Coupe de France U15/17/20 Filles,2025-01-25,SEN Women 64,VATINEL Anais,61.0,52.0,-54.0,-54.0,66.0,69.0,72.0,52.0,72.0,124.0
HDF - Cpe de France des Clubs - Saint pol sur mer - 1er tour Coupe de France U15/17/20 Filles,2025-01-25,SEN Women 64,MIGLIANICO Claire,61.7,36.0,39.0,42.0,52.0,57.0,-61.0,42.0,57.0,99.0
HDF - Cpe de France des Clubs - Saint pol sur mer - 1er tour Coupe de France U15/17/20 Filles,2025-01-25,SEN Women 64,SOUVIGNET Lucille,59.7,36.0,-40.0,-42.0,43.0,46.0,-49.0,36.0,46.0,82.0
HDF - Cpe de France des Clubs - Saint pol sur mer - 1er tour Coupe de France U15/17/20 Filles,2025-01-25,SEN Women 71,REY Elodie,67.5,-46.0,46.0,49.0,62.0,66.0,70.0,49.0,70.0,119.0
HDF - Cpe de France des Clubs - Saint pol sur mer - 1er tour Coupe de France U15/17/20 Filles,2025-01-25,SEN Men 67,HACHERELLE Michel,63.2,30.0,33.0,35.0,40.0,45.0,-46.0,35.0,45.0,80.0
HDF - Cpe de France des Clubs - Saint pol sur mer - 1er tour Coupe de France U15/17/20 Filles,2025-01-25,SEN Men 73,GAMMS Jean philippe,70.6,70.0,-74.0,74.0,95.0,-100.0,100.0,74.0,100.0,174.0
HDF - Cpe de France des Clubs - Saint pol sur mer - 1er tour Coupe de France U15/17/20 Filles,2025-01-25,SEN Men 81,CALLE Rodrigue,74.8,-90.0,90.0,95.0,115.0,120.0,-122.0,95.0,120.0,215.0
HDF - Cpe de France des Clubs - Saint pol sur mer - 1er tour Coupe de France U15/17/20 Filles,2025-01-25,SEN Men 81,CALLE Francois,73.3,50.0,55.0,-60.0,60.0,65.0,-70.0,55.0,65.0,120.0
HDF - Cpe de France des Clubs - Saint pol sur mer - 1er tour Coupe de France U15/17/20 Filles,2025-01-25,SEN Men 89,MECHELAERE Simon,82.3,105.0,109.0,-112.0,-140.0,-140.0,140.0,109.0,140.0,249.0
HDF - Cpe de France des Clubs - Saint pol sur mer - 1er tour Coupe de France U15/17/20 Filles,2025-01-25,SEN Men 89,DENIS Mathieu,86.8,97.0,-102.0,-105.0,120.0,126.0,-132.0,97.0,126.0,223.0
HDF - Cpe de France des Clubs - Saint pol sur mer - 1er tour Coupe de France U15/17/20 Filles,2025-01-25,SEN Men 89,HELLINGE Raphael,82.1,85.0,90.0,-95.0,-105.0,105.0,110.0,90.0,110.0,200.0
HDF - Cpe de France des Clubs - Saint pol sur mer - 1er tour Coupe de France U15/17/20 Filles,2025-01-25,SEN Men 96,MASSE Samuel,91.0,110.0,-115.0,118.0,133.0,139.0,143.0,118.0,143.0,261.0
HDF - Cpe de France des Clubs - Saint pol sur mer - 1er tour Coupe de France U15/17/20 Filles,2025-01-25,SEN Men 96,IAFRATE Tony,93.7,-85.0,85.0,90.0,110.0,115.0,-120.0,90.0,115.0,205.0
HDF - Cpe de France des Clubs - Saint pol sur mer - 1er tour Coupe de France U15/17/20 Filles,2025-01-25,SEN Men 102,VINCENT Ludovic,100.3,105.0,110.0,-115.0,125.0,130.0,-135.0,110.0,130.0,240.0
HDF - Cpe de France des Clubs - Saint pol sur mer - 1er tour Coupe de France U15/17/20 Filles,2025-01-25,SEN Men 109,DAWID Joris,106.3,100.0,107.0,-115.0,127.0,135.0,140.0,107.0,140.0,247.0
HDF - Cpe de France des Clubs - Saint pol sur mer - 1er tour Coupe de France U15/17/20 Filles,2025-01-25,SEN Men >109,TOUSSAINT Pierre,109.9,105.0,-110.0,-110.0,-135.0,135.0,-140.0,105.0,135.0,240.0
HDF - Cpe de France des Clubs - Saint pol sur mer - 1er tour Coupe de France U15/17/20 Filles,2025-01-25,SEN Women 55,SCHILLACI Emmanuelle,54.4,59.0,-62.0,62.0,74.0,78.0,-80.0,62.0,78.0,140.0
HDF - Cpe de France des Clubs - Saint pol sur mer - 1er tour Coupe de France U15/17/20 Filles,2025-01-25,SEN Women 55,GARCIA Clemence,54.7,41.0,-43.0,43.0,54.0,57.0,-59.0,43.0,57.0,100.0
HDF - Cpe de France des Clubs - Saint pol sur mer - 1er tour Coupe de France U15/17/20 Filles,2025-01-25,SEN Women 64,AIGLE Elena,61.1,77.0,-80.0,-80.0,97.0,-102.0,-102.0,77.0,97.0,174.0
HDF - Cpe de France des Clubs - Saint pol sur mer - 1er tour Coupe de France U15/17/20 Filles,2025-01-25,SEN Women 64,SAINT AIME Sarah,63.9,75.0,-80.0,-80.0,100.0,-105.0,-105.0,75.0,100.0,175.0
HDF - Cpe de France des Clubs - Saint pol sur mer - 1er tour Coupe de France U15/17/20 Filles,2025-01-25,SEN Women 64,ELBLIDI Selsebil,61.6,57.0,60.0,-63.0,-75.0,75.0,-80.0,60.0,75.0,135.0
HDF - Cpe de France des Clubs - Saint pol sur mer - 1er tour Coupe de France U15/17/20 Filles,2025-01-25,SEN Women 64,D ABOVILLE Margaux,62.1,57.0,-60.0,-60.0,-74.0,74.0,76.0,57.0,76.0,133.0
HDF - Cpe de France des Clubs - Saint pol sur mer - 1er tour Coupe de France U15/17/20 Filles,2025-01-25,SEN Women 64,BEROUD Emmanuelle,61.6,45.0,-48.0,48.0,55.0,59.0,-62.0,48.0,59.0,107.0
HDF - Cpe de France des Clubs - Saint pol sur mer - 1er tour Coupe de France U15/17/20 Filles,2025-01-25,SEN Women 64,LECOEUR Michelle,60.3,40.0,42.0,43.0,48.0,-52.0,-52.0,43.0,48.0,91.0
HDF - Cpe de France des Clubs - Saint pol sur mer - 1er tour Coupe de France U15/17/20 Filles,2025-01-25,SEN Women 71,COMBELLES Laetitia,68.2,70.0,75.0,-79.0,90.0,-95.0,-95.0,75.0,90.0,165.0
HDF - Cpe de France des Clubs - Saint pol sur mer - 1er tour Coupe de France U15/17/20 Filles,2025-01-25,SEN Women 71,MORIN Estelle,66.6,50.0,52.0,54.0,65.0,70.0,-72.0,54.0,70.0,124.0
HDF - Cpe de France des Clubs - Saint pol sur mer - 1er tour Coupe de France U15/17/20 Filles,2025-01-25,SEN Women 71,BEROUD Jacqueline,66.1,50.0,-53.0,-53.0,45.0,-95.0,-102.0,50.0,45.0,95.0
HDF - Cpe de France des Clubs - Saint pol sur mer - 1er tour Coupe de France U15/17/20 Filles,2025-01-25,SEN Women 71,FONTANA Marie,64.8,50.0,55.0,-60.0,-71.0,-71.0,-71.0,55.0,0.0,0.0
HDF - Cpe de France des Clubs - Saint pol sur mer - 1er tour Coupe de France U15/17/20 Filles,2025-01-25,SEN Men 67,HACHERELLE Michel,63.2,30.0,33.0,35.0,40.0,45.0,-46.0,35.0,45.0,80.0
HDF - Cpe de France des Clubs - Saint pol sur mer - 1er tour Coupe de France U15/17/20 Filles,2025-01-25,SEN Men 73,GAMMS Jean philippe,70.6,70.0,-74.0,74.0,95.0,-100.0,100.0,74.0,100.0,174.0
HDF - Cpe de France des Clubs - Saint pol sur mer - 1er tour Coupe de France U15/17/20 Filles,2025-01-25,SEN Men 81,CALLE Rodrigue,74.8,-90.0,90.0,95.0,115.0,120.0,-122.0,95.0,120.0,215.0
HDF - Cpe de France des Clubs - Saint pol sur mer - 1er tour Coupe de France U15/17/20 Filles,2025-01-25,SEN Men 81,CALLE Francois,73.3,50.0,55.0,-60.0,60.0,65.0,-70.0,55.0,65.0,120.0
HDF - Cpe de France des Clubs - Saint pol sur mer - 1er tour Coupe de France U15/17/20 Filles,2025-01-25,SEN Men 89,MECHELAERE Simon,82.3,105.0,109.0,-112.0,-140.0,-140.0,140.0,109.0,140.0,249.0
HDF - Cpe de France des Clubs - Saint pol sur mer - 1er tour Coupe de France U15/17/20 Filles,2025-01-25,SEN Men 89,DENIS Mathieu,86.8,97.0,-102.0,-105.0,120.0,126.0,-132.0,97.0,126.0,223.0
HDF - Cpe de France des Clubs - Saint pol sur mer - 1er tour Coupe de France U15/17/20 Filles,2025-01-25,SEN Men 89,HELLINGE Raphael,82.1,85.0,90.0,-95.0,-105.0,105.0,110.0,90.0,110.0,200.0
HDF - Cpe de France des Clubs - Saint pol sur mer - 1er tour Coupe de France U15/17/20 Filles,2025-01-25,SEN Men 96,MASSE Samuel,91.0,110.0,-115.0,118.0,133.0,139.0,143.0,118.0,143.0,261.0
HDF - Cpe de France des Clubs - Saint pol sur mer - 1er tour Coupe de France U15/17/20 Filles,2025-01-25,SEN Men 96,IAFRATE Tony,93.7,-85.0,85.0,90.0,110.0,115.0,-120.0,90.0,115.0,205.0
HDF - Cpe de France des Clubs - Saint pol sur mer - 1er tour Coupe de France U15/17/20 Filles,2025-01-25,SEN Men 102,VINCENT Ludovic,100.3,105.0,110.0,-115.0,125.0,130.0,-135.0,110.0,130.0,240.0
HDF - Cpe de France des Clubs - Saint pol sur mer - 1er tour Coupe de France U15/17/20 Filles,2025-01-25,SEN Men 109,DAWID Joris,106.3,100.0,107.0,-115.0,127.0,135.0,140.0,107.0,140.0,247.0
HDF - Cpe de France des Clubs - Saint pol sur mer - 1er tour Coupe de France U15/17/20 Filles,2025-01-25,SEN Men >109,TOUSSAINT Pierre,109.9,105.0,-110.0,-110.0,-135.0,135.0,-140.0,105.0,135.0,240.0
HDF - Cpe de France des Clubs - Saint pol sur mer - 1er tour Coupe de France U15/17/20 Filles,2025-01-25,SEN Women 55,SCHILLACI Emmanuelle,54.4,59.0,-62.0,62.0,74.0,78.0,-80.0,62.0,78.0,140.0
HDF - Cpe de France des Clubs - Saint pol sur mer - 1er tour Coupe de France U15/17/20 Filles,2025-01-25,SEN Women 55,GARCIA Clemence,54.7,41.0,-43.0,43.0,54.0,57.0,-59.0,43.0,57.0,100.0
HDF - Cpe de France des Clubs - Saint pol sur mer - 1er tour Coupe de France U15/17/20 Filles,2025-01-25,SEN Women 64,AIGLE Elena,61.1,77.0,-80.0,-80.0,97.0,-102.0,-102.0,77.0,97.0,174.0
HDF - Cpe de France des Clubs - Saint pol sur mer - 1er tour Coupe de France U15/17/20 Filles,2025-01-25,SEN Women 64,SAINT AIME Sarah,63.9,75.0,-80.0,-80.0,100.0,-105.0,-105.0,75.0,100.0,175.0
HDF - Cpe de France des Clubs - Saint pol sur mer - 1er tour Coupe de France U15/17/20 Filles,2025-01-25,SEN Women 64,ELBLIDI Selsebil,61.6,57.0,60.0,-63.0,-75.0,75.0,-80.0,60.0,75.0,135.0
HDF - Cpe de France des Clubs - Saint pol sur mer - 1er tour Coupe de France U15/17/20 Filles,2025-01-25,SEN Women 64,D ABOVILLE Margaux,62.1,57.0,-60.0,-60.0,-74.0,74.0,76.0,57.0,76.0,133.0
HDF - Cpe de France des Clubs - Saint pol sur mer - 1er tour Coupe de France U15/17/20 Filles,2025-01-25,SEN Women 64,BEROUD Emmanuelle,61.6,45.0,-48.0,48.0,55.0,59.0,-62.0,48.0,59.0,107.0
HDF - Cpe de France des Clubs - Saint pol sur mer - 1er tour Coupe de France U15/17/20 Filles,2025-01-25,SEN Women 64,LECOEUR Michelle,60.3,40.0,42.0,43.0,48.0,-52.0,-52.0,43.0,48.0,91.0
HDF - Cpe de France des Clubs - Saint pol sur mer - 1er tour Coupe de France U15/17/20 Filles,2025-01-25,SEN Women 71,COMBELLES Laetitia,68.2,70.0,75.0,-79.0,90.0,-95.0,-95.0,75.0,90.0,165.0
HDF - Cpe de France des Clubs - Saint pol sur mer - 1er tour Coupe de France U15/17/20 Filles,2025-01-25,SEN Women 71,MORIN Estelle,66.6,50.0,52.0,54.0,65.0,70.0,-72.0,54.0,70.0,124.0
HDF - Cpe de France des Clubs - Saint pol sur mer - 1er tour Coupe de France U15/17/20 Filles,2025-01-25,SEN Women 71,BEROUD Jacqueline,66.1,50.0,-53.0,-53.0,45.0,-95.0,-102.0,50.0,45.0,95.0
HDF - Cpe de France des Clubs - Saint pol sur mer - 1er tour Coupe de France U15/17/20 Filles,2025-01-25,SEN Women 71,FONTANA Marie,64.8,50.0,55.0,-60.0,-71.0,-71.0,-71.0,55.0,0.0,0.0
HDF - Cpe de France des Clubs - Saint pol sur mer - 1er tour Coupe de France U15/17/20 Filles,2025-01-25,U13 Men 49,WIEDER Lenny,49.0,31.0,33.0,35.0,40.0,42.0,44.0,35.0,44.0,79.0
HDF - Cpe de France des Clubs - Saint pol sur mer - 1er tour Coupe de France U15/17/20 Filles,2025-01-25,U13 Men 67,SCHIARI Simon,61.8,26.0,-28.0,28.0,33.0,35.0,37.0,28.0,37.0,65.0
HDF - Cpe de France des Clubs - Saint pol sur mer - 1er tour Coupe de France U15/17/20 Filles,2025-01-25,U13 Women 40,MONNET-BESSON Emilie,39.34,14.0,16.0,18.0,19.0,21.0,23.0,18.0,23.0,41.0
HDF - Cpe de France des Clubs - Saint pol sur mer - 1er tour Coupe de France U15/17/20 Filles,2025-01-25,U13 Men 49,WIEDER Lenny,49.0,31.0,33.0,35.0,40.0,42.0,44.0,35.0,44.0,79.0
HDF - Cpe de France des Clubs - Saint pol sur mer - 1er tour Coupe de France U15/17/20 Filles,2025-01-25,U13 Men 67,SCHIARI Simon,61.8,26.0,-28.0,28.0,33.0,35.0,37.0,28.0,37.0,65.0
HDF - Cpe de France des Clubs - Saint pol sur mer - 1er tour Coupe de France U15/17/20 Filles,2025-01-25,U13 Women 40,MONNET-BESSON Emilie,39.34,14.0,16.0,18.0,19.0,21.0,23.0,18.0,23.0,41.0
HDF - Cpe de France des Clubs - Saint pol sur mer - 1er tour Coupe de France U15/17/20 Filles,2025-01-25,U15 Women 55,SESMA Tifanie,54.05,-54.0,54.0,57.0,67.0,70.0,-73.0,57.0,70.0,127.0
HDF - Cpe de France des Clubs - Saint pol sur mer - 1er tour Coupe de France U15/17/20 Filles,2025-01-25,U17 Women 49,MONTOYA VALDES Maria camila,48.1,20.0,-25.0,28.0,25.0,28.0,30.0,28.0,30.0,58.0
HDF - Cpe de France des Clubs - Saint pol sur mer - 1er tour Coupe de France U15/17/20 Filles,2025-01-25,U17 Women 55,CASONI Lila,54.0,25.0,27.0,29.0,30.0,-32.0,-32.0,29.0,30.0,59.0
HDF - Cpe de France des Clubs - Saint pol sur mer - 1er tour Coupe de France U15/17/20 Filles,2025-01-25,U17 Women 71,LEMANOUER Rayhana,64.8,-32.0,32.0,34.0,30.0,-35.0,38.0,34.0,38.0,72.0
HDF - Cpe de France des Clubs - Saint pol sur mer - 1er tour Coupe de France U15/17/20 Filles,2025-01-25,U17 Women 71,SOULIE Justine,64.93,23.0,28.0,32.0,34.0,39.0,-44.0,32.0,39.0,71.0
HDF - Cpe de France des Clubs - Saint pol sur mer - 1er tour Coupe de France U15/17/20 Filles,2025-01-25,U17 Women 76,PUGET Eva,73.65,23.0,28.0,32.0,40.0,45.0,50.0,32.0,50.0,82.0
HDF - Cpe de France des Clubs - Saint pol sur mer - 1er tour Coupe de France U15/17/20 Filles,2025-01-25,U15 Women 55,SESMA Tifanie,54.05,-54.0,54.0,57.0,67.0,70.0,-73.0,57.0,70.0,127.0
HDF - Cpe de France des Clubs - Saint pol sur mer - 1er tour Coupe de France U15/17/20 Filles,2025-01-25,U17 Women 49,MONTOYA VALDES Maria camila,48.1,20.0,-25.0,28.0,25.0,28.0,30.0,28.0,30.0,58.0
HDF - Cpe de France des Clubs - Saint pol sur mer - 1er tour Coupe de France U15/17/20 Filles,2025-01-25,U17 Women 55,CASONI Lila,54.0,25.0,27.0,29.0,30.0,-32.0,-32.0,29.0,30.0,59.0
HDF - Cpe de France des Clubs - Saint pol sur mer - 1er tour Coupe de France U15/17/20 Filles,2025-01-25,U17 Women 71,LEMANOUER Rayhana,64.8,-32.0,32.0,34.0,30.0,-35.0,38.0,34.0,38.0,72.0
HDF - Cpe de France des Clubs - Saint pol sur mer - 1er tour Coupe de France U15/17/20 Filles,2025-01-25,U17 Women 71,SOULIE Justine,64.93,23.0,28.0,32.0,34.0,39.0,-44.0,32.0,39.0,71.0
HDF - Cpe de France des Clubs - Saint pol sur mer - 1er tour Coupe de France U15/17/20 Filles,2025-01-25,U17 Women 76,PUGET Eva,73.65,23.0,28.0,32.0,40.0,45.0,50.0,32.0,50.0,82.0
HDF - Cpe de France des Clubs - Saint pol sur mer - 1er tour Coupe de France U15/17/20 Filles,2025-01-25,U17 Men 61,TURKI Ismael,58.1,30.0,-35.0,37.0,45.0,48.0,51.0,37.0,51.0,88.0
HDF - Cpe de France des Clubs - Saint pol sur mer - 1er tour Coupe de France U15/17/20 Filles,2025-01-25,U17 Men 67,REY Lucas,64.1,80.0,85.0,88.0,103.0,107.0,110.0,88.0,110.0,198.0
HDF - Cpe de France des Clubs - Saint pol sur mer - 1er tour Coupe de France U15/17/20 Filles,2025-01-25,U17 Men 67,ROUX Aymery,63.6,-30.0,30.0,35.0,38.0,40.0,42.0,35.0,42.0,77.0
HDF - Cpe de France des Clubs - Saint pol sur mer - 1er tour Coupe de France U15/17/20 Filles,2025-01-25,U17 Men 67,ALLIX VAULBERT Aymeric,65.2,25.0,28.0,30.0,30.0,-33.0,35.0,30.0,35.0,65.0
HDF - Cpe de France des Clubs - Saint pol sur mer - 1er tour Coupe de France U15/17/20 Filles,2025-01-25,U17 Men 67,DANDARA Rafael,62.1,20.0,25.0,28.0,-30.0,30.0,34.0,28.0,34.0,62.0
HDF - Cpe de France des Clubs - Saint pol sur mer - 1er tour Coupe de France U15/17/20 Filles,2025-01-25,U17 Men 73,VINCENTELLI Abel,67.4,30.0,35.0,38.0,45.0,-50.0,50.0,38.0,50.0,88.0
HDF - Cpe de France des Clubs - Saint pol sur mer - 1er tour Coupe de France U15/17/20 Filles,2025-01-25,U20 Men 67,MAGGIO Aaron,64.3,95.0,100.0,-102.0,110.0,-115.0,-115.0,100.0,110.0,210.0
HDF - Cpe de France des Clubs - Saint pol sur mer - 1er tour Coupe de France U15/17/20 Filles,2025-01-25,U20 Men 81,LE DISSEZ Rayan,80.8,73.0,-78.0,-78.0,93.0,97.0,102.0,73.0,102.0,175.0
HDF - Cpe de France des Clubs - Saint pol sur mer - 1er tour Coupe de France U15/17/20 Filles,2025-01-25,U20 Men 89,BARBOSA Noah,89.0,53.0,-55.0,55.0,60.0,63.0,66.0,55.0,66.0,121.0
HDF - Cpe de France des Clubs - Saint pol sur mer - 1er tour Coupe de France U15/17/20 Filles,2025-01-25,U17 Men 61,TURKI Ismael,58.1,30.0,-35.0,37.0,45.0,48.0,51.0,37.0,51.0,88.0
HDF - Cpe de France des Clubs - Saint pol sur mer - 1er tour Coupe de France U15/17/20 Filles,2025-01-25,U17 Men 67,REY Lucas,64.1,80.0,85.0,88.0,103.0,107.0,110.0,88.0,110.0,198.0
HDF - Cpe de France des Clubs - Saint pol sur mer - 1er tour Coupe de France U15/17/20 Filles,2025-01-25,U17 Men 67,ROUX Aymery,63.6,-30.0,30.0,35.0,38.0,40.0,42.0,35.0,42.0,77.0
HDF - Cpe de France des Clubs - Saint pol sur mer - 1er tour Coupe de France U15/17/20 Filles,2025-01-25,U17 Men 67,ALLIX VAULBERT Aymeric,65.2,25.0,28.0,30.0,30.0,-33.0,35.0,30.0,35.0,65.0
HDF - Cpe de France des Clubs - Saint pol sur mer - 1er tour Coupe de France U15/17/20 Filles,2025-01-25,U17 Men 67,DANDARA Rafael,62.1,20.0,25.0,28.0,-30.0,30.0,34.0,28.0,34.0,62.0
HDF - Cpe de France des Clubs - Saint pol sur mer - 1er tour Coupe de France U15/17/20 Filles,2025-01-25,U17 Men 73,VINCENTELLI Abel,67.4,30.0,35.0,38.0,45.0,-50.0,50.0,38.0,50.0,88.0
HDF - Cpe de France des Clubs - Saint pol sur mer - 1er tour Coupe de France U15/17/20 Filles,2025-01-25,U20 Men 67,MAGGIO Aaron,64.3,95.0,100.0,-102.0,110.0,-115.0,-115.0,100.0,110.0,210.0
HDF - Cpe de France des Clubs - Saint pol sur mer - 1er tour Coupe de France U15/17/20 Filles,2025-01-25,U20 Men 81,LE DISSEZ Rayan,80.8,73.0,-78.0,-78.0,93.0,97.0,102.0,73.0,102.0,175.0
HDF - Cpe de France des Clubs - Saint pol sur mer - 1er tour Coupe de France U15/17/20 Filles,2025-01-25,U20 Men 89,BARBOSA Noah,89.0,53.0,-55.0,55.0,60.0,63.0,66.0,55.0,66.0,121.0
HDF - Cpe de France des Clubs - Saint pol sur mer - 1er tour Coupe de France U15/17/20 Filles,2025-01-25,U17 Men 73,MONTEBRAN Edgar,72.5,40.0,44.0,-48.0,51.0,55.0,59.0,44.0,59.0,103.0
HDF - Cpe de France des Clubs - Saint pol sur mer - 1er tour Coupe de France U15/17/20 Filles,2025-01-25,U17 Men 81,MONTEBRAN Sam,76.7,40.0,44.0,48.0,51.0,-55.0,-55.0,48.0,51.0,99.0
HDF - Cpe de France des Clubs - Saint pol sur mer - 1er tour Coupe de France U15/17/20 Filles,2025-01-25,SEN Men 81,DI MARIA Thibault,74.5,52.0,55.0,60.0,63.0,-66.0,68.0,60.0,68.0,128.0
HDF - Cpe de France des Clubs - Saint pol sur mer - 1er tour Coupe de France U15/17/20 Filles,2025-01-25,SEN Men 81,HOARAU Florent,77.4,-47.0,47.0,-50.0,65.0,-70.0,70.0,47.0,70.0,117.0
HDF - Cpe de France des Clubs - Saint pol sur mer - 1er tour Coupe de France U15/17/20 Filles,2025-01-25,SEN Men 89,LACOUR Nathan,83.3,-105.0,105.0,-110.0,140.0,145.0,-148.0,105.0,145.0,250.0
HDF - Cpe de France des Clubs - Saint pol sur mer - 1er tour Coupe de France U15/17/20 Filles,2025-01-25,SEN Men 102,NONNIS Kilian,99.8,-70.0,70.0,74.0,80.0,85.0,-90.0,74.0,85.0,159.0
HDF - Cpe de France des Clubs - Saint pol sur mer - 1er tour Coupe de France U15/17/20 Filles,2025-01-25,U20 Women 55,PETIT Sasha,51.3,30.0,34.0,37.0,40.0,43.0,46.0,37.0,46.0,83.0
HDF - Cpe de France des Clubs - Saint pol sur mer - 1er tour Coupe de France U15/17/20 Filles,2025-01-25,U20 Women 59,GALLOU Lula,58.2,-35.0,35.0,38.0,45.0,48.0,50.0,38.0,50.0,88.0
HDF - Cpe de France des Clubs - Saint pol sur mer - 1er tour Coupe de France U15/17/20 Filles,2025-01-25,SEN Women 59,JOUGLA Amelie,58.3,58.0,61.0,64.0,71.0,74.0,77.0,64.0,77.0,141.0
HDF - Cpe de France des Clubs - Saint pol sur mer - 1er tour Coupe de France U15/17/20 Filles,2025-01-25,SEN Women 64,VEZINET Dorine,60.99,23.0,25.0,27.0,40.0,43.0,-46.0,27.0,43.0,70.0
HDF - Cpe de France des Clubs - Saint pol sur mer - 1er tour Coupe de France U15/17/20 Filles,2025-01-25,SEN Women 71,CASTANER Marie,69.4,25.0,28.0,-30.0,33.0,-36.0,36.0,28.0,36.0,64.0
HDF - Cpe de France des Clubs - Saint pol sur mer - 1er tour Coupe de France U15/17/20 Filles,2025-01-25,SEN Women 81,MASSAT Elodie,76.77,40.0,44.0,48.0,50.0,54.0,58.0,48.0,58.0,106.0
HDF - Cpe de France des Clubs - Saint pol sur mer - 1er tour Coupe de France U15/17/20 Filles,2025-01-25,U17 Men 73,MONTEBRAN Edgar,72.5,40.0,44.0,-48.0,51.0,55.0,59.0,44.0,59.0,103.0
HDF - Cpe de France des Clubs - Saint pol sur mer - 1er tour Coupe de France U15/17/20 Filles,2025-01-25,U17 Men 81,MONTEBRAN Sam,76.7,40.0,44.0,48.0,51.0,-55.0,-55.0,48.0,51.0,99.0
HDF - Cpe de France des Clubs - Saint pol sur mer - 1er tour Coupe de France U15/17/20 Filles,2025-01-25,SEN Men 81,DI MARIA Thibault,74.5,52.0,55.0,60.0,63.0,-66.0,68.0,60.0,68.0,128.0
HDF - Cpe de France des Clubs - Saint pol sur mer - 1er tour Coupe de France U15/17/20 Filles,2025-01-25,SEN Men 81,HOARAU Florent,77.4,-47.0,47.0,-50.0,65.0,-70.0,70.0,47.0,70.0,117.0
HDF - Cpe de France des Clubs - Saint pol sur mer - 1er tour Coupe de France U15/17/20 Filles,2025-01-25,SEN Men 89,LACOUR Nathan,83.3,-105.0,105.0,-110.0,140.0,145.0,-148.0,105.0,145.0,250.0
HDF - Cpe de France des Clubs - Saint pol sur mer - 1er tour Coupe de France U15/17/20 Filles,2025-01-25,SEN Men 102,NONNIS Kilian,99.8,-70.0,70.0,74.0,80.0,85.0,-90.0,74.0,85.0,159.0
HDF - Cpe de France des Clubs - Saint pol sur mer - 1er tour Coupe de France U15/17/20 Filles,2025-01-25,U20 Women 55,PETIT Sasha,51.3,30.0,34.0,37.0,40.0,43.0,46.0,37.0,46.0,83.0
HDF - Cpe de France des Clubs - Saint pol sur mer - 1er tour Coupe de France U15/17/20 Filles,2025-01-25,U20 Women 59,GALLOU Lula,58.2,-35.0,35.0,38.0,45.0,48.0,50.0,38.0,50.0,88.0
HDF - Cpe de France des Clubs - Saint pol sur mer - 1er tour Coupe de France U15/17/20 Filles,2025-01-25,SEN Women 59,JOUGLA Amelie,58.3,58.0,61.0,64.0,71.0,74.0,77.0,64.0,77.0,141.0
HDF - Cpe de France des Clubs - Saint pol sur mer - 1er tour Coupe de France U15/17/20 Filles,2025-01-25,SEN Women 64,VEZINET Dorine,60.99,23.0,25.0,27.0,40.0,43.0,-46.0,27.0,43.0,70.0
HDF - Cpe de France des Clubs - Saint pol sur mer - 1er tour Coupe de France U15/17/20 Filles,2025-01-25,SEN Women 71,CASTANER Marie,69.4,25.0,28.0,-30.0,33.0,-36.0,36.0,28.0,36.0,64.0
HDF - Cpe de France des Clubs - Saint pol sur mer - 1er tour Coupe de France U15/17/20 Filles,2025-01-25,SEN Women 81,MASSAT Elodie,76.77,40.0,44.0,48.0,50.0,54.0,58.0,48.0,58.0,106.0
HDF - Cpe de France des Clubs - Saint pol sur mer - 1er tour Coupe de France U15/17/20 Filles,2025-01-25,U17 Men 67,HENNEUSE Mathias,65.2,75.0,-80.0,80.0,98.0,-103.0,-103.0,80.0,98.0,178.0
HDF - Cpe de France des Clubs - Saint pol sur mer - 1er tour Coupe de France U15/17/20 Filles,2025-01-25,U17 Men 81,ANDRIEU Oscar,79.75,75.0,-80.0,-80.0,95.0,-100.0,-100.0,75.0,95.0,170.0
HDF - Cpe de France des Clubs - Saint pol sur mer - 1er tour Coupe de France U15/17/20 Filles,2025-01-25,U17 Men >102,FERRON Rudy,106.4,85.0,95.0,-100.0,105.0,110.0,-115.0,95.0,110.0,205.0
HDF - Cpe de France des Clubs - Saint pol sur mer - 1er tour Coupe de France U15/17/20 Filles,2025-01-25,U17 Men 67,HENNEUSE Mathias,65.2,75.0,-80.0,80.0,98.0,-103.0,-103.0,80.0,98.0,178.0
HDF - Cpe de France des Clubs - Saint pol sur mer - 1er tour Coupe de France U15/17/20 Filles,2025-01-25,U17 Men 81,ANDRIEU Oscar,79.75,75.0,-80.0,-80.0,95.0,-100.0,-100.0,75.0,95.0,170.0
HDF - Cpe de France des Clubs - Saint pol sur mer - 1er tour Coupe de France U15/17/20 Filles,2025-01-25,U17 Men >102,FERRON Rudy,106.4,85.0,95.0,-100.0,105.0,110.0,-115.0,95.0,110.0,205.0
HDF - Cpe de France des Clubs - Saint pol sur mer - 1er tour Coupe de France U15/17/20 Filles,2025-01-25,U17 Women 55,GONCALVES Chelsy,54.7,40.0,-42.0,42.0,45.0,-48.0,-50.0,42.0,45.0,87.0
HDF - Cpe de France des Clubs - Saint pol sur mer - 1er tour Coupe de France U15/17/20 Filles,2025-01-25,U20 Women 55,ROUSSEAU Clementine,52.7,50.0,55.0,60.0,70.0,75.0,-80.0,60.0,75.0,135.0
HDF - Cpe de France des Clubs - Saint pol sur mer - 1er tour Coupe de France U15/17/20 Filles,2025-01-25,U17 Women 55,GONCALVES Chelsy,54.7,40.0,-42.0,42.0,45.0,-48.0,-50.0,42.0,45.0,87.0
HDF - Cpe de France des Clubs - Saint pol sur mer - 1er tour Coupe de France U15/17/20 Filles,2025-01-25,U20 Women 55,ROUSSEAU Clementine,52.7,50.0,55.0,60.0,70.0,75.0,-80.0,60.0,75.0,135.0
HDF - Cpe de France des Clubs - Saint pol sur mer - 1er tour Coupe de France U15/17/20 Filles,2025-01-25,SEN Men 67,VELIA Timothee,63.9,70.0,72.0,-75.0,-73.0,73.0,80.0,72.0,80.0,152.0
HDF - Cpe de France des Clubs - Saint pol sur mer - 1er tour Coupe de France U15/17/20 Filles,2025-01-25,SEN Men 67,APRAHAMIAN Azad,66.8,-92.0,92.0,-96.0,-30.0,-30.0,30.0,92.0,30.0,122.0
HDF - Cpe de France des Clubs - Saint pol sur mer - 1er tour Coupe de France U15/17/20 Filles,2025-01-25,SEN Men 73,CANESTRIER Jean,72.75,75.0,80.0,-83.0,95.0,103.0,105.0,80.0,105.0,185.0
HDF - Cpe de France des Clubs - Saint pol sur mer - 1er tour Coupe de France U15/17/20 Filles,2025-01-25,SEN Men 81,FERRANDO Gaetan,76.4,90.0,-95.0,-95.0,110.0,115.0,-120.0,90.0,115.0,205.0
HDF - Cpe de France des Clubs - Saint pol sur mer - 1er tour Coupe de France U15/17/20 Filles,2025-01-25,SEN Men 81,RODOLFO Kevin,80.0,90.0,-95.0,-95.0,110.0,115.0,-120.0,90.0,115.0,205.0
HDF - Cpe de France des Clubs - Saint pol sur mer - 1er tour Coupe de France U15/17/20 Filles,2025-01-25,SEN Men 81,CAMPS Sebastien,81.0,90.0,95.0,-98.0,105.0,-110.0,110.0,95.0,110.0,205.0
HDF - Cpe de France des Clubs - Saint pol sur mer - 1er tour Coupe de France U15/17/20 Filles,2025-01-25,SEN Men 81,DARNET Mickaël,76.3,-85.0,-85.0,-85.0,100.0,105.0,110.0,0.0,110.0,0.0
HDF - Cpe de France des Clubs - Saint pol sur mer - 1er tour Coupe de France U15/17/20 Filles,2025-01-25,SEN Men 89,VATAN Luca,89.0,107.0,112.0,116.0,134.0,138.0,-144.0,116.0,138.0,254.0
HDF - Cpe de France des Clubs - Saint pol sur mer - 1er tour Coupe de France U15/17/20 Filles,2025-01-25,SEN Men 89,MOISSERON Victor,83.75,75.0,80.0,90.0,110.0,115.0,-120.0,90.0,115.0,205.0
HDF - Cpe de France des Clubs - Saint pol sur mer - 1er tour Coupe de France U15/17/20 Filles,2025-01-25,SEN Women 49,REDIEN Lea,48.7,52.0,-55.0,57.0,63.0,66.0,70.0,57.0,70.0,127.0
HDF - Cpe de France des Clubs - Saint pol sur mer - 1er tour Coupe de France U15/17/20 Filles,2025-01-25,SEN Women 59,PRABLANC Sarah,58.7,35.0,40.0,42.0,46.0,49.0,-52.0,42.0,49.0,91.0
HDF - Cpe de France des Clubs - Saint pol sur mer - 1er tour Coupe de France U15/17/20 Filles,2025-01-25,SEN Women 64,KUCHENBUCH Julie,60.9,38.0,40.0,-43.0,50.0,52.0,-54.0,40.0,52.0,92.0
HDF - Cpe de France des Clubs - Saint pol sur mer - 1er tour Coupe de France U15/17/20 Filles,2025-01-25,SEN Women 71,PASTA Jennifer,65.25,60.0,-66.0,66.0,83.0,87.0,-90.0,66.0,87.0,153.0
HDF - Cpe de France des Clubs - Saint pol sur mer - 1er tour Coupe de France U15/17/20 Filles,2025-01-25,SEN Women 71,SAUNE Lila,67.3,50.0,53.0,-56.0,68.0,-70.0,-70.0,53.0,68.0,121.0
HDF - Cpe de France des Clubs - Saint pol sur mer - 1er tour Coupe de France U15/17/20 Filles,2025-01-25,SEN Women 71,JOURNEAUX Stephanie,69.95,-45.0,-45.0,-45.0,60.0,63.0,-66.0,0.0,63.0,0.0
HDF - Cpe de France des Clubs - Saint pol sur mer - 1er tour Coupe de France U15/17/20 Filles,2025-01-25,SEN Women 76,WURTZ Alicia,75.9,40.0,42.0,43.0,50.0,-52.0,-52.0,43.0,50.0,93.0
HDF - Cpe de France des Clubs - Saint pol sur mer - 1er tour Coupe de France U15/17/20 Filles,2025-01-25,SEN Women 87,TERRISSE Emmanuelle,82.9,51.0,54.0,-57.0,65.0,68.0,-71.0,54.0,68.0,122.0
HDF - Cpe de France des Clubs - Saint pol sur mer - 1er tour Coupe de France U15/17/20 Filles,2025-01-25,SEN Men 67,VELIA Timothee,63.9,70.0,72.0,-75.0,-73.0,73.0,80.0,72.0,80.0,152.0
HDF - Cpe de France des Clubs - Saint pol sur mer - 1er tour Coupe de France U15/17/20 Filles,2025-01-25,SEN Men 67,APRAHAMIAN Azad,66.8,-92.0,92.0,-96.0,-30.0,-30.0,30.0,92.0,30.0,122.0
HDF - Cpe de France des Clubs - Saint pol sur mer - 1er tour Coupe de France U15/17/20 Filles,2025-01-25,SEN Men 73,CANESTRIER Jean,72.75,75.0,80.0,-83.0,95.0,103.0,105.0,80.0,105.0,185.0
HDF - Cpe de France des Clubs - Saint pol sur mer - 1er tour Coupe de France U15/17/20 Filles,2025-01-25,SEN Men 81,FERRANDO Gaetan,76.4,90.0,-95.0,-95.0,110.0,115.0,-120.0,90.0,115.0,205.0
HDF - Cpe de France des Clubs - Saint pol sur mer - 1er tour Coupe de France U15/17/20 Filles,2025-01-25,SEN Men 81,RODOLFO Kevin,80.0,90.0,-95.0,-95.0,110.0,115.0,-120.0,90.0,115.0,205.0
HDF - Cpe de France des Clubs - Saint pol sur mer - 1er tour Coupe de France U15/17/20 Filles,2025-01-25,SEN Men 81,CAMPS Sebastien,81.0,90.0,95.0,-98.0,105.0,-110.0,110.0,95.0,110.0,205.0
HDF - Cpe de France des Clubs - Saint pol sur mer - 1er tour Coupe de France U15/17/20 Filles,2025-01-25,SEN Men 81,DARNET Mickaël,76.3,-85.0,-85.0,-85.0,100.0,105.0,110.0,0.0,110.0,0.0
HDF - Cpe de France des Clubs - Saint pol sur mer - 1er tour Coupe de France U15/17/20 Filles,2025-01-25,SEN Men 89,VATAN Luca,89.0,107.0,112.0,116.0,134.0,138.0,-144.0,116.0,138.0,254.0
HDF - Cpe de France des Clubs - Saint pol sur mer - 1er tour Coupe de France U15/17/20 Filles,2025-01-25,SEN Men 89,MOISSERON Victor,83.75,75.0,80.0,90.0,110.0,115.0,-120.0,90.0,115.0,205.0
HDF - Cpe de France des Clubs - Saint pol sur mer - 1er tour Coupe de France U15/17/20 Filles,2025-01-25,SEN Women 49,REDIEN Lea,48.7,52.0,-55.0,57.0,63.0,66.0,70.0,57.0,70.0,127.0
HDF - Cpe de France des Clubs - Saint pol sur mer - 1er tour Coupe de France U15/17/20 Filles,2025-01-25,SEN Women 59,PRABLANC Sarah,58.7,35.0,40.0,42.0,46.0,49.0,-52.0,42.0,49.0,91.0
HDF - Cpe de France des Clubs - Saint pol sur mer - 1er tour Coupe de France U15/17/20 Filles,2025-01-25,SEN Women 64,KUCHENBUCH Julie,60.9,38.0,40.0,-43.0,50.0,52.0,-54.0,40.0,52.0,92.0
HDF - Cpe de France des Clubs - Saint pol sur mer - 1er tour Coupe de France U15/17/20 Filles,2025-01-25,SEN Women 71,PASTA Jennifer,65.25,60.0,-66.0,66.0,83.0,87.0,-90.0,66.0,87.0,153.0
HDF - Cpe de France des Clubs - Saint pol sur mer - 1er tour Coupe de France U15/17/20 Filles,2025-01-25,SEN Women 71,SAUNE Lila,67.3,50.0,53.0,-56.0,68.0,-70.0,-70.0,53.0,68.0,121.0
HDF - Cpe de France des Clubs - Saint pol sur mer - 1er tour Coupe de France U15/17/20 Filles,2025-01-25,SEN Women 71,JOURNEAUX Stephanie,69.95,-45.0,-45.0,-45.0,60.0,63.0,-66.0,0.0,63.0,0.0
HDF - Cpe de France des Clubs - Saint pol sur mer - 1er tour Coupe de France U15/17/20 Filles,2025-01-25,SEN Women 76,WURTZ Alicia,75.9,40.0,42.0,43.0,50.0,-52.0,-52.0,43.0,50.0,93.0
HDF - Cpe de France des Clubs - Saint pol sur mer - 1er tour Coupe de France U15/17/20 Filles,2025-01-25,SEN Women 87,TERRISSE Emmanuelle,82.9,51.0,54.0,-57.0,65.0,68.0,-71.0,54.0,68.0,122.0
HDF - Cpe de France des Clubs - Saint pol sur mer - 1er tour Coupe de France U15/17/20 Filles,2025-01-25,U20 Women 59,ANTROP Marilou,56.3,8.0,10.0,12.0,20.0,-25.0,25.0,12.0,25.0,37.0
HDF - Cpe de France des Clubs - Saint pol sur mer - 1er tour Coupe de France U15/17/20 Filles,2025-01-25,U20 Women 64,BEDEIR LARADE Safana,63.1,60.0,-67.0,67.0,83.0,87.0,-90.0,67.0,87.0,154.0
HDF - Cpe de France des Clubs - Saint pol sur mer - 1er tour Coupe de France U15/17/20 Filles,2025-01-25,U20 Women 76,DUMAS Constance,74.2,25.0,28.0,30.0,30.0,35.0,38.0,30.0,38.0,68.0
HDF - Cpe de France des Clubs - Saint pol sur mer - 1er tour Coupe de France U15/17/20 Filles,2025-01-25,U20 Women 59,ANTROP Marilou,56.3,8.0,10.0,12.0,20.0,-25.0,25.0,12.0,25.0,37.0
HDF - Cpe de France des Clubs - Saint pol sur mer - 1er tour Coupe de France U15/17/20 Filles,2025-01-25,U20 Women 64,BEDEIR LARADE Safana,63.1,60.0,-67.0,67.0,83.0,87.0,-90.0,67.0,87.0,154.0
HDF - Cpe de France des Clubs - Saint pol sur mer - 1er tour Coupe de France U15/17/20 Filles,2025-01-25,U20 Women 76,DUMAS Constance,74.2,25.0,28.0,30.0,30.0,35.0,38.0,30.0,38.0,68.0
HDF - Cpe de France des Clubs - Saint pol sur mer - 1er tour Coupe de France U15/17/20 Filles,2025-01-25,U15 Men 55,CHIAULON Bastien,52.1,30.0,35.0,37.0,40.0,45.0,48.0,37.0,48.0,85.0
HDF - Cpe de France des Clubs - Saint pol sur mer - 1er tour Coupe de France U15/17/20 Filles,2025-01-25,U15 Men 73,GROSS Oscar,67.7,8.0,-9.0,-9.0,-13.0,13.0,-14.0,8.0,13.0,21.0
HDF - Cpe de France des Clubs - Saint pol sur mer - 1er tour Coupe de France U15/17/20 Filles,2025-01-25,U17 Men 55,SULTANA Adrien,52.7,20.0,25.0,30.0,30.0,35.0,43.0,30.0,43.0,73.0
HDF - Cpe de France des Clubs - Saint pol sur mer - 1er tour Coupe de France U15/17/20 Filles,2025-01-25,U17 Men 61,GROSS Hippolyte,55.6,20.0,25.0,30.0,30.0,35.0,-43.0,30.0,35.0,65.0
HDF - Cpe de France des Clubs - Saint pol sur mer - 1er tour Coupe de France U15/17/20 Filles,2025-01-25,U17 Men 67,MONTOUT Noah,66.2,30.0,35.0,40.0,50.0,55.0,-58.0,40.0,55.0,95.0
HDF - Cpe de France des Clubs - Saint pol sur mer - 1er tour Coupe de France U15/17/20 Filles,2025-01-25,U20 Men 61,CHIAULON Cameron,59.2,25.0,30.0,35.0,30.0,35.0,40.0,35.0,40.0,75.0
HDF - Cpe de France des Clubs - Saint pol sur mer - 1er tour Coupe de France U15/17/20 Filles,2025-01-25,U20 Men 67,SALIHOU Youcef,63.0,20.0,25.0,30.0,30.0,35.0,40.0,30.0,40.0,70.0
HDF - Cpe de France des Clubs - Saint pol sur mer - 1er tour Coupe de France U15/17/20 Filles,2025-01-25,U20 Men 81,GENTIL Louison,77.7,88.0,95.0,-100.0,110.0,116.0,121.0,95.0,121.0,216.0
HDF - Cpe de France des Clubs - Saint pol sur mer - 1er tour Coupe de France U15/17/20 Filles,2025-01-25,U20 Men 81,TCHINDA Noa,80.8,85.0,90.0,95.0,-105.0,-105.0,105.0,95.0,105.0,200.0
HDF - Cpe de France des Clubs - Saint pol sur mer - 1er tour Coupe de France U15/17/20 Filles,2025-01-25,U15 Men 55,CHIAULON Bastien,52.1,30.0,35.0,37.0,40.0,45.0,48.0,37.0,48.0,85.0
HDF - Cpe de France des Clubs - Saint pol sur mer - 1er tour Coupe de France U15/17/20 Filles,2025-01-25,U15 Men 73,GROSS Oscar,67.7,8.0,-9.0,-9.0,-13.0,13.0,-14.0,8.0,13.0,21.0
HDF - Cpe de France des Clubs - Saint pol sur mer - 1er tour Coupe de France U15/17/20 Filles,2025-01-25,U17 Men 55,SULTANA Adrien,52.7,20.0,25.0,30.0,30.0,35.0,43.0,30.0,43.0,73.0
HDF - Cpe de France des Clubs - Saint pol sur mer - 1er tour Coupe de France U15/17/20 Filles,2025-01-25,U17 Men 61,GROSS Hippolyte,55.6,20.0,25.0,30.0,30.0,35.0,-43.0,30.0,35.0,65.0
HDF - Cpe de France des Clubs - Saint pol sur mer - 1er tour Coupe de France U15/17/20 Filles,2025-01-25,U17 Men 67,MONTOUT Noah,66.2,30.0,35.0,40.0,50.0,55.0,-58.0,40.0,55.0,95.0
HDF - Cpe de France des Clubs - Saint pol sur mer - 1er tour Coupe de France U15/17/20 Filles,2025-01-25,U20 Men 61,CHIAULON Cameron,59.2,25.0,30.0,35.0,30.0,35.0,40.0,35.0,40.0,75.0
HDF - Cpe de France des Clubs - Saint pol sur mer - 1er tour Coupe de France U15/17/20 Filles,2025-01-25,U20 Men 67,SALIHOU Youcef,63.0,20.0,25.0,30.0,30.0,35.0,40.0,30.0,40.0,70.0
HDF - Cpe de France des Clubs - Saint pol sur mer - 1er tour Coupe de France U15/17/20 Filles,2025-01-25,U20 Men 81,GENTIL Louison,77.7,88.0,95.0,-100.0,110.0,116.0,121.0,95.0,121.0,216.0
HDF - Cpe de France des Clubs - Saint pol sur mer - 1er tour Coupe de France U15/17/20 Filles,2025-01-25,U20 Men 81,TCHINDA Noa,80.8,85.0,90.0,95.0,-105.0,-105.0,105.0,95.0,105.0,200.0
HDF - Cpe de France des Clubs - Saint pol sur mer - 1er tour Coupe de France U15/17/20 Filles,2025-01-25,SEN Men 73,ORTICAT Sébastien,72.1,-78.0,78.0,-84.0,100.0,-108.0,-108.0,78.0,100.0,178.0
HDF - Cpe de France des Clubs - Saint pol sur mer - 1er tour Coupe de France U15/17/20 Filles,2025-01-25,SEN Men 73,LE GUEN Aymeric,71.6,62.0,66.0,-70.0,84.0,88.0,93.0,66.0,93.0,159.0
HDF - Cpe de France des Clubs - Saint pol sur mer - 1er tour Coupe de France U15/17/20 Filles,2025-01-25,SEN Men >109,BERTIN Pierre-antoine,109.1,80.0,-85.0,85.0,105.0,111.0,115.0,85.0,115.0,200.0
HDF - Cpe de France des Clubs - Saint pol sur mer - 1er tour Coupe de France U15/17/20 Filles,2025-01-25,SEN Women 64,FERREC Énora,62.4,63.0,66.0,-68.0,75.0,79.0,-83.0,66.0,79.0,145.0
HDF - Cpe de France des Clubs - Saint pol sur mer - 1er tour Coupe de France U15/17/20 Filles,2025-01-25,SEN Women 81,CAILLE Titia,76.1,43.0,46.0,49.0,60.0,64.0,68.0,49.0,68.0,117.0
HDF - Cpe de France des Clubs - Saint pol sur mer - 1er tour Coupe de France U15/17/20 Filles,2025-01-25,SEN Women 87,GOSSE Marine,82.5,15.0,18.0,20.0,20.0,-0.0,-0.0,20.0,20.0,40.0
HDF - Cpe de France des Clubs - Saint pol sur mer - 1er tour Coupe de France U15/17/20 Filles,2025-01-25,SEN Men 73,ORTICAT Sébastien,72.1,-78.0,78.0,-84.0,100.0,-108.0,-108.0,78.0,100.0,178.0
HDF - Cpe de France des Clubs - Saint pol sur mer - 1er tour Coupe de France U15/17/20 Filles,2025-01-25,SEN Men 73,LE GUEN Aymeric,71.6,62.0,66.0,-70.0,84.0,88.0,93.0,66.0,93.0,159.0
HDF - Cpe de France des Clubs - Saint pol sur mer - 1er tour Coupe de France U15/17/20 Filles,2025-01-25,SEN Men >109,BERTIN Pierre-antoine,109.1,80.0,-85.0,85.0,105.0,111.0,115.0,85.0,115.0,200.0
HDF - Cpe de France des Clubs - Saint pol sur mer - 1er tour Coupe de France U15/17/20 Filles,2025-01-25,SEN Women 64,FERREC Énora,62.4,63.0,66.0,-68.0,75.0,79.0,-83.0,66.0,79.0,145.0
HDF - Cpe de France des Clubs - Saint pol sur mer - 1er tour Coupe de France U15/17/20 Filles,2025-01-25,SEN Women 81,CAILLE Titia,76.1,43.0,46.0,49.0,60.0,64.0,68.0,49.0,68.0,117.0
HDF - Cpe de France des Clubs - Saint pol sur mer - 1er tour Coupe de France U15/17/20 Filles,2025-01-25,SEN Women 87,GOSSE Marine,82.5,15.0,18.0,20.0,20.0,-0.0,-0.0,20.0,20.0,40.0
HDF - Cpe de France des Clubs - Saint pol sur mer - 1er tour Coupe de France U15/17/20 Filles,2025-01-25,U13 Men 35,MONOT Simao,33.9,14.0,-16.0,16.0,18.0,19.0,21.0,16.0,21.0,37.0
HDF - Cpe de France des Clubs - Saint pol sur mer - 1er tour Coupe de France U15/17/20 Filles,2025-01-25,U13 Men 35,ECHARDOUR Kenan,31.3,-12.0,12.0,13.0,10.0,12.0,14.0,13.0,14.0,27.0
HDF - Cpe de France des Clubs - Saint pol sur mer - 1er tour Coupe de France U15/17/20 Filles,2025-01-25,U13 Men 35,RANGEL JEGAT Gabriel,29.6,10.0,-12.0,-12.0,13.0,-14.0,14.0,10.0,14.0,24.0
HDF - Cpe de France des Clubs - Saint pol sur mer - 1er tour Coupe de France U15/17/20 Filles,2025-01-25,U13 Men 45,HOYOUX Naël,41.9,26.0,28.0,30.0,36.0,38.0,40.0,30.0,40.0,70.0
HDF - Cpe de France des Clubs - Saint pol sur mer - 1er tour Coupe de France U15/17/20 Filles,2025-01-25,U13 Women 40,DELOUVÉE Alix,36.4,15.0,16.0,18.0,21.0,22.0,24.0,18.0,24.0,42.0
HDF - Cpe de France des Clubs - Saint pol sur mer - 1er tour Coupe de France U15/17/20 Filles,2025-01-25,U13 Women 45,QUEMENER Elyne,40.3,14.0,16.0,-18.0,20.0,22.0,-24.0,16.0,22.0,38.0
HDF - Cpe de France des Clubs - Saint pol sur mer - 1er tour Coupe de France U15/17/20 Filles,2025-01-25,U13 Women 49,MENGUY-GODEFROY Chloé,46.0,16.0,18.0,20.0,24.0,26.0,28.0,20.0,28.0,48.0
HDF - Cpe de France des Clubs - Saint pol sur mer - 1er tour Coupe de France U15/17/20 Filles,2025-01-25,U13 Women 55,LE LESLÉ Line,49.5,17.0,18.0,20.0,22.0,24.0,26.0,20.0,26.0,46.0
HDF - Cpe de France des Clubs - Saint pol sur mer - 1er tour Coupe de France U15/17/20 Filles,2025-01-25,U13 Women 59,DRIANT Luna,57.3,32.0,-34.0,34.0,-38.0,38.0,40.0,34.0,40.0,74.0
HDF - Cpe de France des Clubs - Saint pol sur mer - 1er tour Coupe de France U15/17/20 Filles,2025-01-25,U13 Men 35,MONOT Simao,33.9,14.0,-16.0,16.0,18.0,19.0,21.0,16.0,21.0,37.0
HDF - Cpe de France des Clubs - Saint pol sur mer - 1er tour Coupe de France U15/17/20 Filles,2025-01-25,U13 Men 35,ECHARDOUR Kenan,31.3,-12.0,12.0,13.0,10.0,12.0,14.0,13.0,14.0,27.0
HDF - Cpe de France des Clubs - Saint pol sur mer - 1er tour Coupe de France U15/17/20 Filles,2025-01-25,U13 Men 35,RANGEL JEGAT Gabriel,29.6,10.0,-12.0,-12.0,13.0,-14.0,14.0,10.0,14.0,24.0
HDF - Cpe de France des Clubs - Saint pol sur mer - 1er tour Coupe de France U15/17/20 Filles,2025-01-25,U13 Men 45,HOYOUX Naël,41.9,26.0,28.0,30.0,36.0,38.0,40.0,30.0,40.0,70.0
HDF - Cpe de France des Clubs - Saint pol sur mer - 1er tour Coupe de France U15/17/20 Filles,2025-01-25,U13 Women 40,DELOUVÉE Alix,36.4,15.0,16.0,18.0,21.0,22.0,24.0,18.0,24.0,42.0
HDF - Cpe de France des Clubs - Saint pol sur mer - 1er tour Coupe de France U15/17/20 Filles,2025-01-25,U13 Women 45,QUEMENER Elyne,40.3,14.0,16.0,-18.0,20.0,22.0,-24.0,16.0,22.0,38.0
HDF - Cpe de France des Clubs - Saint pol sur mer - 1er tour Coupe de France U15/17/20 Filles,2025-01-25,U13 Women 49,MENGUY-GODEFROY Chloé,46.0,16.0,18.0,20.0,24.0,26.0,28.0,20.0,28.0,48.0
HDF - Cpe de France des Clubs - Saint pol sur mer - 1er tour Coupe de France U15/17/20 Filles,2025-01-25,U13 Women 55,LE LESLÉ Line,49.5,17.0,18.0,20.0,22.0,24.0,26.0,20.0,26.0,46.0
HDF - Cpe de France des Clubs - Saint pol sur mer - 1er tour Coupe de France U15/17/20 Filles,2025-01-25,U13 Women 59,DRIANT Luna,57.3,32.0,-34.0,34.0,-38.0,38.0,40.0,34.0,40.0,74.0
HDF - Cpe de France des Clubs - Saint pol sur mer - 1er tour Coupe de France U15/17/20 Filles,2025-01-25,U15 Women 71,LE ROUSSEAU Lili,64.8,40.0,43.0,-46.0,48.0,54.0,-58.0,43.0,54.0,97.0
HDF - Cpe de France des Clubs - Saint pol sur mer - 1er tour Coupe de France U15/17/20 Filles,2025-01-25,U15 Women 71,DELOUVÉE Chloé,64.3,28.0,31.0,-35.0,-0.0,-0.0,-0.0,31.0,0.0,0.0
HDF - Cpe de France des Clubs - Saint pol sur mer - 1er tour Coupe de France U15/17/20 Filles,2025-01-25,U17 Women 49,GRANDMONTAGNE Chloé,47.0,36.0,40.0,-42.0,43.0,47.0,-50.0,40.0,47.0,87.0
HDF - Cpe de France des Clubs - Saint pol sur mer - 1er tour Coupe de France U15/17/20 Filles,2025-01-25,U20 Women 64,QUERE Eloïse,62.8,-58.0,58.0,-61.0,66.0,70.0,74.0,58.0,74.0,132.0
HDF - Cpe de France des Clubs - Saint pol sur mer - 1er tour Coupe de France U15/17/20 Filles,2025-01-25,U20 Women 71,QUERE Noémie,65.3,58.0,-61.0,61.0,63.0,66.0,-68.0,61.0,66.0,127.0
HDF - Cpe de France des Clubs - Saint pol sur mer - 1er tour Coupe de France U15/17/20 Filles,2025-01-25,U20 Women 81,SCOARNEC Ambre,80.3,68.0,-72.0,72.0,85.0,88.0,92.0,72.0,92.0,164.0
HDF - Cpe de France des Clubs - Saint pol sur mer - 1er tour Coupe de France U15/17/20 Filles,2025-01-25,U15 Women 71,LE ROUSSEAU Lili,64.8,40.0,43.0,-46.0,48.0,54.0,-58.0,43.0,54.0,97.0
HDF - Cpe de France des Clubs - Saint pol sur mer - 1er tour Coupe de France U15/17/20 Filles,2025-01-25,U15 Women 71,DELOUVÉE Chloé,64.3,28.0,31.0,-35.0,-0.0,-0.0,-0.0,31.0,0.0,0.0
HDF - Cpe de France des Clubs - Saint pol sur mer - 1er tour Coupe de France U15/17/20 Filles,2025-01-25,U17 Women 49,GRANDMONTAGNE Chloé,47.0,36.0,40.0,-42.0,43.0,47.0,-50.0,40.0,47.0,87.0
HDF - Cpe de France des Clubs - Saint pol sur mer - 1er tour Coupe de France U15/17/20 Filles,2025-01-25,U20 Women 64,QUERE Eloïse,62.8,-58.0,58.0,-61.0,66.0,70.0,74.0,58.0,74.0,132.0
HDF - Cpe de France des Clubs - Saint pol sur mer - 1er tour Coupe de France U15/17/20 Filles,2025-01-25,U20 Women 71,QUERE Noémie,65.3,58.0,-61.0,61.0,63.0,66.0,-68.0,61.0,66.0,127.0
HDF - Cpe de France des Clubs - Saint pol sur mer - 1er tour Coupe de France U15/17/20 Filles,2025-01-25,U20 Women 81,SCOARNEC Ambre,80.3,68.0,-72.0,72.0,85.0,88.0,92.0,72.0,92.0,164.0
HDF - Cpe de France des Clubs - Saint pol sur mer - 1er tour Coupe de France U15/17/20 Filles,2025-01-25,U17 Men 73,BESNARD Ewen,69.0,42.0,46.0,50.0,55.0,58.0,60.0,50.0,60.0,110.0
HDF - Cpe de France des Clubs - Saint pol sur mer - 1er tour Coupe de France U15/17/20 Filles,2025-01-25,U20 Men 73,SAULEAU Juluan,70.9,42.0,46.0,50.0,55.0,58.0,-62.0,50.0,58.0,108.0
HDF - Cpe de France des Clubs - Saint pol sur mer - 1er tour Coupe de France U15/17/20 Filles,2025-01-25,U20 Men 89,GUELT Louis,84.9,66.0,72.0,75.0,80.0,-85.0,-88.0,75.0,80.0,155.0
HDF - Cpe de France des Clubs - Saint pol sur mer - 1er tour Coupe de France U15/17/20 Filles,2025-01-25,U17 Men 73,BESNARD Ewen,69.0,42.0,46.0,50.0,55.0,58.0,60.0,50.0,60.0,110.0
HDF - Cpe de France des Clubs - Saint pol sur mer - 1er tour Coupe de France U15/17/20 Filles,2025-01-25,U20 Men 73,SAULEAU Juluan,70.9,42.0,46.0,50.0,55.0,58.0,-62.0,50.0,58.0,108.0
HDF - Cpe de France des Clubs - Saint pol sur mer - 1er tour Coupe de France U15/17/20 Filles,2025-01-25,U20 Men 89,GUELT Louis,84.9,66.0,72.0,75.0,80.0,-85.0,-88.0,75.0,80.0,155.0
HDF - Cpe de France des Clubs - Saint pol sur mer - 1er tour Coupe de France U15/17/20 Filles,2025-01-25,U13 Men 40,BONNENFANT Marlon,39.92,-31.0,31.0,32.0,36.0,38.0,40.0,32.0,40.0,72.0
HDF - Cpe de France des Clubs - Saint pol sur mer - 1er tour Coupe de France U15/17/20 Filles,2025-01-25,U13 Men 73,SIMONET Arthur,69.5,20.0,22.0,-24.0,23.0,25.0,27.0,22.0,27.0,49.0
HDF - Cpe de France des Clubs - Saint pol sur mer - 1er tour Coupe de France U15/17/20 Filles,2025-01-25,U13 Women 59,VENTUROLI Caly,58.66,11.0,13.0,-15.0,18.0,20.0,22.0,13.0,22.0,35.0
HDF - Cpe de France des Clubs - Saint pol sur mer - 1er tour Coupe de France U15/17/20 Filles,2025-01-25,U13 Men 40,BONNENFANT Marlon,39.92,-31.0,31.0,32.0,36.0,38.0,40.0,32.0,40.0,72.0
HDF - Cpe de France des Clubs - Saint pol sur mer - 1er tour Coupe de France U15/17/20 Filles,2025-01-25,U13 Men 73,SIMONET Arthur,69.5,20.0,22.0,-24.0,23.0,25.0,27.0,22.0,27.0,49.0
HDF - Cpe de France des Clubs - Saint pol sur mer - 1er tour Coupe de France U15/17/20 Filles,2025-01-25,U13 Women 59,VENTUROLI Caly,58.66,11.0,13.0,-15.0,18.0,20.0,22.0,13.0,22.0,35.0
HDF - Cpe de France des Clubs - Saint pol sur mer - 1er tour Coupe de France U15/17/20 Filles,2025-01-25,U15 Women 40,VACHEY Louise,30.36,7.0,11.0,13.0,11.0,13.0,18.0,13.0,18.0,31.0
HDF - Cpe de France des Clubs - Saint pol sur mer - 1er tour Coupe de France U15/17/20 Filles,2025-01-25,U15 Women 45,BESANCENOT Juliette,43.64,34.0,36.0,38.0,-44.0,44.0,47.0,38.0,47.0,85.0
HDF - Cpe de France des Clubs - Saint pol sur mer - 1er tour Coupe de France U15/17/20 Filles,2025-01-25,U15 Women 55,STATTNER Léa,51.16,29.0,32.0,35.0,39.0,43.0,46.0,35.0,46.0,81.0
HDF - Cpe de France des Clubs - Saint pol sur mer - 1er tour Coupe de France U15/17/20 Filles,2025-01-25,U15 Women 76,KOCH Melody,72.7,34.0,37.0,-39.0,42.0,45.0,48.0,37.0,48.0,85.0
HDF - Cpe de France des Clubs - Saint pol sur mer - 1er tour Coupe de France U15/17/20 Filles,2025-01-25,U17 Women 55,SIKORA Celeste,54.7,48.0,-51.0,51.0,59.0,62.0,64.0,51.0,64.0,115.0
HDF - Cpe de France des Clubs - Saint pol sur mer - 1er tour Coupe de France U15/17/20 Filles,2025-01-25,U17 Women 64,ROUSSEL Naomie,63.14,57.0,60.0,62.0,67.0,70.0,72.0,62.0,72.0,134.0
HDF - Cpe de France des Clubs - Saint pol sur mer - 1er tour Coupe de France U15/17/20 Filles,2025-01-25,U17 Women 76,MORIZOT-MUNSCHI Morgane,75.76,15.0,18.0,21.0,20.0,24.0,26.0,21.0,26.0,47.0
HDF - Cpe de France des Clubs - Saint pol sur mer - 1er tour Coupe de France U15/17/20 Filles,2025-01-25,U20 Women 55,NOÉ Maya,49.24,19.0,22.0,-25.0,25.0,29.0,32.0,22.0,32.0,54.0
HDF - Cpe de France des Clubs - Saint pol sur mer - 1er tour Coupe de France U15/17/20 Filles,2025-01-25,U20 Women 64,MARGUERAT Lola,59.66,38.0,41.0,-44.0,49.0,54.0,58.0,41.0,58.0,99.0
HDF - Cpe de France des Clubs - Saint pol sur mer - 1er tour Coupe de France U15/17/20 Filles,2025-01-25,U15 Women 40,VACHEY Louise,30.36,7.0,11.0,13.0,11.0,13.0,18.0,13.0,18.0,31.0
HDF - Cpe de France des Clubs - Saint pol sur mer - 1er tour Coupe de France U15/17/20 Filles,2025-01-25,U15 Women 45,BESANCENOT Juliette,43.64,34.0,36.0,38.0,-44.0,44.0,47.0,38.0,47.0,85.0
HDF - Cpe de France des Clubs - Saint pol sur mer - 1er tour Coupe de France U15/17/20 Filles,2025-01-25,U15 Women 55,STATTNER Léa,51.16,29.0,32.0,35.0,39.0,43.0,46.0,35.0,46.0,81.0
HDF - Cpe de France des Clubs - Saint pol sur mer - 1er tour Coupe de France U15/17/20 Filles,2025-01-25,U15 Women 76,KOCH Melody,72.7,34.0,37.0,-39.0,42.0,45.0,48.0,37.0,48.0,85.0
HDF - Cpe de France des Clubs - Saint pol sur mer - 1er tour Coupe de France U15/17/20 Filles,2025-01-25,U17 Women 55,SIKORA Celeste,54.7,48.0,-51.0,51.0,59.0,62.0,64.0,51.0,64.0,115.0
HDF - Cpe de France des Clubs - Saint pol sur mer - 1er tour Coupe de France U15/17/20 Filles,2025-01-25,U17 Women 64,ROUSSEL Naomie,63.14,57.0,60.0,62.0,67.0,70.0,72.0,62.0,72.0,134.0
HDF - Cpe de France des Clubs - Saint pol sur mer - 1er tour Coupe de France U15/17/20 Filles,2025-01-25,U17 Women 76,MORIZOT-MUNSCHI Morgane,75.76,15.0,18.0,21.0,20.0,24.0,26.0,21.0,26.0,47.0
HDF - Cpe de France des Clubs - Saint pol sur mer - 1er tour Coupe de France U15/17/20 Filles,2025-01-25,U20 Women 55,NOÉ Maya,49.24,19.0,22.0,-25.0,25.0,29.0,32.0,22.0,32.0,54.0
HDF - Cpe de France des Clubs - Saint pol sur mer - 1er tour Coupe de France U15/17/20 Filles,2025-01-25,U20 Women 64,MARGUERAT Lola,59.66,38.0,41.0,-44.0,49.0,54.0,58.0,41.0,58.0,99.0
HDF - Cpe de France des Clubs - Saint pol sur mer - 1er tour Coupe de France U15/17/20 Filles,2025-01-25,U15 Women 49,DIDRY Lucie,48.22,22.0,24.0,26.0,28.0,-31.0,31.0,26.0,31.0,57.0
HDF - Cpe de France des Clubs - Saint pol sur mer - 1er tour Coupe de France U15/17/20 Filles,2025-01-25,U20 Women 64,ROMERO Clara,62.0,15.0,-0.0,-0.0,20.0,-0.0,-0.0,15.0,20.0,35.0
HDF - Cpe de France des Clubs - Saint pol sur mer - 1er tour Coupe de France U15/17/20 Filles,2025-01-25,SEN Women 59,ANTOINE Nathalie,57.86,17.0,18.0,21.0,20.0,23.0,25.0,21.0,25.0,46.0
HDF - Cpe de France des Clubs - Saint pol sur mer - 1er tour Coupe de France U15/17/20 Filles,2025-01-25,SEN Women 59,CASTELLANE Mireille,58.9,15.0,18.0,-20.0,18.0,20.0,22.0,18.0,22.0,40.0
HDF - Cpe de France des Clubs - Saint pol sur mer - 1er tour Coupe de France U15/17/20 Filles,2025-01-25,SEN Women 64,SCHNELLER Justine,62.96,60.0,64.0,66.0,76.0,-81.0,-81.0,66.0,76.0,142.0
HDF - Cpe de France des Clubs - Saint pol sur mer - 1er tour Coupe de France U15/17/20 Filles,2025-01-25,SEN Women 71,ULDRY Deborah,64.02,60.0,65.0,-70.0,71.0,76.0,80.0,65.0,80.0,145.0
HDF - Cpe de France des Clubs - Saint pol sur mer - 1er tour Coupe de France U15/17/20 Filles,2025-01-25,SEN Women 71,JULLIEN Morgane,67.88,49.0,55.0,-60.0,69.0,74.0,-77.0,55.0,74.0,129.0
HDF - Cpe de France des Clubs - Saint pol sur mer - 1er tour Coupe de France U15/17/20 Filles,2025-01-25,SEN Women 71,BOUKO Oceane,68.88,35.0,38.0,41.0,47.0,52.0,55.0,41.0,55.0,96.0
HDF - Cpe de France des Clubs - Saint pol sur mer - 1er tour Coupe de France U15/17/20 Filles,2025-01-25,SEN Men 55,MENARD Louis,53.6,-48.0,48.0,-52.0,60.0,64.0,-68.0,48.0,64.0,112.0
HDF - Cpe de France des Clubs - Saint pol sur mer - 1er tour Coupe de France U15/17/20 Filles,2025-01-25,SEN Men 73,CUVILLIER Valentin,72.7,108.0,116.0,122.0,130.0,138.0,145.0,122.0,145.0,267.0
HDF - Cpe de France des Clubs - Saint pol sur mer - 1er tour Coupe de France U15/17/20 Filles,2025-01-25,SEN Men 73,ALVES Michel,72.5,60.0,-70.0,-70.0,65.0,70.0,-0.0,60.0,70.0,130.0
HDF - Cpe de France des Clubs - Saint pol sur mer - 1er tour Coupe de France U15/17/20 Filles,2025-01-25,SEN Men 81,MARTINS Geoffrey,78.0,56.0,60.0,63.0,75.0,82.0,-87.0,63.0,82.0,145.0
HDF - Cpe de France des Clubs - Saint pol sur mer - 1er tour Coupe de France U15/17/20 Filles,2025-01-25,SEN Men 81,TIRBISCH Patrice,76.9,47.0,51.0,53.0,70.0,75.0,78.0,53.0,78.0,131.0
HDF - Cpe de France des Clubs - Saint pol sur mer - 1er tour Coupe de France U15/17/20 Filles,2025-01-25,SEN Men 81,MAGADA Bastien,80.3,50.0,-52.0,52.0,75.0,-82.0,82.0,52.0,82.0,134.0
HDF - Cpe de France des Clubs - Saint pol sur mer - 1er tour Coupe de France U15/17/20 Filles,2025-01-25,SEN Men 89,FERSING Kevin,84.3,-87.0,87.0,90.0,103.0,109.0,-112.0,90.0,109.0,199.0
HDF - Cpe de France des Clubs - Saint pol sur mer - 1er tour Coupe de France U15/17/20 Filles,2025-01-25,SEN Men 102,FLAUS Dylan,98.9,125.0,132.0,-136.0,145.0,155.0,165.0,132.0,165.0,297.0
HDF - Cpe de France des Clubs - Saint pol sur mer - 1er tour Coupe de France U15/17/20 Filles,2025-01-25,SEN Men 109,PARISOT Nicolas,104.5,78.0,82.0,87.0,100.0,105.0,-110.0,87.0,105.0,192.0
HDF - Cpe de France des Clubs - Saint pol sur mer - 1er tour Coupe de France U15/17/20 Filles,2025-01-25,U15 Women 49,DIDRY Lucie,48.22,22.0,24.0,26.0,28.0,-31.0,31.0,26.0,31.0,57.0
HDF - Cpe de France des Clubs - Saint pol sur mer - 1er tour Coupe de France U15/17/20 Filles,2025-01-25,U20 Women 64,ROMERO Clara,62.0,15.0,-0.0,-0.0,20.0,-0.0,-0.0,15.0,20.0,35.0
HDF - Cpe de France des Clubs - Saint pol sur mer - 1er tour Coupe de France U15/17/20 Filles,2025-01-25,SEN Women 59,ANTOINE Nathalie,57.86,17.0,18.0,21.0,20.0,23.0,25.0,21.0,25.0,46.0
HDF - Cpe de France des Clubs - Saint pol sur mer - 1er tour Coupe de France U15/17/20 Filles,2025-01-25,SEN Women 59,CASTELLANE Mireille,58.9,15.0,18.0,-20.0,18.0,20.0,22.0,18.0,22.0,40.0
HDF - Cpe de France des Clubs - Saint pol sur mer - 1er tour Coupe de France U15/17/20 Filles,2025-01-25,SEN Women 64,SCHNELLER Justine,62.96,60.0,64.0,66.0,76.0,-81.0,-81.0,66.0,76.0,142.0
HDF - Cpe de France des Clubs - Saint pol sur mer - 1er tour Coupe de France U15/17/20 Filles,2025-01-25,SEN Women 71,ULDRY Deborah,64.02,60.0,65.0,-70.0,71.0,76.0,80.0,65.0,80.0,145.0
HDF - Cpe de France des Clubs - Saint pol sur mer - 1er tour Coupe de France U15/17/20 Filles,2025-01-25,SEN Women 71,JULLIEN Morgane,67.88,49.0,55.0,-60.0,69.0,74.0,-77.0,55.0,74.0,129.0
HDF - Cpe de France des Clubs - Saint pol sur mer - 1er tour Coupe de France U15/17/20 Filles,2025-01-25,SEN Women 71,BOUKO Oceane,68.88,35.0,38.0,41.0,47.0,52.0,55.0,41.0,55.0,96.0
HDF - Cpe de France des Clubs - Saint pol sur mer - 1er tour Coupe de France U15/17/20 Filles,2025-01-25,SEN Men 55,MENARD Louis,53.6,-48.0,48.0,-52.0,60.0,64.0,-68.0,48.0,64.0,112.0
HDF - Cpe de France des Clubs - Saint pol sur mer - 1er tour Coupe de France U15/17/20 Filles,2025-01-25,SEN Men 73,CUVILLIER Valentin,72.7,108.0,116.0,122.0,130.0,138.0,145.0,122.0,145.0,267.0
HDF - Cpe de France des Clubs - Saint pol sur mer - 1er tour Coupe de France U15/17/20 Filles,2025-01-25,SEN Men 73,ALVES Michel,72.5,60.0,-70.0,-70.0,65.0,70.0,-0.0,60.0,70.0,130.0
HDF - Cpe de France des Clubs - Saint pol sur mer - 1er tour Coupe de France U15/17/20 Filles,2025-01-25,SEN Men 81,MARTINS Geoffrey,78.0,56.0,60.0,63.0,75.0,82.0,-87.0,63.0,82.0,145.0
HDF - Cpe de France des Clubs - Saint pol sur mer - 1er tour Coupe de France U15/17/20 Filles,2025-01-25,SEN Men 81,TIRBISCH Patrice,76.9,47.0,51.0,53.0,70.0,75.0,78.0,53.0,78.0,131.0
HDF - Cpe de France des Clubs - Saint pol sur mer - 1er tour Coupe de France U15/17/20 Filles,2025-01-25,SEN Men 81,MAGADA Bastien,80.3,50.0,-52.0,52.0,75.0,-82.0,82.0,52.0,82.0,134.0
HDF - Cpe de France des Clubs - Saint pol sur mer - 1er tour Coupe de France U15/17/20 Filles,2025-01-25,SEN Men 89,FERSING Kevin,84.3,-87.0,87.0,90.0,103.0,109.0,-112.0,90.0,109.0,199.0
HDF - Cpe de France des Clubs - Saint pol sur mer - 1er tour Coupe de France U15/17/20 Filles,2025-01-25,SEN Men 102,FLAUS Dylan,98.9,125.0,132.0,-136.0,145.0,155.0,165.0,132.0,165.0,297.0
HDF - Cpe de France des Clubs - Saint pol sur mer - 1er tour Coupe de France U15/17/20 Filles,2025-01-25,SEN Men 109,PARISOT Nicolas,104.5,78.0,82.0,87.0,100.0,105.0,-110.0,87.0,105.0,192.0
HDF - Cpe de France des Clubs - Saint pol sur mer - 1er tour Coupe de France U15/17/20 Filles,2025-01-25,U17 Men 55,HOUPE Melvin,54.9,42.0,45.0,48.0,53.0,58.0,62.0,48.0,62.0,110.0
HDF - Cpe de France des Clubs - Saint pol sur mer - 1er tour Coupe de France U15/17/20 Filles,2025-01-25,U20 Men 73,BAUMGARTNER Nohan,72.58,65.0,69.0,72.0,90.0,95.0,-100.0,72.0,95.0,167.0
HDF - Cpe de France des Clubs - Saint pol sur mer - 1er tour Coupe de France U15/17/20 Filles,2025-01-25,U20 Men 109,MONNEREAU Julien,104.28,78.0,82.0,86.0,110.0,114.0,116.0,86.0,116.0,202.0
HDF - Cpe de France des Clubs - Saint pol sur mer - 1er tour Coupe de France U15/17/20 Filles,2025-01-25,SEN Men 81,PIVAIN Romaric,78.74,60.0,65.0,-67.0,80.0,-85.0,-85.0,65.0,80.0,145.0
HDF - Cpe de France des Clubs - Saint pol sur mer - 1er tour Coupe de France U15/17/20 Filles,2025-01-25,SEN Men 89,BERGER Emerick,88.0,103.0,107.0,110.0,125.0,130.0,-131.0,110.0,130.0,240.0
HDF - Cpe de France des Clubs - Saint pol sur mer - 1er tour Coupe de France U15/17/20 Filles,2025-01-25,SEN Men 102,BEAUDOIN Theo,100.76,100.0,105.0,-108.0,115.0,120.0,125.0,105.0,125.0,230.0
HDF - Cpe de France des Clubs - Saint pol sur mer - 1er tour Coupe de France U15/17/20 Filles,2025-01-25,U17 Women 55,CARON Amandine,53.56,30.0,33.0,35.0,36.0,39.0,42.0,35.0,42.0,77.0
HDF - Cpe de France des Clubs - Saint pol sur mer - 1er tour Coupe de France U15/17/20 Filles,2025-01-25,U20 Women 71,CARON Lea,65.44,48.0,51.0,53.0,60.0,64.0,-66.0,53.0,64.0,117.0
HDF - Cpe de France des Clubs - Saint pol sur mer - 1er tour Coupe de France U15/17/20 Filles,2025-01-25,SEN Women 49,THIERRY Charlotte,48.44,58.0,62.0,64.0,75.0,-80.0,-81.0,64.0,75.0,139.0
HDF - Cpe de France des Clubs - Saint pol sur mer - 1er tour Coupe de France U15/17/20 Filles,2025-01-25,SEN Women 71,BAULOT Alison,68.74,53.0,56.0,58.0,62.0,64.0,-66.0,58.0,64.0,122.0
HDF - Cpe de France des Clubs - Saint pol sur mer - 1er tour Coupe de France U15/17/20 Filles,2025-01-25,SEN Women 76,SANIEZ Adeline,73.56,40.0,43.0,46.0,57.0,-61.0,-61.0,46.0,57.0,103.0
HDF - Cpe de France des Clubs - Saint pol sur mer - 1er tour Coupe de France U15/17/20 Filles,2025-01-25,SEN Women 76,THIEBAULT Constance,71.82,40.0,-43.0,-43.0,47.0,51.0,-55.0,40.0,51.0,91.0
HDF - Cpe de France des Clubs - Saint pol sur mer - 1er tour Coupe de France U15/17/20 Filles,2025-01-25,U17 Men 55,HOUPE Melvin,54.9,42.0,45.0,48.0,53.0,58.0,62.0,48.0,62.0,110.0
HDF - Cpe de France des Clubs - Saint pol sur mer - 1er tour Coupe de France U15/17/20 Filles,2025-01-25,U20 Men 73,BAUMGARTNER Nohan,72.58,65.0,69.0,72.0,90.0,95.0,-100.0,72.0,95.0,167.0
HDF - Cpe de France des Clubs - Saint pol sur mer - 1er tour Coupe de France U15/17/20 Filles,2025-01-25,U20 Men 109,MONNEREAU Julien,104.28,78.0,82.0,86.0,110.0,114.0,116.0,86.0,116.0,202.0
HDF - Cpe de France des Clubs - Saint pol sur mer - 1er tour Coupe de France U15/17/20 Filles,2025-01-25,SEN Men 81,PIVAIN Romaric,78.74,60.0,65.0,-67.0,80.0,-85.0,-85.0,65.0,80.0,145.0
HDF - Cpe de France des Clubs - Saint pol sur mer - 1er tour Coupe de France U15/17/20 Filles,2025-01-25,SEN Men 89,BERGER Emerick,88.0,103.0,107.0,110.0,125.0,130.0,-131.0,110.0,130.0,240.0
HDF - Cpe de France des Clubs - Saint pol sur mer - 1er tour Coupe de France U15/17/20 Filles,2025-01-25,SEN Men 102,BEAUDOIN Theo,100.76,100.0,105.0,-108.0,115.0,120.0,125.0,105.0,125.0,230.0
HDF - Cpe de France des Clubs - Saint pol sur mer - 1er tour Coupe de France U15/17/20 Filles,2025-01-25,U17 Women 55,CARON Amandine,53.56,30.0,33.0,35.0,36.0,39.0,42.0,35.0,42.0,77.0
HDF - Cpe de France des Clubs - Saint pol sur mer - 1er tour Coupe de France U15/17/20 Filles,2025-01-25,U20 Women 71,CARON Lea,65.44,48.0,51.0,53.0,60.0,64.0,-66.0,53.0,64.0,117.0
HDF - Cpe de France des Clubs - Saint pol sur mer - 1er tour Coupe de France U15/17/20 Filles,2025-01-25,SEN Women 49,THIERRY Charlotte,48.44,58.0,62.0,64.0,75.0,-80.0,-81.0,64.0,75.0,139.0
HDF - Cpe de France des Clubs - Saint pol sur mer - 1er tour Coupe de France U15/17/20 Filles,2025-01-25,SEN Women 71,BAULOT Alison,68.74,53.0,56.0,58.0,62.0,64.0,-66.0,58.0,64.0,122.0
HDF - Cpe de France des Clubs - Saint pol sur mer - 1er tour Coupe de France U15/17/20 Filles,2025-01-25,SEN Women 76,SANIEZ Adeline,73.56,40.0,43.0,46.0,57.0,-61.0,-61.0,46.0,57.0,103.0
HDF - Cpe de France des Clubs - Saint pol sur mer - 1er tour Coupe de France U15/17/20 Filles,2025-01-25,SEN Women 76,THIEBAULT Constance,71.82,40.0,-43.0,-43.0,47.0,51.0,-55.0,40.0,51.0,91.0
HDF - Cpe de France des Clubs - Saint pol sur mer - 1er tour Coupe de France U15/17/20 Filles,2025-01-25,U15 Men 49,DOS SANTOS Paolo,41.7,35.0,38.0,40.0,44.0,47.0,50.0,40.0,50.0,90.0
HDF - Cpe de France des Clubs - Saint pol sur mer - 1er tour Coupe de France U15/17/20 Filles,2025-01-25,U15 Men 55,LEGOUX Jules,50.5,42.0,45.0,48.0,52.0,55.0,58.0,48.0,58.0,106.0
HDF - Cpe de France des Clubs - Saint pol sur mer - 1er tour Coupe de France U15/17/20 Filles,2025-01-25,U15 Men 55,PRETET Victor,52.9,33.0,36.0,39.0,42.0,45.0,-50.0,39.0,45.0,84.0
HDF - Cpe de France des Clubs - Saint pol sur mer - 1er tour Coupe de France U15/17/20 Filles,2025-01-25,U15 Men 55,AUGER Louis-alexandre,54.0,20.0,23.0,25.0,25.0,-28.0,28.0,25.0,28.0,53.0
HDF - Cpe de France des Clubs - Saint pol sur mer - 1er tour Coupe de France U15/17/20 Filles,2025-01-25,U15 Men >102,DEFIOBANA Ange,145.0,40.0,-45.0,47.0,50.0,55.0,-60.0,47.0,55.0,102.0
HDF - Cpe de France des Clubs - Saint pol sur mer - 1er tour Coupe de France U15/17/20 Filles,2025-01-25,U17 Men 73,PATOUREAUX Logan,71.3,33.0,-36.0,36.0,40.0,45.0,50.0,36.0,50.0,86.0
HDF - Cpe de France des Clubs - Saint pol sur mer - 1er tour Coupe de France U15/17/20 Filles,2025-01-25,U15 Men 49,DOS SANTOS Paolo,41.7,35.0,38.0,40.0,44.0,47.0,50.0,40.0,50.0,90.0
HDF - Cpe de France des Clubs - Saint pol sur mer - 1er tour Coupe de France U15/17/20 Filles,2025-01-25,U15 Men 55,LEGOUX Jules,50.5,42.0,45.0,48.0,52.0,55.0,58.0,48.0,58.0,106.0
HDF - Cpe de France des Clubs - Saint pol sur mer - 1er tour Coupe de France U15/17/20 Filles,2025-01-25,U15 Men 55,PRETET Victor,52.9,33.0,36.0,39.0,42.0,45.0,-50.0,39.0,45.0,84.0
HDF - Cpe de France des Clubs - Saint pol sur mer - 1er tour Coupe de France U15/17/20 Filles,2025-01-25,U15 Men 55,AUGER Louis-alexandre,54.0,20.0,23.0,25.0,25.0,-28.0,28.0,25.0,28.0,53.0
HDF - Cpe de France des Clubs - Saint pol sur mer - 1er tour Coupe de France U15/17/20 Filles,2025-01-25,U15 Men >102,DEFIOBANA Ange,145.0,40.0,-45.0,47.0,50.0,55.0,-60.0,47.0,55.0,102.0
HDF - Cpe de France des Clubs - Saint pol sur mer - 1er tour Coupe de France U15/17/20 Filles,2025-01-25,U17 Men 73,PATOUREAUX Logan,71.3,33.0,-36.0,36.0,40.0,45.0,50.0,36.0,50.0,86.0
HDF - Cpe de France des Clubs - Saint pol sur mer - 1er tour Coupe de France U15/17/20 Filles,2025-01-25,U15 Men 49,PAIN Jossua,37.8,12.0,-13.0,13.0,12.0,14.0,16.0,13.0,16.0,29.0
HDF - Cpe de France des Clubs - Saint pol sur mer - 1er tour Coupe de France U15/17/20 Filles,2025-01-25,U15 Men 55,LEFORT Ilario,54.6,31.0,35.0,-37.0,38.0,41.0,44.0,35.0,44.0,79.0
HDF - Cpe de France des Clubs - Saint pol sur mer - 1er tour Coupe de France U15/17/20 Filles,2025-01-25,U17 Men 55,DUPONT Noah,52.8,20.0,23.0,25.0,20.0,25.0,27.0,25.0,27.0,52.0
HDF - Cpe de France des Clubs - Saint pol sur mer - 1er tour Coupe de France U15/17/20 Filles,2025-01-25,U17 Men 61,OSMOND Clément,57.3,20.0,-23.0,25.0,20.0,25.0,28.0,25.0,28.0,53.0
HDF - Cpe de France des Clubs - Saint pol sur mer - 1er tour Coupe de France U15/17/20 Filles,2025-01-25,U20 Men 89,JEAN Jhon-shley,83.0,50.0,-60.0,60.0,60.0,70.0,-80.0,60.0,70.0,130.0
HDF - Cpe de France des Clubs - Saint pol sur mer - 1er tour Coupe de France U15/17/20 Filles,2025-01-25,U20 Men 96,STEIB Enzo,95.3,40.0,50.0,-60.0,50.0,60.0,70.0,50.0,70.0,120.0
HDF - Cpe de France des Clubs - Saint pol sur mer - 1er tour Coupe de France U15/17/20 Filles,2025-01-25,U15 Men 49,PAIN Jossua,37.8,12.0,-13.0,13.0,12.0,14.0,16.0,13.0,16.0,29.0
HDF - Cpe de France des Clubs - Saint pol sur mer - 1er tour Coupe de France U15/17/20 Filles,2025-01-25,U15 Men 55,LEFORT Ilario,54.6,31.0,35.0,-37.0,38.0,41.0,44.0,35.0,44.0,79.0
HDF - Cpe de France des Clubs - Saint pol sur mer - 1er tour Coupe de France U15/17/20 Filles,2025-01-25,U17 Men 55,DUPONT Noah,52.8,20.0,23.0,25.0,20.0,25.0,27.0,25.0,27.0,52.0
HDF - Cpe de France des Clubs - Saint pol sur mer - 1er tour Coupe de France U15/17/20 Filles,2025-01-25,U17 Men 61,OSMOND Clément,57.3,20.0,-23.0,25.0,20.0,25.0,28.0,25.0,28.0,53.0
HDF - Cpe de France des Clubs - Saint pol sur mer - 1er tour Coupe de France U15/17/20 Filles,2025-01-25,U20 Men 89,JEAN Jhon-shley,83.0,50.0,-60.0,60.0,60.0,70.0,-80.0,60.0,70.0,130.0
HDF - Cpe de France des Clubs - Saint pol sur mer - 1er tour Coupe de France U15/17/20 Filles,2025-01-25,U20 Men 96,STEIB Enzo,95.3,40.0,50.0,-60.0,50.0,60.0,70.0,50.0,70.0,120.0
HDF - Cpe de France des Clubs - Saint pol sur mer - 1er tour Coupe de France U15/17/20 Filles,2025-01-25,U13 Men 49,CHOURRET Camille,48.8,26.0,28.0,30.0,33.0,35.0,37.0,30.0,37.0,67.0
HDF - Cpe de France des Clubs - Saint pol sur mer - 1er tour Coupe de France U15/17/20 Filles,2025-01-25,U13 Men 55,SKUPIEN LECLERC Leo,51.9,20.0,22.0,-23.0,27.0,28.0,30.0,22.0,30.0,52.0
HDF - Cpe de France des Clubs - Saint pol sur mer - 1er tour Coupe de France U15/17/20 Filles,2025-01-25,U13 Men 61,FRAZEY Alistair,60.8,18.0,20.0,-22.0,24.0,26.0,27.0,20.0,27.0,47.0
HDF - Cpe de France des Clubs - Saint pol sur mer - 1er tour Coupe de France U15/17/20 Filles,2025-01-25,U13 Women 40,FENNANE Israe,37.0,12.0,14.0,16.0,15.0,17.0,-19.0,16.0,17.0,33.0
HDF - Cpe de France des Clubs - Saint pol sur mer - 1er tour Coupe de France U15/17/20 Filles,2025-01-25,U13 Women 45,FOUGERON Marie mai,42.8,13.0,15.0,17.0,18.0,20.0,22.0,17.0,22.0,39.0
HDF - Cpe de France des Clubs - Saint pol sur mer - 1er tour Coupe de France U15/17/20 Filles,2025-01-25,U13 Women 55,CISSE Sarah,52.4,23.0,24.0,26.0,28.0,29.0,30.0,26.0,30.0,56.0
HDF - Cpe de France des Clubs - Saint pol sur mer - 1er tour Coupe de France U15/17/20 Filles,2025-01-25,U13 Men 49,CHOURRET Camille,48.8,26.0,28.0,30.0,33.0,35.0,37.0,30.0,37.0,67.0
HDF - Cpe de France des Clubs - Saint pol sur mer - 1er tour Coupe de France U15/17/20 Filles,2025-01-25,U13 Men 55,SKUPIEN LECLERC Leo,51.9,20.0,22.0,-23.0,27.0,28.0,30.0,22.0,30.0,52.0
HDF - Cpe de France des Clubs - Saint pol sur mer - 1er tour Coupe de France U15/17/20 Filles,2025-01-25,U13 Men 61,FRAZEY Alistair,60.8,18.0,20.0,-22.0,24.0,26.0,27.0,20.0,27.0,47.0
HDF - Cpe de France des Clubs - Saint pol sur mer - 1er tour Coupe de France U15/17/20 Filles,2025-01-25,U13 Women 40,FENNANE Israe,37.0,12.0,14.0,16.0,15.0,17.0,-19.0,16.0,17.0,33.0
HDF - Cpe de France des Clubs - Saint pol sur mer - 1er tour Coupe de France U15/17/20 Filles,2025-01-25,U13 Women 45,FOUGERON Marie mai,42.8,13.0,15.0,17.0,18.0,20.0,22.0,17.0,22.0,39.0
HDF - Cpe de France des Clubs - Saint pol sur mer - 1er tour Coupe de France U15/17/20 Filles,2025-01-25,U13 Women 55,CISSE Sarah,52.4,23.0,24.0,26.0,28.0,29.0,30.0,26.0,30.0,56.0
HDF - Cpe de France des Clubs - Saint pol sur mer - 1er tour Coupe de France U15/17/20 Filles,2025-01-25,U17 Women 59,LIENGA Gaelle,57.2,23.0,25.0,27.0,30.0,32.0,-34.0,27.0,32.0,59.0
HDF - Cpe de France des Clubs - Saint pol sur mer - 1er tour Coupe de France U15/17/20 Filles,2025-01-25,U20 Women 59,BEATO Ambre,59.0,42.0,45.0,-47.0,55.0,59.0,-61.0,45.0,59.0,104.0
HDF - Cpe de France des Clubs - Saint pol sur mer - 1er tour Coupe de France U15/17/20 Filles,2025-01-25,U20 Women 71,M'VOUMINI Jeffy,66.6,50.0,53.0,-55.0,63.0,67.0,70.0,53.0,70.0,123.0
HDF - Cpe de France des Clubs - Saint pol sur mer - 1er tour Coupe de France U15/17/20 Filles,2025-01-25,U17 Women 59,LIENGA Gaelle,57.2,23.0,25.0,27.0,30.0,32.0,-34.0,27.0,32.0,59.0
HDF - Cpe de France des Clubs - Saint pol sur mer - 1er tour Coupe de France U15/17/20 Filles,2025-01-25,U20 Women 59,BEATO Ambre,59.0,42.0,45.0,-47.0,55.0,59.0,-61.0,45.0,59.0,104.0
HDF - Cpe de France des Clubs - Saint pol sur mer - 1er tour Coupe de France U15/17/20 Filles,2025-01-25,U20 Women 71,M'VOUMINI Jeffy,66.6,50.0,53.0,-55.0,63.0,67.0,70.0,53.0,70.0,123.0
HDF - Cpe de France des Clubs - Saint pol sur mer - 1er tour Coupe de France U15/17/20 Filles,2025-01-25,SEN Men 81,GAY Ludovic,80.8,110.0,115.0,120.0,145.0,150.0,155.0,120.0,155.0,275.0
HDF - Cpe de France des Clubs - Saint pol sur mer - 1er tour Coupe de France U15/17/20 Filles,2025-01-25,SEN Men 81,MICHEL Anthony,73.2,67.0,-70.0,-70.0,91.0,95.0,98.0,67.0,98.0,165.0
HDF - Cpe de France des Clubs - Saint pol sur mer - 1er tour Coupe de France U15/17/20 Filles,2025-01-25,SEN Men 89,DACHICOURT Remi,85.9,97.0,-100.0,101.0,127.0,130.0,-135.0,101.0,130.0,231.0
HDF - Cpe de France des Clubs - Saint pol sur mer - 1er tour Coupe de France U15/17/20 Filles,2025-01-25,SEN Men 89,COSTENOBLE Thadde,86.3,92.0,96.0,100.0,-118.0,118.0,123.0,100.0,123.0,223.0
HDF - Cpe de France des Clubs - Saint pol sur mer - 1er tour Coupe de France U15/17/20 Filles,2025-01-25,SEN Men 89,LELIEVRE Robin,87.9,-90.0,-93.0,93.0,120.0,125.0,-130.0,93.0,125.0,218.0
HDF - Cpe de France des Clubs - Saint pol sur mer - 1er tour Coupe de France U15/17/20 Filles,2025-01-25,SEN Men 102,GALLAND Joey,96.9,93.0,97.0,100.0,125.0,-130.0,-130.0,100.0,125.0,225.0
HDF - Cpe de France des Clubs - Saint pol sur mer - 1er tour Coupe de France U15/17/20 Filles,2025-01-25,SEN Women 55,ETIENNE Morgane,54.6,43.0,45.0,46.0,54.0,57.0,-59.0,46.0,57.0,103.0
HDF - Cpe de France des Clubs - Saint pol sur mer - 1er tour Coupe de France U15/17/20 Filles,2025-01-25,SEN Women 55,ANOUAR Yasmine,53.5,41.0,43.0,45.0,46.0,-49.0,49.0,45.0,49.0,94.0
HDF - Cpe de France des Clubs - Saint pol sur mer - 1er tour Coupe de France U15/17/20 Filles,2025-01-25,SEN Women 59,GOUJEAU Johanna,57.1,43.0,45.0,47.0,58.0,61.0,63.0,47.0,63.0,110.0
HDF - Cpe de France des Clubs - Saint pol sur mer - 1er tour Coupe de France U15/17/20 Filles,2025-01-25,SEN Women 64,ARNAUD Enora,59.8,41.0,43.0,45.0,58.0,61.0,-63.0,45.0,61.0,106.0
HDF - Cpe de France des Clubs - Saint pol sur mer - 1er tour Coupe de France U15/17/20 Filles,2025-01-25,SEN Women 64,DOS SANTOS BARBOSA Nuria,60.2,43.0,45.0,-46.0,-55.0,55.0,57.0,45.0,57.0,102.0
HDF - Cpe de France des Clubs - Saint pol sur mer - 1er tour Coupe de France U15/17/20 Filles,2025-01-25,SEN Women >87,LINGUET Ingrid,101.0,72.0,-74.0,75.0,86.0,89.0,-91.0,75.0,89.0,164.0
HDF - Cpe de France des Clubs - Saint pol sur mer - 1er tour Coupe de France U15/17/20 Filles,2025-01-25,SEN Men 81,GAY Ludovic,80.8,110.0,115.0,120.0,145.0,150.0,155.0,120.0,155.0,275.0
HDF - Cpe de France des Clubs - Saint pol sur mer - 1er tour Coupe de France U15/17/20 Filles,2025-01-25,SEN Men 81,MICHEL Anthony,73.2,67.0,-70.0,-70.0,91.0,95.0,98.0,67.0,98.0,165.0
HDF - Cpe de France des Clubs - Saint pol sur mer - 1er tour Coupe de France U15/17/20 Filles,2025-01-25,SEN Men 89,DACHICOURT Remi,85.9,97.0,-100.0,101.0,127.0,130.0,-135.0,101.0,130.0,231.0
HDF - Cpe de France des Clubs - Saint pol sur mer - 1er tour Coupe de France U15/17/20 Filles,2025-01-25,SEN Men 89,COSTENOBLE Thadde,86.3,92.0,96.0,100.0,-118.0,118.0,123.0,100.0,123.0,223.0
HDF - Cpe de France des Clubs - Saint pol sur mer - 1er tour Coupe de France U15/17/20 Filles,2025-01-25,SEN Men 89,LELIEVRE Robin,87.9,-90.0,-93.0,93.0,120.0,125.0,-130.0,93.0,125.0,218.0
HDF - Cpe de France des Clubs - Saint pol sur mer - 1er tour Coupe de France U15/17/20 Filles,2025-01-25,SEN Men 102,GALLAND Joey,96.9,93.0,97.0,100.0,125.0,-130.0,-130.0,100.0,125.0,225.0
HDF - Cpe de France des Clubs - Saint pol sur mer - 1er tour Coupe de France U15/17/20 Filles,2025-01-25,SEN Women 55,ETIENNE Morgane,54.6,43.0,45.0,46.0,54.0,57.0,-59.0,46.0,57.0,103.0
HDF - Cpe de France des Clubs - Saint pol sur mer - 1er tour Coupe de France U15/17/20 Filles,2025-01-25,SEN Women 55,ANOUAR Yasmine,53.5,41.0,43.0,45.0,46.0,-49.0,49.0,45.0,49.0,94.0
HDF - Cpe de France des Clubs - Saint pol sur mer - 1er tour Coupe de France U15/17/20 Filles,2025-01-25,SEN Women 59,GOUJEAU Johanna,57.1,43.0,45.0,47.0,58.0,61.0,63.0,47.0,63.0,110.0
HDF - Cpe de France des Clubs - Saint pol sur mer - 1er tour Coupe de France U15/17/20 Filles,2025-01-25,SEN Women 64,ARNAUD Enora,59.8,41.0,43.0,45.0,58.0,61.0,-63.0,45.0,61.0,106.0
HDF - Cpe de France des Clubs - Saint pol sur mer - 1er tour Coupe de France U15/17/20 Filles,2025-01-25,SEN Women 64,DOS SANTOS BARBOSA Nuria,60.2,43.0,45.0,-46.0,-55.0,55.0,57.0,45.0,57.0,102.0
HDF - Cpe de France des Clubs - Saint pol sur mer - 1er tour Coupe de France U15/17/20 Filles,2025-01-25,SEN Women >87,LINGUET Ingrid,101.0,72.0,-74.0,75.0,86.0,89.0,-91.0,75.0,89.0,164.0
HDF - Cpe de France des Clubs - Saint pol sur mer - 1er tour Coupe de France U15/17/20 Filles,2025-01-25,U15 Men 55,SANTOSUOSSO BOLENDER Roman,53.2,20.0,23.0,25.0,30.0,33.0,35.0,25.0,35.0,60.0
HDF - Cpe de France des Clubs - Saint pol sur mer - 1er tour Coupe de France U15/17/20 Filles,2025-01-25,U17 Men 67,ROISER Louis,63.3,48.0,53.0,57.0,60.0,65.0,-73.0,57.0,65.0,122.0
HDF - Cpe de France des Clubs - Saint pol sur mer - 1er tour Coupe de France U15/17/20 Filles,2025-01-25,U17 Men 67,ZAMBRANO PACHECO Santiago,63.8,35.0,38.0,40.0,43.0,47.0,50.0,40.0,50.0,90.0
HDF - Cpe de France des Clubs - Saint pol sur mer - 1er tour Coupe de France U15/17/20 Filles,2025-01-25,U17 Men 67,SERVOUZE Rafael,65.0,23.0,26.0,30.0,28.0,-30.0,30.0,30.0,30.0,60.0
HDF - Cpe de France des Clubs - Saint pol sur mer - 1er tour Coupe de France U15/17/20 Filles,2025-01-25,U20 Men 55,CHAMPIGNY Enzo,53.3,45.0,48.0,-50.0,60.0,-63.0,65.0,48.0,65.0,113.0
HDF - Cpe de France des Clubs - Saint pol sur mer - 1er tour Coupe de France U15/17/20 Filles,2025-01-25,U20 Men 61,PORCHER Clément,57.6,40.0,43.0,-45.0,50.0,53.0,-55.0,43.0,53.0,96.0
HDF - Cpe de France des Clubs - Saint pol sur mer - 1er tour Coupe de France U15/17/20 Filles,2025-01-25,U20 Men 73,MARIE BACKIT BESLU Kenji,67.1,70.0,73.0,75.0,95.0,100.0,-105.0,75.0,100.0,175.0
HDF - Cpe de France des Clubs - Saint pol sur mer - 1er tour Coupe de France U15/17/20 Filles,2025-01-25,U20 Men 81,BERNARD Jules,73.7,65.0,70.0,75.0,94.0,97.0,-100.0,75.0,97.0,172.0
HDF - Cpe de France des Clubs - Saint pol sur mer - 1er tour Coupe de France U15/17/20 Filles,2025-01-25,U20 Men 89,LOUSSERT Mathéo,84.1,78.0,81.0,-85.0,93.0,97.0,100.0,81.0,100.0,181.0
HDF - Cpe de France des Clubs - Saint pol sur mer - 1er tour Coupe de France U15/17/20 Filles,2025-01-25,U15 Men 55,SANTOSUOSSO BOLENDER Roman,53.2,20.0,23.0,25.0,30.0,33.0,35.0,25.0,35.0,60.0
HDF - Cpe de France des Clubs - Saint pol sur mer - 1er tour Coupe de France U15/17/20 Filles,2025-01-25,U17 Men 67,ROISER Louis,63.3,48.0,53.0,57.0,60.0,65.0,-73.0,57.0,65.0,122.0
HDF - Cpe de France des Clubs - Saint pol sur mer - 1er tour Coupe de France U15/17/20 Filles,2025-01-25,U17 Men 67,ZAMBRANO PACHECO Santiago,63.8,35.0,38.0,40.0,43.0,47.0,50.0,40.0,50.0,90.0
HDF - Cpe de France des Clubs - Saint pol sur mer - 1er tour Coupe de France U15/17/20 Filles,2025-01-25,U17 Men 67,SERVOUZE Rafael,65.0,23.0,26.0,30.0,28.0,-30.0,30.0,30.0,30.0,60.0
HDF - Cpe de France des Clubs - Saint pol sur mer - 1er tour Coupe de France U15/17/20 Filles,2025-01-25,U20 Men 55,CHAMPIGNY Enzo,53.3,45.0,48.0,-50.0,60.0,-63.0,65.0,48.0,65.0,113.0
HDF - Cpe de France des Clubs - Saint pol sur mer - 1er tour Coupe de France U15/17/20 Filles,2025-01-25,U20 Men 61,PORCHER Clément,57.6,40.0,43.0,-45.0,50.0,53.0,-55.0,43.0,53.0,96.0
HDF - Cpe de France des Clubs - Saint pol sur mer - 1er tour Coupe de France U15/17/20 Filles,2025-01-25,U20 Men 73,MARIE BACKIT BESLU Kenji,67.1,70.0,73.0,75.0,95.0,100.0,-105.0,75.0,100.0,175.0
HDF - Cpe de France des Clubs - Saint pol sur mer - 1er tour Coupe de France U15/17/20 Filles,2025-01-25,U20 Men 81,BERNARD Jules,73.7,65.0,70.0,75.0,94.0,97.0,-100.0,75.0,97.0,172.0
HDF - Cpe de France des Clubs - Saint pol sur mer - 1er tour Coupe de France U15/17/20 Filles,2025-01-25,U20 Men 89,LOUSSERT Mathéo,84.1,78.0,81.0,-85.0,93.0,97.0,100.0,81.0,100.0,181.0
HDF - Cpe de France des Clubs - Saint pol sur mer - 1er tour Coupe de France U15/17/20 Filles,2025-01-25,SEN Men 73,CAESEMAEKER Kevin,67.4,94.0,100.0,-105.0,115.0,122.0,127.0,100.0,127.0,227.0
HDF - Cpe de France des Clubs - Saint pol sur mer - 1er tour Coupe de France U15/17/20 Filles,2025-01-25,SEN Men 73,RIQUIER Laurent,72.62,92.0,97.0,101.0,117.0,122.0,-126.0,101.0,122.0,223.0
HDF - Cpe de France des Clubs - Saint pol sur mer - 1er tour Coupe de France U15/17/20 Filles,2025-01-25,SEN Men 89,THOMA Jason,85.7,105.0,110.0,115.0,126.0,131.0,136.0,115.0,136.0,251.0
HDF - Cpe de France des Clubs - Saint pol sur mer - 1er tour Coupe de France U15/17/20 Filles,2025-01-25,SEN Men 89,TIBERGHIEN Théo,85.65,90.0,-94.0,96.0,-120.0,120.0,-123.0,96.0,120.0,216.0
HDF - Cpe de France des Clubs - Saint pol sur mer - 1er tour Coupe de France U15/17/20 Filles,2025-01-25,SEN Men 89,SAUVAGE Hector,87.7,96.0,99.0,-101.0,115.0,119.0,-122.0,99.0,119.0,218.0
HDF - Cpe de France des Clubs - Saint pol sur mer - 1er tour Coupe de France U15/17/20 Filles,2025-01-25,SEN Men 89,DULAC Bastien,88.28,65.0,-70.0,-70.0,75.0,80.0,85.0,65.0,85.0,150.0
HDF - Cpe de France des Clubs - Saint pol sur mer - 1er tour Coupe de France U15/17/20 Filles,2025-01-25,SEN Men 89,CHARLES Roger,81.5,50.0,55.0,58.0,70.0,75.0,-0.0,58.0,75.0,133.0
HDF - Cpe de France des Clubs - Saint pol sur mer - 1er tour Coupe de France U15/17/20 Filles,2025-01-25,SEN Men 96,FONTENELLE Vincent,95.3,120.0,-125.0,-128.0,147.0,155.0,-160.0,120.0,155.0,275.0
HDF - Cpe de France des Clubs - Saint pol sur mer - 1er tour Coupe de France U15/17/20 Filles,2025-01-25,SEN Men 102,BEKKAOUI Fath-allah,99.3,84.0,-89.0,-90.0,110.0,115.0,-120.0,84.0,115.0,199.0
HDF - Cpe de France des Clubs - Saint pol sur mer - 1er tour Coupe de France U15/17/20 Filles,2025-01-25,SEN Women 45,PATRY-LECLAIRE Chloé,41.7,45.0,-50.0,51.0,53.0,58.0,62.0,51.0,62.0,113.0
HDF - Cpe de France des Clubs - Saint pol sur mer - 1er tour Coupe de France U15/17/20 Filles,2025-01-25,SEN Women 59,SAINT MAXENT Manon,56.0,-60.0,60.0,66.0,83.0,86.0,-89.0,66.0,86.0,152.0
HDF - Cpe de France des Clubs - Saint pol sur mer - 1er tour Coupe de France U15/17/20 Filles,2025-01-25,SEN Women 59,DUJARDIN Eugenie,58.4,66.0,70.0,-75.0,79.0,85.0,-90.0,70.0,85.0,155.0
HDF - Cpe de France des Clubs - Saint pol sur mer - 1er tour Coupe de France U15/17/20 Filles,2025-01-25,SEN Women 59,CLEUTJENS Alix,58.9,62.0,66.0,-68.0,80.0,85.0,-89.0,66.0,85.0,151.0
HDF - Cpe de France des Clubs - Saint pol sur mer - 1er tour Coupe de France U15/17/20 Filles,2025-01-25,SEN Women 59,BAERT Blandine,57.67,40.0,44.0,46.0,56.0,-61.0,61.0,46.0,61.0,107.0
HDF - Cpe de France des Clubs - Saint pol sur mer - 1er tour Coupe de France U15/17/20 Filles,2025-01-25,SEN Women 59,NAMPOOTHIRI Sreekala,56.33,32.0,35.0,-38.0,44.0,47.0,-50.0,35.0,47.0,82.0
HDF - Cpe de France des Clubs - Saint pol sur mer - 1er tour Coupe de France U15/17/20 Filles,2025-01-25,SEN Women 71,RAZBORSEK Clémence,66.55,40.0,44.0,-47.0,58.0,62.0,65.0,44.0,65.0,109.0
HDF - Cpe de France des Clubs - Saint pol sur mer - 1er tour Coupe de France U15/17/20 Filles,2025-01-25,SEN Women 71,ENDERS Amelie,70.67,38.0,41.0,-44.0,53.0,56.0,59.0,41.0,59.0,100.0
HDF - Cpe de France des Clubs - Saint pol sur mer - 1er tour Coupe de France U15/17/20 Filles,2025-01-25,SEN Women 76,POISSON Jade,71.48,53.0,-56.0,56.0,64.0,67.0,70.0,56.0,70.0,126.0
HDF - Cpe de France des Clubs - Saint pol sur mer - 1er tour Coupe de France U15/17/20 Filles,2025-01-25,SEN Men 73,CAESEMAEKER Kevin,67.4,94.0,100.0,-105.0,115.0,122.0,127.0,100.0,127.0,227.0
HDF - Cpe de France des Clubs - Saint pol sur mer - 1er tour Coupe de France U15/17/20 Filles,2025-01-25,SEN Men 73,RIQUIER Laurent,72.62,92.0,97.0,101.0,117.0,122.0,-126.0,101.0,122.0,223.0
HDF - Cpe de France des Clubs - Saint pol sur mer - 1er tour Coupe de France U15/17/20 Filles,2025-01-25,SEN Men 89,THOMA Jason,85.7,105.0,110.0,115.0,126.0,131.0,136.0,115.0,136.0,251.0
HDF - Cpe de France des Clubs - Saint pol sur mer - 1er tour Coupe de France U15/17/20 Filles,2025-01-25,SEN Men 89,TIBERGHIEN Théo,85.65,90.0,-94.0,96.0,-120.0,120.0,-123.0,96.0,120.0,216.0
HDF - Cpe de France des Clubs - Saint pol sur mer - 1er tour Coupe de France U15/17/20 Filles,2025-01-25,SEN Men 89,SAUVAGE Hector,87.7,96.0,99.0,-101.0,115.0,119.0,-122.0,99.0,119.0,218.0
HDF - Cpe de France des Clubs - Saint pol sur mer - 1er tour Coupe de France U15/17/20 Filles,2025-01-25,SEN Men 89,DULAC Bastien,88.28,65.0,-70.0,-70.0,75.0,80.0,85.0,65.0,85.0,150.0
HDF - Cpe de France des Clubs - Saint pol sur mer - 1er tour Coupe de France U15/17/20 Filles,2025-01-25,SEN Men 89,CHARLES Roger,81.5,50.0,55.0,58.0,70.0,75.0,-0.0,58.0,75.0,133.0
HDF - Cpe de France des Clubs - Saint pol sur mer - 1er tour Coupe de France U15/17/20 Filles,2025-01-25,SEN Men 96,FONTENELLE Vincent,95.3,120.0,-125.0,-128.0,147.0,155.0,-160.0,120.0,155.0,275.0
HDF - Cpe de France des Clubs - Saint pol sur mer - 1er tour Coupe de France U15/17/20 Filles,2025-01-25,SEN Men 102,BEKKAOUI Fath-allah,99.3,84.0,-89.0,-90.0,110.0,115.0,-120.0,84.0,115.0,199.0
HDF - Cpe de France des Clubs - Saint pol sur mer - 1er tour Coupe de France U15/17/20 Filles,2025-01-25,SEN Women 45,PATRY-LECLAIRE Chloé,41.7,45.0,-50.0,51.0,53.0,58.0,62.0,51.0,62.0,113.0
HDF - Cpe de France des Clubs - Saint pol sur mer - 1er tour Coupe de France U15/17/20 Filles,2025-01-25,SEN Women 59,SAINT MAXENT Manon,56.0,-60.0,60.0,66.0,83.0,86.0,-89.0,66.0,86.0,152.0
HDF - Cpe de France des Clubs - Saint pol sur mer - 1er tour Coupe de France U15/17/20 Filles,2025-01-25,SEN Women 59,DUJARDIN Eugenie,58.4,66.0,70.0,-75.0,79.0,85.0,-90.0,70.0,85.0,155.0
HDF - Cpe de France des Clubs - Saint pol sur mer - 1er tour Coupe de France U15/17/20 Filles,2025-01-25,SEN Women 59,CLEUTJENS Alix,58.9,62.0,66.0,-68.0,80.0,85.0,-89.0,66.0,85.0,151.0
HDF - Cpe de France des Clubs - Saint pol sur mer - 1er tour Coupe de France U15/17/20 Filles,2025-01-25,SEN Women 59,BAERT Blandine,57.67,40.0,44.0,46.0,56.0,-61.0,61.0,46.0,61.0,107.0
HDF - Cpe de France des Clubs - Saint pol sur mer - 1er tour Coupe de France U15/17/20 Filles,2025-01-25,SEN Women 59,NAMPOOTHIRI Sreekala,56.33,32.0,35.0,-38.0,44.0,47.0,-50.0,35.0,47.0,82.0
HDF - Cpe de France des Clubs - Saint pol sur mer - 1er tour Coupe de France U15/17/20 Filles,2025-01-25,SEN Women 71,RAZBORSEK Clémence,66.55,40.0,44.0,-47.0,58.0,62.0,65.0,44.0,65.0,109.0
HDF - Cpe de France des Clubs - Saint pol sur mer - 1er tour Coupe de France U15/17/20 Filles,2025-01-25,SEN Women 71,ENDERS Amelie,70.67,38.0,41.0,-44.0,53.0,56.0,59.0,41.0,59.0,100.0
HDF - Cpe de France des Clubs - Saint pol sur mer - 1er tour Coupe de France U15/17/20 Filles,2025-01-25,SEN Women 76,POISSON Jade,71.48,53.0,-56.0,56.0,64.0,67.0,70.0,56.0,70.0,126.0
