event,date,category,lifter_name,bodyweight,snatch_1,snatch_2,snatch_3,cj_1,cj_2,cj_3,best_snatch,best_cj,total
BRE - Critérium National - Plouhinec - Homme,2024-12-14,U15 Men 49,VICHON Ethan,48.45,42.0,45.0,-47.0,-52.0,52.0,55.0,45.0,55.0,100.0
BRE - Critérium National - Plouhinec - Homme,2024-12-14,U15 Men 55,GUILLEMETTE Léo,53.95,45.0,50.0,-52.0,60.0,-65.0,65.0,50.0,65.0,115.0
BRE - Critérium National - Plouhinec - Homme,2024-12-14,U20 Men 61,CLOAREC Lenny,60.9,65.0,70.0,75.0,85.0,90.0,95.0,75.0,95.0,170.0
BRE - Critérium National - Plouhinec - Homme,2024-12-14,SEN Men 61,PERVIER Alix,60.85,75.0,78.0,81.0,-100.0,100.0,105.0,81.0,105.0,186.0
BRE - Critérium National - Plouhinec - Homme,2024-12-14,SEN Men 67,MOUSSET Allan,62.9,90.0,95.0,100.0,110.0,116.0,-125.0,100.0,116.0,216.0
BRE - Critérium National - Plouhinec - Homme,2024-12-14,SEN Men 89,LE GALL Jean baptiste,88.8,100.0,-110.0,110.0,140.0,150.0,-151.0,110.0,150.0,260.0
BRE - Critérium National - Plouhinec - Homme,2024-12-14,SEN Men 96,TANG Mathieu,90.8,95.0,101.0,110.0,130.0,135.0,140.0,110.0,140.0,250.0
BRE - Critérium National - Plouhinec - Homme,2024-12-14,SEN Men 96,DIXNEUF Mathias,93.05,115.0,-120.0,-120.0,-0.0,-0.0,-0.0,115.0,0.0,0.0
BRE - Critérium National - Plouhinec - Homme,2024-12-14,U15 Women 49,BOYER Camille,47.75,-33.0,-33.0,33.0,42.0,45.0,48.0,33.0,48.0,81.0
BRE - Critérium National - Plouhinec - Homme,2024-12-14,U17 Women 49,GRANDMONTAGNE Chloé,47.55,37.0,-39.0,-41.0,40.0,46.0,-50.0,37.0,46.0,83.0
BRE - Critérium National - Plouhinec - Homme,2024-12-14,U17 Women 55,SAOUT Ainoa,54.95,42.0,46.0,50.0,60.0,65.0,71.0,50.0,71.0,121.0
BRE - Critérium National - Plouhinec - Homme,2024-12-14,U20 Women 64,QUERE Noémie,63.6,56.0,59.0,-61.0,65.0,-69.0,-69.0,59.0,65.0,124.0
BRE - Critérium National - Plouhinec - Homme,2024-12-14,U20 Women 71,CONGA Eloane,66.4,64.0,-67.0,70.0,78.0,-84.0,-85.0,70.0,78.0,148.0
BRE - Critérium National - Plouhinec - Homme,2024-12-14,U20 Women 71,QUERE Eloïse,67.85,56.0,59.0,-61.0,68.0,72.0,75.0,59.0,75.0,134.0
BRE - Critérium National - Plouhinec - Homme,2024-12-14,SEN Women 55,PERVIER Raphaelle,54.25,59.0,62.0,65.0,69.0,72.0,-75.0,65.0,72.0,137.0
BRE - Critérium National - Plouhinec - Homme,2024-12-14,SEN Women 55,BIGOT Inès,53.05,57.0,-60.0,-60.0,-70.0,70.0,-73.0,57.0,70.0,127.0
BRE - Critérium National - Plouhinec - Homme,2024-12-14,SEN Women 55,GARRO Maud,55.0,55.0,58.0,-60.0,67.0,70.0,-72.0,58.0,70.0,128.0
BRE - Critérium National - Plouhinec - Homme,2024-12-14,SEN Women 59,TRIMECH Nourhene,57.2,54.0,58.0,60.0,73.0,77.0,80.0,60.0,80.0,140.0
BRE - Critérium National - Plouhinec - Homme,2024-12-14,SEN Women 59,LE FLOCH Amandine,56.0,-53.0,53.0,-56.0,-68.0,69.0,-72.0,53.0,69.0,122.0
BRE - Critérium National - Plouhinec - Homme,2024-12-14,SEN Women 64,GARRIC Juliette,63.3,65.0,70.0,75.0,80.0,85.0,90.0,75.0,90.0,165.0
BRE - Critérium National - Plouhinec - Homme,2024-12-14,SEN Women 64,CAPITAINE Nina,62.7,-68.0,72.0,75.0,85.0,-90.0,-90.0,75.0,85.0,160.0
BRE - Critérium National - Plouhinec - Homme,2024-12-14,SEN Women 64,FERREC Énora,62.0,63.0,-67.0,-67.0,75.0,-80.0,-80.0,63.0,75.0,138.0
BRE - Critérium National - Plouhinec - Homme,2024-12-14,SEN Women 64,WIPLIER Manon,63.15,-56.0,56.0,-59.0,-70.0,-70.0,-70.0,56.0,0.0,0.0
BRE - Critérium National - Plouhinec - Homme,2024-12-14,SEN Women 71,LAMIRAL Valentine,70.25,-59.0,-59.0,-59.0,-0.0,-0.0,-0.0,0.0,0.0,0.0
BRE - Critérium National - Plouhinec - Homme,2024-12-14,SEN Women 81,LOUISON TANGUY Céline,78.5,-79.0,79.0,-86.0,101.0,107.0,112.0,79.0,112.0,191.0
BRE - Critérium National - Plouhinec - Homme,2024-12-14,U15 Women 49,BOYER Camille,47.75,-33.0,-33.0,33.0,42.0,45.0,48.0,33.0,48.0,81.0
BRE - Critérium National - Plouhinec - Homme,2024-12-14,U17 Women 49,GRANDMONTAGNE Chloé,47.55,37.0,-39.0,-41.0,40.0,46.0,-50.0,37.0,46.0,83.0
BRE - Critérium National - Plouhinec - Homme,2024-12-14,U17 Women 55,SAOUT Ainoa,54.95,42.0,46.0,50.0,60.0,65.0,71.0,50.0,71.0,121.0
BRE - Critérium National - Plouhinec - Homme,2024-12-14,U20 Women 64,QUERE Noémie,63.6,56.0,59.0,-61.0,65.0,-69.0,-69.0,59.0,65.0,124.0
BRE - Critérium National - Plouhinec - Homme,2024-12-14,U20 Women 71,CONGA Eloane,66.4,64.0,-67.0,70.0,78.0,-84.0,-85.0,70.0,78.0,148.0
BRE - Critérium National - Plouhinec - Homme,2024-12-14,U20 Women 71,QUERE Eloïse,67.85,56.0,59.0,-61.0,68.0,72.0,75.0,59.0,75.0,134.0
BRE - Critérium National - Plouhinec - Homme,2024-12-14,SEN Women 55,PERVIER Raphaelle,54.25,59.0,62.0,65.0,69.0,72.0,-75.0,65.0,72.0,137.0
BRE - Critérium National - Plouhinec - Homme,2024-12-14,SEN Women 55,BIGOT Inès,53.05,57.0,-60.0,-60.0,-70.0,70.0,-73.0,57.0,70.0,127.0
BRE - Critérium National - Plouhinec - Homme,2024-12-14,SEN Women 55,GARRO Maud,55.0,55.0,58.0,-60.0,67.0,70.0,-72.0,58.0,70.0,128.0
BRE - Critérium National - Plouhinec - Homme,2024-12-14,SEN Women 59,TRIMECH Nourhene,57.2,54.0,58.0,60.0,73.0,77.0,80.0,60.0,80.0,140.0
BRE - Critérium National - Plouhinec - Homme,2024-12-14,SEN Women 59,LE FLOCH Amandine,56.0,-53.0,53.0,-56.0,-68.0,69.0,-72.0,53.0,69.0,122.0
BRE - Critérium National - Plouhinec - Homme,2024-12-14,SEN Women 64,GARRIC Juliette,63.3,65.0,70.0,75.0,80.0,85.0,90.0,75.0,90.0,165.0
BRE - Critérium National - Plouhinec - Homme,2024-12-14,SEN Women 64,CAPITAINE Nina,62.7,-68.0,72.0,75.0,85.0,-90.0,-90.0,75.0,85.0,160.0
BRE - Critérium National - Plouhinec - Homme,2024-12-14,SEN Women 64,FERREC Énora,62.0,63.0,-67.0,-67.0,75.0,-80.0,-80.0,63.0,75.0,138.0
BRE - Critérium National - Plouhinec - Homme,2024-12-14,SEN Women 64,WIPLIER Manon,63.15,-56.0,56.0,-59.0,-70.0,-70.0,-70.0,56.0,0.0,0.0
BRE - Critérium National - Plouhinec - Homme,2024-12-14,SEN Women 71,LAMIRAL Valentine,70.25,-59.0,-59.0,-59.0,-0.0,-0.0,-0.0,0.0,0.0,0.0
BRE - Critérium National - Plouhinec - Homme,2024-12-14,SEN Women 81,LOUISON TANGUY Céline,78.5,-79.0,79.0,-86.0,101.0,107.0,112.0,79.0,112.0,191.0
BRE - Critérium National - Plouhinec - Homme,2024-12-14,SEN Men 61,MEY Sovannarith,61.0,-85.0,-85.0,-85.0,-0.0,-0.0,-0.0,0.0,0.0,0.0
BRE - Critérium National - Plouhinec - Homme,2024-12-14,SEN Men 73,PAUL Jill,71.9,115.0,-125.0,-125.0,147.0,-0.0,-0.0,115.0,147.0,262.0
BRE - Critérium National - Plouhinec - Homme,2024-12-14,SEN Men 73,FAUCHER Camille,72.9,112.0,116.0,120.0,140.0,-146.0,-0.0,120.0,140.0,260.0
BRE - Critérium National - Plouhinec - Homme,2024-12-14,SEN Men 81,CABEL Killian,76.1,-110.0,110.0,113.0,137.0,-145.0,-145.0,113.0,137.0,250.0
BRE - Critérium National - Plouhinec - Homme,2024-12-14,SEN Men 81,DEMEULEMEESTER Gregory,80.9,110.0,116.0,-120.0,-135.0,-135.0,135.0,116.0,135.0,251.0
BRE - Critérium National - Plouhinec - Homme,2024-12-14,SEN Men 81,DA FONSECA Raphael,76.5,100.0,105.0,107.0,-130.0,-130.0,130.0,107.0,130.0,237.0
BRE - Critérium National - Plouhinec - Homme,2024-12-14,SEN Men 81,TORREZ DAURA Miguel adolfo,76.9,-95.0,95.0,100.0,125.0,130.0,-136.0,100.0,130.0,230.0
BRE - Critérium National - Plouhinec - Homme,2024-12-14,SEN Men 81,LORE Morgan,81.0,100.0,-105.0,-110.0,115.0,120.0,123.0,100.0,123.0,223.0
BRE - Critérium National - Plouhinec - Homme,2024-12-14,SEN Men 81,GONZAGUE-MOLONGO Elisée,79.6,95.0,-100.0,-100.0,-120.0,-120.0,-120.0,95.0,0.0,0.0
BRE - Critérium National - Plouhinec - Homme,2024-12-14,SEN Men 89,CARLIER Damien,88.5,-127.0,127.0,-132.0,-160.0,-160.0,-160.0,127.0,0.0,0.0
BRE - Critérium National - Plouhinec - Homme,2024-12-14,SEN Men 96,GLEVAREC Maxence,96.0,105.0,-109.0,-110.0,-132.0,-135.0,135.0,105.0,135.0,240.0
BRE - Critérium National - Plouhinec - Homme,2024-12-14,SEN Men 96,CARLIER Vincent,95.5,-103.0,103.0,-107.0,125.0,-130.0,-130.0,103.0,125.0,228.0
BRE - Critérium National - Plouhinec - Homme,2024-12-14,SEN Men 96,VOTINOV Pavel,95.7,115.0,120.0,123.0,-142.0,-142.0,-142.0,123.0,0.0,0.0
BRE - Critérium National - Plouhinec - Homme,2024-12-14,SEN Men 96,VEJUX Gianni,93.9,-118.0,-118.0,-118.0,-0.0,-0.0,-0.0,0.0,0.0,0.0
BRE - Critérium National - Plouhinec - Homme,2024-12-14,SEN Men 61,MEY Sovannarith,61.0,-85.0,-85.0,-85.0,-0.0,-0.0,-0.0,0.0,0.0,0.0
BRE - Critérium National - Plouhinec - Homme,2024-12-14,SEN Men 73,PAUL Jill,71.9,115.0,-125.0,-125.0,147.0,-0.0,-0.0,115.0,147.0,262.0
BRE - Critérium National - Plouhinec - Homme,2024-12-14,SEN Men 73,FAUCHER Camille,72.9,112.0,116.0,120.0,140.0,-146.0,-0.0,120.0,140.0,260.0
BRE - Critérium National - Plouhinec - Homme,2024-12-14,SEN Men 81,CABEL Killian,76.1,-110.0,110.0,113.0,137.0,-145.0,-145.0,113.0,137.0,250.0
BRE - Critérium National - Plouhinec - Homme,2024-12-14,SEN Men 81,DEMEULEMEESTER Gregory,80.9,110.0,116.0,-120.0,-135.0,-135.0,135.0,116.0,135.0,251.0
BRE - Critérium National - Plouhinec - Homme,2024-12-14,SEN Men 81,DA FONSECA Raphael,76.5,100.0,105.0,107.0,-130.0,-130.0,130.0,107.0,130.0,237.0
BRE - Critérium National - Plouhinec - Homme,2024-12-14,SEN Men 81,TORREZ DAURA Miguel adolfo,76.9,-95.0,95.0,100.0,125.0,130.0,-136.0,100.0,130.0,230.0
BRE - Critérium National - Plouhinec - Homme,2024-12-14,SEN Men 81,LORE Morgan,81.0,100.0,-105.0,-110.0,115.0,120.0,123.0,100.0,123.0,223.0
BRE - Critérium National - Plouhinec - Homme,2024-12-14,SEN Men 81,GONZAGUE-MOLONGO Elisée,79.6,95.0,-100.0,-100.0,-120.0,-120.0,-120.0,95.0,0.0,0.0
BRE - Critérium National - Plouhinec - Homme,2024-12-14,SEN Men 89,CARLIER Damien,88.5,-127.0,127.0,-132.0,-160.0,-160.0,-160.0,127.0,0.0,0.0
BRE - Critérium National - Plouhinec - Homme,2024-12-14,SEN Men 96,GLEVAREC Maxence,96.0,105.0,-109.0,-110.0,-132.0,-135.0,135.0,105.0,135.0,240.0
BRE - Critérium National - Plouhinec - Homme,2024-12-14,SEN Men 96,CARLIER Vincent,95.5,-103.0,103.0,-107.0,125.0,-130.0,-130.0,103.0,125.0,228.0
BRE - Critérium National - Plouhinec - Homme,2024-12-14,SEN Men 96,VOTINOV Pavel,95.7,115.0,120.0,123.0,-142.0,-142.0,-142.0,123.0,0.0,0.0
BRE - Critérium National - Plouhinec - Homme,2024-12-14,SEN Men 96,VEJUX Gianni,93.9,-118.0,-118.0,-118.0,-0.0,-0.0,-0.0,0.0,0.0,0.0
BRE - Critérium National - Plouhinec - Homme,2024-12-14,SEN Women 64,BRUNO Eva,62.0,70.0,-73.0,73.0,-92.0,92.0,96.0,73.0,96.0,169.0
BRE - Critérium National - Plouhinec - Homme,2024-12-14,SEN Women 64,GREMILLET Louise,63.0,70.0,75.0,-0.0,90.0,-0.0,-0.0,75.0,90.0,165.0
BRE - Critérium National - Plouhinec - Homme,2024-12-14,SEN Women 64,DELACHAT Mathilde,63.6,62.0,67.0,-71.0,83.0,87.0,-90.0,67.0,87.0,154.0
BRE - Critérium National - Plouhinec - Homme,2024-12-14,SEN Women 64,HERNEQUET Océane,62.14,-62.0,-62.0,62.0,85.0,-90.0,-90.0,62.0,85.0,147.0
BRE - Critérium National - Plouhinec - Homme,2024-12-14,SEN Women 64,EBERENA Sylvie,63.9,65.0,-68.0,-68.0,80.0,82.0,-85.0,65.0,82.0,147.0
BRE - Critérium National - Plouhinec - Homme,2024-12-14,SEN Women 64,LOISNARD Alissia,62.2,58.0,-61.0,62.0,73.0,77.0,80.0,62.0,80.0,142.0
BRE - Critérium National - Plouhinec - Homme,2024-12-14,SEN Women 64,SEJALON Laura,60.2,52.0,-56.0,-56.0,66.0,-69.0,-70.0,52.0,66.0,118.0
BRE - Critérium National - Plouhinec - Homme,2024-12-14,SEN Women 64,FERNANDES Liliane,63.4,-58.0,58.0,-60.0,-75.0,-75.0,-0.0,58.0,0.0,0.0
BRE - Critérium National - Plouhinec - Homme,2024-12-14,SEN Women 71,RAHMANI Aciyah,68.5,67.0,-70.0,-70.0,85.0,89.0,-92.0,67.0,89.0,156.0
BRE - Critérium National - Plouhinec - Homme,2024-12-14,SEN Women 71,LAUV Pauline,65.5,65.0,70.0,-73.0,82.0,-86.0,-86.0,70.0,82.0,152.0
BRE - Critérium National - Plouhinec - Homme,2024-12-14,SEN Women 71,LAMBOLEY Victoria,70.2,62.0,64.0,67.0,-88.0,88.0,-93.0,67.0,88.0,155.0
BRE - Critérium National - Plouhinec - Homme,2024-12-14,SEN Women 71,PEREIRA Camille,69.8,-68.0,68.0,-70.0,-84.0,84.0,-88.0,68.0,84.0,152.0
BRE - Critérium National - Plouhinec - Homme,2024-12-14,SEN Women 71,KAMIENNY Marie,70.4,62.0,-66.0,66.0,82.0,86.0,-90.0,66.0,86.0,152.0
BRE - Critérium National - Plouhinec - Homme,2024-12-14,SEN Women 71,ALMEIDA Lea,64.7,58.0,-61.0,-63.0,65.0,-70.0,-70.0,58.0,65.0,123.0
BRE - Critérium National - Plouhinec - Homme,2024-12-14,SEN Women 71,PRIM Melanie,70.6,53.0,-57.0,57.0,63.0,67.0,-70.0,57.0,67.0,124.0
BRE - Critérium National - Plouhinec - Homme,2024-12-14,SEN Women 81,AURAT Faustine,80.2,61.0,64.0,66.0,80.0,-86.0,88.0,66.0,88.0,154.0
BRE - Critérium National - Plouhinec - Homme,2024-12-14,SEN Women 64,BRUNO Eva,62.0,70.0,-73.0,73.0,-92.0,92.0,96.0,73.0,96.0,169.0
BRE - Critérium National - Plouhinec - Homme,2024-12-14,SEN Women 64,GREMILLET Louise,63.0,70.0,75.0,-0.0,90.0,-0.0,-0.0,75.0,90.0,165.0
BRE - Critérium National - Plouhinec - Homme,2024-12-14,SEN Women 64,DELACHAT Mathilde,63.6,62.0,67.0,-71.0,83.0,87.0,-90.0,67.0,87.0,154.0
BRE - Critérium National - Plouhinec - Homme,2024-12-14,SEN Women 64,HERNEQUET Océane,62.14,-62.0,-62.0,62.0,85.0,-90.0,-90.0,62.0,85.0,147.0
BRE - Critérium National - Plouhinec - Homme,2024-12-14,SEN Women 64,EBERENA Sylvie,63.9,65.0,-68.0,-68.0,80.0,82.0,-85.0,65.0,82.0,147.0
BRE - Critérium National - Plouhinec - Homme,2024-12-14,SEN Women 64,LOISNARD Alissia,62.2,58.0,-61.0,62.0,73.0,77.0,80.0,62.0,80.0,142.0
BRE - Critérium National - Plouhinec - Homme,2024-12-14,SEN Women 64,SEJALON Laura,60.2,52.0,-56.0,-56.0,66.0,-69.0,-70.0,52.0,66.0,118.0
BRE - Critérium National - Plouhinec - Homme,2024-12-14,SEN Women 64,FERNANDES Liliane,63.4,-58.0,58.0,-60.0,-75.0,-75.0,-0.0,58.0,0.0,0.0
BRE - Critérium National - Plouhinec - Homme,2024-12-14,SEN Women 71,RAHMANI Aciyah,68.5,67.0,-70.0,-70.0,85.0,89.0,-92.0,67.0,89.0,156.0
BRE - Critérium National - Plouhinec - Homme,2024-12-14,SEN Women 71,LAUV Pauline,65.5,65.0,70.0,-73.0,82.0,-86.0,-86.0,70.0,82.0,152.0
BRE - Critérium National - Plouhinec - Homme,2024-12-14,SEN Women 71,LAMBOLEY Victoria,70.2,62.0,64.0,67.0,-88.0,88.0,-93.0,67.0,88.0,155.0
BRE - Critérium National - Plouhinec - Homme,2024-12-14,SEN Women 71,PEREIRA Camille,69.8,-68.0,68.0,-70.0,-84.0,84.0,-88.0,68.0,84.0,152.0
BRE - Critérium National - Plouhinec - Homme,2024-12-14,SEN Women 71,KAMIENNY Marie,70.4,62.0,-66.0,66.0,82.0,86.0,-90.0,66.0,86.0,152.0
BRE - Critérium National - Plouhinec - Homme,2024-12-14,SEN Women 71,ALMEIDA Lea,64.7,58.0,-61.0,-63.0,65.0,-70.0,-70.0,58.0,65.0,123.0
BRE - Critérium National - Plouhinec - Homme,2024-12-14,SEN Women 71,PRIM Melanie,70.6,53.0,-57.0,57.0,63.0,67.0,-70.0,57.0,67.0,124.0
BRE - Critérium National - Plouhinec - Homme,2024-12-14,SEN Women 81,AURAT Faustine,80.2,61.0,64.0,66.0,80.0,-86.0,88.0,66.0,88.0,154.0
BRE - Critérium National - Plouhinec - Homme,2024-12-14,U20 Men 73,MARTIN Gabriel,68.0,-105.0,105.0,-110.0,-130.0,-136.0,-136.0,105.0,0.0,0.0
BRE - Critérium National - Plouhinec - Homme,2024-12-14,SEN Men 67,BEKKAR Ayoub,61.7,90.0,-0.0,-0.0,105.0,-0.0,-0.0,90.0,105.0,195.0
BRE - Critérium National - Plouhinec - Homme,2024-12-14,SEN Men 73,COTTEREAU Antoine,72.9,95.0,-100.0,-100.0,120.0,125.0,-130.0,95.0,125.0,220.0
BRE - Critérium National - Plouhinec - Homme,2024-12-14,SEN Men 73,MICHELET Nicolas,71.6,90.0,-95.0,95.0,110.0,115.0,118.0,95.0,118.0,213.0
BRE - Critérium National - Plouhinec - Homme,2024-12-14,SEN Men 81,COLOMBO Ludwig,80.5,125.0,130.0,-133.0,146.0,154.0,160.0,130.0,160.0,290.0
BRE - Critérium National - Plouhinec - Homme,2024-12-14,SEN Men 81,HASSAINE Adam,80.5,120.0,-125.0,130.0,145.0,-159.0,-165.0,130.0,145.0,275.0
BRE - Critérium National - Plouhinec - Homme,2024-12-14,SEN Men 81,DARCHEN Johann,80.1,-120.0,120.0,-125.0,140.0,-150.0,-155.0,120.0,140.0,260.0
BRE - Critérium National - Plouhinec - Homme,2024-12-14,SEN Men 81,GRAVOIS Ugo,81.0,-112.0,112.0,-117.0,-138.0,138.0,139.0,112.0,139.0,251.0
BRE - Critérium National - Plouhinec - Homme,2024-12-14,SEN Men 81,ANGOT Alexis,80.6,111.0,-116.0,116.0,134.0,-138.0,-138.0,116.0,134.0,250.0
BRE - Critérium National - Plouhinec - Homme,2024-12-14,SEN Men 81,RODRIGUEZ Killian,77.1,102.0,107.0,110.0,128.0,133.0,-140.0,110.0,133.0,243.0
BRE - Critérium National - Plouhinec - Homme,2024-12-14,SEN Men 81,DALOUR Killian,79.3,90.0,95.0,100.0,115.0,125.0,-128.0,100.0,125.0,225.0
BRE - Critérium National - Plouhinec - Homme,2024-12-14,SEN Men 89,COLIN Thomas,88.5,125.0,-130.0,130.0,157.0,-165.0,-165.0,130.0,157.0,287.0
BRE - Critérium National - Plouhinec - Homme,2024-12-14,SEN Men 89,MEHAULT Federic,88.5,107.0,115.0,120.0,130.0,-140.0,-140.0,120.0,130.0,250.0
BRE - Critérium National - Plouhinec - Homme,2024-12-14,SEN Men 89,COSTA Mickael,88.0,103.0,107.0,-110.0,-132.0,-132.0,-133.0,107.0,0.0,0.0
BRE - Critérium National - Plouhinec - Homme,2024-12-14,SEN Men 96,BALIAN Stéphane,94.6,125.0,-130.0,-130.0,155.0,163.0,-170.0,125.0,163.0,288.0
BRE - Critérium National - Plouhinec - Homme,2024-12-14,SEN Men 96,CHELALI Zakaria,90.8,110.0,-115.0,-115.0,-145.0,-145.0,-145.0,110.0,0.0,0.0
BRE - Critérium National - Plouhinec - Homme,2024-12-14,SEN Men 109,SCHACHERER Damien,106.8,132.0,136.0,-140.0,168.0,-0.0,-0.0,136.0,168.0,304.0
BRE - Critérium National - Plouhinec - Homme,2024-12-14,SEN Men >109,UTIA Kutea,135.5,-115.0,-115.0,115.0,-135.0,138.0,-142.0,115.0,138.0,253.0
BRE - Critérium National - Plouhinec - Homme,2024-12-14,U20 Men 73,MARTIN Gabriel,68.0,-105.0,105.0,-110.0,-130.0,-136.0,-136.0,105.0,0.0,0.0
BRE - Critérium National - Plouhinec - Homme,2024-12-14,SEN Men 67,BEKKAR Ayoub,61.7,90.0,-0.0,-0.0,105.0,-0.0,-0.0,90.0,105.0,195.0
BRE - Critérium National - Plouhinec - Homme,2024-12-14,SEN Men 73,COTTEREAU Antoine,72.9,95.0,-100.0,-100.0,120.0,125.0,-130.0,95.0,125.0,220.0
BRE - Critérium National - Plouhinec - Homme,2024-12-14,SEN Men 73,MICHELET Nicolas,71.6,90.0,-95.0,95.0,110.0,115.0,118.0,95.0,118.0,213.0
BRE - Critérium National - Plouhinec - Homme,2024-12-14,SEN Men 81,COLOMBO Ludwig,80.5,125.0,130.0,-133.0,146.0,154.0,160.0,130.0,160.0,290.0
BRE - Critérium National - Plouhinec - Homme,2024-12-14,SEN Men 81,HASSAINE Adam,80.5,120.0,-125.0,130.0,145.0,-159.0,-165.0,130.0,145.0,275.0
BRE - Critérium National - Plouhinec - Homme,2024-12-14,SEN Men 81,DARCHEN Johann,80.1,-120.0,120.0,-125.0,140.0,-150.0,-155.0,120.0,140.0,260.0
BRE - Critérium National - Plouhinec - Homme,2024-12-14,SEN Men 81,GRAVOIS Ugo,81.0,-112.0,112.0,-117.0,-138.0,138.0,139.0,112.0,139.0,251.0
BRE - Critérium National - Plouhinec - Homme,2024-12-14,SEN Men 81,ANGOT Alexis,80.6,111.0,-116.0,116.0,134.0,-138.0,-138.0,116.0,134.0,250.0
BRE - Critérium National - Plouhinec - Homme,2024-12-14,SEN Men 81,RODRIGUEZ Killian,77.1,102.0,107.0,110.0,128.0,133.0,-140.0,110.0,133.0,243.0
BRE - Critérium National - Plouhinec - Homme,2024-12-14,SEN Men 81,DALOUR Killian,79.3,90.0,95.0,100.0,115.0,125.0,-128.0,100.0,125.0,225.0
BRE - Critérium National - Plouhinec - Homme,2024-12-14,SEN Men 89,COLIN Thomas,88.5,125.0,-130.0,130.0,157.0,-165.0,-165.0,130.0,157.0,287.0
BRE - Critérium National - Plouhinec - Homme,2024-12-14,SEN Men 89,MEHAULT Federic,88.5,107.0,115.0,120.0,130.0,-140.0,-140.0,120.0,130.0,250.0
BRE - Critérium National - Plouhinec - Homme,2024-12-14,SEN Men 89,COSTA Mickael,88.0,103.0,107.0,-110.0,-132.0,-132.0,-133.0,107.0,0.0,0.0
BRE - Critérium National - Plouhinec - Homme,2024-12-14,SEN Men 96,BALIAN Stéphane,94.6,125.0,-130.0,-130.0,155.0,163.0,-170.0,125.0,163.0,288.0
BRE - Critérium National - Plouhinec - Homme,2024-12-14,SEN Men 96,CHELALI Zakaria,90.8,110.0,-115.0,-115.0,-145.0,-145.0,-145.0,110.0,0.0,0.0
BRE - Critérium National - Plouhinec - Homme,2024-12-14,SEN Men 109,SCHACHERER Damien,106.8,132.0,136.0,-140.0,168.0,-0.0,-0.0,136.0,168.0,304.0
BRE - Critérium National - Plouhinec - Homme,2024-12-14,SEN Men >109,UTIA Kutea,135.5,-115.0,-115.0,115.0,-135.0,138.0,-142.0,115.0,138.0,253.0
BRE - Critérium National - Plouhinec - Homme,2024-12-14,SEN Women 49,LEROY Manon,48.4,47.0,50.0,-52.0,60.0,-65.0,-65.0,50.0,60.0,110.0
BRE - Critérium National - Plouhinec - Homme,2024-12-14,SEN Women 55,RICO Shizuka,54.9,-70.0,-70.0,70.0,90.0,95.0,-97.0,70.0,95.0,165.0
BRE - Critérium National - Plouhinec - Homme,2024-12-14,SEN Women 55,ZHENG Noëlle,55.0,-57.0,-57.0,57.0,-67.0,-67.0,67.0,57.0,67.0,124.0
BRE - Critérium National - Plouhinec - Homme,2024-12-14,SEN Women 55,BIGNON Caroline,54.3,50.0,-55.0,-55.0,60.0,-63.0,63.0,50.0,63.0,113.0
BRE - Critérium National - Plouhinec - Homme,2024-12-14,SEN Women 55,MARTINELLI Laetitia,54.0,45.0,-48.0,-49.0,59.0,63.0,65.0,45.0,65.0,110.0
BRE - Critérium National - Plouhinec - Homme,2024-12-14,SEN Women 55,CANAMERO Léa,55.0,-55.0,-63.0,-63.0,75.0,80.0,-85.0,0.0,80.0,0.0
BRE - Critérium National - Plouhinec - Homme,2024-12-14,SEN Women 59,BRAULT Flore,58.2,57.0,60.0,62.0,78.0,81.0,-83.0,62.0,81.0,143.0
BRE - Critérium National - Plouhinec - Homme,2024-12-14,SEN Women 59,LAMDAHBIN Zahra,59.0,57.0,60.0,-62.0,-75.0,-75.0,80.0,60.0,80.0,140.0
BRE - Critérium National - Plouhinec - Homme,2024-12-14,SEN Women 59,SIVASOTHEY Eunice agnes,58.0,55.0,-60.0,-60.0,65.0,-70.0,-70.0,55.0,65.0,120.0
BRE - Critérium National - Plouhinec - Homme,2024-12-14,SEN Women 59,ZHENG Axelle,57.7,-51.0,-51.0,-51.0,65.0,-68.0,-68.0,0.0,65.0,0.0
BRE - Critérium National - Plouhinec - Homme,2024-12-14,SEN Women 59,ZAVLYANOVA Maria,59.0,58.0,-60.0,-60.0,-80.0,-82.0,-82.0,58.0,0.0,0.0
BRE - Critérium National - Plouhinec - Homme,2024-12-14,SEN Women 49,LEROY Manon,48.4,47.0,50.0,-52.0,60.0,-65.0,-65.0,50.0,60.0,110.0
BRE - Critérium National - Plouhinec - Homme,2024-12-14,SEN Women 55,RICO Shizuka,54.9,-70.0,-70.0,70.0,90.0,95.0,-97.0,70.0,95.0,165.0
BRE - Critérium National - Plouhinec - Homme,2024-12-14,SEN Women 55,ZHENG Noëlle,55.0,-57.0,-57.0,57.0,-67.0,-67.0,67.0,57.0,67.0,124.0
BRE - Critérium National - Plouhinec - Homme,2024-12-14,SEN Women 55,BIGNON Caroline,54.3,50.0,-55.0,-55.0,60.0,-63.0,63.0,50.0,63.0,113.0
BRE - Critérium National - Plouhinec - Homme,2024-12-14,SEN Women 55,MARTINELLI Laetitia,54.0,45.0,-48.0,-49.0,59.0,63.0,65.0,45.0,65.0,110.0
BRE - Critérium National - Plouhinec - Homme,2024-12-14,SEN Women 55,CANAMERO Léa,55.0,-55.0,-63.0,-63.0,75.0,80.0,-85.0,0.0,80.0,0.0
BRE - Critérium National - Plouhinec - Homme,2024-12-14,SEN Women 59,BRAULT Flore,58.2,57.0,60.0,62.0,78.0,81.0,-83.0,62.0,81.0,143.0
BRE - Critérium National - Plouhinec - Homme,2024-12-14,SEN Women 59,LAMDAHBIN Zahra,59.0,57.0,60.0,-62.0,-75.0,-75.0,80.0,60.0,80.0,140.0
BRE - Critérium National - Plouhinec - Homme,2024-12-14,SEN Women 59,SIVASOTHEY Eunice agnes,58.0,55.0,-60.0,-60.0,65.0,-70.0,-70.0,55.0,65.0,120.0
BRE - Critérium National - Plouhinec - Homme,2024-12-14,SEN Women 59,ZHENG Axelle,57.7,-51.0,-51.0,-51.0,65.0,-68.0,-68.0,0.0,65.0,0.0
BRE - Critérium National - Plouhinec - Homme,2024-12-14,SEN Women 59,ZAVLYANOVA Maria,59.0,58.0,-60.0,-60.0,-80.0,-82.0,-82.0,58.0,0.0,0.0
BRE - Critérium National - Plouhinec - Homme,2024-12-14,U15 Women 45,RISSO Lina,42.1,-38.0,38.0,41.0,-47.0,47.0,-51.0,41.0,47.0,88.0
BRE - Critérium National - Plouhinec - Homme,2024-12-14,U15 Women 45,HOFFMANN Tasnym,44.4,38.0,-41.0,42.0,48.0,-51.0,-51.0,42.0,48.0,90.0
BRE - Critérium National - Plouhinec - Homme,2024-12-14,U15 Women 49,RIGAUD Louise,46.3,47.0,50.0,53.0,60.0,63.0,-65.0,53.0,63.0,116.0
BRE - Critérium National - Plouhinec - Homme,2024-12-14,U15 Women 55,GONZALEZ Julie,54.5,-35.0,35.0,40.0,47.0,50.0,-53.0,40.0,50.0,90.0
BRE - Critérium National - Plouhinec - Homme,2024-12-14,U17 Women 64,TOWNSON VERDIER Penelope,62.4,40.0,-43.0,43.0,50.0,-53.0,-55.0,43.0,50.0,93.0
BRE - Critérium National - Plouhinec - Homme,2024-12-14,U20 Women 55,KOUCHENSKY Darya,54.5,55.0,58.0,-61.0,65.0,68.0,72.0,58.0,72.0,130.0
BRE - Critérium National - Plouhinec - Homme,2024-12-14,U20 Women 55,JALKH Elyssa,51.9,-45.0,45.0,48.0,-55.0,-56.0,-60.0,48.0,0.0,0.0
BRE - Critérium National - Plouhinec - Homme,2024-12-14,U20 Women 64,CHILLARON-PEREZ Lou-anne,63.7,60.0,-64.0,66.0,74.0,77.0,-80.0,66.0,77.0,143.0
BRE - Critérium National - Plouhinec - Homme,2024-12-14,U20 Women 81,FURET Zoé,80.2,77.0,82.0,85.0,89.0,93.0,95.0,85.0,95.0,180.0
BRE - Critérium National - Plouhinec - Homme,2024-12-14,SEN Women 49,CAZEAU Chloe,49.0,50.0,52.0,55.0,60.0,63.0,-67.0,55.0,63.0,118.0
BRE - Critérium National - Plouhinec - Homme,2024-12-14,SEN Women 55,TARDY Noémie,54.6,53.0,-55.0,-55.0,65.0,-68.0,-68.0,53.0,65.0,118.0
BRE - Critérium National - Plouhinec - Homme,2024-12-14,SEN Women 59,JOUNIAUX Camille,56.5,-76.0,77.0,-81.0,86.0,90.0,-93.0,77.0,90.0,167.0
BRE - Critérium National - Plouhinec - Homme,2024-12-14,SEN Women 59,SACRIAS Elia,58.0,63.0,67.0,-70.0,80.0,83.0,85.0,67.0,85.0,152.0
BRE - Critérium National - Plouhinec - Homme,2024-12-14,SEN Women 59,MALNOU Fanny,57.9,54.0,-57.0,-58.0,65.0,69.0,-72.0,54.0,69.0,123.0
BRE - Critérium National - Plouhinec - Homme,2024-12-14,SEN Women 59,BAUD Katia,57.1,54.0,-56.0,-56.0,67.0,-0.0,-0.0,54.0,67.0,121.0
BRE - Critérium National - Plouhinec - Homme,2024-12-14,SEN Women 59,HOMINAL Tory,58.8,60.0,-63.0,63.0,-74.0,-77.0,-77.0,63.0,0.0,0.0
BRE - Critérium National - Plouhinec - Homme,2024-12-14,SEN Women 64,PRIOUZEAU Florine,63.2,60.0,64.0,67.0,72.0,76.0,80.0,67.0,80.0,147.0
BRE - Critérium National - Plouhinec - Homme,2024-12-14,SEN Women 64,PROUVOST Chloé,64.0,60.0,-63.0,63.0,72.0,75.0,-78.0,63.0,75.0,138.0
BRE - Critérium National - Plouhinec - Homme,2024-12-14,SEN Women 64,DUPONT Laurane,62.2,55.0,58.0,-60.0,67.0,71.0,-75.0,58.0,71.0,129.0
BRE - Critérium National - Plouhinec - Homme,2024-12-14,SEN Women 71,LE VAILLANT DE CHARNY Audrey,67.1,76.0,-80.0,-81.0,96.0,-100.0,-100.0,76.0,96.0,172.0
BRE - Critérium National - Plouhinec - Homme,2024-12-14,SEN Women 71,PIARD Philomène,70.7,-70.0,-70.0,-70.0,-0.0,-0.0,-0.0,0.0,0.0,0.0
BRE - Critérium National - Plouhinec - Homme,2024-12-14,U15 Women 45,RISSO Lina,42.1,-38.0,38.0,41.0,-47.0,47.0,-51.0,41.0,47.0,88.0
BRE - Critérium National - Plouhinec - Homme,2024-12-14,U15 Women 45,HOFFMANN Tasnym,44.4,38.0,-41.0,42.0,48.0,-51.0,-51.0,42.0,48.0,90.0
BRE - Critérium National - Plouhinec - Homme,2024-12-14,U15 Women 49,RIGAUD Louise,46.3,47.0,50.0,53.0,60.0,63.0,-65.0,53.0,63.0,116.0
BRE - Critérium National - Plouhinec - Homme,2024-12-14,U15 Women 55,GONZALEZ Julie,54.5,-35.0,35.0,40.0,47.0,50.0,-53.0,40.0,50.0,90.0
BRE - Critérium National - Plouhinec - Homme,2024-12-14,U17 Women 64,TOWNSON VERDIER Penelope,62.4,40.0,-43.0,43.0,50.0,-53.0,-55.0,43.0,50.0,93.0
BRE - Critérium National - Plouhinec - Homme,2024-12-14,U20 Women 55,KOUCHENSKY Darya,54.5,55.0,58.0,-61.0,65.0,68.0,72.0,58.0,72.0,130.0
BRE - Critérium National - Plouhinec - Homme,2024-12-14,U20 Women 55,JALKH Elyssa,51.9,-45.0,45.0,48.0,-55.0,-56.0,-60.0,48.0,0.0,0.0
BRE - Critérium National - Plouhinec - Homme,2024-12-14,U20 Women 64,CHILLARON-PEREZ Lou-anne,63.7,60.0,-64.0,66.0,74.0,77.0,-80.0,66.0,77.0,143.0
BRE - Critérium National - Plouhinec - Homme,2024-12-14,U20 Women 81,FURET Zoé,80.2,77.0,82.0,85.0,89.0,93.0,95.0,85.0,95.0,180.0
BRE - Critérium National - Plouhinec - Homme,2024-12-14,SEN Women 49,CAZEAU Chloe,49.0,50.0,52.0,55.0,60.0,63.0,-67.0,55.0,63.0,118.0
BRE - Critérium National - Plouhinec - Homme,2024-12-14,SEN Women 55,TARDY Noémie,54.6,53.0,-55.0,-55.0,65.0,-68.0,-68.0,53.0,65.0,118.0
BRE - Critérium National - Plouhinec - Homme,2024-12-14,SEN Women 59,JOUNIAUX Camille,56.5,-76.0,77.0,-81.0,86.0,90.0,-93.0,77.0,90.0,167.0
BRE - Critérium National - Plouhinec - Homme,2024-12-14,SEN Women 59,SACRIAS Elia,58.0,63.0,67.0,-70.0,80.0,83.0,85.0,67.0,85.0,152.0
BRE - Critérium National - Plouhinec - Homme,2024-12-14,SEN Women 59,MALNOU Fanny,57.9,54.0,-57.0,-58.0,65.0,69.0,-72.0,54.0,69.0,123.0
BRE - Critérium National - Plouhinec - Homme,2024-12-14,SEN Women 59,BAUD Katia,57.1,54.0,-56.0,-56.0,67.0,-0.0,-0.0,54.0,67.0,121.0
BRE - Critérium National - Plouhinec - Homme,2024-12-14,SEN Women 59,HOMINAL Tory,58.8,60.0,-63.0,63.0,-74.0,-77.0,-77.0,63.0,0.0,0.0
BRE - Critérium National - Plouhinec - Homme,2024-12-14,SEN Women 64,PRIOUZEAU Florine,63.2,60.0,64.0,67.0,72.0,76.0,80.0,67.0,80.0,147.0
BRE - Critérium National - Plouhinec - Homme,2024-12-14,SEN Women 64,PROUVOST Chloé,64.0,60.0,-63.0,63.0,72.0,75.0,-78.0,63.0,75.0,138.0
BRE - Critérium National - Plouhinec - Homme,2024-12-14,SEN Women 64,DUPONT Laurane,62.2,55.0,58.0,-60.0,67.0,71.0,-75.0,58.0,71.0,129.0
BRE - Critérium National - Plouhinec - Homme,2024-12-14,SEN Women 71,LE VAILLANT DE CHARNY Audrey,67.1,76.0,-80.0,-81.0,96.0,-100.0,-100.0,76.0,96.0,172.0
BRE - Critérium National - Plouhinec - Homme,2024-12-14,SEN Women 71,PIARD Philomène,70.7,-70.0,-70.0,-70.0,-0.0,-0.0,-0.0,0.0,0.0,0.0
BRE - Critérium National - Plouhinec - Homme,2024-12-14,SEN Men 67,MEDARD Hugo,64.9,-90.0,92.0,-96.0,115.0,120.0,-123.0,92.0,120.0,212.0
BRE - Critérium National - Plouhinec - Homme,2024-12-14,SEN Men 73,LABONDE Romain,71.7,90.0,-95.0,-96.0,115.0,-120.0,-120.0,90.0,115.0,205.0
BRE - Critérium National - Plouhinec - Homme,2024-12-14,SEN Men 81,PETIT Tommy,80.6,115.0,120.0,-125.0,135.0,147.0,-155.0,120.0,147.0,267.0
BRE - Critérium National - Plouhinec - Homme,2024-12-14,SEN Men 89,DESACHY Tom,87.3,125.0,130.0,-135.0,-157.0,157.0,-163.0,130.0,157.0,287.0
BRE - Critérium National - Plouhinec - Homme,2024-12-14,SEN Men 89,LEJEUNE Denis,89.0,115.0,120.0,-125.0,145.0,150.0,-155.0,120.0,150.0,270.0
BRE - Critérium National - Plouhinec - Homme,2024-12-14,SEN Men 89,MARCHAND Antoine,88.0,100.0,105.0,-108.0,115.0,-120.0,120.0,105.0,120.0,225.0
BRE - Critérium National - Plouhinec - Homme,2024-12-14,SEN Men 89,LEVEQUE Léonard,89.0,122.0,-127.0,-127.0,-158.0,-165.0,-165.0,122.0,0.0,0.0
BRE - Critérium National - Plouhinec - Homme,2024-12-14,SEN Men 96,BOIS Armand,94.0,115.0,-119.0,-123.0,145.0,150.0,155.0,115.0,155.0,270.0
BRE - Critérium National - Plouhinec - Homme,2024-12-14,SEN Men 102,HERBE Maxime,99.9,104.0,108.0,-112.0,-133.0,133.0,138.0,108.0,138.0,246.0
BRE - Critérium National - Plouhinec - Homme,2024-12-14,SEN Men 67,MEDARD Hugo,64.9,-90.0,92.0,-96.0,115.0,120.0,-123.0,92.0,120.0,212.0
BRE - Critérium National - Plouhinec - Homme,2024-12-14,SEN Men 73,LABONDE Romain,71.7,90.0,-95.0,-96.0,115.0,-120.0,-120.0,90.0,115.0,205.0
BRE - Critérium National - Plouhinec - Homme,2024-12-14,SEN Men 81,PETIT Tommy,80.6,115.0,120.0,-125.0,135.0,147.0,-155.0,120.0,147.0,267.0
BRE - Critérium National - Plouhinec - Homme,2024-12-14,SEN Men 89,DESACHY Tom,87.3,125.0,130.0,-135.0,-157.0,157.0,-163.0,130.0,157.0,287.0
BRE - Critérium National - Plouhinec - Homme,2024-12-14,SEN Men 89,LEJEUNE Denis,89.0,115.0,120.0,-125.0,145.0,150.0,-155.0,120.0,150.0,270.0
BRE - Critérium National - Plouhinec - Homme,2024-12-14,SEN Men 89,MARCHAND Antoine,88.0,100.0,105.0,-108.0,115.0,-120.0,120.0,105.0,120.0,225.0
BRE - Critérium National - Plouhinec - Homme,2024-12-14,SEN Men 89,LEVEQUE Léonard,89.0,122.0,-127.0,-127.0,-158.0,-165.0,-165.0,122.0,0.0,0.0
BRE - Critérium National - Plouhinec - Homme,2024-12-14,SEN Men 96,BOIS Armand,94.0,115.0,-119.0,-123.0,145.0,150.0,155.0,115.0,155.0,270.0
BRE - Critérium National - Plouhinec - Homme,2024-12-14,SEN Men 102,HERBE Maxime,99.9,104.0,108.0,-112.0,-133.0,133.0,138.0,108.0,138.0,246.0
BRE - Critérium National - Plouhinec - Homme,2024-12-14,U10 Men ,LECHAT Thibaut,33.99,14.0,15.0,16.0,17.0,19.0,21.0,16.0,21.0,37.0
BRE - Critérium National - Plouhinec - Homme,2024-12-14,U13 Men 45,ADAMY Tom,41.6,18.0,19.0,-21.0,20.0,21.0,23.0,19.0,23.0,42.0
BRE - Critérium National - Plouhinec - Homme,2024-12-14,U13 Men 45,LAPIERRE Robin,44.38,26.0,-28.0,-28.0,35.0,-37.0,37.0,26.0,37.0,63.0
BRE - Critérium National - Plouhinec - Homme,2024-12-14,U13 Men 55,MEDARD Lorenzo,52.68,24.0,26.0,28.0,32.0,34.0,36.0,28.0,36.0,64.0
BRE - Critérium National - Plouhinec - Homme,2024-12-14,U13 Men 67,BURGEOT Noah,64.38,14.0,16.0,18.0,17.0,19.0,21.0,18.0,21.0,39.0
BRE - Critérium National - Plouhinec - Homme,2024-12-14,U10 Women ,GLASSIER Maude,56.05,26.0,-28.0,28.0,35.0,37.0,39.0,28.0,39.0,67.0
BRE - Critérium National - Plouhinec - Homme,2024-12-14,U10 Women ,FERRAND COGNON Kali,26.25,10.0,12.0,13.0,12.0,14.0,16.0,13.0,16.0,29.0
BRE - Critérium National - Plouhinec - Homme,2024-12-14,U10 Women ,BURGEOT Ana,33.99,10.0,12.0,-13.0,12.0,14.0,-16.0,12.0,14.0,26.0
BRE - Critérium National - Plouhinec - Homme,2024-12-14,U13 Women 35,SAVARY Lea,28.84,10.0,12.0,-14.0,13.0,15.0,17.0,12.0,17.0,29.0
BRE - Critérium National - Plouhinec - Homme,2024-12-14,U13 Women 40,ROQUET Luce,39.18,13.0,14.0,15.0,21.0,22.0,-24.0,15.0,22.0,37.0
BRE - Critérium National - Plouhinec - Homme,2024-12-14,U13 Women 45,FERRANDIN Camille,41.42,17.0,19.0,-21.0,24.0,26.0,-28.0,19.0,26.0,45.0
BRE - Critérium National - Plouhinec - Homme,2024-12-14,U13 Women 59,FOURNIER Alice,58.12,23.0,25.0,-27.0,32.0,34.0,-36.0,25.0,34.0,59.0
BRE - Critérium National - Plouhinec - Homme,2024-12-14,U10 Men ,LECHAT Thibaut,33.99,14.0,15.0,16.0,17.0,19.0,21.0,16.0,21.0,37.0
BRE - Critérium National - Plouhinec - Homme,2024-12-14,U13 Men 45,ADAMY Tom,41.6,18.0,19.0,-21.0,20.0,21.0,23.0,19.0,23.0,42.0
BRE - Critérium National - Plouhinec - Homme,2024-12-14,U13 Men 45,LAPIERRE Robin,44.38,26.0,-28.0,-28.0,35.0,-37.0,37.0,26.0,37.0,63.0
BRE - Critérium National - Plouhinec - Homme,2024-12-14,U13 Men 55,MEDARD Lorenzo,52.68,24.0,26.0,28.0,32.0,34.0,36.0,28.0,36.0,64.0
BRE - Critérium National - Plouhinec - Homme,2024-12-14,U13 Men 67,BURGEOT Noah,64.38,14.0,16.0,18.0,17.0,19.0,21.0,18.0,21.0,39.0
BRE - Critérium National - Plouhinec - Homme,2024-12-14,U10 Women ,GLASSIER Maude,56.05,26.0,-28.0,28.0,35.0,37.0,39.0,28.0,39.0,67.0
BRE - Critérium National - Plouhinec - Homme,2024-12-14,U10 Women ,FERRAND COGNON Kali,26.25,10.0,12.0,13.0,12.0,14.0,16.0,13.0,16.0,29.0
BRE - Critérium National - Plouhinec - Homme,2024-12-14,U10 Women ,BURGEOT Ana,33.99,10.0,12.0,-13.0,12.0,14.0,-16.0,12.0,14.0,26.0
BRE - Critérium National - Plouhinec - Homme,2024-12-14,U13 Women 35,SAVARY Lea,28.84,10.0,12.0,-14.0,13.0,15.0,17.0,12.0,17.0,29.0
BRE - Critérium National - Plouhinec - Homme,2024-12-14,U13 Women 40,ROQUET Luce,39.18,13.0,14.0,15.0,21.0,22.0,-24.0,15.0,22.0,37.0
BRE - Critérium National - Plouhinec - Homme,2024-12-14,U13 Women 45,FERRANDIN Camille,41.42,17.0,19.0,-21.0,24.0,26.0,-28.0,19.0,26.0,45.0
BRE - Critérium National - Plouhinec - Homme,2024-12-14,U13 Women 59,FOURNIER Alice,58.12,23.0,25.0,-27.0,32.0,34.0,-36.0,25.0,34.0,59.0
BRE - Critérium National - Plouhinec - Homme,2024-12-14,SEN Men 61,CADIEU Clement,57.53,83.0,87.0,89.0,100.0,104.0,106.0,89.0,106.0,195.0
BRE - Critérium National - Plouhinec - Homme,2024-12-14,SEN Men 73,LECHAT Kevin,70.5,95.0,100.0,-105.0,115.0,120.0,-123.0,100.0,120.0,220.0
BRE - Critérium National - Plouhinec - Homme,2024-12-14,SEN Men 73,MIEGEBIELLE Victor,70.35,95.0,-100.0,-100.0,122.0,-126.0,-126.0,95.0,122.0,217.0
BRE - Critérium National - Plouhinec - Homme,2024-12-14,SEN Men 81,COGNON Jonathan,78.28,105.0,110.0,-113.0,140.0,-145.0,-145.0,110.0,140.0,250.0
BRE - Critérium National - Plouhinec - Homme,2024-12-14,SEN Men 89,COGNON Theo,87.45,122.0,127.0,130.0,-150.0,157.0,-160.0,130.0,157.0,287.0
BRE - Critérium National - Plouhinec - Homme,2024-12-14,SEN Men 96,BROTEL Jocelyn,94.22,-107.0,110.0,114.0,146.0,151.0,-0.0,114.0,151.0,265.0
BRE - Critérium National - Plouhinec - Homme,2024-12-14,SEN Men 61,CADIEU Clement,57.53,83.0,87.0,89.0,100.0,104.0,106.0,89.0,106.0,195.0
BRE - Critérium National - Plouhinec - Homme,2024-12-14,SEN Men 73,LECHAT Kevin,70.5,95.0,100.0,-105.0,115.0,120.0,-123.0,100.0,120.0,220.0
BRE - Critérium National - Plouhinec - Homme,2024-12-14,SEN Men 73,MIEGEBIELLE Victor,70.35,95.0,-100.0,-100.0,122.0,-126.0,-126.0,95.0,122.0,217.0
BRE - Critérium National - Plouhinec - Homme,2024-12-14,SEN Men 81,COGNON Jonathan,78.28,105.0,110.0,-113.0,140.0,-145.0,-145.0,110.0,140.0,250.0
BRE - Critérium National - Plouhinec - Homme,2024-12-14,SEN Men 89,COGNON Theo,87.45,122.0,127.0,130.0,-150.0,157.0,-160.0,130.0,157.0,287.0
BRE - Critérium National - Plouhinec - Homme,2024-12-14,SEN Men 96,BROTEL Jocelyn,94.22,-107.0,110.0,114.0,146.0,151.0,-0.0,114.0,151.0,265.0
BRE - Critérium National - Plouhinec - Homme,2024-12-14,SEN Women 49,PANSERAT Emma,48.36,50.0,-52.0,-52.0,-63.0,-65.0,-65.0,50.0,0.0,0.0
BRE - Critérium National - Plouhinec - Homme,2024-12-14,SEN Women 55,HERVAULT Jeanne,54.65,64.0,67.0,69.0,-79.0,79.0,82.0,69.0,82.0,151.0
BRE - Critérium National - Plouhinec - Homme,2024-12-14,SEN Women 55,FORMONT Johanna,50.55,58.0,-62.0,62.0,-75.0,77.0,-80.0,62.0,77.0,139.0
BRE - Critérium National - Plouhinec - Homme,2024-12-14,SEN Women 55,DUGAS Marine,54.11,-50.0,-50.0,50.0,59.0,61.0,-64.0,50.0,61.0,111.0
BRE - Critérium National - Plouhinec - Homme,2024-12-14,SEN Women 59,BILLON Anaelle,58.2,60.0,62.0,-64.0,78.0,80.0,-82.0,62.0,80.0,142.0
BRE - Critérium National - Plouhinec - Homme,2024-12-14,SEN Women 59,LUCAS Carla,57.27,-60.0,60.0,65.0,-70.0,70.0,-75.0,65.0,70.0,135.0
BRE - Critérium National - Plouhinec - Homme,2024-12-14,SEN Women 64,LE MALEFANT Samantha,62.56,77.0,85.0,88.0,80.0,105.0,-109.0,88.0,105.0,193.0
BRE - Critérium National - Plouhinec - Homme,2024-12-14,SEN Women 64,ILCHUK Kateryna,63.44,77.0,-82.0,-82.0,88.0,94.0,-98.0,77.0,94.0,171.0
BRE - Critérium National - Plouhinec - Homme,2024-12-14,SEN Women 64,MORIN Jessica,62.81,62.0,65.0,-68.0,82.0,85.0,-88.0,65.0,85.0,150.0
BRE - Critérium National - Plouhinec - Homme,2024-12-14,SEN Women 64,BARROCHE Clemence,60.72,-53.0,-53.0,53.0,-70.0,73.0,76.0,53.0,76.0,129.0
BRE - Critérium National - Plouhinec - Homme,2024-12-14,SEN Women 71,CHOYER Anissa,70.69,63.0,-66.0,66.0,83.0,-86.0,86.0,66.0,86.0,152.0
BRE - Critérium National - Plouhinec - Homme,2024-12-14,SEN Women 71,MONTANDON Tamara,69.22,-65.0,65.0,-70.0,-80.0,81.0,-85.0,65.0,81.0,146.0
BRE - Critérium National - Plouhinec - Homme,2024-12-14,SEN Women 71,MUNIER Katline,65.07,-56.0,56.0,60.0,-74.0,74.0,77.0,60.0,77.0,137.0
BRE - Critérium National - Plouhinec - Homme,2024-12-14,SEN Women 71,COGNON Sonia,69.63,56.0,58.0,61.0,70.0,74.0,76.0,61.0,76.0,137.0
BRE - Critérium National - Plouhinec - Homme,2024-12-14,SEN Women 49,PANSERAT Emma,48.36,50.0,-52.0,-52.0,-63.0,-65.0,-65.0,50.0,0.0,0.0
BRE - Critérium National - Plouhinec - Homme,2024-12-14,SEN Women 55,HERVAULT Jeanne,54.65,64.0,67.0,69.0,-79.0,79.0,82.0,69.0,82.0,151.0
BRE - Critérium National - Plouhinec - Homme,2024-12-14,SEN Women 55,FORMONT Johanna,50.55,58.0,-62.0,62.0,-75.0,77.0,-80.0,62.0,77.0,139.0
BRE - Critérium National - Plouhinec - Homme,2024-12-14,SEN Women 55,DUGAS Marine,54.11,-50.0,-50.0,50.0,59.0,61.0,-64.0,50.0,61.0,111.0
BRE - Critérium National - Plouhinec - Homme,2024-12-14,SEN Women 59,BILLON Anaelle,58.2,60.0,62.0,-64.0,78.0,80.0,-82.0,62.0,80.0,142.0
BRE - Critérium National - Plouhinec - Homme,2024-12-14,SEN Women 59,LUCAS Carla,57.27,-60.0,60.0,65.0,-70.0,70.0,-75.0,65.0,70.0,135.0
BRE - Critérium National - Plouhinec - Homme,2024-12-14,SEN Women 64,LE MALEFANT Samantha,62.56,77.0,85.0,88.0,80.0,105.0,-109.0,88.0,105.0,193.0
BRE - Critérium National - Plouhinec - Homme,2024-12-14,SEN Women 64,ILCHUK Kateryna,63.44,77.0,-82.0,-82.0,88.0,94.0,-98.0,77.0,94.0,171.0
BRE - Critérium National - Plouhinec - Homme,2024-12-14,SEN Women 64,MORIN Jessica,62.81,62.0,65.0,-68.0,82.0,85.0,-88.0,65.0,85.0,150.0
BRE - Critérium National - Plouhinec - Homme,2024-12-14,SEN Women 64,BARROCHE Clemence,60.72,-53.0,-53.0,53.0,-70.0,73.0,76.0,53.0,76.0,129.0
BRE - Critérium National - Plouhinec - Homme,2024-12-14,SEN Women 71,CHOYER Anissa,70.69,63.0,-66.0,66.0,83.0,-86.0,86.0,66.0,86.0,152.0
BRE - Critérium National - Plouhinec - Homme,2024-12-14,SEN Women 71,MONTANDON Tamara,69.22,-65.0,65.0,-70.0,-80.0,81.0,-85.0,65.0,81.0,146.0
BRE - Critérium National - Plouhinec - Homme,2024-12-14,SEN Women 71,MUNIER Katline,65.07,-56.0,56.0,60.0,-74.0,74.0,77.0,60.0,77.0,137.0
BRE - Critérium National - Plouhinec - Homme,2024-12-14,SEN Women 71,COGNON Sonia,69.63,56.0,58.0,61.0,70.0,74.0,76.0,61.0,76.0,137.0
BRE - Critérium National - Plouhinec - Homme,2024-12-14,U17 Women 55,KOCHETOVA Margot,52.6,73.0,76.0,79.0,89.0,92.0,95.0,79.0,95.0,174.0
BRE - Critérium National - Plouhinec - Homme,2024-12-14,SEN Women 55,MALBRUN Andréa,54.7,-67.0,67.0,-71.0,-78.0,78.0,82.0,67.0,82.0,149.0
BRE - Critérium National - Plouhinec - Homme,2024-12-14,SEN Women 59,MAHIEUX Celia,57.2,64.0,-67.0,-68.0,-78.0,80.0,-84.0,64.0,80.0,144.0
BRE - Critérium National - Plouhinec - Homme,2024-12-14,SEN Women 64,ZHYLKO Sophia,64.0,70.0,-73.0,75.0,87.0,90.0,93.0,75.0,93.0,168.0
BRE - Critérium National - Plouhinec - Homme,2024-12-14,SEN Women 64,DUMONT Emilie,63.2,75.0,-80.0,-80.0,90.0,-100.0,-100.0,75.0,90.0,165.0
BRE - Critérium National - Plouhinec - Homme,2024-12-14,SEN Women 71,JAUNEAU Claire,68.4,75.0,-80.0,80.0,95.0,100.0,-105.0,80.0,100.0,180.0
BRE - Critérium National - Plouhinec - Homme,2024-12-14,SEN Women 71,MURER Carla,69.1,69.0,73.0,-76.0,87.0,-92.0,-95.0,73.0,87.0,160.0
BRE - Critérium National - Plouhinec - Homme,2024-12-14,U17 Women 55,KOCHETOVA Margot,52.6,73.0,76.0,79.0,89.0,92.0,95.0,79.0,95.0,174.0
BRE - Critérium National - Plouhinec - Homme,2024-12-14,SEN Women 55,MALBRUN Andréa,54.7,-67.0,67.0,-71.0,-78.0,78.0,82.0,67.0,82.0,149.0
BRE - Critérium National - Plouhinec - Homme,2024-12-14,SEN Women 59,MAHIEUX Celia,57.2,64.0,-67.0,-68.0,-78.0,80.0,-84.0,64.0,80.0,144.0
BRE - Critérium National - Plouhinec - Homme,2024-12-14,SEN Women 64,ZHYLKO Sophia,64.0,70.0,-73.0,75.0,87.0,90.0,93.0,75.0,93.0,168.0
BRE - Critérium National - Plouhinec - Homme,2024-12-14,SEN Women 64,DUMONT Emilie,63.2,75.0,-80.0,-80.0,90.0,-100.0,-100.0,75.0,90.0,165.0
BRE - Critérium National - Plouhinec - Homme,2024-12-14,SEN Women 71,JAUNEAU Claire,68.4,75.0,-80.0,80.0,95.0,100.0,-105.0,80.0,100.0,180.0
BRE - Critérium National - Plouhinec - Homme,2024-12-14,SEN Women 71,MURER Carla,69.1,69.0,73.0,-76.0,87.0,-92.0,-95.0,73.0,87.0,160.0
BRE - Critérium National - Plouhinec - Homme,2024-12-14,U13 Men 35,VEFOUR Noah,31.9,33.0,35.0,37.0,42.0,44.0,46.0,37.0,46.0,83.0
BRE - Critérium National - Plouhinec - Homme,2024-12-14,U13 Men 35,LEPINAY BARET Raphaël,31.67,22.0,23.0,25.0,29.0,30.0,32.0,25.0,32.0,57.0
BRE - Critérium National - Plouhinec - Homme,2024-12-14,U13 Men 40,GARLOPEAU Loris,36.67,14.0,-16.0,16.0,20.0,22.0,24.0,16.0,24.0,40.0
BRE - Critérium National - Plouhinec - Homme,2024-12-14,U13 Men 40,LEBON Ethan,37.84,14.0,16.0,18.0,18.0,20.0,-22.0,18.0,20.0,38.0
BRE - Critérium National - Plouhinec - Homme,2024-12-14,U13 Men 55,ST MART Lyam,50.35,22.0,24.0,-25.0,26.0,28.0,-30.0,24.0,28.0,52.0
BRE - Critérium National - Plouhinec - Homme,2024-12-14,U13 Men 61,TAÏLÉ Soan,58.26,28.0,30.0,32.0,34.0,36.0,38.0,32.0,38.0,70.0
BRE - Critérium National - Plouhinec - Homme,2024-12-14,U13 Men >73,GABRIEL David,76.55,27.0,-29.0,29.0,36.0,38.0,40.0,29.0,40.0,69.0
BRE - Critérium National - Plouhinec - Homme,2024-12-14,U13 Women 35,JACQUEMIN Pauline,33.64,13.0,15.0,17.0,22.0,24.0,-26.0,17.0,24.0,41.0
BRE - Critérium National - Plouhinec - Homme,2024-12-14,U13 Women 35,VAGLIO Capucine,30.96,13.0,14.0,15.0,18.0,20.0,22.0,15.0,22.0,37.0
BRE - Critérium National - Plouhinec - Homme,2024-12-14,U13 Women 40,FLECHAUD Elena,35.7,14.0,16.0,18.0,18.0,20.0,22.0,18.0,22.0,40.0
BRE - Critérium National - Plouhinec - Homme,2024-12-14,U13 Women 55,ADOLPHE Alya maïwenn,50.93,32.0,34.0,36.0,44.0,46.0,-48.0,36.0,46.0,82.0
BRE - Critérium National - Plouhinec - Homme,2024-12-14,U13 Men 35,VEFOUR Noah,31.9,33.0,35.0,37.0,42.0,44.0,46.0,37.0,46.0,83.0
BRE - Critérium National - Plouhinec - Homme,2024-12-14,U13 Men 35,LEPINAY BARET Raphaël,31.67,22.0,23.0,25.0,29.0,30.0,32.0,25.0,32.0,57.0
BRE - Critérium National - Plouhinec - Homme,2024-12-14,U13 Men 40,GARLOPEAU Loris,36.67,14.0,-16.0,16.0,20.0,22.0,24.0,16.0,24.0,40.0
BRE - Critérium National - Plouhinec - Homme,2024-12-14,U13 Men 40,LEBON Ethan,37.84,14.0,16.0,18.0,18.0,20.0,-22.0,18.0,20.0,38.0
BRE - Critérium National - Plouhinec - Homme,2024-12-14,U13 Men 55,ST MART Lyam,50.35,22.0,24.0,-25.0,26.0,28.0,-30.0,24.0,28.0,52.0
BRE - Critérium National - Plouhinec - Homme,2024-12-14,U13 Men 61,TAÏLÉ Soan,58.26,28.0,30.0,32.0,34.0,36.0,38.0,32.0,38.0,70.0
BRE - Critérium National - Plouhinec - Homme,2024-12-14,U13 Men >73,GABRIEL David,76.55,27.0,-29.0,29.0,36.0,38.0,40.0,29.0,40.0,69.0
BRE - Critérium National - Plouhinec - Homme,2024-12-14,U13 Women 35,JACQUEMIN Pauline,33.64,13.0,15.0,17.0,22.0,24.0,-26.0,17.0,24.0,41.0
BRE - Critérium National - Plouhinec - Homme,2024-12-14,U13 Women 35,VAGLIO Capucine,30.96,13.0,14.0,15.0,18.0,20.0,22.0,15.0,22.0,37.0
BRE - Critérium National - Plouhinec - Homme,2024-12-14,U13 Women 40,FLECHAUD Elena,35.7,14.0,16.0,18.0,18.0,20.0,22.0,18.0,22.0,40.0
BRE - Critérium National - Plouhinec - Homme,2024-12-14,U13 Women 55,ADOLPHE Alya maïwenn,50.93,32.0,34.0,36.0,44.0,46.0,-48.0,36.0,46.0,82.0
BRE - Critérium National - Plouhinec - Homme,2024-12-14,U15 Men 49,TÉLISMART Maxime,45.6,34.0,36.0,38.0,45.0,47.0,50.0,38.0,50.0,88.0
BRE - Critérium National - Plouhinec - Homme,2024-12-14,U15 Men 49,MOULS Paul-maxime,45.2,27.0,28.0,-29.0,33.0,34.0,-36.0,28.0,34.0,62.0
BRE - Critérium National - Plouhinec - Homme,2024-12-14,SEN Men 55,ESSOB Etienne,54.37,80.0,-84.0,85.0,98.0,-105.0,-105.0,85.0,98.0,183.0
BRE - Critérium National - Plouhinec - Homme,2024-12-14,SEN Men 67,RIVASSEAU Valentin,65.6,87.0,90.0,93.0,100.0,-0.0,-0.0,93.0,100.0,193.0
BRE - Critérium National - Plouhinec - Homme,2024-12-14,SEN Men 73,LEFEVRE Jérome,71.9,106.0,111.0,-115.0,137.0,142.0,-149.0,111.0,142.0,253.0
BRE - Critérium National - Plouhinec - Homme,2024-12-14,SEN Men 73,RICHARD Olivier,70.8,67.0,72.0,77.0,87.0,92.0,97.0,77.0,97.0,174.0
BRE - Critérium National - Plouhinec - Homme,2024-12-14,SEN Men 81,BEVILACQUA Hugo,80.7,118.0,-122.0,123.0,-152.0,152.0,-155.0,123.0,152.0,275.0
BRE - Critérium National - Plouhinec - Homme,2024-12-14,SEN Men 89,KHOON-YAM Brice,87.25,102.0,107.0,111.0,127.0,-132.0,135.0,111.0,135.0,246.0
BRE - Critérium National - Plouhinec - Homme,2024-12-14,SEN Men 89,LAURET Robin,86.8,95.0,102.0,107.0,125.0,133.0,138.0,107.0,138.0,245.0
BRE - Critérium National - Plouhinec - Homme,2024-12-14,SEN Men 89,PARASSOURAMIN-LATCHIMY Dan,85.7,102.0,106.0,-110.0,122.0,-127.0,130.0,106.0,130.0,236.0
BRE - Critérium National - Plouhinec - Homme,2024-12-14,SEN Men 89,BOUHENNOUCHE Djalil,86.7,100.0,110.0,-114.0,110.0,115.0,120.0,110.0,120.0,230.0
BRE - Critérium National - Plouhinec - Homme,2024-12-14,SEN Men 102,CADET Jerome,100.8,110.0,-115.0,116.0,150.0,154.0,-158.0,116.0,154.0,270.0
BRE - Critérium National - Plouhinec - Homme,2024-12-14,U15 Men 49,TÉLISMART Maxime,45.6,34.0,36.0,38.0,45.0,47.0,50.0,38.0,50.0,88.0
BRE - Critérium National - Plouhinec - Homme,2024-12-14,U15 Men 49,MOULS Paul-maxime,45.2,27.0,28.0,-29.0,33.0,34.0,-36.0,28.0,34.0,62.0
BRE - Critérium National - Plouhinec - Homme,2024-12-14,SEN Men 55,ESSOB Etienne,54.37,80.0,-84.0,85.0,98.0,-105.0,-105.0,85.0,98.0,183.0
BRE - Critérium National - Plouhinec - Homme,2024-12-14,SEN Men 67,RIVASSEAU Valentin,65.6,87.0,90.0,93.0,100.0,-0.0,-0.0,93.0,100.0,193.0
BRE - Critérium National - Plouhinec - Homme,2024-12-14,SEN Men 73,LEFEVRE Jérome,71.9,106.0,111.0,-115.0,137.0,142.0,-149.0,111.0,142.0,253.0
BRE - Critérium National - Plouhinec - Homme,2024-12-14,SEN Men 73,RICHARD Olivier,70.8,67.0,72.0,77.0,87.0,92.0,97.0,77.0,97.0,174.0
BRE - Critérium National - Plouhinec - Homme,2024-12-14,SEN Men 81,BEVILACQUA Hugo,80.7,118.0,-122.0,123.0,-152.0,152.0,-155.0,123.0,152.0,275.0
BRE - Critérium National - Plouhinec - Homme,2024-12-14,SEN Men 89,KHOON-YAM Brice,87.25,102.0,107.0,111.0,127.0,-132.0,135.0,111.0,135.0,246.0
BRE - Critérium National - Plouhinec - Homme,2024-12-14,SEN Men 89,LAURET Robin,86.8,95.0,102.0,107.0,125.0,133.0,138.0,107.0,138.0,245.0
BRE - Critérium National - Plouhinec - Homme,2024-12-14,SEN Men 89,PARASSOURAMIN-LATCHIMY Dan,85.7,102.0,106.0,-110.0,122.0,-127.0,130.0,106.0,130.0,236.0
BRE - Critérium National - Plouhinec - Homme,2024-12-14,SEN Men 89,BOUHENNOUCHE Djalil,86.7,100.0,110.0,-114.0,110.0,115.0,120.0,110.0,120.0,230.0
BRE - Critérium National - Plouhinec - Homme,2024-12-14,SEN Men 102,CADET Jerome,100.8,110.0,-115.0,116.0,150.0,154.0,-158.0,116.0,154.0,270.0
BRE - Critérium National - Plouhinec - Homme,2024-12-14,U17 Women 64,FILMOTTE Eurydice,60.4,53.0,55.0,-58.0,65.0,70.0,-73.0,55.0,70.0,125.0
BRE - Critérium National - Plouhinec - Homme,2024-12-14,SEN Women 59,RECURT Justine,57.8,72.0,75.0,-78.0,85.0,-88.0,88.0,75.0,88.0,163.0
BRE - Critérium National - Plouhinec - Homme,2024-12-14,SEN Women 59,BOUTIN Solène,57.8,66.0,69.0,-71.0,86.0,90.0,-93.0,69.0,90.0,159.0
BRE - Critérium National - Plouhinec - Homme,2024-12-14,SEN Women 59,LALLOYEAU Marilou,57.9,-69.0,-69.0,69.0,78.0,82.0,-86.0,69.0,82.0,151.0
BRE - Critérium National - Plouhinec - Homme,2024-12-14,SEN Women 59,GHILBERT Lisa,58.4,-63.0,63.0,65.0,-75.0,75.0,-78.0,65.0,75.0,140.0
BRE - Critérium National - Plouhinec - Homme,2024-12-14,SEN Women 59,BICH Adèlaïde,58.8,56.0,59.0,-62.0,76.0,81.0,-0.0,59.0,81.0,140.0
BRE - Critérium National - Plouhinec - Homme,2024-12-14,SEN Women 59,LENY Apolline,58.0,-58.0,-58.0,58.0,72.0,-75.0,-76.0,58.0,72.0,130.0
BRE - Critérium National - Plouhinec - Homme,2024-12-14,SEN Women 59,RODRIGUES Elora,57.1,-63.0,-63.0,-63.0,-0.0,-0.0,-0.0,0.0,0.0,0.0
BRE - Critérium National - Plouhinec - Homme,2024-12-14,SEN Women 64,LORTAL Orane,62.2,-65.0,-65.0,66.0,81.0,84.0,-88.0,66.0,84.0,150.0
BRE - Critérium National - Plouhinec - Homme,2024-12-14,SEN Women 64,DE SAMPAIO Nina,62.0,59.0,62.0,65.0,77.0,-80.0,82.0,65.0,82.0,147.0
BRE - Critérium National - Plouhinec - Homme,2024-12-14,SEN Women 64,SALELLES Manon,62.6,65.0,-68.0,-69.0,-82.0,-82.0,82.0,65.0,82.0,147.0
BRE - Critérium National - Plouhinec - Homme,2024-12-14,SEN Women 64,ESCUILLIE Marine,63.2,50.0,54.0,-57.0,70.0,75.0,-80.0,54.0,75.0,129.0
BRE - Critérium National - Plouhinec - Homme,2024-12-14,SEN Women 71,CORNIL Caroline,68.5,60.0,64.0,67.0,77.0,81.0,85.0,67.0,85.0,152.0
BRE - Critérium National - Plouhinec - Homme,2024-12-14,U17 Women 64,FILMOTTE Eurydice,60.4,53.0,55.0,-58.0,65.0,70.0,-73.0,55.0,70.0,125.0
BRE - Critérium National - Plouhinec - Homme,2024-12-14,SEN Women 59,RECURT Justine,57.8,72.0,75.0,-78.0,85.0,-88.0,88.0,75.0,88.0,163.0
BRE - Critérium National - Plouhinec - Homme,2024-12-14,SEN Women 59,BOUTIN Solène,57.8,66.0,69.0,-71.0,86.0,90.0,-93.0,69.0,90.0,159.0
BRE - Critérium National - Plouhinec - Homme,2024-12-14,SEN Women 59,LALLOYEAU Marilou,57.9,-69.0,-69.0,69.0,78.0,82.0,-86.0,69.0,82.0,151.0
BRE - Critérium National - Plouhinec - Homme,2024-12-14,SEN Women 59,GHILBERT Lisa,58.4,-63.0,63.0,65.0,-75.0,75.0,-78.0,65.0,75.0,140.0
BRE - Critérium National - Plouhinec - Homme,2024-12-14,SEN Women 59,BICH Adèlaïde,58.8,56.0,59.0,-62.0,76.0,81.0,-0.0,59.0,81.0,140.0
BRE - Critérium National - Plouhinec - Homme,2024-12-14,SEN Women 59,LENY Apolline,58.0,-58.0,-58.0,58.0,72.0,-75.0,-76.0,58.0,72.0,130.0
BRE - Critérium National - Plouhinec - Homme,2024-12-14,SEN Women 59,RODRIGUES Elora,57.1,-63.0,-63.0,-63.0,-0.0,-0.0,-0.0,0.0,0.0,0.0
BRE - Critérium National - Plouhinec - Homme,2024-12-14,SEN Women 64,LORTAL Orane,62.2,-65.0,-65.0,66.0,81.0,84.0,-88.0,66.0,84.0,150.0
BRE - Critérium National - Plouhinec - Homme,2024-12-14,SEN Women 64,DE SAMPAIO Nina,62.0,59.0,62.0,65.0,77.0,-80.0,82.0,65.0,82.0,147.0
BRE - Critérium National - Plouhinec - Homme,2024-12-14,SEN Women 64,SALELLES Manon,62.6,65.0,-68.0,-69.0,-82.0,-82.0,82.0,65.0,82.0,147.0
BRE - Critérium National - Plouhinec - Homme,2024-12-14,SEN Women 64,ESCUILLIE Marine,63.2,50.0,54.0,-57.0,70.0,75.0,-80.0,54.0,75.0,129.0
BRE - Critérium National - Plouhinec - Homme,2024-12-14,SEN Women 71,CORNIL Caroline,68.5,60.0,64.0,67.0,77.0,81.0,85.0,67.0,85.0,152.0
BRE - Critérium National - Plouhinec - Homme,2024-12-14,U15 Men 55,ALCARAZ Thomas,54.6,57.0,62.0,65.0,75.0,80.0,85.0,65.0,85.0,150.0
BRE - Critérium National - Plouhinec - Homme,2024-12-14,U15 Men 61,CATOLIQUOT Malone,60.8,58.0,62.0,65.0,77.0,81.0,-85.0,65.0,81.0,146.0
BRE - Critérium National - Plouhinec - Homme,2024-12-14,U17 Men 49,JEAN Wyatt,47.9,55.0,60.0,64.0,72.0,77.0,82.0,64.0,82.0,146.0
BRE - Critérium National - Plouhinec - Homme,2024-12-14,U17 Men 55,ROSS Clément,53.5,57.0,62.0,65.0,72.0,77.0,-80.0,65.0,77.0,142.0
BRE - Critérium National - Plouhinec - Homme,2024-12-14,U20 Men 67,DEMEILLERS Matis,63.5,78.0,82.0,-85.0,-105.0,-108.0,-108.0,82.0,0.0,0.0
BRE - Critérium National - Plouhinec - Homme,2024-12-14,SEN Men 61,MOCAËR LORGERE Alan,58.9,79.0,82.0,85.0,110.0,114.0,-119.0,85.0,114.0,199.0
BRE - Critérium National - Plouhinec - Homme,2024-12-14,SEN Men 61,CHAN TAI TAT Yohann,59.8,80.0,-85.0,85.0,-100.0,100.0,-105.0,85.0,100.0,185.0
BRE - Critérium National - Plouhinec - Homme,2024-12-14,SEN Men 67,TURPIN Aurelien,66.7,90.0,94.0,-98.0,120.0,-131.0,-131.0,94.0,120.0,214.0
BRE - Critérium National - Plouhinec - Homme,2024-12-14,SEN Men 73,PERUGA David,72.2,94.0,-97.0,98.0,116.0,119.0,-124.0,98.0,119.0,217.0
BRE - Critérium National - Plouhinec - Homme,2024-12-14,SEN Men 81,MILOSEVIC Yvan - alexis,75.1,90.0,95.0,100.0,108.0,112.0,-120.0,100.0,112.0,212.0
BRE - Critérium National - Plouhinec - Homme,2024-12-14,U15 Men 55,ALCARAZ Thomas,54.6,57.0,62.0,65.0,75.0,80.0,85.0,65.0,85.0,150.0
BRE - Critérium National - Plouhinec - Homme,2024-12-14,U15 Men 61,CATOLIQUOT Malone,60.8,58.0,62.0,65.0,77.0,81.0,-85.0,65.0,81.0,146.0
BRE - Critérium National - Plouhinec - Homme,2024-12-14,U17 Men 49,JEAN Wyatt,47.9,55.0,60.0,64.0,72.0,77.0,82.0,64.0,82.0,146.0
BRE - Critérium National - Plouhinec - Homme,2024-12-14,U17 Men 55,ROSS Clément,53.5,57.0,62.0,65.0,72.0,77.0,-80.0,65.0,77.0,142.0
BRE - Critérium National - Plouhinec - Homme,2024-12-14,U20 Men 67,DEMEILLERS Matis,63.5,78.0,82.0,-85.0,-105.0,-108.0,-108.0,82.0,0.0,0.0
BRE - Critérium National - Plouhinec - Homme,2024-12-14,SEN Men 61,MOCAËR LORGERE Alan,58.9,79.0,82.0,85.0,110.0,114.0,-119.0,85.0,114.0,199.0
BRE - Critérium National - Plouhinec - Homme,2024-12-14,SEN Men 61,CHAN TAI TAT Yohann,59.8,80.0,-85.0,85.0,-100.0,100.0,-105.0,85.0,100.0,185.0
BRE - Critérium National - Plouhinec - Homme,2024-12-14,SEN Men 67,TURPIN Aurelien,66.7,90.0,94.0,-98.0,120.0,-131.0,-131.0,94.0,120.0,214.0
BRE - Critérium National - Plouhinec - Homme,2024-12-14,SEN Men 73,PERUGA David,72.2,94.0,-97.0,98.0,116.0,119.0,-124.0,98.0,119.0,217.0
BRE - Critérium National - Plouhinec - Homme,2024-12-14,SEN Men 81,MILOSEVIC Yvan - alexis,75.1,90.0,95.0,100.0,108.0,112.0,-120.0,100.0,112.0,212.0
BRE - Critérium National - Plouhinec - Homme,2024-12-14,U15 Women 45,ANGELO Jamie lynn,44.1,35.0,38.0,40.0,45.0,48.0,50.0,40.0,50.0,90.0
BRE - Critérium National - Plouhinec - Homme,2024-12-14,U15 Women 49,CONSTENSOUS Emma,48.6,33.0,36.0,39.0,44.0,47.0,51.0,39.0,51.0,90.0
BRE - Critérium National - Plouhinec - Homme,2024-12-14,U15 Women 49,CAUMON Zoé,47.7,28.0,-31.0,31.0,38.0,41.0,44.0,31.0,44.0,75.0
BRE - Critérium National - Plouhinec - Homme,2024-12-14,U15 Women 49,BORSANI Cammille,47.6,-28.0,-28.0,-28.0,-0.0,-0.0,-0.0,0.0,0.0,0.0
BRE - Critérium National - Plouhinec - Homme,2024-12-14,U15 Women 55,SOW Aby,53.5,34.0,37.0,-39.0,43.0,46.0,48.0,37.0,48.0,85.0
BRE - Critérium National - Plouhinec - Homme,2024-12-14,U17 Women 55,DEGEZ Florette,53.9,68.0,71.0,74.0,81.0,86.0,-90.0,74.0,86.0,160.0
BRE - Critérium National - Plouhinec - Homme,2024-12-14,U17 Women 55,DESHAIES Amandine,52.0,50.0,52.0,-54.0,58.0,-62.0,-64.0,52.0,58.0,110.0
BRE - Critérium National - Plouhinec - Homme,2024-12-14,U20 Women 55,LORET Leïlou,54.4,59.0,63.0,-65.0,78.0,-82.0,-82.0,63.0,78.0,141.0
BRE - Critérium National - Plouhinec - Homme,2024-12-14,U20 Women 55,BLANCHARD Chloé,52.3,49.0,52.0,55.0,60.0,64.0,-67.0,55.0,64.0,119.0
BRE - Critérium National - Plouhinec - Homme,2024-12-14,U20 Women 59,DIAW Lia,58.0,60.0,63.0,66.0,75.0,80.0,83.0,66.0,83.0,149.0
BRE - Critérium National - Plouhinec - Homme,2024-12-14,SEN Women 55,CADONI Perrine,51.7,62.0,65.0,67.0,-75.0,78.0,-80.0,67.0,78.0,145.0
BRE - Critérium National - Plouhinec - Homme,2024-12-14,SEN Women 55,ESPLAS Elisa,54.4,56.0,-59.0,-60.0,67.0,70.0,-74.0,56.0,70.0,126.0
BRE - Critérium National - Plouhinec - Homme,2024-12-14,U15 Women 45,ANGELO Jamie lynn,44.1,35.0,38.0,40.0,45.0,48.0,50.0,40.0,50.0,90.0
BRE - Critérium National - Plouhinec - Homme,2024-12-14,U15 Women 49,CONSTENSOUS Emma,48.6,33.0,36.0,39.0,44.0,47.0,51.0,39.0,51.0,90.0
BRE - Critérium National - Plouhinec - Homme,2024-12-14,U15 Women 49,CAUMON Zoé,47.7,28.0,-31.0,31.0,38.0,41.0,44.0,31.0,44.0,75.0
BRE - Critérium National - Plouhinec - Homme,2024-12-14,U15 Women 49,BORSANI Cammille,47.6,-28.0,-28.0,-28.0,-0.0,-0.0,-0.0,0.0,0.0,0.0
BRE - Critérium National - Plouhinec - Homme,2024-12-14,U15 Women 55,SOW Aby,53.5,34.0,37.0,-39.0,43.0,46.0,48.0,37.0,48.0,85.0
BRE - Critérium National - Plouhinec - Homme,2024-12-14,U17 Women 55,DEGEZ Florette,53.9,68.0,71.0,74.0,81.0,86.0,-90.0,74.0,86.0,160.0
BRE - Critérium National - Plouhinec - Homme,2024-12-14,U17 Women 55,DESHAIES Amandine,52.0,50.0,52.0,-54.0,58.0,-62.0,-64.0,52.0,58.0,110.0
BRE - Critérium National - Plouhinec - Homme,2024-12-14,U20 Women 55,LORET Leïlou,54.4,59.0,63.0,-65.0,78.0,-82.0,-82.0,63.0,78.0,141.0
BRE - Critérium National - Plouhinec - Homme,2024-12-14,U20 Women 55,BLANCHARD Chloé,52.3,49.0,52.0,55.0,60.0,64.0,-67.0,55.0,64.0,119.0
BRE - Critérium National - Plouhinec - Homme,2024-12-14,U20 Women 59,DIAW Lia,58.0,60.0,63.0,66.0,75.0,80.0,83.0,66.0,83.0,149.0
BRE - Critérium National - Plouhinec - Homme,2024-12-14,SEN Women 55,CADONI Perrine,51.7,62.0,65.0,67.0,-75.0,78.0,-80.0,67.0,78.0,145.0
BRE - Critérium National - Plouhinec - Homme,2024-12-14,SEN Women 55,ESPLAS Elisa,54.4,56.0,-59.0,-60.0,67.0,70.0,-74.0,56.0,70.0,126.0
BRE - Critérium National - Plouhinec - Homme,2024-12-14,U20 Men 81,GABARRE FONFREDE Raphael,80.8,-106.0,107.0,110.0,-135.0,135.0,-139.0,110.0,135.0,245.0
BRE - Critérium National - Plouhinec - Homme,2024-12-14,SEN Men 81,PERSONNIC Youenn,80.0,124.0,127.0,-130.0,152.0,157.0,161.0,127.0,161.0,288.0
BRE - Critérium National - Plouhinec - Homme,2024-12-14,SEN Men 81,RAVALISSE Steven,79.1,113.0,118.0,123.0,140.0,147.0,-152.0,123.0,147.0,270.0
BRE - Critérium National - Plouhinec - Homme,2024-12-14,SEN Men 89,DEYRIS Simon,86.5,110.0,-114.0,-116.0,145.0,-150.0,150.0,110.0,150.0,260.0
BRE - Critérium National - Plouhinec - Homme,2024-12-14,SEN Men 89,BITOUN Matthieu,86.5,112.0,-116.0,-118.0,132.0,-137.0,140.0,112.0,140.0,252.0
BRE - Critérium National - Plouhinec - Homme,2024-12-14,SEN Men 89,DURAND Raphael,84.8,-117.0,-117.0,117.0,-138.0,-143.0,-143.0,117.0,0.0,0.0
BRE - Critérium National - Plouhinec - Homme,2024-12-14,SEN Men 96,HAVET Bastien,93.1,130.0,135.0,138.0,157.0,166.0,-170.0,138.0,166.0,304.0
BRE - Critérium National - Plouhinec - Homme,2024-12-14,SEN Men 96,BOULINGUEZ Maxime,95.1,126.0,130.0,133.0,-155.0,155.0,-162.0,133.0,155.0,288.0
BRE - Critérium National - Plouhinec - Homme,2024-12-14,SEN Men 96,MONTE Romain,94.9,100.0,105.0,-110.0,130.0,-135.0,135.0,105.0,135.0,240.0
BRE - Critérium National - Plouhinec - Homme,2024-12-14,SEN Men 102,BOADA Clement,100.2,120.0,126.0,-132.0,-144.0,144.0,-0.0,126.0,144.0,270.0
BRE - Critérium National - Plouhinec - Homme,2024-12-14,U20 Men 81,GABARRE FONFREDE Raphael,80.8,-106.0,107.0,110.0,-135.0,135.0,-139.0,110.0,135.0,245.0
BRE - Critérium National - Plouhinec - Homme,2024-12-14,SEN Men 81,PERSONNIC Youenn,80.0,124.0,127.0,-130.0,152.0,157.0,161.0,127.0,161.0,288.0
BRE - Critérium National - Plouhinec - Homme,2024-12-14,SEN Men 81,RAVALISSE Steven,79.1,113.0,118.0,123.0,140.0,147.0,-152.0,123.0,147.0,270.0
BRE - Critérium National - Plouhinec - Homme,2024-12-14,SEN Men 89,DEYRIS Simon,86.5,110.0,-114.0,-116.0,145.0,-150.0,150.0,110.0,150.0,260.0
BRE - Critérium National - Plouhinec - Homme,2024-12-14,SEN Men 89,BITOUN Matthieu,86.5,112.0,-116.0,-118.0,132.0,-137.0,140.0,112.0,140.0,252.0
BRE - Critérium National - Plouhinec - Homme,2024-12-14,SEN Men 89,DURAND Raphael,84.8,-117.0,-117.0,117.0,-138.0,-143.0,-143.0,117.0,0.0,0.0
BRE - Critérium National - Plouhinec - Homme,2024-12-14,SEN Men 96,HAVET Bastien,93.1,130.0,135.0,138.0,157.0,166.0,-170.0,138.0,166.0,304.0
BRE - Critérium National - Plouhinec - Homme,2024-12-14,SEN Men 96,BOULINGUEZ Maxime,95.1,126.0,130.0,133.0,-155.0,155.0,-162.0,133.0,155.0,288.0
BRE - Critérium National - Plouhinec - Homme,2024-12-14,SEN Men 96,MONTE Romain,94.9,100.0,105.0,-110.0,130.0,-135.0,135.0,105.0,135.0,240.0
BRE - Critérium National - Plouhinec - Homme,2024-12-14,SEN Men 102,BOADA Clement,100.2,120.0,126.0,-132.0,-144.0,144.0,-0.0,126.0,144.0,270.0
BRE - Critérium National - Plouhinec - Homme,2024-12-14,U13 Men 35,DECRAENE Mael,27.2,14.0,16.0,-18.0,18.0,20.0,22.0,16.0,22.0,38.0
BRE - Critérium National - Plouhinec - Homme,2024-12-14,U13 Men 40,MOREL Clement,36.7,12.0,14.0,15.0,16.0,18.0,-19.0,15.0,18.0,33.0
BRE - Critérium National - Plouhinec - Homme,2024-12-14,U13 Men 40,CHIZZOLINI Kendjy,39.5,11.0,13.0,-15.0,15.0,17.0,19.0,13.0,19.0,32.0
BRE - Critérium National - Plouhinec - Homme,2024-12-14,U13 Men 61,WAUTHIER Lucas,61.0,28.0,30.0,32.0,44.0,46.0,48.0,32.0,48.0,80.0
BRE - Critérium National - Plouhinec - Homme,2024-12-14,U13 Women 35,SAID Sara,34.48,22.0,24.0,26.0,32.0,34.0,36.0,26.0,36.0,62.0
BRE - Critérium National - Plouhinec - Homme,2024-12-14,U13 Women 35,LEJEUNE Eleane,27.92,13.0,15.0,-17.0,15.0,17.0,19.0,15.0,19.0,34.0
BRE - Critérium National - Plouhinec - Homme,2024-12-14,U13 Women 35,GAUDEFROY Endrea,31.62,13.0,14.0,15.0,15.0,17.0,19.0,15.0,19.0,34.0
BRE - Critérium National - Plouhinec - Homme,2024-12-14,U13 Women 35,BILLON Cléa,33.46,5.0,6.0,7.0,8.0,9.0,10.0,7.0,10.0,17.0
BRE - Critérium National - Plouhinec - Homme,2024-12-14,U13 Women 45,HECQUET Maelys,41.32,17.0,19.0,-21.0,21.0,23.0,25.0,19.0,25.0,44.0
BRE - Critérium National - Plouhinec - Homme,2024-12-14,U13 Women 49,CHIZZOLINI Inaya,46.82,22.0,-24.0,24.0,28.0,30.0,-32.0,24.0,30.0,54.0
BRE - Critérium National - Plouhinec - Homme,2024-12-14,U13 Women 64,GONERA Camellia,61.04,10.0,12.0,14.0,12.0,14.0,16.0,14.0,16.0,30.0
BRE - Critérium National - Plouhinec - Homme,2024-12-14,U13 Men 35,DECRAENE Mael,27.2,14.0,16.0,-18.0,18.0,20.0,22.0,16.0,22.0,38.0
BRE - Critérium National - Plouhinec - Homme,2024-12-14,U13 Men 40,MOREL Clement,36.7,12.0,14.0,15.0,16.0,18.0,-19.0,15.0,18.0,33.0
BRE - Critérium National - Plouhinec - Homme,2024-12-14,U13 Men 40,CHIZZOLINI Kendjy,39.5,11.0,13.0,-15.0,15.0,17.0,19.0,13.0,19.0,32.0
BRE - Critérium National - Plouhinec - Homme,2024-12-14,U13 Men 61,WAUTHIER Lucas,61.0,28.0,30.0,32.0,44.0,46.0,48.0,32.0,48.0,80.0
BRE - Critérium National - Plouhinec - Homme,2024-12-14,U13 Women 35,SAID Sara,34.48,22.0,24.0,26.0,32.0,34.0,36.0,26.0,36.0,62.0
BRE - Critérium National - Plouhinec - Homme,2024-12-14,U13 Women 35,LEJEUNE Eleane,27.92,13.0,15.0,-17.0,15.0,17.0,19.0,15.0,19.0,34.0
BRE - Critérium National - Plouhinec - Homme,2024-12-14,U13 Women 35,GAUDEFROY Endrea,31.62,13.0,14.0,15.0,15.0,17.0,19.0,15.0,19.0,34.0
BRE - Critérium National - Plouhinec - Homme,2024-12-14,U13 Women 35,BILLON Cléa,33.46,5.0,6.0,7.0,8.0,9.0,10.0,7.0,10.0,17.0
BRE - Critérium National - Plouhinec - Homme,2024-12-14,U13 Women 45,HECQUET Maelys,41.32,17.0,19.0,-21.0,21.0,23.0,25.0,19.0,25.0,44.0
BRE - Critérium National - Plouhinec - Homme,2024-12-14,U13 Women 49,CHIZZOLINI Inaya,46.82,22.0,-24.0,24.0,28.0,30.0,-32.0,24.0,30.0,54.0
BRE - Critérium National - Plouhinec - Homme,2024-12-14,U13 Women 64,GONERA Camellia,61.04,10.0,12.0,14.0,12.0,14.0,16.0,14.0,16.0,30.0
BRE - Critérium National - Plouhinec - Homme,2024-12-14,U17 Men 89,ANTY-MANIER Noe,88.04,105.0,-110.0,112.0,-130.0,-130.0,135.0,112.0,135.0,247.0
BRE - Critérium National - Plouhinec - Homme,2024-12-14,SEN Men 67,PEDRAK Benjamin,65.62,100.0,-107.0,-107.0,120.0,-130.0,-0.0,100.0,120.0,220.0
BRE - Critérium National - Plouhinec - Homme,2024-12-14,SEN Men 67,JEROME Alexis,66.82,-90.0,-90.0,90.0,105.0,-110.0,-115.0,90.0,105.0,195.0
BRE - Critérium National - Plouhinec - Homme,2024-12-14,SEN Men 81,JEROME Kevin,79.46,-100.0,100.0,-105.0,115.0,123.0,-130.0,100.0,123.0,223.0
BRE - Critérium National - Plouhinec - Homme,2024-12-14,SEN Men 89,BERGER Emerick,88.12,103.0,107.0,111.0,125.0,130.0,135.0,111.0,135.0,246.0
BRE - Critérium National - Plouhinec - Homme,2024-12-14,U17 Men 89,ANTY-MANIER Noe,88.04,105.0,-110.0,112.0,-130.0,-130.0,135.0,112.0,135.0,247.0
BRE - Critérium National - Plouhinec - Homme,2024-12-14,SEN Men 67,PEDRAK Benjamin,65.62,100.0,-107.0,-107.0,120.0,-130.0,-0.0,100.0,120.0,220.0
BRE - Critérium National - Plouhinec - Homme,2024-12-14,SEN Men 67,JEROME Alexis,66.82,-90.0,-90.0,90.0,105.0,-110.0,-115.0,90.0,105.0,195.0
BRE - Critérium National - Plouhinec - Homme,2024-12-14,SEN Men 81,JEROME Kevin,79.46,-100.0,100.0,-105.0,115.0,123.0,-130.0,100.0,123.0,223.0
BRE - Critérium National - Plouhinec - Homme,2024-12-14,SEN Men 89,BERGER Emerick,88.12,103.0,107.0,111.0,125.0,130.0,135.0,111.0,135.0,246.0
BRE - Critérium National - Plouhinec - Homme,2024-12-14,U15 Women 40,MORAND Clementine,38.98,22.0,-24.0,-24.0,-28.0,29.0,-31.0,22.0,29.0,51.0
BRE - Critérium National - Plouhinec - Homme,2024-12-14,U15 Women 45,DECRAENE Selenia,40.46,40.0,43.0,-45.0,50.0,53.0,-55.0,43.0,53.0,96.0
BRE - Critérium National - Plouhinec - Homme,2024-12-14,U15 Women 45,ROUSSILLAT Klea,42.46,27.0,29.0,-30.0,35.0,38.0,-40.0,29.0,38.0,67.0
BRE - Critérium National - Plouhinec - Homme,2024-12-14,U15 Women 55,BRAILLY Camille,54.72,40.0,42.0,44.0,50.0,53.0,-56.0,44.0,53.0,97.0
BRE - Critérium National - Plouhinec - Homme,2024-12-14,U15 Women 55,DUFRANNE Leya,52.4,35.0,37.0,39.0,40.0,43.0,46.0,39.0,46.0,85.0
BRE - Critérium National - Plouhinec - Homme,2024-12-14,U15 Women 55,MARTINEZ Clea,53.42,30.0,33.0,-36.0,38.0,-41.0,41.0,33.0,41.0,74.0
BRE - Critérium National - Plouhinec - Homme,2024-12-14,U15 Women 59,ANDRIEUX Flora,55.32,50.0,53.0,55.0,67.0,70.0,-72.0,55.0,70.0,125.0
BRE - Critérium National - Plouhinec - Homme,2024-12-14,U15 Women 59,BOUCHEZ Clarys,56.6,32.0,-35.0,-35.0,41.0,44.0,46.0,32.0,46.0,78.0
BRE - Critérium National - Plouhinec - Homme,2024-12-14,U15 Women 40,MORAND Clementine,38.98,22.0,-24.0,-24.0,-28.0,29.0,-31.0,22.0,29.0,51.0
BRE - Critérium National - Plouhinec - Homme,2024-12-14,U15 Women 45,DECRAENE Selenia,40.46,40.0,43.0,-45.0,50.0,53.0,-55.0,43.0,53.0,96.0
BRE - Critérium National - Plouhinec - Homme,2024-12-14,U15 Women 45,ROUSSILLAT Klea,42.46,27.0,29.0,-30.0,35.0,38.0,-40.0,29.0,38.0,67.0
BRE - Critérium National - Plouhinec - Homme,2024-12-14,U15 Women 55,BRAILLY Camille,54.72,40.0,42.0,44.0,50.0,53.0,-56.0,44.0,53.0,97.0
BRE - Critérium National - Plouhinec - Homme,2024-12-14,U15 Women 55,DUFRANNE Leya,52.4,35.0,37.0,39.0,40.0,43.0,46.0,39.0,46.0,85.0
BRE - Critérium National - Plouhinec - Homme,2024-12-14,U15 Women 55,MARTINEZ Clea,53.42,30.0,33.0,-36.0,38.0,-41.0,41.0,33.0,41.0,74.0
BRE - Critérium National - Plouhinec - Homme,2024-12-14,U15 Women 59,ANDRIEUX Flora,55.32,50.0,53.0,55.0,67.0,70.0,-72.0,55.0,70.0,125.0
BRE - Critérium National - Plouhinec - Homme,2024-12-14,U15 Women 59,BOUCHEZ Clarys,56.6,32.0,-35.0,-35.0,41.0,44.0,46.0,32.0,46.0,78.0
BRE - Critérium National - Plouhinec - Homme,2024-12-14,U17 Women 59,RIOT Lola,56.74,44.0,47.0,50.0,57.0,-60.0,-60.0,50.0,57.0,107.0
BRE - Critérium National - Plouhinec - Homme,2024-12-14,U17 Women 71,ROUY Ilona,70.22,64.0,66.0,-68.0,-78.0,78.0,80.0,66.0,80.0,146.0
BRE - Critérium National - Plouhinec - Homme,2024-12-14,U17 Women >81,DOBEL Eva,99.44,50.0,53.0,55.0,65.0,70.0,-75.0,55.0,70.0,125.0
BRE - Critérium National - Plouhinec - Homme,2024-12-14,U20 Women 45,BIZEAU Alexine,44.0,54.0,-57.0,-57.0,-64.0,-64.0,-64.0,54.0,0.0,0.0
BRE - Critérium National - Plouhinec - Homme,2024-12-14,U20 Women 71,CARON Lea,66.3,47.0,-51.0,-51.0,60.0,63.0,65.0,47.0,65.0,112.0
BRE - Critérium National - Plouhinec - Homme,2024-12-14,U20 Women 76,NOURTIER Lyla,74.08,-60.0,60.0,-64.0,77.0,-80.0,-80.0,60.0,77.0,137.0
BRE - Critérium National - Plouhinec - Homme,2024-12-14,U20 Women >87,CAMACHO GONZALEZ Helena,95.7,50.0,-53.0,-53.0,-65.0,67.0,-70.0,50.0,67.0,117.0
BRE - Critérium National - Plouhinec - Homme,2024-12-14,SEN Women 49,THIERRY Charlotte,48.16,60.0,63.0,-65.0,-77.0,-78.0,78.0,63.0,78.0,141.0
BRE - Critérium National - Plouhinec - Homme,2024-12-14,SEN Women 49,SITTER Cécile,45.4,-47.0,47.0,-50.0,55.0,57.0,-60.0,47.0,57.0,104.0
BRE - Critérium National - Plouhinec - Homme,2024-12-14,SEN Women 59,NOIRON Capucine,59.0,68.0,72.0,-75.0,85.0,90.0,-93.0,72.0,90.0,162.0
BRE - Critérium National - Plouhinec - Homme,2024-12-14,SEN Women 64,LEFEBVRE Margaux,63.44,-55.0,55.0,58.0,70.0,-73.0,-73.0,58.0,70.0,128.0
BRE - Critérium National - Plouhinec - Homme,2024-12-14,SEN Women 71,LOTTIN Justine,68.02,60.0,64.0,-67.0,71.0,74.0,77.0,64.0,77.0,141.0
BRE - Critérium National - Plouhinec - Homme,2024-12-14,SEN Women 76,VAN OVERBEKE Axelle,72.48,66.0,69.0,72.0,83.0,87.0,91.0,72.0,91.0,163.0
BRE - Critérium National - Plouhinec - Homme,2024-12-14,U17 Women 59,RIOT Lola,56.74,44.0,47.0,50.0,57.0,-60.0,-60.0,50.0,57.0,107.0
BRE - Critérium National - Plouhinec - Homme,2024-12-14,U17 Women 71,ROUY Ilona,70.22,64.0,66.0,-68.0,-78.0,78.0,80.0,66.0,80.0,146.0
BRE - Critérium National - Plouhinec - Homme,2024-12-14,U17 Women >81,DOBEL Eva,99.44,50.0,53.0,55.0,65.0,70.0,-75.0,55.0,70.0,125.0
BRE - Critérium National - Plouhinec - Homme,2024-12-14,U20 Women 45,BIZEAU Alexine,44.0,54.0,-57.0,-57.0,-64.0,-64.0,-64.0,54.0,0.0,0.0
BRE - Critérium National - Plouhinec - Homme,2024-12-14,U20 Women 71,CARON Lea,66.3,47.0,-51.0,-51.0,60.0,63.0,65.0,47.0,65.0,112.0
BRE - Critérium National - Plouhinec - Homme,2024-12-14,U20 Women 76,NOURTIER Lyla,74.08,-60.0,60.0,-64.0,77.0,-80.0,-80.0,60.0,77.0,137.0
BRE - Critérium National - Plouhinec - Homme,2024-12-14,U20 Women >87,CAMACHO GONZALEZ Helena,95.7,50.0,-53.0,-53.0,-65.0,67.0,-70.0,50.0,67.0,117.0
BRE - Critérium National - Plouhinec - Homme,2024-12-14,SEN Women 49,THIERRY Charlotte,48.16,60.0,63.0,-65.0,-77.0,-78.0,78.0,63.0,78.0,141.0
BRE - Critérium National - Plouhinec - Homme,2024-12-14,SEN Women 49,SITTER Cécile,45.4,-47.0,47.0,-50.0,55.0,57.0,-60.0,47.0,57.0,104.0
BRE - Critérium National - Plouhinec - Homme,2024-12-14,SEN Women 59,NOIRON Capucine,59.0,68.0,72.0,-75.0,85.0,90.0,-93.0,72.0,90.0,162.0
BRE - Critérium National - Plouhinec - Homme,2024-12-14,SEN Women 64,LEFEBVRE Margaux,63.44,-55.0,55.0,58.0,70.0,-73.0,-73.0,58.0,70.0,128.0
BRE - Critérium National - Plouhinec - Homme,2024-12-14,SEN Women 71,LOTTIN Justine,68.02,60.0,64.0,-67.0,71.0,74.0,77.0,64.0,77.0,141.0
BRE - Critérium National - Plouhinec - Homme,2024-12-14,SEN Women 76,VAN OVERBEKE Axelle,72.48,66.0,69.0,72.0,83.0,87.0,91.0,72.0,91.0,163.0
BRE - Critérium National - Plouhinec - Homme,2024-12-14,U15 Women 40,RIQUIER Alicia,38.68,18.0,-21.0,-22.0,25.0,27.0,-30.0,18.0,27.0,45.0
BRE - Critérium National - Plouhinec - Homme,2024-12-14,U15 Women 55,RADAMA Shaina,52.72,43.0,46.0,-48.0,55.0,-58.0,58.0,46.0,58.0,104.0
BRE - Critérium National - Plouhinec - Homme,2024-12-14,U15 Women 55,ARAB Aliyah,49.93,34.0,36.0,37.0,44.0,-46.0,-46.0,37.0,44.0,81.0
BRE - Critérium National - Plouhinec - Homme,2024-12-14,U15 Women 59,PERROUAULT Calie,58.35,30.0,32.0,34.0,42.0,45.0,-47.0,34.0,45.0,79.0
BRE - Critérium National - Plouhinec - Homme,2024-12-14,U15 Women 64,CUVILLIER Ema,63.6,40.0,-42.0,42.0,50.0,53.0,-55.0,42.0,53.0,95.0
BRE - Critérium National - Plouhinec - Homme,2024-12-14,U15 Women 76,FONTENELLE Chloe,73.72,-47.0,47.0,-50.0,60.0,65.0,67.0,47.0,67.0,114.0
BRE - Critérium National - Plouhinec - Homme,2024-12-14,U17 Women 55,BEAUGER Louna,52.97,40.0,-42.0,-42.0,52.0,55.0,-57.0,40.0,55.0,95.0
BRE - Critérium National - Plouhinec - Homme,2024-12-14,U17 Women 64,EL KORRICHI Aisha,60.2,45.0,48.0,50.0,55.0,60.0,-65.0,50.0,60.0,110.0
BRE - Critérium National - Plouhinec - Homme,2024-12-14,U17 Women 64,RICHEZ Albane,62.47,40.0,-43.0,43.0,50.0,53.0,55.0,43.0,55.0,98.0
BRE - Critérium National - Plouhinec - Homme,2024-12-14,U17 Women 64,GALVAO PEREIRA Andrada,61.3,-73.0,-73.0,-73.0,-0.0,-0.0,-0.0,0.0,0.0,0.0
BRE - Critérium National - Plouhinec - Homme,2024-12-14,U17 Women 71,HOFLACK Laura,68.12,-50.0,50.0,53.0,-60.0,60.0,65.0,53.0,65.0,118.0
BRE - Critérium National - Plouhinec - Homme,2024-12-14,U17 Women 71,FONTENELLE Lea,69.05,50.0,53.0,-55.0,60.0,-65.0,-66.0,53.0,60.0,113.0
BRE - Critérium National - Plouhinec - Homme,2024-12-14,U17 Women 71,"NSEGMA Danielle, maelle",70.9,-53.0,-53.0,-53.0,-0.0,-0.0,-0.0,0.0,0.0,0.0
BRE - Critérium National - Plouhinec - Homme,2024-12-14,U17 Women >81,JAN Manon,101.9,55.0,60.0,-65.0,75.0,-80.0,80.0,60.0,80.0,140.0
BRE - Critérium National - Plouhinec - Homme,2024-12-14,U15 Women 40,RIQUIER Alicia,38.68,18.0,-21.0,-22.0,25.0,27.0,-30.0,18.0,27.0,45.0
BRE - Critérium National - Plouhinec - Homme,2024-12-14,U15 Women 55,RADAMA Shaina,52.72,43.0,46.0,-48.0,55.0,-58.0,58.0,46.0,58.0,104.0
BRE - Critérium National - Plouhinec - Homme,2024-12-14,U15 Women 55,ARAB Aliyah,49.93,34.0,36.0,37.0,44.0,-46.0,-46.0,37.0,44.0,81.0
BRE - Critérium National - Plouhinec - Homme,2024-12-14,U15 Women 59,PERROUAULT Calie,58.35,30.0,32.0,34.0,42.0,45.0,-47.0,34.0,45.0,79.0
BRE - Critérium National - Plouhinec - Homme,2024-12-14,U15 Women 64,CUVILLIER Ema,63.6,40.0,-42.0,42.0,50.0,53.0,-55.0,42.0,53.0,95.0
BRE - Critérium National - Plouhinec - Homme,2024-12-14,U15 Women 76,FONTENELLE Chloe,73.72,-47.0,47.0,-50.0,60.0,65.0,67.0,47.0,67.0,114.0
BRE - Critérium National - Plouhinec - Homme,2024-12-14,U17 Women 55,BEAUGER Louna,52.97,40.0,-42.0,-42.0,52.0,55.0,-57.0,40.0,55.0,95.0
BRE - Critérium National - Plouhinec - Homme,2024-12-14,U17 Women 64,EL KORRICHI Aisha,60.2,45.0,48.0,50.0,55.0,60.0,-65.0,50.0,60.0,110.0
BRE - Critérium National - Plouhinec - Homme,2024-12-14,U17 Women 64,RICHEZ Albane,62.47,40.0,-43.0,43.0,50.0,53.0,55.0,43.0,55.0,98.0
BRE - Critérium National - Plouhinec - Homme,2024-12-14,U17 Women 64,GALVAO PEREIRA Andrada,61.3,-73.0,-73.0,-73.0,-0.0,-0.0,-0.0,0.0,0.0,0.0
BRE - Critérium National - Plouhinec - Homme,2024-12-14,U17 Women 71,HOFLACK Laura,68.12,-50.0,50.0,53.0,-60.0,60.0,65.0,53.0,65.0,118.0
BRE - Critérium National - Plouhinec - Homme,2024-12-14,U17 Women 71,FONTENELLE Lea,69.05,50.0,53.0,-55.0,60.0,-65.0,-66.0,53.0,60.0,113.0
BRE - Critérium National - Plouhinec - Homme,2024-12-14,U17 Women 71,"NSEGMA Danielle, maelle",70.9,-53.0,-53.0,-53.0,-0.0,-0.0,-0.0,0.0,0.0,0.0
BRE - Critérium National - Plouhinec - Homme,2024-12-14,U17 Women >81,JAN Manon,101.9,55.0,60.0,-65.0,75.0,-80.0,80.0,60.0,80.0,140.0
BRE - Critérium National - Plouhinec - Homme,2024-12-14,U20 Women 49,MATHUREL Kalia,48.58,-43.0,45.0,-48.0,55.0,60.0,-63.0,45.0,60.0,105.0
BRE - Critérium National - Plouhinec - Homme,2024-12-14,U20 Women 55,ROUSSEL Julie,55.0,-64.0,-65.0,65.0,80.0,-85.0,-85.0,65.0,80.0,145.0
BRE - Critérium National - Plouhinec - Homme,2024-12-14,U20 Women 55,PHAM Lee na,53.46,56.0,-61.0,-61.0,70.0,-75.0,75.0,56.0,75.0,131.0
BRE - Critérium National - Plouhinec - Homme,2024-12-14,U20 Women 55,DIOGUARDI Nina,52.03,48.0,-51.0,51.0,60.0,64.0,-68.0,51.0,64.0,115.0
BRE - Critérium National - Plouhinec - Homme,2024-12-14,U20 Women 81,SAMAALI Rania,78.1,78.0,80.0,-82.0,-100.0,-100.0,-100.0,80.0,0.0,0.0
BRE - Critérium National - Plouhinec - Homme,2024-12-14,U20 Women 87,HUYSSEUNE Iliana,86.78,63.0,65.0,-67.0,75.0,-80.0,-80.0,65.0,75.0,140.0
BRE - Critérium National - Plouhinec - Homme,2024-12-14,SEN Women 59,BOCQUET Ambre,58.2,65.0,69.0,72.0,91.0,-95.0,-97.0,72.0,91.0,163.0
BRE - Critérium National - Plouhinec - Homme,2024-12-14,SEN Women 59,DUJARDIN Eugenie,57.72,66.0,70.0,73.0,78.0,82.0,-85.0,73.0,82.0,155.0
BRE - Critérium National - Plouhinec - Homme,2024-12-14,SEN Women 59,CLEUTJENS Alix,58.15,60.0,-64.0,-67.0,-80.0,82.0,-86.0,60.0,82.0,142.0
BRE - Critérium National - Plouhinec - Homme,2024-12-14,SEN Women 59,LECLERCQ Elixane,58.41,55.0,59.0,-62.0,75.0,-78.0,81.0,59.0,81.0,140.0
BRE - Critérium National - Plouhinec - Homme,2024-12-14,SEN Women 59,NONCLERCQ Marina,58.28,-47.0,-47.0,47.0,65.0,-70.0,70.0,47.0,70.0,117.0
BRE - Critérium National - Plouhinec - Homme,2024-12-14,SEN Women 64,BACQUAERT Marie,60.95,55.0,59.0,62.0,72.0,-77.0,-78.0,62.0,72.0,134.0
BRE - Critérium National - Plouhinec - Homme,2024-12-14,SEN Women 64,SCIASCIA Bobbi lee,64.0,58.0,61.0,-63.0,68.0,71.0,73.0,61.0,73.0,134.0
BRE - Critérium National - Plouhinec - Homme,2024-12-14,SEN Women 71,GROSJEAN Caroline,69.74,60.0,65.0,-70.0,73.0,78.0,83.0,65.0,83.0,148.0
BRE - Critérium National - Plouhinec - Homme,2024-12-14,SEN Women 81,GREMBER Oriane,79.24,60.0,64.0,67.0,78.0,82.0,85.0,67.0,85.0,152.0
BRE - Critérium National - Plouhinec - Homme,2024-12-14,U20 Women 49,MATHUREL Kalia,48.58,-43.0,45.0,-48.0,55.0,60.0,-63.0,45.0,60.0,105.0
BRE - Critérium National - Plouhinec - Homme,2024-12-14,U20 Women 55,ROUSSEL Julie,55.0,-64.0,-65.0,65.0,80.0,-85.0,-85.0,65.0,80.0,145.0
BRE - Critérium National - Plouhinec - Homme,2024-12-14,U20 Women 55,PHAM Lee na,53.46,56.0,-61.0,-61.0,70.0,-75.0,75.0,56.0,75.0,131.0
BRE - Critérium National - Plouhinec - Homme,2024-12-14,U20 Women 55,DIOGUARDI Nina,52.03,48.0,-51.0,51.0,60.0,64.0,-68.0,51.0,64.0,115.0
BRE - Critérium National - Plouhinec - Homme,2024-12-14,U20 Women 81,SAMAALI Rania,78.1,78.0,80.0,-82.0,-100.0,-100.0,-100.0,80.0,0.0,0.0
BRE - Critérium National - Plouhinec - Homme,2024-12-14,U20 Women 87,HUYSSEUNE Iliana,86.78,63.0,65.0,-67.0,75.0,-80.0,-80.0,65.0,75.0,140.0
BRE - Critérium National - Plouhinec - Homme,2024-12-14,SEN Women 59,BOCQUET Ambre,58.2,65.0,69.0,72.0,91.0,-95.0,-97.0,72.0,91.0,163.0
BRE - Critérium National - Plouhinec - Homme,2024-12-14,SEN Women 59,DUJARDIN Eugenie,57.72,66.0,70.0,73.0,78.0,82.0,-85.0,73.0,82.0,155.0
BRE - Critérium National - Plouhinec - Homme,2024-12-14,SEN Women 59,CLEUTJENS Alix,58.15,60.0,-64.0,-67.0,-80.0,82.0,-86.0,60.0,82.0,142.0
BRE - Critérium National - Plouhinec - Homme,2024-12-14,SEN Women 59,LECLERCQ Elixane,58.41,55.0,59.0,-62.0,75.0,-78.0,81.0,59.0,81.0,140.0
BRE - Critérium National - Plouhinec - Homme,2024-12-14,SEN Women 59,NONCLERCQ Marina,58.28,-47.0,-47.0,47.0,65.0,-70.0,70.0,47.0,70.0,117.0
BRE - Critérium National - Plouhinec - Homme,2024-12-14,SEN Women 64,BACQUAERT Marie,60.95,55.0,59.0,62.0,72.0,-77.0,-78.0,62.0,72.0,134.0
BRE - Critérium National - Plouhinec - Homme,2024-12-14,SEN Women 64,SCIASCIA Bobbi lee,64.0,58.0,61.0,-63.0,68.0,71.0,73.0,61.0,73.0,134.0
BRE - Critérium National - Plouhinec - Homme,2024-12-14,SEN Women 71,GROSJEAN Caroline,69.74,60.0,65.0,-70.0,73.0,78.0,83.0,65.0,83.0,148.0
BRE - Critérium National - Plouhinec - Homme,2024-12-14,SEN Women 81,GREMBER Oriane,79.24,60.0,64.0,67.0,78.0,82.0,85.0,67.0,85.0,152.0
BRE - Critérium National - Plouhinec - Homme,2024-12-14,U15 Men 55,BOUKHARTA Zakaria,54.2,-50.0,50.0,-53.0,60.0,65.0,-70.0,50.0,65.0,115.0
BRE - Critérium National - Plouhinec - Homme,2024-12-14,U15 Men 61,ALLAYS RAMACKERS Enguerrand,59.7,60.0,64.0,-67.0,70.0,74.0,-77.0,64.0,74.0,138.0
BRE - Critérium National - Plouhinec - Homme,2024-12-14,U15 Men 67,"NSEGMA Daniel, yvanov",65.6,75.0,-80.0,-82.0,85.0,-90.0,-91.0,75.0,85.0,160.0
BRE - Critérium National - Plouhinec - Homme,2024-12-14,U15 Men 89,LEBLANC Lucas,86.9,83.0,-88.0,88.0,100.0,106.0,-112.0,88.0,106.0,194.0
BRE - Critérium National - Plouhinec - Homme,2024-12-14,U17 Men 73,DESCHRYVER Arthur,69.3,70.0,-75.0,-75.0,95.0,-103.0,-110.0,70.0,95.0,165.0
BRE - Critérium National - Plouhinec - Homme,2024-12-14,U20 Men 61,FELICIANO Antoine,59.4,70.0,-74.0,74.0,90.0,96.0,-100.0,74.0,96.0,170.0
BRE - Critérium National - Plouhinec - Homme,2024-12-14,U20 Men 61,BARTHELEMY Florent,56.1,60.0,-65.0,65.0,83.0,87.0,90.0,65.0,90.0,155.0
BRE - Critérium National - Plouhinec - Homme,2024-12-14,U20 Men 67,AYDOGAN Atilla,66.9,-105.0,-107.0,-110.0,-0.0,-0.0,-0.0,0.0,0.0,0.0
BRE - Critérium National - Plouhinec - Homme,2024-12-14,U20 Men 73,SOM Hanzo,69.0,95.0,-99.0,99.0,121.0,127.0,-131.0,99.0,127.0,226.0
BRE - Critérium National - Plouhinec - Homme,2024-12-14,U20 Men 73,SPATAFORA Dino,72.2,88.0,91.0,95.0,-118.0,118.0,121.0,95.0,121.0,216.0
BRE - Critérium National - Plouhinec - Homme,2024-12-14,U20 Men 73,FOURNIER Hugo,69.9,90.0,95.0,-100.0,-110.0,110.0,-0.0,95.0,110.0,205.0
BRE - Critérium National - Plouhinec - Homme,2024-12-14,U20 Men 73,DUPONT Maxence,71.5,85.0,90.0,-95.0,105.0,110.0,115.0,90.0,115.0,205.0
BRE - Critérium National - Plouhinec - Homme,2024-12-14,U20 Men 73,GELE Ulysse,71.3,80.0,-85.0,-86.0,95.0,100.0,-103.0,80.0,100.0,180.0
BRE - Critérium National - Plouhinec - Homme,2024-12-14,U20 Men 81,DUFOUR Quentin,81.0,90.0,95.0,-98.0,110.0,-120.0,-120.0,95.0,110.0,205.0
BRE - Critérium National - Plouhinec - Homme,2024-12-14,U15 Men 55,BOUKHARTA Zakaria,54.2,-50.0,50.0,-53.0,60.0,65.0,-70.0,50.0,65.0,115.0
BRE - Critérium National - Plouhinec - Homme,2024-12-14,U15 Men 61,ALLAYS RAMACKERS Enguerrand,59.7,60.0,64.0,-67.0,70.0,74.0,-77.0,64.0,74.0,138.0
BRE - Critérium National - Plouhinec - Homme,2024-12-14,U15 Men 67,"NSEGMA Daniel, yvanov",65.6,75.0,-80.0,-82.0,85.0,-90.0,-91.0,75.0,85.0,160.0
BRE - Critérium National - Plouhinec - Homme,2024-12-14,U15 Men 89,LEBLANC Lucas,86.9,83.0,-88.0,88.0,100.0,106.0,-112.0,88.0,106.0,194.0
BRE - Critérium National - Plouhinec - Homme,2024-12-14,U17 Men 73,DESCHRYVER Arthur,69.3,70.0,-75.0,-75.0,95.0,-103.0,-110.0,70.0,95.0,165.0
BRE - Critérium National - Plouhinec - Homme,2024-12-14,U20 Men 61,FELICIANO Antoine,59.4,70.0,-74.0,74.0,90.0,96.0,-100.0,74.0,96.0,170.0
BRE - Critérium National - Plouhinec - Homme,2024-12-14,U20 Men 61,BARTHELEMY Florent,56.1,60.0,-65.0,65.0,83.0,87.0,90.0,65.0,90.0,155.0
BRE - Critérium National - Plouhinec - Homme,2024-12-14,U20 Men 67,AYDOGAN Atilla,66.9,-105.0,-107.0,-110.0,-0.0,-0.0,-0.0,0.0,0.0,0.0
BRE - Critérium National - Plouhinec - Homme,2024-12-14,U20 Men 73,SOM Hanzo,69.0,95.0,-99.0,99.0,121.0,127.0,-131.0,99.0,127.0,226.0
BRE - Critérium National - Plouhinec - Homme,2024-12-14,U20 Men 73,SPATAFORA Dino,72.2,88.0,91.0,95.0,-118.0,118.0,121.0,95.0,121.0,216.0
BRE - Critérium National - Plouhinec - Homme,2024-12-14,U20 Men 73,FOURNIER Hugo,69.9,90.0,95.0,-100.0,-110.0,110.0,-0.0,95.0,110.0,205.0
BRE - Critérium National - Plouhinec - Homme,2024-12-14,U20 Men 73,DUPONT Maxence,71.5,85.0,90.0,-95.0,105.0,110.0,115.0,90.0,115.0,205.0
BRE - Critérium National - Plouhinec - Homme,2024-12-14,U20 Men 73,GELE Ulysse,71.3,80.0,-85.0,-86.0,95.0,100.0,-103.0,80.0,100.0,180.0
BRE - Critérium National - Plouhinec - Homme,2024-12-14,U20 Men 81,DUFOUR Quentin,81.0,90.0,95.0,-98.0,110.0,-120.0,-120.0,95.0,110.0,205.0
BRE - Critérium National - Plouhinec - Homme,2024-12-14,SEN Men 61,CREUPELANDT Thibault,60.63,70.0,75.0,-78.0,90.0,95.0,-98.0,75.0,95.0,170.0
BRE - Critérium National - Plouhinec - Homme,2024-12-14,SEN Men 67,FELICIANO Martin,63.85,85.0,90.0,95.0,105.0,-110.0,-115.0,95.0,105.0,200.0
BRE - Critérium National - Plouhinec - Homme,2024-12-14,SEN Men 81,RIQUIER Jeremy,80.0,115.0,120.0,125.0,135.0,142.0,-150.0,125.0,142.0,267.0
BRE - Critérium National - Plouhinec - Homme,2024-12-14,SEN Men 81,BRUNEAU Alec,78.0,103.0,107.0,110.0,135.0,140.0,-145.0,110.0,140.0,250.0
BRE - Critérium National - Plouhinec - Homme,2024-12-14,SEN Men 81,BACQUAERT Rémi,78.55,-104.0,107.0,-111.0,136.0,-143.0,-144.0,107.0,136.0,243.0
BRE - Critérium National - Plouhinec - Homme,2024-12-14,SEN Men 81,RIQUIER Laurent,76.0,95.0,100.0,-103.0,115.0,120.0,125.0,100.0,125.0,225.0
BRE - Critérium National - Plouhinec - Homme,2024-12-14,SEN Men 81,BAKHOUY Mehdi,77.8,-105.0,-105.0,-105.0,-0.0,-0.0,-0.0,0.0,0.0,0.0
BRE - Critérium National - Plouhinec - Homme,2024-12-14,SEN Men 96,FONTENELLE Vincent,94.0,-120.0,120.0,-127.0,145.0,156.0,-0.0,120.0,156.0,276.0
BRE - Critérium National - Plouhinec - Homme,2024-12-14,SEN Men 96,LAPOSTOLLE David,92.68,110.0,115.0,-120.0,-0.0,-0.0,-0.0,115.0,0.0,0.0
BRE - Critérium National - Plouhinec - Homme,2024-12-14,SEN Men 102,DJASSIDJI Willy,97.4,-120.0,120.0,-127.0,140.0,150.0,-160.0,120.0,150.0,270.0
BRE - Critérium National - Plouhinec - Homme,2024-12-14,SEN Men 61,CREUPELANDT Thibault,60.63,70.0,75.0,-78.0,90.0,95.0,-98.0,75.0,95.0,170.0
BRE - Critérium National - Plouhinec - Homme,2024-12-14,SEN Men 67,FELICIANO Martin,63.85,85.0,90.0,95.0,105.0,-110.0,-115.0,95.0,105.0,200.0
BRE - Critérium National - Plouhinec - Homme,2024-12-14,SEN Men 81,RIQUIER Jeremy,80.0,115.0,120.0,125.0,135.0,142.0,-150.0,125.0,142.0,267.0
BRE - Critérium National - Plouhinec - Homme,2024-12-14,SEN Men 81,BRUNEAU Alec,78.0,103.0,107.0,110.0,135.0,140.0,-145.0,110.0,140.0,250.0
BRE - Critérium National - Plouhinec - Homme,2024-12-14,SEN Men 81,BACQUAERT Rémi,78.55,-104.0,107.0,-111.0,136.0,-143.0,-144.0,107.0,136.0,243.0
BRE - Critérium National - Plouhinec - Homme,2024-12-14,SEN Men 81,RIQUIER Laurent,76.0,95.0,100.0,-103.0,115.0,120.0,125.0,100.0,125.0,225.0
BRE - Critérium National - Plouhinec - Homme,2024-12-14,SEN Men 81,BAKHOUY Mehdi,77.8,-105.0,-105.0,-105.0,-0.0,-0.0,-0.0,0.0,0.0,0.0
BRE - Critérium National - Plouhinec - Homme,2024-12-14,SEN Men 96,FONTENELLE Vincent,94.0,-120.0,120.0,-127.0,145.0,156.0,-0.0,120.0,156.0,276.0
BRE - Critérium National - Plouhinec - Homme,2024-12-14,SEN Men 96,LAPOSTOLLE David,92.68,110.0,115.0,-120.0,-0.0,-0.0,-0.0,115.0,0.0,0.0
BRE - Critérium National - Plouhinec - Homme,2024-12-14,SEN Men 102,DJASSIDJI Willy,97.4,-120.0,120.0,-127.0,140.0,150.0,-160.0,120.0,150.0,270.0
BRE - Critérium National - Plouhinec - Homme,2024-12-14,U13 Men 61,KUKRIC Mathis,58.8,34.0,36.0,38.0,44.0,46.0,48.0,38.0,48.0,86.0
BRE - Critérium National - Plouhinec - Homme,2024-12-14,U13 Women 55,MONIER Eloise,53.3,22.0,24.0,26.0,32.0,34.0,36.0,26.0,36.0,62.0
BRE - Critérium National - Plouhinec - Homme,2024-12-14,U13 Men 61,KUKRIC Mathis,58.8,34.0,36.0,38.0,44.0,46.0,48.0,38.0,48.0,86.0
BRE - Critérium National - Plouhinec - Homme,2024-12-14,U13 Women 55,MONIER Eloise,53.3,22.0,24.0,26.0,32.0,34.0,36.0,26.0,36.0,62.0
BRE - Critérium National - Plouhinec - Homme,2024-12-14,U15 Men 61,SEGURA Johan,60.3,55.0,58.0,61.0,-69.0,69.0,-75.0,61.0,69.0,130.0
BRE - Critérium National - Plouhinec - Homme,2024-12-14,U17 Men 81,ANDREASIAN Agkop,78.9,102.0,107.0,-111.0,123.0,128.0,-132.0,107.0,128.0,235.0
BRE - Critérium National - Plouhinec - Homme,2024-12-14,U20 Men 67,GLEYZE Alexis,66.7,83.0,87.0,-91.0,103.0,-111.0,-113.0,87.0,103.0,190.0
BRE - Critérium National - Plouhinec - Homme,2024-12-14,U20 Men 73,JUREK Marcel,69.0,85.0,90.0,93.0,100.0,-107.0,-107.0,93.0,100.0,193.0
BRE - Critérium National - Plouhinec - Homme,2024-12-14,SEN Men 61,DUTILLEUL Stephane,60.5,72.0,77.0,-85.0,98.0,104.0,-110.0,77.0,104.0,181.0
BRE - Critérium National - Plouhinec - Homme,2024-12-14,SEN Men 67,CLAUX Anthony,67.0,100.0,-105.0,-105.0,120.0,125.0,-0.0,100.0,125.0,225.0
BRE - Critérium National - Plouhinec - Homme,2024-12-14,SEN Men 73,PONS Thierry,72.0,-100.0,100.0,-107.0,-125.0,127.0,-131.0,100.0,127.0,227.0
BRE - Critérium National - Plouhinec - Homme,2024-12-14,SEN Men 73,BASSI Grégory,72.4,-95.0,95.0,-100.0,127.0,-136.0,-137.0,95.0,127.0,222.0
BRE - Critérium National - Plouhinec - Homme,2024-12-14,SEN Men 73,CHIARISOLO Jimmy,72.4,90.0,-95.0,-100.0,110.0,-120.0,-130.0,90.0,110.0,200.0
BRE - Critérium National - Plouhinec - Homme,2024-12-14,SEN Men 81,SIRUGUET Quentin,80.4,90.0,-95.0,-100.0,115.0,-125.0,-130.0,90.0,115.0,205.0
BRE - Critérium National - Plouhinec - Homme,2024-12-14,SEN Men 81,SAMMUT Nicolas,78.2,115.0,119.0,-123.0,-150.0,-156.0,-156.0,119.0,0.0,0.0
BRE - Critérium National - Plouhinec - Homme,2024-12-14,SEN Men 81,LAUGIER Jonathan,80.8,-104.0,-107.0,-0.0,-0.0,-0.0,-0.0,0.0,0.0,0.0
BRE - Critérium National - Plouhinec - Homme,2024-12-14,SEN Men 89,HENNOUS Mathis,86.8,123.0,127.0,132.0,150.0,155.0,-160.0,132.0,155.0,287.0
BRE - Critérium National - Plouhinec - Homme,2024-12-14,SEN Men 89,FLOIRAS Florian,86.2,110.0,-115.0,-115.0,-143.0,-145.0,-145.0,110.0,0.0,0.0
BRE - Critérium National - Plouhinec - Homme,2024-12-14,SEN Men 96,MARIN Clément,91.3,107.0,112.0,-117.0,-125.0,-125.0,-125.0,112.0,0.0,0.0
BRE - Critérium National - Plouhinec - Homme,2024-12-14,SEN Men >109,COULLET Anthony,119.4,130.0,-135.0,-135.0,155.0,-165.0,-170.0,130.0,155.0,285.0
BRE - Critérium National - Plouhinec - Homme,2024-12-14,U15 Men 61,SEGURA Johan,60.3,55.0,58.0,61.0,-69.0,69.0,-75.0,61.0,69.0,130.0
BRE - Critérium National - Plouhinec - Homme,2024-12-14,U17 Men 81,ANDREASIAN Agkop,78.9,102.0,107.0,-111.0,123.0,128.0,-132.0,107.0,128.0,235.0
BRE - Critérium National - Plouhinec - Homme,2024-12-14,U20 Men 67,GLEYZE Alexis,66.7,83.0,87.0,-91.0,103.0,-111.0,-113.0,87.0,103.0,190.0
BRE - Critérium National - Plouhinec - Homme,2024-12-14,U20 Men 73,JUREK Marcel,69.0,85.0,90.0,93.0,100.0,-107.0,-107.0,93.0,100.0,193.0
BRE - Critérium National - Plouhinec - Homme,2024-12-14,SEN Men 61,DUTILLEUL Stephane,60.5,72.0,77.0,-85.0,98.0,104.0,-110.0,77.0,104.0,181.0
BRE - Critérium National - Plouhinec - Homme,2024-12-14,SEN Men 67,CLAUX Anthony,67.0,100.0,-105.0,-105.0,120.0,125.0,-0.0,100.0,125.0,225.0
BRE - Critérium National - Plouhinec - Homme,2024-12-14,SEN Men 73,PONS Thierry,72.0,-100.0,100.0,-107.0,-125.0,127.0,-131.0,100.0,127.0,227.0
BRE - Critérium National - Plouhinec - Homme,2024-12-14,SEN Men 73,BASSI Grégory,72.4,-95.0,95.0,-100.0,127.0,-136.0,-137.0,95.0,127.0,222.0
BRE - Critérium National - Plouhinec - Homme,2024-12-14,SEN Men 73,CHIARISOLO Jimmy,72.4,90.0,-95.0,-100.0,110.0,-120.0,-130.0,90.0,110.0,200.0
BRE - Critérium National - Plouhinec - Homme,2024-12-14,SEN Men 81,SIRUGUET Quentin,80.4,90.0,-95.0,-100.0,115.0,-125.0,-130.0,90.0,115.0,205.0
BRE - Critérium National - Plouhinec - Homme,2024-12-14,SEN Men 81,SAMMUT Nicolas,78.2,115.0,119.0,-123.0,-150.0,-156.0,-156.0,119.0,0.0,0.0
BRE - Critérium National - Plouhinec - Homme,2024-12-14,SEN Men 81,LAUGIER Jonathan,80.8,-104.0,-107.0,-0.0,-0.0,-0.0,-0.0,0.0,0.0,0.0
BRE - Critérium National - Plouhinec - Homme,2024-12-14,SEN Men 89,HENNOUS Mathis,86.8,123.0,127.0,132.0,150.0,155.0,-160.0,132.0,155.0,287.0
BRE - Critérium National - Plouhinec - Homme,2024-12-14,SEN Men 89,FLOIRAS Florian,86.2,110.0,-115.0,-115.0,-143.0,-145.0,-145.0,110.0,0.0,0.0
BRE - Critérium National - Plouhinec - Homme,2024-12-14,SEN Men 96,MARIN Clément,91.3,107.0,112.0,-117.0,-125.0,-125.0,-125.0,112.0,0.0,0.0
BRE - Critérium National - Plouhinec - Homme,2024-12-14,SEN Men >109,COULLET Anthony,119.4,130.0,-135.0,-135.0,155.0,-165.0,-170.0,130.0,155.0,285.0
BRE - Critérium National - Plouhinec - Homme,2024-12-14,SEN Women 59,AUTILLO Clara,59.0,72.0,77.0,-81.0,89.0,-93.0,-95.0,77.0,89.0,166.0
BRE - Critérium National - Plouhinec - Homme,2024-12-14,SEN Women 59,SCICCHITANO Emma,58.6,68.0,71.0,-74.0,86.0,90.0,93.0,71.0,93.0,164.0
BRE - Critérium National - Plouhinec - Homme,2024-12-14,SEN Women 59,VAILLES Shirley,58.8,60.0,63.0,-65.0,73.0,77.0,80.0,63.0,80.0,143.0
BRE - Critérium National - Plouhinec - Homme,2024-12-14,SEN Women 59,MLODZINSKI Alexandra,57.0,46.0,-49.0,50.0,62.0,-65.0,-66.0,50.0,62.0,112.0
BRE - Critérium National - Plouhinec - Homme,2024-12-14,SEN Women 64,PANN Nina,63.75,69.0,72.0,75.0,90.0,-93.0,-95.0,75.0,90.0,165.0
BRE - Critérium National - Plouhinec - Homme,2024-12-14,SEN Women 64,MOSTAERT Eva,63.35,66.0,70.0,-75.0,85.0,88.0,91.0,70.0,91.0,161.0
BRE - Critérium National - Plouhinec - Homme,2024-12-14,SEN Women 71,LETELIER ALEGRE Clarisse,67.0,-62.0,-62.0,62.0,70.0,75.0,80.0,62.0,80.0,142.0
BRE - Critérium National - Plouhinec - Homme,2024-12-14,SEN Women 71,WAZNI Geneviève,65.2,55.0,58.0,-61.0,70.0,73.0,-76.0,58.0,73.0,131.0
BRE - Critérium National - Plouhinec - Homme,2024-12-14,SEN Women 87,DALIA Carla,85.2,-65.0,65.0,70.0,84.0,90.0,94.0,70.0,94.0,164.0
BRE - Critérium National - Plouhinec - Homme,2024-12-14,SEN Women 87,BAILLY Emma,82.7,64.0,67.0,-70.0,84.0,-87.0,-90.0,67.0,84.0,151.0
BRE - Critérium National - Plouhinec - Homme,2024-12-14,SEN Women >87,GIMBERT Valeriane,105.2,62.0,66.0,67.0,88.0,95.0,-100.0,67.0,95.0,162.0
BRE - Critérium National - Plouhinec - Homme,2024-12-14,SEN Women 59,AUTILLO Clara,59.0,72.0,77.0,-81.0,89.0,-93.0,-95.0,77.0,89.0,166.0
BRE - Critérium National - Plouhinec - Homme,2024-12-14,SEN Women 59,SCICCHITANO Emma,58.6,68.0,71.0,-74.0,86.0,90.0,93.0,71.0,93.0,164.0
BRE - Critérium National - Plouhinec - Homme,2024-12-14,SEN Women 59,VAILLES Shirley,58.8,60.0,63.0,-65.0,73.0,77.0,80.0,63.0,80.0,143.0
BRE - Critérium National - Plouhinec - Homme,2024-12-14,SEN Women 59,MLODZINSKI Alexandra,57.0,46.0,-49.0,50.0,62.0,-65.0,-66.0,50.0,62.0,112.0
BRE - Critérium National - Plouhinec - Homme,2024-12-14,SEN Women 64,PANN Nina,63.75,69.0,72.0,75.0,90.0,-93.0,-95.0,75.0,90.0,165.0
BRE - Critérium National - Plouhinec - Homme,2024-12-14,SEN Women 64,MOSTAERT Eva,63.35,66.0,70.0,-75.0,85.0,88.0,91.0,70.0,91.0,161.0
BRE - Critérium National - Plouhinec - Homme,2024-12-14,SEN Women 71,LETELIER ALEGRE Clarisse,67.0,-62.0,-62.0,62.0,70.0,75.0,80.0,62.0,80.0,142.0
BRE - Critérium National - Plouhinec - Homme,2024-12-14,SEN Women 71,WAZNI Geneviève,65.2,55.0,58.0,-61.0,70.0,73.0,-76.0,58.0,73.0,131.0
BRE - Critérium National - Plouhinec - Homme,2024-12-14,SEN Women 87,DALIA Carla,85.2,-65.0,65.0,70.0,84.0,90.0,94.0,70.0,94.0,164.0
BRE - Critérium National - Plouhinec - Homme,2024-12-14,SEN Women 87,BAILLY Emma,82.7,64.0,67.0,-70.0,84.0,-87.0,-90.0,67.0,84.0,151.0
BRE - Critérium National - Plouhinec - Homme,2024-12-14,SEN Women >87,GIMBERT Valeriane,105.2,62.0,66.0,67.0,88.0,95.0,-100.0,67.0,95.0,162.0
BRE - Critérium National - Plouhinec - Homme,2024-12-14,U13 Men 35,DUCHAUFFOUR Louis,30.5,18.0,20.0,-22.0,26.0,28.0,30.0,20.0,30.0,50.0
BRE - Critérium National - Plouhinec - Homme,2024-12-14,U13 Men 40,BONNENFANT Marlon,39.1,32.0,34.0,36.0,34.0,36.0,38.0,36.0,38.0,74.0
BRE - Critérium National - Plouhinec - Homme,2024-12-14,U13 Men 73,SIMONET Arthur,70.5,18.0,20.0,22.0,22.0,24.0,26.0,22.0,26.0,48.0
BRE - Critérium National - Plouhinec - Homme,2024-12-14,U13 Women 45,MARGUERAT Mila,44.4,26.0,28.0,30.0,36.0,38.0,40.0,30.0,40.0,70.0
BRE - Critérium National - Plouhinec - Homme,2024-12-14,U13 Women 59,VENTUROLI Caly,58.9,12.0,13.0,15.0,16.0,18.0,20.0,15.0,20.0,35.0
BRE - Critérium National - Plouhinec - Homme,2024-12-14,U13 Men 35,DUCHAUFFOUR Louis,30.5,18.0,20.0,-22.0,26.0,28.0,30.0,20.0,30.0,50.0
BRE - Critérium National - Plouhinec - Homme,2024-12-14,U13 Men 40,BONNENFANT Marlon,39.1,32.0,34.0,36.0,34.0,36.0,38.0,36.0,38.0,74.0
BRE - Critérium National - Plouhinec - Homme,2024-12-14,U13 Men 73,SIMONET Arthur,70.5,18.0,20.0,22.0,22.0,24.0,26.0,22.0,26.0,48.0
BRE - Critérium National - Plouhinec - Homme,2024-12-14,U13 Women 45,MARGUERAT Mila,44.4,26.0,28.0,30.0,36.0,38.0,40.0,30.0,40.0,70.0
BRE - Critérium National - Plouhinec - Homme,2024-12-14,U13 Women 59,VENTUROLI Caly,58.9,12.0,13.0,15.0,16.0,18.0,20.0,15.0,20.0,35.0
BRE - Critérium National - Plouhinec - Homme,2024-12-14,U15 Women 45,BESANCENOT Juliette,42.9,33.0,36.0,38.0,45.0,48.0,-0.0,38.0,48.0,86.0
BRE - Critérium National - Plouhinec - Homme,2024-12-14,U15 Women 55,STATTNER Léa,50.8,30.0,33.0,-36.0,41.0,44.0,-47.0,33.0,44.0,77.0
BRE - Critérium National - Plouhinec - Homme,2024-12-14,U17 Women 40,DUCHAUFFOUR Rose,40.0,29.0,-33.0,-33.0,39.0,41.0,-44.0,29.0,41.0,70.0
BRE - Critérium National - Plouhinec - Homme,2024-12-14,U17 Women 55,SIKORA Celeste,53.9,47.0,50.0,-53.0,60.0,63.0,65.0,50.0,65.0,115.0
BRE - Critérium National - Plouhinec - Homme,2024-12-14,U17 Women 64,ROUSSEL Naomie,62.7,54.0,57.0,-60.0,63.0,67.0,70.0,57.0,70.0,127.0
BRE - Critérium National - Plouhinec - Homme,2024-12-14,U20 Women 55,GORGES Armelle,53.8,54.0,57.0,-59.0,63.0,65.0,68.0,57.0,68.0,125.0
BRE - Critérium National - Plouhinec - Homme,2024-12-14,SEN Women 55,AUDIBERT Coralie,53.6,44.0,47.0,50.0,60.0,63.0,-65.0,50.0,63.0,113.0
BRE - Critérium National - Plouhinec - Homme,2024-12-14,SEN Women 59,GROBOTEK MOUROT Delphine,57.3,57.0,61.0,-66.0,75.0,79.0,84.0,61.0,84.0,145.0
BRE - Critérium National - Plouhinec - Homme,2024-12-14,SEN Women 59,TOUTI Abyr,57.9,47.0,50.0,53.0,59.0,63.0,66.0,53.0,66.0,119.0
BRE - Critérium National - Plouhinec - Homme,2024-12-14,SEN Women 64,ULDRY Deborah,63.5,60.0,64.0,67.0,71.0,76.0,-80.0,67.0,76.0,143.0
BRE - Critérium National - Plouhinec - Homme,2024-12-14,SEN Women 71,PRIEUR Justine,67.9,62.0,65.0,67.0,80.0,85.0,90.0,67.0,90.0,157.0
BRE - Critérium National - Plouhinec - Homme,2024-12-14,SEN Women 76,JOUSSET Laurine,73.4,65.0,70.0,76.0,90.0,95.0,-100.0,76.0,95.0,171.0
BRE - Critérium National - Plouhinec - Homme,2024-12-14,U15 Women 45,BESANCENOT Juliette,42.9,33.0,36.0,38.0,45.0,48.0,-0.0,38.0,48.0,86.0
BRE - Critérium National - Plouhinec - Homme,2024-12-14,U15 Women 55,STATTNER Léa,50.8,30.0,33.0,-36.0,41.0,44.0,-47.0,33.0,44.0,77.0
BRE - Critérium National - Plouhinec - Homme,2024-12-14,U17 Women 40,DUCHAUFFOUR Rose,40.0,29.0,-33.0,-33.0,39.0,41.0,-44.0,29.0,41.0,70.0
BRE - Critérium National - Plouhinec - Homme,2024-12-14,U17 Women 55,SIKORA Celeste,53.9,47.0,50.0,-53.0,60.0,63.0,65.0,50.0,65.0,115.0
BRE - Critérium National - Plouhinec - Homme,2024-12-14,U17 Women 64,ROUSSEL Naomie,62.7,54.0,57.0,-60.0,63.0,67.0,70.0,57.0,70.0,127.0
BRE - Critérium National - Plouhinec - Homme,2024-12-14,U20 Women 55,GORGES Armelle,53.8,54.0,57.0,-59.0,63.0,65.0,68.0,57.0,68.0,125.0
BRE - Critérium National - Plouhinec - Homme,2024-12-14,SEN Women 55,AUDIBERT Coralie,53.6,44.0,47.0,50.0,60.0,63.0,-65.0,50.0,63.0,113.0
BRE - Critérium National - Plouhinec - Homme,2024-12-14,SEN Women 59,GROBOTEK MOUROT Delphine,57.3,57.0,61.0,-66.0,75.0,79.0,84.0,61.0,84.0,145.0
BRE - Critérium National - Plouhinec - Homme,2024-12-14,SEN Women 59,TOUTI Abyr,57.9,47.0,50.0,53.0,59.0,63.0,66.0,53.0,66.0,119.0
BRE - Critérium National - Plouhinec - Homme,2024-12-14,SEN Women 64,ULDRY Deborah,63.5,60.0,64.0,67.0,71.0,76.0,-80.0,67.0,76.0,143.0
BRE - Critérium National - Plouhinec - Homme,2024-12-14,SEN Women 71,PRIEUR Justine,67.9,62.0,65.0,67.0,80.0,85.0,90.0,67.0,90.0,157.0
BRE - Critérium National - Plouhinec - Homme,2024-12-14,SEN Women 76,JOUSSET Laurine,73.4,65.0,70.0,76.0,90.0,95.0,-100.0,76.0,95.0,171.0
BRE - Critérium National - Plouhinec - Homme,2024-12-14,U15 Men 49,DOS SANTOS Paolo,41.3,35.0,-38.0,38.0,45.0,50.0,-54.0,38.0,50.0,88.0
BRE - Critérium National - Plouhinec - Homme,2024-12-14,U15 Men 49,LEGOUX Jules,49.0,41.0,-45.0,-45.0,50.0,55.0,-60.0,41.0,55.0,96.0
BRE - Critérium National - Plouhinec - Homme,2024-12-14,U17 Men 67,GONDRAN Lého,63.7,70.0,-75.0,75.0,90.0,-95.0,95.0,75.0,95.0,170.0
BRE - Critérium National - Plouhinec - Homme,2024-12-14,U17 Men 73,CARCANO Tom,71.3,90.0,93.0,95.0,108.0,112.0,115.0,95.0,115.0,210.0
BRE - Critérium National - Plouhinec - Homme,2024-12-14,SEN Men 81,SINGER Marc,78.5,-108.0,-110.0,-110.0,135.0,-140.0,-143.0,0.0,135.0,0.0
BRE - Critérium National - Plouhinec - Homme,2024-12-14,SEN Men 96,FLAUS Dylan,95.5,-133.0,135.0,-141.0,160.0,-173.0,-173.0,135.0,160.0,295.0
BRE - Critérium National - Plouhinec - Homme,2024-12-14,SEN Men 102,THOMASSON Yann,101.4,151.0,156.0,161.0,175.0,180.0,-185.0,161.0,180.0,341.0
BRE - Critérium National - Plouhinec - Homme,2024-12-14,SEN Men 109,VAUTARD Brandon,104.8,130.0,137.0,-142.0,173.0,180.0,-0.0,137.0,180.0,317.0
BRE - Critérium National - Plouhinec - Homme,2024-12-14,U15 Men 49,DOS SANTOS Paolo,41.3,35.0,-38.0,38.0,45.0,50.0,-54.0,38.0,50.0,88.0
BRE - Critérium National - Plouhinec - Homme,2024-12-14,U15 Men 49,LEGOUX Jules,49.0,41.0,-45.0,-45.0,50.0,55.0,-60.0,41.0,55.0,96.0
BRE - Critérium National - Plouhinec - Homme,2024-12-14,U17 Men 67,GONDRAN Lého,63.7,70.0,-75.0,75.0,90.0,-95.0,95.0,75.0,95.0,170.0
BRE - Critérium National - Plouhinec - Homme,2024-12-14,U17 Men 73,CARCANO Tom,71.3,90.0,93.0,95.0,108.0,112.0,115.0,95.0,115.0,210.0
BRE - Critérium National - Plouhinec - Homme,2024-12-14,SEN Men 81,SINGER Marc,78.5,-108.0,-110.0,-110.0,135.0,-140.0,-143.0,0.0,135.0,0.0
BRE - Critérium National - Plouhinec - Homme,2024-12-14,SEN Men 96,FLAUS Dylan,95.5,-133.0,135.0,-141.0,160.0,-173.0,-173.0,135.0,160.0,295.0
BRE - Critérium National - Plouhinec - Homme,2024-12-14,SEN Men 102,THOMASSON Yann,101.4,151.0,156.0,161.0,175.0,180.0,-185.0,161.0,180.0,341.0
BRE - Critérium National - Plouhinec - Homme,2024-12-14,SEN Men 109,VAUTARD Brandon,104.8,130.0,137.0,-142.0,173.0,180.0,-0.0,137.0,180.0,317.0
BRE - Critérium National - Plouhinec - Homme,2024-12-14,U13 Men 45,THOMAS Briac,40.72,32.0,34.0,36.0,40.0,42.0,44.0,36.0,44.0,80.0
BRE - Critérium National - Plouhinec - Homme,2024-12-14,U13 Men 67,KLOCK Janis,64.4,32.0,34.0,36.0,42.0,44.0,46.0,36.0,46.0,82.0
BRE - Critérium National - Plouhinec - Homme,2024-12-14,U13 Men 45,THOMAS Briac,40.72,32.0,34.0,36.0,40.0,42.0,44.0,36.0,44.0,80.0
BRE - Critérium National - Plouhinec - Homme,2024-12-14,U13 Men 67,KLOCK Janis,64.4,32.0,34.0,36.0,42.0,44.0,46.0,36.0,46.0,82.0
BRE - Critérium National - Plouhinec - Homme,2024-12-14,U17 Women 55,ANCEL Lilou,54.7,48.0,51.0,53.0,58.0,62.0,67.0,53.0,67.0,120.0
BRE - Critérium National - Plouhinec - Homme,2024-12-14,U17 Women 55,SEGAUX Oriane,53.84,48.0,-51.0,51.0,61.0,65.0,-67.0,51.0,65.0,116.0
BRE - Critérium National - Plouhinec - Homme,2024-12-14,U17 Women 59,VIOLET Grazia,57.58,48.0,-52.0,-53.0,61.0,65.0,67.0,48.0,67.0,115.0
BRE - Critérium National - Plouhinec - Homme,2024-12-14,U17 Women 64,KUSS--BILDSTEIN Irene,61.58,52.0,55.0,58.0,52.0,58.0,62.0,58.0,62.0,120.0
BRE - Critérium National - Plouhinec - Homme,2024-12-14,U17 Women 81,JUNG-BUCH Léonie,77.2,40.0,43.0,46.0,53.0,57.0,-60.0,46.0,57.0,103.0
BRE - Critérium National - Plouhinec - Homme,2024-12-14,U17 Women >81,KLOCK Amanda,87.36,50.0,53.0,56.0,61.0,64.0,67.0,56.0,67.0,123.0
BRE - Critérium National - Plouhinec - Homme,2024-12-14,U20 Women 55,HERZFELD Clemence,49.92,41.0,44.0,46.0,51.0,-54.0,54.0,46.0,54.0,100.0
BRE - Critérium National - Plouhinec - Homme,2024-12-14,U20 Women 55,ERHART Sarah,53.52,-43.0,-43.0,-43.0,53.0,56.0,62.0,0.0,62.0,0.0
BRE - Critérium National - Plouhinec - Homme,2024-12-14,U20 Women 59,BIANCHI Clara,57.8,51.0,-55.0,55.0,70.0,-75.0,-75.0,55.0,70.0,125.0
BRE - Critérium National - Plouhinec - Homme,2024-12-14,U20 Women 64,SCHOTT Océane,62.22,44.0,47.0,-50.0,58.0,62.0,65.0,47.0,65.0,112.0
BRE - Critérium National - Plouhinec - Homme,2024-12-14,U20 Women 64,WOLFF Adeline,61.62,-57.0,-57.0,-57.0,-76.0,79.0,-81.0,0.0,79.0,0.0
BRE - Critérium National - Plouhinec - Homme,2024-12-14,U20 Women 71,PRIGENT MADEC Théoline,64.88,70.0,72.0,-74.0,84.0,-87.0,87.0,72.0,87.0,159.0
BRE - Critérium National - Plouhinec - Homme,2024-12-14,U17 Women 55,ANCEL Lilou,54.7,48.0,51.0,53.0,58.0,62.0,67.0,53.0,67.0,120.0
BRE - Critérium National - Plouhinec - Homme,2024-12-14,U17 Women 55,SEGAUX Oriane,53.84,48.0,-51.0,51.0,61.0,65.0,-67.0,51.0,65.0,116.0
BRE - Critérium National - Plouhinec - Homme,2024-12-14,U17 Women 59,VIOLET Grazia,57.58,48.0,-52.0,-53.0,61.0,65.0,67.0,48.0,67.0,115.0
BRE - Critérium National - Plouhinec - Homme,2024-12-14,U17 Women 64,KUSS--BILDSTEIN Irene,61.58,52.0,55.0,58.0,52.0,58.0,62.0,58.0,62.0,120.0
BRE - Critérium National - Plouhinec - Homme,2024-12-14,U17 Women 81,JUNG-BUCH Léonie,77.2,40.0,43.0,46.0,53.0,57.0,-60.0,46.0,57.0,103.0
BRE - Critérium National - Plouhinec - Homme,2024-12-14,U17 Women >81,KLOCK Amanda,87.36,50.0,53.0,56.0,61.0,64.0,67.0,56.0,67.0,123.0
BRE - Critérium National - Plouhinec - Homme,2024-12-14,U20 Women 55,HERZFELD Clemence,49.92,41.0,44.0,46.0,51.0,-54.0,54.0,46.0,54.0,100.0
BRE - Critérium National - Plouhinec - Homme,2024-12-14,U20 Women 55,ERHART Sarah,53.52,-43.0,-43.0,-43.0,53.0,56.0,62.0,0.0,62.0,0.0
BRE - Critérium National - Plouhinec - Homme,2024-12-14,U20 Women 59,BIANCHI Clara,57.8,51.0,-55.0,55.0,70.0,-75.0,-75.0,55.0,70.0,125.0
BRE - Critérium National - Plouhinec - Homme,2024-12-14,U20 Women 64,SCHOTT Océane,62.22,44.0,47.0,-50.0,58.0,62.0,65.0,47.0,65.0,112.0
BRE - Critérium National - Plouhinec - Homme,2024-12-14,U20 Women 64,WOLFF Adeline,61.62,-57.0,-57.0,-57.0,-76.0,79.0,-81.0,0.0,79.0,0.0
BRE - Critérium National - Plouhinec - Homme,2024-12-14,U20 Women 71,PRIGENT MADEC Théoline,64.88,70.0,72.0,-74.0,84.0,-87.0,87.0,72.0,87.0,159.0
BRE - Critérium National - Plouhinec - Homme,2024-12-14,SEN Women 49,CORBETHAU Amélie,47.4,49.0,-52.0,52.0,63.0,-66.0,67.0,52.0,67.0,119.0
BRE - Critérium National - Plouhinec - Homme,2024-12-14,SEN Women 55,HERTRICH Marielle,53.78,72.0,75.0,-78.0,84.0,87.0,-90.0,75.0,87.0,162.0
BRE - Critérium National - Plouhinec - Homme,2024-12-14,SEN Women 55,CORBETHAU Eva,54.5,59.0,-62.0,62.0,83.0,-86.0,-86.0,62.0,83.0,145.0
BRE - Critérium National - Plouhinec - Homme,2024-12-14,SEN Women 55,FEILLARD Lea,51.98,47.0,50.0,52.0,64.0,67.0,-70.0,52.0,67.0,119.0
BRE - Critérium National - Plouhinec - Homme,2024-12-14,SEN Women 59,SCHEER Pauline,57.92,62.0,-65.0,-66.0,-82.0,-83.0,83.0,62.0,83.0,145.0
BRE - Critérium National - Plouhinec - Homme,2024-12-14,SEN Women 64,BITHOREL Marion,63.46,67.0,70.0,72.0,83.0,86.0,-89.0,72.0,86.0,158.0
BRE - Critérium National - Plouhinec - Homme,2024-12-14,SEN Women 64,GANGLOFF Lucie,62.38,60.0,62.0,64.0,80.0,83.0,-85.0,64.0,83.0,147.0
BRE - Critérium National - Plouhinec - Homme,2024-12-14,SEN Women 64,MORVAN Maureen,63.6,62.0,-65.0,65.0,78.0,82.0,-85.0,65.0,82.0,147.0
BRE - Critérium National - Plouhinec - Homme,2024-12-14,SEN Women 64,WIETRICH Marion,61.5,-50.0,50.0,53.0,70.0,73.0,-75.0,53.0,73.0,126.0
BRE - Critérium National - Plouhinec - Homme,2024-12-14,SEN Women >87,CERDAN Margot,89.94,70.0,-74.0,-75.0,95.0,100.0,-103.0,70.0,100.0,170.0
BRE - Critérium National - Plouhinec - Homme,2024-12-14,SEN Women 49,CORBETHAU Amélie,47.4,49.0,-52.0,52.0,63.0,-66.0,67.0,52.0,67.0,119.0
BRE - Critérium National - Plouhinec - Homme,2024-12-14,SEN Women 55,HERTRICH Marielle,53.78,72.0,75.0,-78.0,84.0,87.0,-90.0,75.0,87.0,162.0
BRE - Critérium National - Plouhinec - Homme,2024-12-14,SEN Women 55,CORBETHAU Eva,54.5,59.0,-62.0,62.0,83.0,-86.0,-86.0,62.0,83.0,145.0
BRE - Critérium National - Plouhinec - Homme,2024-12-14,SEN Women 55,FEILLARD Lea,51.98,47.0,50.0,52.0,64.0,67.0,-70.0,52.0,67.0,119.0
BRE - Critérium National - Plouhinec - Homme,2024-12-14,SEN Women 59,SCHEER Pauline,57.92,62.0,-65.0,-66.0,-82.0,-83.0,83.0,62.0,83.0,145.0
BRE - Critérium National - Plouhinec - Homme,2024-12-14,SEN Women 64,BITHOREL Marion,63.46,67.0,70.0,72.0,83.0,86.0,-89.0,72.0,86.0,158.0
BRE - Critérium National - Plouhinec - Homme,2024-12-14,SEN Women 64,GANGLOFF Lucie,62.38,60.0,62.0,64.0,80.0,83.0,-85.0,64.0,83.0,147.0
BRE - Critérium National - Plouhinec - Homme,2024-12-14,SEN Women 64,MORVAN Maureen,63.6,62.0,-65.0,65.0,78.0,82.0,-85.0,65.0,82.0,147.0
BRE - Critérium National - Plouhinec - Homme,2024-12-14,SEN Women 64,WIETRICH Marion,61.5,-50.0,50.0,53.0,70.0,73.0,-75.0,53.0,73.0,126.0
BRE - Critérium National - Plouhinec - Homme,2024-12-14,SEN Women >87,CERDAN Margot,89.94,70.0,-74.0,-75.0,95.0,100.0,-103.0,70.0,100.0,170.0
BRE - Critérium National - Plouhinec - Homme,2024-12-14,U15 Men 67,AOUNI Maxence,65.76,78.0,83.0,88.0,105.0,110.0,-115.0,88.0,110.0,198.0
BRE - Critérium National - Plouhinec - Homme,2024-12-14,U17 Men 73,GEIGER Aymeric,70.14,88.0,-93.0,93.0,117.0,121.0,-125.0,93.0,121.0,214.0
BRE - Critérium National - Plouhinec - Homme,2024-12-14,SEN Men 61,POTENZA David,60.02,92.0,95.0,-98.0,112.0,116.0,-120.0,95.0,116.0,211.0
BRE - Critérium National - Plouhinec - Homme,2024-12-14,SEN Men 73,CHRISTOPHEL Valentin,73.0,117.0,121.0,125.0,140.0,145.0,-150.0,125.0,145.0,270.0
BRE - Critérium National - Plouhinec - Homme,2024-12-14,SEN Men 73,GEREDA LIZCANO Angel jesus,72.1,-102.0,102.0,107.0,125.0,133.0,-138.0,107.0,133.0,240.0
BRE - Critérium National - Plouhinec - Homme,2024-12-14,SEN Men 73,SPAGNULO Paolo,72.36,90.0,-95.0,95.0,125.0,130.0,-135.0,95.0,130.0,225.0
BRE - Critérium National - Plouhinec - Homme,2024-12-14,SEN Men 73,FINANCE Edgar,72.1,90.0,-95.0,-100.0,111.0,-115.0,118.0,90.0,118.0,208.0
BRE - Critérium National - Plouhinec - Homme,2024-12-14,SEN Men 89,AUBERTIN Gregoire,85.2,-115.0,-115.0,-115.0,145.0,-152.0,-152.0,0.0,145.0,0.0
BRE - Critérium National - Plouhinec - Homme,2024-12-14,SEN Men 96,BOESS Yohan,94.5,97.0,102.0,-107.0,112.0,120.0,128.0,102.0,128.0,230.0
BRE - Critérium National - Plouhinec - Homme,2024-12-14,SEN Men 102,CANDRAY MEDINA Hector,98.92,110.0,115.0,-120.0,-140.0,-140.0,-140.0,115.0,0.0,0.0
BRE - Critérium National - Plouhinec - Homme,2024-12-14,U15 Men 67,AOUNI Maxence,65.76,78.0,83.0,88.0,105.0,110.0,-115.0,88.0,110.0,198.0
BRE - Critérium National - Plouhinec - Homme,2024-12-14,U17 Men 73,GEIGER Aymeric,70.14,88.0,-93.0,93.0,117.0,121.0,-125.0,93.0,121.0,214.0
BRE - Critérium National - Plouhinec - Homme,2024-12-14,SEN Men 61,POTENZA David,60.02,92.0,95.0,-98.0,112.0,116.0,-120.0,95.0,116.0,211.0
BRE - Critérium National - Plouhinec - Homme,2024-12-14,SEN Men 73,CHRISTOPHEL Valentin,73.0,117.0,121.0,125.0,140.0,145.0,-150.0,125.0,145.0,270.0
BRE - Critérium National - Plouhinec - Homme,2024-12-14,SEN Men 73,GEREDA LIZCANO Angel jesus,72.1,-102.0,102.0,107.0,125.0,133.0,-138.0,107.0,133.0,240.0
BRE - Critérium National - Plouhinec - Homme,2024-12-14,SEN Men 73,SPAGNULO Paolo,72.36,90.0,-95.0,95.0,125.0,130.0,-135.0,95.0,130.0,225.0
BRE - Critérium National - Plouhinec - Homme,2024-12-14,SEN Men 73,FINANCE Edgar,72.1,90.0,-95.0,-100.0,111.0,-115.0,118.0,90.0,118.0,208.0
BRE - Critérium National - Plouhinec - Homme,2024-12-14,SEN Men 89,AUBERTIN Gregoire,85.2,-115.0,-115.0,-115.0,145.0,-152.0,-152.0,0.0,145.0,0.0
BRE - Critérium National - Plouhinec - Homme,2024-12-14,SEN Men 96,BOESS Yohan,94.5,97.0,102.0,-107.0,112.0,120.0,128.0,102.0,128.0,230.0
BRE - Critérium National - Plouhinec - Homme,2024-12-14,SEN Men 102,CANDRAY MEDINA Hector,98.92,110.0,115.0,-120.0,-140.0,-140.0,-140.0,115.0,0.0,0.0
BRE - Critérium National - Plouhinec - Homme,2024-12-14,U15 Women 59,CAMPTON Augustine,58.8,30.0,33.0,-36.0,40.0,44.0,-46.0,33.0,44.0,77.0
BRE - Critérium National - Plouhinec - Homme,2024-12-14,U15 Women 59,BRICOUT Cléa,58.0,28.0,32.0,-35.0,38.0,42.0,-45.0,32.0,42.0,74.0
BRE - Critérium National - Plouhinec - Homme,2024-12-14,U17 Women 55,ZAOUROU Maïana,55.0,35.0,40.0,-43.0,45.0,50.0,-53.0,40.0,50.0,90.0
BRE - Critérium National - Plouhinec - Homme,2024-12-14,U20 Women 76,IRENEE Maelle,73.2,48.0,50.0,-53.0,60.0,65.0,-70.0,50.0,65.0,115.0
BRE - Critérium National - Plouhinec - Homme,2024-12-14,U20 Women 81,HYMAN Jackie-princesse,81.0,60.0,65.0,-68.0,75.0,80.0,-84.0,65.0,80.0,145.0
BRE - Critérium National - Plouhinec - Homme,2024-12-14,SEN Women 55,STOKLOSA Alysée,54.7,55.0,-58.0,58.0,70.0,75.0,-78.0,58.0,75.0,133.0
BRE - Critérium National - Plouhinec - Homme,2024-12-14,SEN Women 64,LEMOYNE Nadji,63.8,52.0,55.0,-57.0,67.0,72.0,-75.0,55.0,72.0,127.0
BRE - Critérium National - Plouhinec - Homme,2024-12-14,SEN Women 71,EL DEBS Christelle,65.4,75.0,80.0,-82.0,90.0,95.0,-100.0,80.0,95.0,175.0
BRE - Critérium National - Plouhinec - Homme,2024-12-14,SEN Women 71,JACQUET Johanna,70.7,55.0,58.0,-60.0,75.0,-80.0,-80.0,58.0,75.0,133.0
BRE - Critérium National - Plouhinec - Homme,2024-12-14,SEN Women 76,LAURENT Armelle,75.0,55.0,60.0,-63.0,75.0,80.0,-85.0,60.0,80.0,140.0
BRE - Critérium National - Plouhinec - Homme,2024-12-14,SEN Women >87,BAPTE Syndra,94.0,60.0,65.0,-68.0,85.0,90.0,-95.0,65.0,90.0,155.0
BRE - Critérium National - Plouhinec - Homme,2024-12-14,U15 Women 59,CAMPTON Augustine,58.8,30.0,33.0,-36.0,40.0,44.0,-46.0,33.0,44.0,77.0
BRE - Critérium National - Plouhinec - Homme,2024-12-14,U15 Women 59,BRICOUT Cléa,58.0,28.0,32.0,-35.0,38.0,42.0,-45.0,32.0,42.0,74.0
BRE - Critérium National - Plouhinec - Homme,2024-12-14,U17 Women 55,ZAOUROU Maïana,55.0,35.0,40.0,-43.0,45.0,50.0,-53.0,40.0,50.0,90.0
BRE - Critérium National - Plouhinec - Homme,2024-12-14,U20 Women 76,IRENEE Maelle,73.2,48.0,50.0,-53.0,60.0,65.0,-70.0,50.0,65.0,115.0
BRE - Critérium National - Plouhinec - Homme,2024-12-14,U20 Women 81,HYMAN Jackie-princesse,81.0,60.0,65.0,-68.0,75.0,80.0,-84.0,65.0,80.0,145.0
BRE - Critérium National - Plouhinec - Homme,2024-12-14,SEN Women 55,STOKLOSA Alysée,54.7,55.0,-58.0,58.0,70.0,75.0,-78.0,58.0,75.0,133.0
BRE - Critérium National - Plouhinec - Homme,2024-12-14,SEN Women 64,LEMOYNE Nadji,63.8,52.0,55.0,-57.0,67.0,72.0,-75.0,55.0,72.0,127.0
BRE - Critérium National - Plouhinec - Homme,2024-12-14,SEN Women 71,EL DEBS Christelle,65.4,75.0,80.0,-82.0,90.0,95.0,-100.0,80.0,95.0,175.0
BRE - Critérium National - Plouhinec - Homme,2024-12-14,SEN Women 71,JACQUET Johanna,70.7,55.0,58.0,-60.0,75.0,-80.0,-80.0,58.0,75.0,133.0
BRE - Critérium National - Plouhinec - Homme,2024-12-14,SEN Women 76,LAURENT Armelle,75.0,55.0,60.0,-63.0,75.0,80.0,-85.0,60.0,80.0,140.0
BRE - Critérium National - Plouhinec - Homme,2024-12-14,SEN Women >87,BAPTE Syndra,94.0,60.0,65.0,-68.0,85.0,90.0,-95.0,65.0,90.0,155.0
BRE - Critérium National - Plouhinec - Homme,2024-12-14,U17 Men 61,MARIGOT Florian,60.8,45.0,50.0,-53.0,67.0,72.0,75.0,50.0,75.0,125.0
BRE - Critérium National - Plouhinec - Homme,2024-12-14,U17 Men 67,RICO Maé simon,66.5,70.0,75.0,-80.0,95.0,100.0,-105.0,75.0,100.0,175.0
BRE - Critérium National - Plouhinec - Homme,2024-12-14,U20 Men 81,LE PIOLET Teiva,81.0,105.0,110.0,115.0,130.0,135.0,138.0,115.0,138.0,253.0
BRE - Critérium National - Plouhinec - Homme,2024-12-14,U20 Men 81,BARRIERE Guillaume,80.0,90.0,-95.0,95.0,105.0,110.0,115.0,95.0,115.0,210.0
BRE - Critérium National - Plouhinec - Homme,2024-12-14,U20 Men 89,LE PIOLET Manoa,89.0,115.0,-120.0,124.0,140.0,145.0,-150.0,124.0,145.0,269.0
BRE - Critérium National - Plouhinec - Homme,2024-12-14,U20 Men 102,NUIRO Hevy guy,98.0,110.0,115.0,-118.0,135.0,140.0,-145.0,115.0,140.0,255.0
BRE - Critérium National - Plouhinec - Homme,2024-12-14,SEN Men 81,DERRICK Yannis,81.0,105.0,110.0,115.0,150.0,155.0,160.0,115.0,160.0,275.0
BRE - Critérium National - Plouhinec - Homme,2024-12-14,SEN Men 81,PINEAU Aschkenaz,74.0,90.0,95.0,100.0,125.0,130.0,-132.0,100.0,130.0,230.0
BRE - Critérium National - Plouhinec - Homme,2024-12-14,SEN Men 81,BOITTIN Natymael,78.5,90.0,95.0,100.0,110.0,115.0,120.0,100.0,120.0,220.0
BRE - Critérium National - Plouhinec - Homme,2024-12-14,SEN Men 89,EREMBERT Teddy,88.7,97.0,102.0,-105.0,125.0,-130.0,130.0,102.0,130.0,232.0
BRE - Critérium National - Plouhinec - Homme,2024-12-14,SEN Men 102,LINGUET Willem,101.5,115.0,120.0,-123.0,145.0,150.0,-155.0,120.0,150.0,270.0
BRE - Critérium National - Plouhinec - Homme,2024-12-14,SEN Men 102,AUROQUE Samuel,101.6,95.0,100.0,-103.0,125.0,130.0,-135.0,100.0,130.0,230.0
BRE - Critérium National - Plouhinec - Homme,2024-12-14,SEN Men >109,NAJOS Christophe,121.5,105.0,-110.0,-110.0,130.0,135.0,-140.0,105.0,135.0,240.0
BRE - Critérium National - Plouhinec - Homme,2024-12-14,U17 Men 61,MARIGOT Florian,60.8,45.0,50.0,-53.0,67.0,72.0,75.0,50.0,75.0,125.0
BRE - Critérium National - Plouhinec - Homme,2024-12-14,U17 Men 67,RICO Maé simon,66.5,70.0,75.0,-80.0,95.0,100.0,-105.0,75.0,100.0,175.0
BRE - Critérium National - Plouhinec - Homme,2024-12-14,U20 Men 81,LE PIOLET Teiva,81.0,105.0,110.0,115.0,130.0,135.0,138.0,115.0,138.0,253.0
BRE - Critérium National - Plouhinec - Homme,2024-12-14,U20 Men 81,BARRIERE Guillaume,80.0,90.0,-95.0,95.0,105.0,110.0,115.0,95.0,115.0,210.0
BRE - Critérium National - Plouhinec - Homme,2024-12-14,U20 Men 89,LE PIOLET Manoa,89.0,115.0,-120.0,124.0,140.0,145.0,-150.0,124.0,145.0,269.0
BRE - Critérium National - Plouhinec - Homme,2024-12-14,U20 Men 102,NUIRO Hevy guy,98.0,110.0,115.0,-118.0,135.0,140.0,-145.0,115.0,140.0,255.0
BRE - Critérium National - Plouhinec - Homme,2024-12-14,SEN Men 81,DERRICK Yannis,81.0,105.0,110.0,115.0,150.0,155.0,160.0,115.0,160.0,275.0
BRE - Critérium National - Plouhinec - Homme,2024-12-14,SEN Men 81,PINEAU Aschkenaz,74.0,90.0,95.0,100.0,125.0,130.0,-132.0,100.0,130.0,230.0
BRE - Critérium National - Plouhinec - Homme,2024-12-14,SEN Men 81,BOITTIN Natymael,78.5,90.0,95.0,100.0,110.0,115.0,120.0,100.0,120.0,220.0
BRE - Critérium National - Plouhinec - Homme,2024-12-14,SEN Men 89,EREMBERT Teddy,88.7,97.0,102.0,-105.0,125.0,-130.0,130.0,102.0,130.0,232.0
BRE - Critérium National - Plouhinec - Homme,2024-12-14,SEN Men 102,LINGUET Willem,101.5,115.0,120.0,-123.0,145.0,150.0,-155.0,120.0,150.0,270.0
BRE - Critérium National - Plouhinec - Homme,2024-12-14,SEN Men 102,AUROQUE Samuel,101.6,95.0,100.0,-103.0,125.0,130.0,-135.0,100.0,130.0,230.0
BRE - Critérium National - Plouhinec - Homme,2024-12-14,SEN Men >109,NAJOS Christophe,121.5,105.0,-110.0,-110.0,130.0,135.0,-140.0,105.0,135.0,240.0
BRE - Critérium National - Plouhinec - Homme,2024-12-14,SEN Men 67,APRAHAMIAN Antranig,66.5,-108.0,-108.0,108.0,132.0,137.0,-141.0,108.0,137.0,245.0
BRE - Critérium National - Plouhinec - Homme,2024-12-14,SEN Men 73,DEIGNAN Thibault,70.9,90.0,-94.0,-94.0,110.0,-114.0,-114.0,90.0,110.0,200.0
BRE - Critérium National - Plouhinec - Homme,2024-12-14,SEN Men 81,DOMINGUEZ Gaetan,74.8,120.0,125.0,130.0,145.0,-155.0,-155.0,130.0,145.0,275.0
BRE - Critérium National - Plouhinec - Homme,2024-12-14,SEN Men 81,MECHELAERE Simon,79.7,105.0,109.0,-112.0,141.0,-145.0,-145.0,109.0,141.0,250.0
BRE - Critérium National - Plouhinec - Homme,2024-12-14,SEN Men 81,SEIGNEMARTIN Loic,79.9,93.0,-98.0,99.0,117.0,-121.0,-122.0,99.0,117.0,216.0
BRE - Critérium National - Plouhinec - Homme,2024-12-14,SEN Men 81,LABERTRANDIE Lilian,80.5,-110.0,-110.0,110.0,-133.0,-140.0,-140.0,110.0,0.0,0.0
BRE - Critérium National - Plouhinec - Homme,2024-12-14,SEN Men 89,HEAFALA Jonah,84.2,118.0,123.0,-127.0,145.0,149.0,154.0,123.0,154.0,277.0
BRE - Critérium National - Plouhinec - Homme,2024-12-14,SEN Men 89,RAMBELO MANGA Alexandre lala,88.0,-120.0,121.0,-125.0,139.0,155.0,-160.0,121.0,155.0,276.0
BRE - Critérium National - Plouhinec - Homme,2024-12-14,SEN Men 89,BISTEUR Maxime,87.0,113.0,117.0,120.0,130.0,-140.0,140.0,120.0,140.0,260.0
BRE - Critérium National - Plouhinec - Homme,2024-12-14,SEN Men 89,MASSE Samuel,87.8,-110.0,110.0,115.0,137.0,-145.0,-145.0,115.0,137.0,252.0
BRE - Critérium National - Plouhinec - Homme,2024-12-14,SEN Men 96,MENONI Enzo,91.7,130.0,135.0,-139.0,145.0,-149.0,154.0,135.0,154.0,289.0
BRE - Critérium National - Plouhinec - Homme,2024-12-14,SEN Men 96,ABADIE Benoit,95.0,107.0,112.0,-115.0,-130.0,130.0,138.0,112.0,138.0,250.0
BRE - Critérium National - Plouhinec - Homme,2024-12-14,SEN Men 102,LAROIX Anthony,100.7,130.0,-136.0,-136.0,160.0,166.0,-172.0,130.0,166.0,296.0
BRE - Critérium National - Plouhinec - Homme,2024-12-14,SEN Men 109,DAWID Joris,105.4,110.0,-115.0,-117.0,-136.0,137.0,-142.0,110.0,137.0,247.0
BRE - Critérium National - Plouhinec - Homme,2024-12-14,SEN Men 109,TOUSSAINT Pierre,106.6,105.0,-109.0,-109.0,130.0,135.0,-140.0,105.0,135.0,240.0
BRE - Critérium National - Plouhinec - Homme,2024-12-14,SEN Men 67,APRAHAMIAN Antranig,66.5,-108.0,-108.0,108.0,132.0,137.0,-141.0,108.0,137.0,245.0
BRE - Critérium National - Plouhinec - Homme,2024-12-14,SEN Men 73,DEIGNAN Thibault,70.9,90.0,-94.0,-94.0,110.0,-114.0,-114.0,90.0,110.0,200.0
BRE - Critérium National - Plouhinec - Homme,2024-12-14,SEN Men 81,DOMINGUEZ Gaetan,74.8,120.0,125.0,130.0,145.0,-155.0,-155.0,130.0,145.0,275.0
BRE - Critérium National - Plouhinec - Homme,2024-12-14,SEN Men 81,MECHELAERE Simon,79.7,105.0,109.0,-112.0,141.0,-145.0,-145.0,109.0,141.0,250.0
BRE - Critérium National - Plouhinec - Homme,2024-12-14,SEN Men 81,SEIGNEMARTIN Loic,79.9,93.0,-98.0,99.0,117.0,-121.0,-122.0,99.0,117.0,216.0
BRE - Critérium National - Plouhinec - Homme,2024-12-14,SEN Men 81,LABERTRANDIE Lilian,80.5,-110.0,-110.0,110.0,-133.0,-140.0,-140.0,110.0,0.0,0.0
BRE - Critérium National - Plouhinec - Homme,2024-12-14,SEN Men 89,HEAFALA Jonah,84.2,118.0,123.0,-127.0,145.0,149.0,154.0,123.0,154.0,277.0
BRE - Critérium National - Plouhinec - Homme,2024-12-14,SEN Men 89,RAMBELO MANGA Alexandre lala,88.0,-120.0,121.0,-125.0,139.0,155.0,-160.0,121.0,155.0,276.0
BRE - Critérium National - Plouhinec - Homme,2024-12-14,SEN Men 89,BISTEUR Maxime,87.0,113.0,117.0,120.0,130.0,-140.0,140.0,120.0,140.0,260.0
BRE - Critérium National - Plouhinec - Homme,2024-12-14,SEN Men 89,MASSE Samuel,87.8,-110.0,110.0,115.0,137.0,-145.0,-145.0,115.0,137.0,252.0
BRE - Critérium National - Plouhinec - Homme,2024-12-14,SEN Men 96,MENONI Enzo,91.7,130.0,135.0,-139.0,145.0,-149.0,154.0,135.0,154.0,289.0
BRE - Critérium National - Plouhinec - Homme,2024-12-14,SEN Men 96,ABADIE Benoit,95.0,107.0,112.0,-115.0,-130.0,130.0,138.0,112.0,138.0,250.0
BRE - Critérium National - Plouhinec - Homme,2024-12-14,SEN Men 102,LAROIX Anthony,100.7,130.0,-136.0,-136.0,160.0,166.0,-172.0,130.0,166.0,296.0
BRE - Critérium National - Plouhinec - Homme,2024-12-14,SEN Men 109,DAWID Joris,105.4,110.0,-115.0,-117.0,-136.0,137.0,-142.0,110.0,137.0,247.0
BRE - Critérium National - Plouhinec - Homme,2024-12-14,SEN Men 109,TOUSSAINT Pierre,106.6,105.0,-109.0,-109.0,130.0,135.0,-140.0,105.0,135.0,240.0
BRE - Critérium National - Plouhinec - Homme,2024-12-14,U15 Men 67,IAFRATE Ismael,62.3,80.0,-84.0,85.0,100.0,-105.0,-106.0,85.0,100.0,185.0
BRE - Critérium National - Plouhinec - Homme,2024-12-14,U17 Men 55,NAUDIN Gabriel,54.8,-56.0,56.0,58.0,70.0,72.0,-75.0,58.0,72.0,130.0
BRE - Critérium National - Plouhinec - Homme,2024-12-14,U17 Men 96,PASTOR Romain,95.4,83.0,87.0,90.0,110.0,115.0,-118.0,90.0,115.0,205.0
BRE - Critérium National - Plouhinec - Homme,2024-12-14,U20 Men 61,RENARD Hugo,56.8,68.0,-73.0,73.0,91.0,-97.0,-97.0,73.0,91.0,164.0
BRE - Critérium National - Plouhinec - Homme,2024-12-14,U20 Men 67,RENARD Benjamin,65.1,82.0,87.0,89.0,101.0,108.0,112.0,89.0,112.0,201.0
BRE - Critérium National - Plouhinec - Homme,2024-12-14,U20 Men 73,IAFRATE Adam,71.7,-112.0,-114.0,114.0,127.0,133.0,-152.0,114.0,133.0,247.0
BRE - Critérium National - Plouhinec - Homme,2024-12-14,U20 Men 81,DA SILVA Romain,80.9,120.0,125.0,-130.0,145.0,150.0,154.0,125.0,154.0,279.0
BRE - Critérium National - Plouhinec - Homme,2024-12-14,U20 Men 81,ACHER Jules,77.4,85.0,90.0,93.0,106.0,-111.0,-115.0,93.0,106.0,199.0
BRE - Critérium National - Plouhinec - Homme,2024-12-14,U15 Men 67,IAFRATE Ismael,62.3,80.0,-84.0,85.0,100.0,-105.0,-106.0,85.0,100.0,185.0
BRE - Critérium National - Plouhinec - Homme,2024-12-14,U17 Men 55,NAUDIN Gabriel,54.8,-56.0,56.0,58.0,70.0,72.0,-75.0,58.0,72.0,130.0
BRE - Critérium National - Plouhinec - Homme,2024-12-14,U17 Men 96,PASTOR Romain,95.4,83.0,87.0,90.0,110.0,115.0,-118.0,90.0,115.0,205.0
BRE - Critérium National - Plouhinec - Homme,2024-12-14,U20 Men 61,RENARD Hugo,56.8,68.0,-73.0,73.0,91.0,-97.0,-97.0,73.0,91.0,164.0
BRE - Critérium National - Plouhinec - Homme,2024-12-14,U20 Men 67,RENARD Benjamin,65.1,82.0,87.0,89.0,101.0,108.0,112.0,89.0,112.0,201.0
BRE - Critérium National - Plouhinec - Homme,2024-12-14,U20 Men 73,IAFRATE Adam,71.7,-112.0,-114.0,114.0,127.0,133.0,-152.0,114.0,133.0,247.0
BRE - Critérium National - Plouhinec - Homme,2024-12-14,U20 Men 81,DA SILVA Romain,80.9,120.0,125.0,-130.0,145.0,150.0,154.0,125.0,154.0,279.0
BRE - Critérium National - Plouhinec - Homme,2024-12-14,U20 Men 81,ACHER Jules,77.4,85.0,90.0,93.0,106.0,-111.0,-115.0,93.0,106.0,199.0
BRE - Critérium National - Plouhinec - Homme,2024-12-14,U15 Women 45,MONNET-BESSON Lisa,41.1,26.0,-30.0,-30.0,34.0,37.0,-39.0,26.0,37.0,63.0
BRE - Critérium National - Plouhinec - Homme,2024-12-14,U15 Women 55,BESLAY DE USATORRE Lou-anne,50.7,35.0,38.0,40.0,45.0,48.0,-50.0,40.0,48.0,88.0
BRE - Critérium National - Plouhinec - Homme,2024-12-14,U15 Women 59,HORVATH Asya,57.4,52.0,55.0,-57.0,63.0,65.0,68.0,55.0,68.0,123.0
BRE - Critérium National - Plouhinec - Homme,2024-12-14,U15 Women 59,GODELLE Clara,57.3,36.0,40.0,42.0,45.0,48.0,-50.0,42.0,48.0,90.0
BRE - Critérium National - Plouhinec - Homme,2024-12-14,U15 Women 71,GERACI Marianna,67.8,60.0,-63.0,63.0,70.0,73.0,75.0,63.0,75.0,138.0
BRE - Critérium National - Plouhinec - Homme,2024-12-14,U17 Women 59,SUEUR Lily,56.7,50.0,53.0,-55.0,64.0,-67.0,-68.0,53.0,64.0,117.0
BRE - Critérium National - Plouhinec - Homme,2024-12-14,U20 Women 59,VAN STRAATEN Clara,58.5,-63.0,63.0,66.0,78.0,-81.0,81.0,66.0,81.0,147.0
BRE - Critérium National - Plouhinec - Homme,2024-12-14,U20 Women 64,MARTIN Maeva,61.9,61.0,64.0,-67.0,76.0,-80.0,-80.0,64.0,76.0,140.0
BRE - Critérium National - Plouhinec - Homme,2024-12-14,U20 Women 64,MATHELIN Lou,60.7,-52.0,52.0,-55.0,65.0,70.0,73.0,52.0,73.0,125.0
BRE - Critérium National - Plouhinec - Homme,2024-12-14,U20 Women 64,GIRARD-CLOS Océane,62.4,50.0,53.0,-55.0,64.0,66.0,70.0,53.0,70.0,123.0
BRE - Critérium National - Plouhinec - Homme,2024-12-14,U20 Women 76,LAURENT Emeline,72.3,74.0,-78.0,80.0,90.0,96.0,-100.0,80.0,96.0,176.0
BRE - Critérium National - Plouhinec - Homme,2024-12-14,U20 Women 76,IAFRATE Sara,71.5,-80.0,82.0,-86.0,-0.0,-0.0,-0.0,82.0,0.0,0.0
BRE - Critérium National - Plouhinec - Homme,2024-12-14,U15 Women 45,MONNET-BESSON Lisa,41.1,26.0,-30.0,-30.0,34.0,37.0,-39.0,26.0,37.0,63.0
BRE - Critérium National - Plouhinec - Homme,2024-12-14,U15 Women 55,BESLAY DE USATORRE Lou-anne,50.7,35.0,38.0,40.0,45.0,48.0,-50.0,40.0,48.0,88.0
BRE - Critérium National - Plouhinec - Homme,2024-12-14,U15 Women 59,HORVATH Asya,57.4,52.0,55.0,-57.0,63.0,65.0,68.0,55.0,68.0,123.0
BRE - Critérium National - Plouhinec - Homme,2024-12-14,U15 Women 59,GODELLE Clara,57.3,36.0,40.0,42.0,45.0,48.0,-50.0,42.0,48.0,90.0
BRE - Critérium National - Plouhinec - Homme,2024-12-14,U15 Women 71,GERACI Marianna,67.8,60.0,-63.0,63.0,70.0,73.0,75.0,63.0,75.0,138.0
BRE - Critérium National - Plouhinec - Homme,2024-12-14,U17 Women 59,SUEUR Lily,56.7,50.0,53.0,-55.0,64.0,-67.0,-68.0,53.0,64.0,117.0
BRE - Critérium National - Plouhinec - Homme,2024-12-14,U20 Women 59,VAN STRAATEN Clara,58.5,-63.0,63.0,66.0,78.0,-81.0,81.0,66.0,81.0,147.0
BRE - Critérium National - Plouhinec - Homme,2024-12-14,U20 Women 64,MARTIN Maeva,61.9,61.0,64.0,-67.0,76.0,-80.0,-80.0,64.0,76.0,140.0
BRE - Critérium National - Plouhinec - Homme,2024-12-14,U20 Women 64,MATHELIN Lou,60.7,-52.0,52.0,-55.0,65.0,70.0,73.0,52.0,73.0,125.0
BRE - Critérium National - Plouhinec - Homme,2024-12-14,U20 Women 64,GIRARD-CLOS Océane,62.4,50.0,53.0,-55.0,64.0,66.0,70.0,53.0,70.0,123.0
BRE - Critérium National - Plouhinec - Homme,2024-12-14,U20 Women 76,LAURENT Emeline,72.3,74.0,-78.0,80.0,90.0,96.0,-100.0,80.0,96.0,176.0
BRE - Critérium National - Plouhinec - Homme,2024-12-14,U20 Women 76,IAFRATE Sara,71.5,-80.0,82.0,-86.0,-0.0,-0.0,-0.0,82.0,0.0,0.0
BRE - Critérium National - Plouhinec - Homme,2024-12-14,U15 Women 55,SESMA Tifanie,53.5,50.0,-53.0,53.0,63.0,66.0,-70.0,53.0,66.0,119.0
BRE - Critérium National - Plouhinec - Homme,2024-12-14,U15 Women 55,SPERONI Caterina,50.35,-45.0,45.0,48.0,52.0,56.0,-59.0,48.0,56.0,104.0
BRE - Critérium National - Plouhinec - Homme,2024-12-14,U17 Women 71,CAVALLINI Marie,70.3,-50.0,50.0,-55.0,63.0,67.0,70.0,50.0,70.0,120.0
BRE - Critérium National - Plouhinec - Homme,2024-12-14,U17 Women 71,MILLE Sarah,69.3,-45.0,45.0,-48.0,58.0,-61.0,-63.0,45.0,58.0,103.0
BRE - Critérium National - Plouhinec - Homme,2024-12-14,U20 Women 55,BOYER Kristina,55.0,-56.0,56.0,60.0,74.0,-78.0,78.0,60.0,78.0,138.0
BRE - Critérium National - Plouhinec - Homme,2024-12-14,U20 Women 81,BERTRAND Léna,80.5,60.0,65.0,70.0,75.0,80.0,-85.0,70.0,80.0,150.0
BRE - Critérium National - Plouhinec - Homme,2024-12-14,SEN Women 45,PEETERS Emilie,44.7,52.0,54.0,-56.0,63.0,66.0,-68.0,54.0,66.0,120.0
BRE - Critérium National - Plouhinec - Homme,2024-12-14,SEN Women 49,CHAIX Calista,47.0,50.0,52.0,-53.0,60.0,63.0,-0.0,52.0,63.0,115.0
BRE - Critérium National - Plouhinec - Homme,2024-12-14,SEN Women 49,MARECHAL Élise,48.9,48.0,51.0,-53.0,62.0,64.0,-66.0,51.0,64.0,115.0
BRE - Critérium National - Plouhinec - Homme,2024-12-14,SEN Women 55,GOMEZ Patricia,54.7,-60.0,65.0,-67.0,75.0,80.0,-83.0,65.0,80.0,145.0
BRE - Critérium National - Plouhinec - Homme,2024-12-14,SEN Women 55,BERNARD Manon,55.0,60.0,-65.0,-65.0,73.0,77.0,80.0,60.0,80.0,140.0
BRE - Critérium National - Plouhinec - Homme,2024-12-14,U15 Women 55,SESMA Tifanie,53.5,50.0,-53.0,53.0,63.0,66.0,-70.0,53.0,66.0,119.0
BRE - Critérium National - Plouhinec - Homme,2024-12-14,U15 Women 55,SPERONI Caterina,50.35,-45.0,45.0,48.0,52.0,56.0,-59.0,48.0,56.0,104.0
BRE - Critérium National - Plouhinec - Homme,2024-12-14,U17 Women 71,CAVALLINI Marie,70.3,-50.0,50.0,-55.0,63.0,67.0,70.0,50.0,70.0,120.0
BRE - Critérium National - Plouhinec - Homme,2024-12-14,U17 Women 71,MILLE Sarah,69.3,-45.0,45.0,-48.0,58.0,-61.0,-63.0,45.0,58.0,103.0
BRE - Critérium National - Plouhinec - Homme,2024-12-14,U20 Women 55,BOYER Kristina,55.0,-56.0,56.0,60.0,74.0,-78.0,78.0,60.0,78.0,138.0
BRE - Critérium National - Plouhinec - Homme,2024-12-14,U20 Women 81,BERTRAND Léna,80.5,60.0,65.0,70.0,75.0,80.0,-85.0,70.0,80.0,150.0
BRE - Critérium National - Plouhinec - Homme,2024-12-14,SEN Women 45,PEETERS Emilie,44.7,52.0,54.0,-56.0,63.0,66.0,-68.0,54.0,66.0,120.0
BRE - Critérium National - Plouhinec - Homme,2024-12-14,SEN Women 49,CHAIX Calista,47.0,50.0,52.0,-53.0,60.0,63.0,-0.0,52.0,63.0,115.0
BRE - Critérium National - Plouhinec - Homme,2024-12-14,SEN Women 49,MARECHAL Élise,48.9,48.0,51.0,-53.0,62.0,64.0,-66.0,51.0,64.0,115.0
BRE - Critérium National - Plouhinec - Homme,2024-12-14,SEN Women 55,GOMEZ Patricia,54.7,-60.0,65.0,-67.0,75.0,80.0,-83.0,65.0,80.0,145.0
BRE - Critérium National - Plouhinec - Homme,2024-12-14,SEN Women 55,BERNARD Manon,55.0,60.0,-65.0,-65.0,73.0,77.0,80.0,60.0,80.0,140.0
BRE - Critérium National - Plouhinec - Homme,2024-12-14,U17 Men 73,JARDIN Lucas,70.0,81.0,84.0,87.0,96.0,100.0,-103.0,87.0,100.0,187.0
BRE - Critérium National - Plouhinec - Homme,2024-12-14,SEN Men 73,RENAUX Alan,73.0,100.0,103.0,106.0,117.0,-121.0,-121.0,106.0,117.0,223.0
BRE - Critérium National - Plouhinec - Homme,2024-12-14,SEN Men 102,LE ROUX Nicolas,99.25,-120.0,120.0,123.0,142.0,147.0,150.0,123.0,150.0,273.0
BRE - Critérium National - Plouhinec - Homme,2024-12-14,U17 Men 73,JARDIN Lucas,70.0,81.0,84.0,87.0,96.0,100.0,-103.0,87.0,100.0,187.0
BRE - Critérium National - Plouhinec - Homme,2024-12-14,SEN Men 73,RENAUX Alan,73.0,100.0,103.0,106.0,117.0,-121.0,-121.0,106.0,117.0,223.0
BRE - Critérium National - Plouhinec - Homme,2024-12-14,SEN Men 102,LE ROUX Nicolas,99.25,-120.0,120.0,123.0,142.0,147.0,150.0,123.0,150.0,273.0
BRE - Critérium National - Plouhinec - Homme,2024-12-14,U15 Women 55,AMELINE Inès,51.85,37.0,40.0,-42.0,53.0,57.0,-60.0,40.0,57.0,97.0
BRE - Critérium National - Plouhinec - Homme,2024-12-14,U15 Women 55,GUILMAU Prune,51.8,38.0,41.0,-43.0,50.0,53.0,55.0,41.0,55.0,96.0
BRE - Critérium National - Plouhinec - Homme,2024-12-14,U15 Women 59,LEON Charline,59.0,51.0,54.0,56.0,-62.0,-62.0,64.0,56.0,64.0,120.0
BRE - Critérium National - Plouhinec - Homme,2024-12-14,U17 Women 64,RENAULT Alice,61.0,55.0,58.0,-60.0,70.0,73.0,-75.0,58.0,73.0,131.0
BRE - Critérium National - Plouhinec - Homme,2024-12-14,U20 Women 71,EAST Pia,69.6,55.0,58.0,-61.0,70.0,74.0,77.0,58.0,77.0,135.0
BRE - Critérium National - Plouhinec - Homme,2024-12-14,SEN Women 55,FREBOURG Elise,53.5,50.0,-52.0,53.0,-64.0,67.0,-70.0,53.0,67.0,120.0
BRE - Critérium National - Plouhinec - Homme,2024-12-14,SEN Women 59,PENE Cecile,56.0,50.0,52.0,53.0,63.0,66.0,68.0,53.0,68.0,121.0
BRE - Critérium National - Plouhinec - Homme,2024-12-14,SEN Women 59,LARGEAS Noelle,59.0,45.0,48.0,51.0,68.0,72.0,-75.0,51.0,72.0,123.0
BRE - Critérium National - Plouhinec - Homme,2024-12-14,SEN Women 64,RENCK Maeva,62.35,53.0,56.0,-58.0,-69.0,69.0,72.0,56.0,72.0,128.0
BRE - Critérium National - Plouhinec - Homme,2024-12-14,SEN Women 76,PERRIER Manon,74.2,60.0,-63.0,63.0,-75.0,-75.0,-75.0,63.0,0.0,0.0
BRE - Critérium National - Plouhinec - Homme,2024-12-14,U15 Women 55,AMELINE Inès,51.85,37.0,40.0,-42.0,53.0,57.0,-60.0,40.0,57.0,97.0
BRE - Critérium National - Plouhinec - Homme,2024-12-14,U15 Women 55,GUILMAU Prune,51.8,38.0,41.0,-43.0,50.0,53.0,55.0,41.0,55.0,96.0
BRE - Critérium National - Plouhinec - Homme,2024-12-14,U15 Women 59,LEON Charline,59.0,51.0,54.0,56.0,-62.0,-62.0,64.0,56.0,64.0,120.0
BRE - Critérium National - Plouhinec - Homme,2024-12-14,U17 Women 64,RENAULT Alice,61.0,55.0,58.0,-60.0,70.0,73.0,-75.0,58.0,73.0,131.0
BRE - Critérium National - Plouhinec - Homme,2024-12-14,U20 Women 71,EAST Pia,69.6,55.0,58.0,-61.0,70.0,74.0,77.0,58.0,77.0,135.0
BRE - Critérium National - Plouhinec - Homme,2024-12-14,SEN Women 55,FREBOURG Elise,53.5,50.0,-52.0,53.0,-64.0,67.0,-70.0,53.0,67.0,120.0
BRE - Critérium National - Plouhinec - Homme,2024-12-14,SEN Women 59,PENE Cecile,56.0,50.0,52.0,53.0,63.0,66.0,68.0,53.0,68.0,121.0
BRE - Critérium National - Plouhinec - Homme,2024-12-14,SEN Women 59,LARGEAS Noelle,59.0,45.0,48.0,51.0,68.0,72.0,-75.0,51.0,72.0,123.0
BRE - Critérium National - Plouhinec - Homme,2024-12-14,SEN Women 64,RENCK Maeva,62.35,53.0,56.0,-58.0,-69.0,69.0,72.0,56.0,72.0,128.0
BRE - Critérium National - Plouhinec - Homme,2024-12-14,SEN Women 76,PERRIER Manon,74.2,60.0,-63.0,63.0,-75.0,-75.0,-75.0,63.0,0.0,0.0
BRE - Critérium National - Plouhinec - Homme,2024-12-14,U15 Women 45,DEMEULEMEESTER Kalyah,44.2,21.0,-23.0,23.0,30.0,33.0,-35.0,23.0,33.0,56.0
BRE - Critérium National - Plouhinec - Homme,2024-12-14,U15 Women 59,PIZEM Ashley,56.0,45.0,-53.0,53.0,52.0,-63.0,-63.0,53.0,52.0,105.0
BRE - Critérium National - Plouhinec - Homme,2024-12-14,U20 Women 59,HERBIN Vinciane,58.9,-48.0,48.0,-51.0,-55.0,-55.0,-55.0,48.0,0.0,0.0
BRE - Critérium National - Plouhinec - Homme,2024-12-14,U20 Women 64,BEDEIR LARADE Safana,63.3,65.0,68.0,70.0,-80.0,80.0,-90.0,70.0,80.0,150.0
BRE - Critérium National - Plouhinec - Homme,2024-12-14,SEN Women 49,LAURENT Alexandra,49.0,55.0,-60.0,63.0,70.0,80.0,-82.0,63.0,80.0,143.0
BRE - Critérium National - Plouhinec - Homme,2024-12-14,SEN Women 49,CHUI Lynn,49.0,-54.0,54.0,-59.0,-62.0,-66.0,-66.0,54.0,0.0,0.0
BRE - Critérium National - Plouhinec - Homme,2024-12-14,SEN Women 55,POURRE Adeline,54.6,64.0,67.0,-70.0,83.0,-87.0,88.0,67.0,88.0,155.0
BRE - Critérium National - Plouhinec - Homme,2024-12-14,SEN Women 55,CONSOLO Celia,54.4,49.0,-52.0,-54.0,70.0,-74.0,-74.0,49.0,70.0,119.0
BRE - Critérium National - Plouhinec - Homme,2024-12-14,SEN Women 55,AMRANE Hayate,54.4,-47.0,47.0,52.0,60.0,-65.0,65.0,52.0,65.0,117.0
BRE - Critérium National - Plouhinec - Homme,2024-12-14,SEN Women 59,CHAPELLE Celia,59.0,-64.0,64.0,-67.0,-84.0,84.0,-87.0,64.0,84.0,148.0
BRE - Critérium National - Plouhinec - Homme,2024-12-14,SEN Women 59,TAIMOURI Sara,58.5,55.0,-60.0,-60.0,-68.0,68.0,-73.0,55.0,68.0,123.0
BRE - Critérium National - Plouhinec - Homme,2024-12-14,SEN Women 59,FRERET Melanie,58.2,50.0,-53.0,-54.0,-60.0,60.0,-63.0,50.0,60.0,110.0
BRE - Critérium National - Plouhinec - Homme,2024-12-14,SEN Women 59,BRETELLE Rose,58.6,-55.0,-60.0,-60.0,-70.0,70.0,-75.0,0.0,70.0,0.0
BRE - Critérium National - Plouhinec - Homme,2024-12-14,SEN Women 81,NANTERMOZ Olivia,80.75,65.0,68.0,-70.0,83.0,-85.0,-85.0,68.0,83.0,151.0
BRE - Critérium National - Plouhinec - Homme,2024-12-14,SEN Women >87,DRENO Eva marie,96.0,63.0,-68.0,-72.0,-80.0,85.0,-90.0,63.0,85.0,148.0
BRE - Critérium National - Plouhinec - Homme,2024-12-14,U15 Women 45,DEMEULEMEESTER Kalyah,44.2,21.0,-23.0,23.0,30.0,33.0,-35.0,23.0,33.0,56.0
BRE - Critérium National - Plouhinec - Homme,2024-12-14,U15 Women 59,PIZEM Ashley,56.0,45.0,-53.0,53.0,52.0,-63.0,-63.0,53.0,52.0,105.0
BRE - Critérium National - Plouhinec - Homme,2024-12-14,U20 Women 59,HERBIN Vinciane,58.9,-48.0,48.0,-51.0,-55.0,-55.0,-55.0,48.0,0.0,0.0
BRE - Critérium National - Plouhinec - Homme,2024-12-14,U20 Women 64,BEDEIR LARADE Safana,63.3,65.0,68.0,70.0,-80.0,80.0,-90.0,70.0,80.0,150.0
BRE - Critérium National - Plouhinec - Homme,2024-12-14,SEN Women 49,LAURENT Alexandra,49.0,55.0,-60.0,63.0,70.0,80.0,-82.0,63.0,80.0,143.0
BRE - Critérium National - Plouhinec - Homme,2024-12-14,SEN Women 49,CHUI Lynn,49.0,-54.0,54.0,-59.0,-62.0,-66.0,-66.0,54.0,0.0,0.0
BRE - Critérium National - Plouhinec - Homme,2024-12-14,SEN Women 55,POURRE Adeline,54.6,64.0,67.0,-70.0,83.0,-87.0,88.0,67.0,88.0,155.0
BRE - Critérium National - Plouhinec - Homme,2024-12-14,SEN Women 55,CONSOLO Celia,54.4,49.0,-52.0,-54.0,70.0,-74.0,-74.0,49.0,70.0,119.0
BRE - Critérium National - Plouhinec - Homme,2024-12-14,SEN Women 55,AMRANE Hayate,54.4,-47.0,47.0,52.0,60.0,-65.0,65.0,52.0,65.0,117.0
BRE - Critérium National - Plouhinec - Homme,2024-12-14,SEN Women 59,CHAPELLE Celia,59.0,-64.0,64.0,-67.0,-84.0,84.0,-87.0,64.0,84.0,148.0
BRE - Critérium National - Plouhinec - Homme,2024-12-14,SEN Women 59,TAIMOURI Sara,58.5,55.0,-60.0,-60.0,-68.0,68.0,-73.0,55.0,68.0,123.0
BRE - Critérium National - Plouhinec - Homme,2024-12-14,SEN Women 59,FRERET Melanie,58.2,50.0,-53.0,-54.0,-60.0,60.0,-63.0,50.0,60.0,110.0
BRE - Critérium National - Plouhinec - Homme,2024-12-14,SEN Women 59,BRETELLE Rose,58.6,-55.0,-60.0,-60.0,-70.0,70.0,-75.0,0.0,70.0,0.0
BRE - Critérium National - Plouhinec - Homme,2024-12-14,SEN Women 81,NANTERMOZ Olivia,80.75,65.0,68.0,-70.0,83.0,-85.0,-85.0,68.0,83.0,151.0
BRE - Critérium National - Plouhinec - Homme,2024-12-14,SEN Women >87,DRENO Eva marie,96.0,63.0,-68.0,-72.0,-80.0,85.0,-90.0,63.0,85.0,148.0
BRE - Critérium National - Plouhinec - Homme,2024-12-14,U15 Women 55,FRABBONI Nina,54.3,-42.0,42.0,-45.0,50.0,54.0,-58.0,42.0,54.0,96.0
BRE - Critérium National - Plouhinec - Homme,2024-12-14,U15 Women 59,GUCCIARDI Clara,57.95,37.0,40.0,-42.0,47.0,50.0,-53.0,40.0,50.0,90.0
BRE - Critérium National - Plouhinec - Homme,2024-12-14,U15 Women 76,FORESTIER Lison,76.0,68.0,71.0,75.0,86.0,89.0,92.0,75.0,92.0,167.0
BRE - Critérium National - Plouhinec - Homme,2024-12-14,U17 Women 49,GROSJEAN Maëlys,48.45,40.0,43.0,-45.0,51.0,54.0,-56.0,43.0,54.0,97.0
BRE - Critérium National - Plouhinec - Homme,2024-12-14,U17 Women 49,MROZKOWIAK Maelys,48.65,35.0,-38.0,38.0,49.0,52.0,55.0,38.0,55.0,93.0
BRE - Critérium National - Plouhinec - Homme,2024-12-14,U17 Women 55,LITZLER Servane,54.3,49.0,-52.0,-52.0,61.0,64.0,-70.0,49.0,64.0,113.0
BRE - Critérium National - Plouhinec - Homme,2024-12-14,U17 Women 55,LOIGEROT Elisa,52.75,37.0,40.0,-42.0,48.0,51.0,54.0,40.0,54.0,94.0
BRE - Critérium National - Plouhinec - Homme,2024-12-14,U17 Women 55,BEGIN Ombeline,50.05,33.0,35.0,-37.0,43.0,46.0,-50.0,35.0,46.0,81.0
BRE - Critérium National - Plouhinec - Homme,2024-12-14,U17 Women 59,PY Maelys,55.3,-44.0,44.0,47.0,52.0,55.0,58.0,47.0,58.0,105.0
BRE - Critérium National - Plouhinec - Homme,2024-12-14,U17 Women >81,POIROT-LAIR Lou-anne,87.7,46.0,50.0,-53.0,62.0,-66.0,-70.0,50.0,62.0,112.0
BRE - Critérium National - Plouhinec - Homme,2024-12-14,U20 Women 59,COUSIN Marie,58.55,50.0,-53.0,-53.0,-60.0,60.0,-63.0,50.0,60.0,110.0
BRE - Critérium National - Plouhinec - Homme,2024-12-14,U20 Women 64,DEMAN Coraline,63.05,55.0,58.0,-61.0,70.0,74.0,77.0,58.0,77.0,135.0
BRE - Critérium National - Plouhinec - Homme,2024-12-14,U20 Women 71,ANTONIO Lea marie,64.45,68.0,72.0,75.0,87.0,92.0,96.0,75.0,96.0,171.0
BRE - Critérium National - Plouhinec - Homme,2024-12-14,U20 Women 71,CALMUS Thais,68.6,77.0,-79.0,80.0,87.0,90.0,-93.0,80.0,90.0,170.0
BRE - Critérium National - Plouhinec - Homme,2024-12-14,U20 Women 71,TERENNE Lou ann,70.9,50.0,-53.0,54.0,60.0,64.0,-67.0,54.0,64.0,118.0
BRE - Critérium National - Plouhinec - Homme,2024-12-14,U20 Women 71,ROULLET Leilana,69.0,44.0,47.0,50.0,58.0,-62.0,-62.0,50.0,58.0,108.0
BRE - Critérium National - Plouhinec - Homme,2024-12-14,U15 Women 55,FRABBONI Nina,54.3,-42.0,42.0,-45.0,50.0,54.0,-58.0,42.0,54.0,96.0
BRE - Critérium National - Plouhinec - Homme,2024-12-14,U15 Women 59,GUCCIARDI Clara,57.95,37.0,40.0,-42.0,47.0,50.0,-53.0,40.0,50.0,90.0
BRE - Critérium National - Plouhinec - Homme,2024-12-14,U15 Women 76,FORESTIER Lison,76.0,68.0,71.0,75.0,86.0,89.0,92.0,75.0,92.0,167.0
BRE - Critérium National - Plouhinec - Homme,2024-12-14,U17 Women 49,GROSJEAN Maëlys,48.45,40.0,43.0,-45.0,51.0,54.0,-56.0,43.0,54.0,97.0
BRE - Critérium National - Plouhinec - Homme,2024-12-14,U17 Women 49,MROZKOWIAK Maelys,48.65,35.0,-38.0,38.0,49.0,52.0,55.0,38.0,55.0,93.0
BRE - Critérium National - Plouhinec - Homme,2024-12-14,U17 Women 55,LITZLER Servane,54.3,49.0,-52.0,-52.0,61.0,64.0,-70.0,49.0,64.0,113.0
BRE - Critérium National - Plouhinec - Homme,2024-12-14,U17 Women 55,LOIGEROT Elisa,52.75,37.0,40.0,-42.0,48.0,51.0,54.0,40.0,54.0,94.0
BRE - Critérium National - Plouhinec - Homme,2024-12-14,U17 Women 55,BEGIN Ombeline,50.05,33.0,35.0,-37.0,43.0,46.0,-50.0,35.0,46.0,81.0
BRE - Critérium National - Plouhinec - Homme,2024-12-14,U17 Women 59,PY Maelys,55.3,-44.0,44.0,47.0,52.0,55.0,58.0,47.0,58.0,105.0
BRE - Critérium National - Plouhinec - Homme,2024-12-14,U17 Women >81,POIROT-LAIR Lou-anne,87.7,46.0,50.0,-53.0,62.0,-66.0,-70.0,50.0,62.0,112.0
BRE - Critérium National - Plouhinec - Homme,2024-12-14,U20 Women 59,COUSIN Marie,58.55,50.0,-53.0,-53.0,-60.0,60.0,-63.0,50.0,60.0,110.0
BRE - Critérium National - Plouhinec - Homme,2024-12-14,U20 Women 64,DEMAN Coraline,63.05,55.0,58.0,-61.0,70.0,74.0,77.0,58.0,77.0,135.0
BRE - Critérium National - Plouhinec - Homme,2024-12-14,U20 Women 71,ANTONIO Lea marie,64.45,68.0,72.0,75.0,87.0,92.0,96.0,75.0,96.0,171.0
BRE - Critérium National - Plouhinec - Homme,2024-12-14,U20 Women 71,CALMUS Thais,68.6,77.0,-79.0,80.0,87.0,90.0,-93.0,80.0,90.0,170.0
BRE - Critérium National - Plouhinec - Homme,2024-12-14,U20 Women 71,TERENNE Lou ann,70.9,50.0,-53.0,54.0,60.0,64.0,-67.0,54.0,64.0,118.0
BRE - Critérium National - Plouhinec - Homme,2024-12-14,U20 Women 71,ROULLET Leilana,69.0,44.0,47.0,50.0,58.0,-62.0,-62.0,50.0,58.0,108.0
BRE - Critérium National - Plouhinec - Homme,2024-12-14,SEN Women 64,BATCHEV Stella,62.6,-67.0,67.0,-70.0,75.0,-80.0,-80.0,67.0,75.0,142.0
BRE - Critérium National - Plouhinec - Homme,2024-12-14,SEN Women 64,CARTOLANO Laura,60.1,55.0,58.0,-61.0,65.0,-69.0,69.0,58.0,69.0,127.0
BRE - Critérium National - Plouhinec - Homme,2024-12-14,SEN Women 71,MARTIAL Maelle,67.1,-68.0,68.0,70.0,82.0,-85.0,-85.0,70.0,82.0,152.0
BRE - Critérium National - Plouhinec - Homme,2024-12-14,SEN Women 71,CUVILLIER Elodie,68.2,-64.0,64.0,-67.0,80.0,-88.0,-88.0,64.0,80.0,144.0
BRE - Critérium National - Plouhinec - Homme,2024-12-14,SEN Women 71,PRASZEZYNKI Louisa,64.6,56.0,-60.0,61.0,72.0,-77.0,-80.0,61.0,72.0,133.0
BRE - Critérium National - Plouhinec - Homme,2024-12-14,SEN Women 71,BESBAS Nawel,65.8,50.0,-55.0,-55.0,70.0,-73.0,-73.0,50.0,70.0,120.0
BRE - Critérium National - Plouhinec - Homme,2024-12-14,SEN Women 76,DUMUR Armony,75.3,70.0,73.0,76.0,-95.0,95.0,100.0,76.0,100.0,176.0
BRE - Critérium National - Plouhinec - Homme,2024-12-14,SEN Women 76,MAKOWSKI Eugénie,74.9,60.0,-63.0,65.0,87.0,90.0,-92.0,65.0,90.0,155.0
BRE - Critérium National - Plouhinec - Homme,2024-12-14,SEN Women 64,BATCHEV Stella,62.6,-67.0,67.0,-70.0,75.0,-80.0,-80.0,67.0,75.0,142.0
BRE - Critérium National - Plouhinec - Homme,2024-12-14,SEN Women 64,CARTOLANO Laura,60.1,55.0,58.0,-61.0,65.0,-69.0,69.0,58.0,69.0,127.0
BRE - Critérium National - Plouhinec - Homme,2024-12-14,SEN Women 71,MARTIAL Maelle,67.1,-68.0,68.0,70.0,82.0,-85.0,-85.0,70.0,82.0,152.0
BRE - Critérium National - Plouhinec - Homme,2024-12-14,SEN Women 71,CUVILLIER Elodie,68.2,-64.0,64.0,-67.0,80.0,-88.0,-88.0,64.0,80.0,144.0
BRE - Critérium National - Plouhinec - Homme,2024-12-14,SEN Women 71,PRASZEZYNKI Louisa,64.6,56.0,-60.0,61.0,72.0,-77.0,-80.0,61.0,72.0,133.0
BRE - Critérium National - Plouhinec - Homme,2024-12-14,SEN Women 71,BESBAS Nawel,65.8,50.0,-55.0,-55.0,70.0,-73.0,-73.0,50.0,70.0,120.0
BRE - Critérium National - Plouhinec - Homme,2024-12-14,SEN Women 76,DUMUR Armony,75.3,70.0,73.0,76.0,-95.0,95.0,100.0,76.0,100.0,176.0
BRE - Critérium National - Plouhinec - Homme,2024-12-14,SEN Women 76,MAKOWSKI Eugénie,74.9,60.0,-63.0,65.0,87.0,90.0,-92.0,65.0,90.0,155.0
BRE - Critérium National - Plouhinec - Homme,2024-12-14,SEN Women 49,YSSOUFI Bibi-fatima,48.65,51.0,54.0,-56.0,69.0,-72.0,-72.0,54.0,69.0,123.0
BRE - Critérium National - Plouhinec - Homme,2024-12-14,SEN Women 59,ROBERT Juliette,58.9,50.0,53.0,-55.0,65.0,68.0,-70.0,53.0,68.0,121.0
BRE - Critérium National - Plouhinec - Homme,2024-12-14,SEN Women 64,MOUDIN Marion,63.5,66.0,70.0,-73.0,85.0,-90.0,-92.0,70.0,85.0,155.0
BRE - Critérium National - Plouhinec - Homme,2024-12-14,SEN Women 64,GONTIER Amandine,59.95,57.0,-60.0,60.0,70.0,-73.0,74.0,60.0,74.0,134.0
BRE - Critérium National - Plouhinec - Homme,2024-12-14,SEN Women 64,TURRI Céline,59.8,52.0,55.0,-57.0,63.0,66.0,-68.0,55.0,66.0,121.0
BRE - Critérium National - Plouhinec - Homme,2024-12-14,SEN Women 64,ROCHER Margaux,63.8,47.0,50.0,-52.0,68.0,72.0,-75.0,50.0,72.0,122.0
BRE - Critérium National - Plouhinec - Homme,2024-12-14,SEN Women 64,JULLIEN Marine,62.3,63.0,-66.0,-66.0,-78.0,-81.0,-84.0,63.0,0.0,0.0
BRE - Critérium National - Plouhinec - Homme,2024-12-14,SEN Women 71,SUGNY Elyse,70.9,61.0,65.0,70.0,74.0,78.0,82.0,70.0,82.0,152.0
BRE - Critérium National - Plouhinec - Homme,2024-12-14,SEN Women 71,FERREIRA ROLO Mathilde,67.4,58.0,-62.0,-62.0,68.0,72.0,80.0,58.0,80.0,138.0
BRE - Critérium National - Plouhinec - Homme,2024-12-14,SEN Women 71,JAMAR Mathilda,66.2,-60.0,-63.0,63.0,69.0,72.0,-75.0,63.0,72.0,135.0
BRE - Critérium National - Plouhinec - Homme,2024-12-14,SEN Women 76,SAICIC Sonia,74.8,82.0,86.0,-89.0,90.0,-0.0,-0.0,86.0,90.0,176.0
BRE - Critérium National - Plouhinec - Homme,2024-12-14,SEN Women 76,PETIT Charlotte,74.6,65.0,69.0,-71.0,81.0,86.0,-0.0,69.0,86.0,155.0
BRE - Critérium National - Plouhinec - Homme,2024-12-14,SEN Women 81,MIZSER Bertille,80.9,80.0,-84.0,84.0,92.0,96.0,102.0,84.0,102.0,186.0
BRE - Critérium National - Plouhinec - Homme,2024-12-14,SEN Women 87,GIRARD Clara,86.45,67.0,71.0,-75.0,-85.0,-86.0,-89.0,71.0,0.0,0.0
BRE - Critérium National - Plouhinec - Homme,2024-12-14,SEN Women 49,YSSOUFI Bibi-fatima,48.65,51.0,54.0,-56.0,69.0,-72.0,-72.0,54.0,69.0,123.0
BRE - Critérium National - Plouhinec - Homme,2024-12-14,SEN Women 59,ROBERT Juliette,58.9,50.0,53.0,-55.0,65.0,68.0,-70.0,53.0,68.0,121.0
BRE - Critérium National - Plouhinec - Homme,2024-12-14,SEN Women 64,MOUDIN Marion,63.5,66.0,70.0,-73.0,85.0,-90.0,-92.0,70.0,85.0,155.0
BRE - Critérium National - Plouhinec - Homme,2024-12-14,SEN Women 64,GONTIER Amandine,59.95,57.0,-60.0,60.0,70.0,-73.0,74.0,60.0,74.0,134.0
BRE - Critérium National - Plouhinec - Homme,2024-12-14,SEN Women 64,TURRI Céline,59.8,52.0,55.0,-57.0,63.0,66.0,-68.0,55.0,66.0,121.0
BRE - Critérium National - Plouhinec - Homme,2024-12-14,SEN Women 64,ROCHER Margaux,63.8,47.0,50.0,-52.0,68.0,72.0,-75.0,50.0,72.0,122.0
BRE - Critérium National - Plouhinec - Homme,2024-12-14,SEN Women 64,JULLIEN Marine,62.3,63.0,-66.0,-66.0,-78.0,-81.0,-84.0,63.0,0.0,0.0
BRE - Critérium National - Plouhinec - Homme,2024-12-14,SEN Women 71,SUGNY Elyse,70.9,61.0,65.0,70.0,74.0,78.0,82.0,70.0,82.0,152.0
BRE - Critérium National - Plouhinec - Homme,2024-12-14,SEN Women 71,FERREIRA ROLO Mathilde,67.4,58.0,-62.0,-62.0,68.0,72.0,80.0,58.0,80.0,138.0
BRE - Critérium National - Plouhinec - Homme,2024-12-14,SEN Women 71,JAMAR Mathilda,66.2,-60.0,-63.0,63.0,69.0,72.0,-75.0,63.0,72.0,135.0
BRE - Critérium National - Plouhinec - Homme,2024-12-14,SEN Women 76,SAICIC Sonia,74.8,82.0,86.0,-89.0,90.0,-0.0,-0.0,86.0,90.0,176.0
BRE - Critérium National - Plouhinec - Homme,2024-12-14,SEN Women 76,PETIT Charlotte,74.6,65.0,69.0,-71.0,81.0,86.0,-0.0,69.0,86.0,155.0
BRE - Critérium National - Plouhinec - Homme,2024-12-14,SEN Women 81,MIZSER Bertille,80.9,80.0,-84.0,84.0,92.0,96.0,102.0,84.0,102.0,186.0
BRE - Critérium National - Plouhinec - Homme,2024-12-14,SEN Women 87,GIRARD Clara,86.45,67.0,71.0,-75.0,-85.0,-86.0,-89.0,71.0,0.0,0.0
BRE - Critérium National - Plouhinec - Homme,2024-12-14,U17 Women 55,HANOCQUE Astrid,53.85,-59.0,59.0,62.0,74.0,78.0,-80.0,62.0,78.0,140.0
BRE - Critérium National - Plouhinec - Homme,2024-12-14,SEN Women 55,RETAILLE Manon,54.7,70.0,-72.0,-72.0,90.0,-95.0,-95.0,70.0,90.0,160.0
BRE - Critérium National - Plouhinec - Homme,2024-12-14,SEN Women 59,BRASSART Alyssa,59.0,65.0,-68.0,68.0,-83.0,-85.0,-87.0,68.0,0.0,0.0
BRE - Critérium National - Plouhinec - Homme,2024-12-14,SEN Women 64,MICHEL Maelyn,60.8,75.0,80.0,85.0,95.0,100.0,105.0,85.0,105.0,190.0
BRE - Critérium National - Plouhinec - Homme,2024-12-14,SEN Women 64,GOMIS Clarisse,63.7,70.0,-73.0,-73.0,92.0,-96.0,96.0,70.0,96.0,166.0
BRE - Critérium National - Plouhinec - Homme,2024-12-14,SEN Women 64,GODU Lou-anne,62.1,62.0,65.0,-68.0,82.0,85.0,87.0,65.0,87.0,152.0
BRE - Critérium National - Plouhinec - Homme,2024-12-14,SEN Women 64,MIMOUNI VAUDIN Lisa,63.8,-70.0,70.0,-73.0,-78.0,78.0,-79.0,70.0,78.0,148.0
BRE - Critérium National - Plouhinec - Homme,2024-12-14,U17 Women 55,HANOCQUE Astrid,53.85,-59.0,59.0,62.0,74.0,78.0,-80.0,62.0,78.0,140.0
BRE - Critérium National - Plouhinec - Homme,2024-12-14,SEN Women 55,RETAILLE Manon,54.7,70.0,-72.0,-72.0,90.0,-95.0,-95.0,70.0,90.0,160.0
BRE - Critérium National - Plouhinec - Homme,2024-12-14,SEN Women 59,BRASSART Alyssa,59.0,65.0,-68.0,68.0,-83.0,-85.0,-87.0,68.0,0.0,0.0
BRE - Critérium National - Plouhinec - Homme,2024-12-14,SEN Women 64,MICHEL Maelyn,60.8,75.0,80.0,85.0,95.0,100.0,105.0,85.0,105.0,190.0
BRE - Critérium National - Plouhinec - Homme,2024-12-14,SEN Women 64,GOMIS Clarisse,63.7,70.0,-73.0,-73.0,92.0,-96.0,96.0,70.0,96.0,166.0
BRE - Critérium National - Plouhinec - Homme,2024-12-14,SEN Women 64,GODU Lou-anne,62.1,62.0,65.0,-68.0,82.0,85.0,87.0,65.0,87.0,152.0
BRE - Critérium National - Plouhinec - Homme,2024-12-14,SEN Women 64,MIMOUNI VAUDIN Lisa,63.8,-70.0,70.0,-73.0,-78.0,78.0,-79.0,70.0,78.0,148.0
BRE - Critérium National - Plouhinec - Homme,2024-12-14,U20 Men 61,DELAMOTTE Lukas,55.75,-81.0,85.0,-88.0,103.0,108.0,-110.0,85.0,108.0,193.0
BRE - Critérium National - Plouhinec - Homme,2024-12-14,U20 Men 81,SUDROT Armans,80.6,88.0,92.0,94.0,-108.0,108.0,-109.0,94.0,108.0,202.0
BRE - Critérium National - Plouhinec - Homme,2024-12-14,SEN Men 73,COMBEAU Victor,72.5,99.0,-103.0,105.0,130.0,135.0,-140.0,105.0,135.0,240.0
BRE - Critérium National - Plouhinec - Homme,2024-12-14,SEN Men 96,CANIVET Paul,96.0,-120.0,-124.0,125.0,163.0,-170.0,-170.0,125.0,163.0,288.0
BRE - Critérium National - Plouhinec - Homme,2024-12-14,U20 Men 61,DELAMOTTE Lukas,55.75,-81.0,85.0,-88.0,103.0,108.0,-110.0,85.0,108.0,193.0
BRE - Critérium National - Plouhinec - Homme,2024-12-14,U20 Men 81,SUDROT Armans,80.6,88.0,92.0,94.0,-108.0,108.0,-109.0,94.0,108.0,202.0
BRE - Critérium National - Plouhinec - Homme,2024-12-14,SEN Men 73,COMBEAU Victor,72.5,99.0,-103.0,105.0,130.0,135.0,-140.0,105.0,135.0,240.0
BRE - Critérium National - Plouhinec - Homme,2024-12-14,SEN Men 96,CANIVET Paul,96.0,-120.0,-124.0,125.0,163.0,-170.0,-170.0,125.0,163.0,288.0
BRE - Critérium National - Plouhinec - Homme,2024-12-14,SEN Men 81,LEPAUL Emmanuel,78.05,115.0,120.0,125.0,-145.0,150.0,161.0,125.0,161.0,286.0
BRE - Critérium National - Plouhinec - Homme,2024-12-14,SEN Men 81,D'ANNA Steven,74.7,110.0,115.0,-120.0,140.0,145.0,-153.0,115.0,145.0,260.0
BRE - Critérium National - Plouhinec - Homme,2024-12-14,SEN Men 81,MULLER John,80.55,105.0,-110.0,112.0,145.0,150.0,154.0,112.0,154.0,266.0
BRE - Critérium National - Plouhinec - Homme,2024-12-14,SEN Men 81,MATHIOT Hugo,80.95,100.0,-104.0,-107.0,120.0,-125.0,-130.0,100.0,120.0,220.0
BRE - Critérium National - Plouhinec - Homme,2024-12-14,SEN Men 81,AUBRY Stephane,80.95,95.0,100.0,-104.0,115.0,-120.0,-120.0,100.0,115.0,215.0
BRE - Critérium National - Plouhinec - Homme,2024-12-14,SEN Men 81,MARGUIER Flavien,80.8,90.0,95.0,-100.0,110.0,-115.0,-117.0,95.0,110.0,205.0
BRE - Critérium National - Plouhinec - Homme,2024-12-14,SEN Men 89,GRAILLOT Jessy,88.9,126.0,131.0,136.0,151.0,-159.0,161.0,136.0,161.0,297.0
BRE - Critérium National - Plouhinec - Homme,2024-12-14,SEN Men 89,FAVETTE Alexandre,87.0,115.0,120.0,125.0,142.0,152.0,-162.0,125.0,152.0,277.0
BRE - Critérium National - Plouhinec - Homme,2024-12-14,SEN Men 89,BARKAT Mohamed,89.0,92.0,97.0,100.0,125.0,-130.0,130.0,100.0,130.0,230.0
BRE - Critérium National - Plouhinec - Homme,2024-12-14,SEN Men 89,AUDINOT Valentin,88.3,100.0,-104.0,-104.0,120.0,125.0,-130.0,100.0,125.0,225.0
BRE - Critérium National - Plouhinec - Homme,2024-12-14,SEN Men 96,SPERKA Sacha,91.75,125.0,130.0,135.0,153.0,160.0,-170.0,135.0,160.0,295.0
BRE - Critérium National - Plouhinec - Homme,2024-12-14,SEN Men 96,SANIER Nicolas,90.7,120.0,125.0,-130.0,150.0,-155.0,-157.0,125.0,150.0,275.0
BRE - Critérium National - Plouhinec - Homme,2024-12-14,SEN Men 96,NICOLIN Aslam,91.85,-105.0,-110.0,112.0,145.0,-153.0,-153.0,112.0,145.0,257.0
BRE - Critérium National - Plouhinec - Homme,2024-12-14,SEN Men 109,FERRE Benjamin,108.7,150.0,154.0,-158.0,190.0,200.0,-207.0,154.0,200.0,354.0
BRE - Critérium National - Plouhinec - Homme,2024-12-14,SEN Men 81,LEPAUL Emmanuel,78.05,115.0,120.0,125.0,-145.0,150.0,161.0,125.0,161.0,286.0
BRE - Critérium National - Plouhinec - Homme,2024-12-14,SEN Men 81,D'ANNA Steven,74.7,110.0,115.0,-120.0,140.0,145.0,-153.0,115.0,145.0,260.0
BRE - Critérium National - Plouhinec - Homme,2024-12-14,SEN Men 81,MULLER John,80.55,105.0,-110.0,112.0,145.0,150.0,154.0,112.0,154.0,266.0
BRE - Critérium National - Plouhinec - Homme,2024-12-14,SEN Men 81,MATHIOT Hugo,80.95,100.0,-104.0,-107.0,120.0,-125.0,-130.0,100.0,120.0,220.0
BRE - Critérium National - Plouhinec - Homme,2024-12-14,SEN Men 81,AUBRY Stephane,80.95,95.0,100.0,-104.0,115.0,-120.0,-120.0,100.0,115.0,215.0
BRE - Critérium National - Plouhinec - Homme,2024-12-14,SEN Men 81,MARGUIER Flavien,80.8,90.0,95.0,-100.0,110.0,-115.0,-117.0,95.0,110.0,205.0
BRE - Critérium National - Plouhinec - Homme,2024-12-14,SEN Men 89,GRAILLOT Jessy,88.9,126.0,131.0,136.0,151.0,-159.0,161.0,136.0,161.0,297.0
BRE - Critérium National - Plouhinec - Homme,2024-12-14,SEN Men 89,FAVETTE Alexandre,87.0,115.0,120.0,125.0,142.0,152.0,-162.0,125.0,152.0,277.0
BRE - Critérium National - Plouhinec - Homme,2024-12-14,SEN Men 89,BARKAT Mohamed,89.0,92.0,97.0,100.0,125.0,-130.0,130.0,100.0,130.0,230.0
BRE - Critérium National - Plouhinec - Homme,2024-12-14,SEN Men 89,AUDINOT Valentin,88.3,100.0,-104.0,-104.0,120.0,125.0,-130.0,100.0,125.0,225.0
BRE - Critérium National - Plouhinec - Homme,2024-12-14,SEN Men 96,SPERKA Sacha,91.75,125.0,130.0,135.0,153.0,160.0,-170.0,135.0,160.0,295.0
BRE - Critérium National - Plouhinec - Homme,2024-12-14,SEN Men 96,SANIER Nicolas,90.7,120.0,125.0,-130.0,150.0,-155.0,-157.0,125.0,150.0,275.0
BRE - Critérium National - Plouhinec - Homme,2024-12-14,SEN Men 96,NICOLIN Aslam,91.85,-105.0,-110.0,112.0,145.0,-153.0,-153.0,112.0,145.0,257.0
BRE - Critérium National - Plouhinec - Homme,2024-12-14,SEN Men 109,FERRE Benjamin,108.7,150.0,154.0,-158.0,190.0,200.0,-207.0,154.0,200.0,354.0
BRE - Critérium National - Plouhinec - Homme,2024-12-14,U13 Men 49,CHOURRET Camille,48.3,24.0,26.0,28.0,30.0,32.0,34.0,28.0,34.0,62.0
BRE - Critérium National - Plouhinec - Homme,2024-12-14,U13 Men 49,CHOURRET Camille,48.3,24.0,26.0,28.0,30.0,32.0,34.0,28.0,34.0,62.0
BRE - Critérium National - Plouhinec - Homme,2024-12-14,SEN Women 64,COGNARD Lise,63.0,66.0,-68.0,-69.0,78.0,81.0,-85.0,66.0,81.0,147.0
BRE - Critérium National - Plouhinec - Homme,2024-12-14,SEN Women 71,GUILLOT Joana,67.4,53.0,55.0,57.0,70.0,73.0,76.0,57.0,76.0,133.0
BRE - Critérium National - Plouhinec - Homme,2024-12-14,SEN Women >87,LINGUET Ingrid,96.6,-72.0,-74.0,-74.0,-84.0,-0.0,-0.0,0.0,0.0,0.0
BRE - Critérium National - Plouhinec - Homme,2024-12-14,SEN Women 64,COGNARD Lise,63.0,66.0,-68.0,-69.0,78.0,81.0,-85.0,66.0,81.0,147.0
BRE - Critérium National - Plouhinec - Homme,2024-12-14,SEN Women 71,GUILLOT Joana,67.4,53.0,55.0,57.0,70.0,73.0,76.0,57.0,76.0,133.0
BRE - Critérium National - Plouhinec - Homme,2024-12-14,SEN Women >87,LINGUET Ingrid,96.6,-72.0,-74.0,-74.0,-84.0,-0.0,-0.0,0.0,0.0,0.0
BRE - Critérium National - Plouhinec - Homme,2024-12-14,U20 Men 81,ROUGE Hugo,74.3,95.0,100.0,-103.0,125.0,130.0,-133.0,100.0,130.0,230.0
BRE - Critérium National - Plouhinec - Homme,2024-12-14,SEN Men 73,THIERRY Gilles,71.6,94.0,-98.0,98.0,-115.0,115.0,118.0,98.0,118.0,216.0
BRE - Critérium National - Plouhinec - Homme,2024-12-14,SEN Men 81,GAY Ludovic,80.2,105.0,110.0,115.0,140.0,150.0,155.0,115.0,155.0,270.0
BRE - Critérium National - Plouhinec - Homme,2024-12-14,SEN Men 89,DACHICOURT Remi,85.5,95.0,-100.0,100.0,125.0,130.0,-133.0,100.0,130.0,230.0
BRE - Critérium National - Plouhinec - Homme,2024-12-14,SEN Men 89,AISSA Loesha,88.4,100.0,-106.0,-106.0,120.0,125.0,-128.0,100.0,125.0,225.0
BRE - Critérium National - Plouhinec - Homme,2024-12-14,SEN Men 96,DJALAB Brahim,93.7,110.0,115.0,-120.0,-138.0,-138.0,-138.0,115.0,0.0,0.0
BRE - Critérium National - Plouhinec - Homme,2024-12-14,U20 Men 81,ROUGE Hugo,74.3,95.0,100.0,-103.0,125.0,130.0,-133.0,100.0,130.0,230.0
BRE - Critérium National - Plouhinec - Homme,2024-12-14,SEN Men 73,THIERRY Gilles,71.6,94.0,-98.0,98.0,-115.0,115.0,118.0,98.0,118.0,216.0
BRE - Critérium National - Plouhinec - Homme,2024-12-14,SEN Men 81,GAY Ludovic,80.2,105.0,110.0,115.0,140.0,150.0,155.0,115.0,155.0,270.0
BRE - Critérium National - Plouhinec - Homme,2024-12-14,SEN Men 89,DACHICOURT Remi,85.5,95.0,-100.0,100.0,125.0,130.0,-133.0,100.0,130.0,230.0
BRE - Critérium National - Plouhinec - Homme,2024-12-14,SEN Men 89,AISSA Loesha,88.4,100.0,-106.0,-106.0,120.0,125.0,-128.0,100.0,125.0,225.0
BRE - Critérium National - Plouhinec - Homme,2024-12-14,SEN Men 96,DJALAB Brahim,93.7,110.0,115.0,-120.0,-138.0,-138.0,-138.0,115.0,0.0,0.0
BRE - Critérium National - Plouhinec - Homme,2024-12-14,SEN Women 76,DEPENWEILLER Pauline,72.4,80.0,84.0,87.0,-100.0,100.0,-108.0,87.0,100.0,187.0
BRE - Critérium National - Plouhinec - Homme,2024-12-14,SEN Women 76,DEPENWEILLER Pauline,72.4,80.0,84.0,87.0,-100.0,100.0,-108.0,87.0,100.0,187.0
BRE - Critérium National - Plouhinec - Homme,2024-12-14,U10 Men ,FAURE Riley,30.1,23.0,25.0,27.0,28.0,29.0,-30.0,27.0,29.0,56.0
BRE - Critérium National - Plouhinec - Homme,2024-12-14,U10 Men ,SADIMAN Eliam,26.9,13.0,14.0,-15.0,17.0,19.0,21.0,14.0,21.0,35.0
BRE - Critérium National - Plouhinec - Homme,2024-12-14,U10 Men ,MANA SIMON André,34.5,10.0,12.0,14.0,15.0,17.0,19.0,14.0,19.0,33.0
BRE - Critérium National - Plouhinec - Homme,2024-12-14,U13 Men 61,SADIMAN Warren,57.5,45.0,47.0,-49.0,58.0,60.0,62.0,47.0,62.0,109.0
BRE - Critérium National - Plouhinec - Homme,2024-12-14,U13 Men >73,TITIO Dimitri,87.5,42.0,44.0,46.0,55.0,57.0,59.0,46.0,59.0,105.0
BRE - Critérium National - Plouhinec - Homme,2024-12-14,U13 Women 35,HALAHIGANO Sinaï,28.7,13.0,15.0,-17.0,19.0,21.0,23.0,15.0,23.0,38.0
BRE - Critérium National - Plouhinec - Homme,2024-12-14,U13 Women 64,HALAHIGANO Naïma,60.4,21.0,23.0,-25.0,28.0,30.0,-32.0,23.0,30.0,53.0
BRE - Critérium National - Plouhinec - Homme,2024-12-14,U10 Men ,FAURE Riley,30.1,23.0,25.0,27.0,28.0,29.0,-30.0,27.0,29.0,56.0
BRE - Critérium National - Plouhinec - Homme,2024-12-14,U10 Men ,SADIMAN Eliam,26.9,13.0,14.0,-15.0,17.0,19.0,21.0,14.0,21.0,35.0
BRE - Critérium National - Plouhinec - Homme,2024-12-14,U10 Men ,MANA SIMON André,34.5,10.0,12.0,14.0,15.0,17.0,19.0,14.0,19.0,33.0
BRE - Critérium National - Plouhinec - Homme,2024-12-14,U13 Men 61,SADIMAN Warren,57.5,45.0,47.0,-49.0,58.0,60.0,62.0,47.0,62.0,109.0
BRE - Critérium National - Plouhinec - Homme,2024-12-14,U13 Men >73,TITIO Dimitri,87.5,42.0,44.0,46.0,55.0,57.0,59.0,46.0,59.0,105.0
BRE - Critérium National - Plouhinec - Homme,2024-12-14,U13 Women 35,HALAHIGANO Sinaï,28.7,13.0,15.0,-17.0,19.0,21.0,23.0,15.0,23.0,38.0
BRE - Critérium National - Plouhinec - Homme,2024-12-14,U13 Women 64,HALAHIGANO Naïma,60.4,21.0,23.0,-25.0,28.0,30.0,-32.0,23.0,30.0,53.0
