event,date,category,lifter_name,bodyweight,snatch_1,snatch_2,snatch_3,cj_1,cj_2,cj_3,best_snatch,best_cj,total
IDF - REG 1 - Saint maur - 1ER TOUR REGIONAL IDF 1 FEMMES EQUIPES 2 FRANCONVILLE GENEVILLIERS VGA,2024-10-19,U20 Women 81,BAUDOUIN Marjane,80.6,45.0,-50.0,-50.0,55.0,58.0,-60.0,45.0,58.0,103.0
IDF - REG 1 - Saint maur - 1ER TOUR REGIONAL IDF 1 FEMMES EQUIPES 2 FRANCONVILLE GENEVILLIERS VGA,2024-10-19,SEN Women 49,MA Cécile,45.14,27.0,-30.0,30.0,30.0,34.0,36.0,30.0,36.0,66.0
IDF - REG 1 - Saint maur - 1ER TOUR REGIONAL IDF 1 FEMMES EQUIPES 2 FRANCONVILLE GENEVILLIERS VGA,2024-10-19,SEN Women 59,MASSEN Magali,58.98,27.0,30.0,-32.0,30.0,-33.0,33.0,30.0,33.0,63.0
IDF - REG 1 - Saint maur - 1ER TOUR REGIONAL IDF 1 FEMMES EQUIPES 2 FRANCONVILLE GENEVILLIERS VGA,2024-10-19,SEN Women 64,SIVASOTHEY Eunice agnes,62.22,50.0,55.0,-60.0,65.0,70.0,-75.0,55.0,70.0,125.0
IDF - REG 1 - Saint maur - 1ER TOUR REGIONAL IDF 1 FEMMES EQUIPES 2 FRANCONVILLE GENEVILLIERS VGA,2024-10-19,SEN Women 64,COCHET Marjorie,59.14,-30.0,30.0,35.0,40.0,43.0,45.0,35.0,45.0,80.0
IDF - REG 1 - Saint maur - 1ER TOUR REGIONAL IDF 1 FEMMES EQUIPES 2 FRANCONVILLE GENEVILLIERS VGA,2024-10-19,SEN Women 64,JAHRLING Inès,62.38,28.0,30.0,33.0,41.0,45.0,-47.0,33.0,45.0,78.0
IDF - REG 1 - Saint maur - 1ER TOUR REGIONAL IDF 1 FEMMES EQUIPES 2 FRANCONVILLE GENEVILLIERS VGA,2024-10-19,SEN Women 71,PRIM Melanie,70.99,50.0,55.0,60.0,60.0,65.0,70.0,60.0,70.0,130.0
IDF - REG 1 - Saint maur - 1ER TOUR REGIONAL IDF 1 FEMMES EQUIPES 2 FRANCONVILLE GENEVILLIERS VGA,2024-10-19,SEN Women 71,DE MAGALHAES ESTEVES Océana,68.6,40.0,45.0,50.0,50.0,55.0,60.0,50.0,60.0,110.0
IDF - REG 1 - Saint maur - 1ER TOUR REGIONAL IDF 1 FEMMES EQUIPES 2 FRANCONVILLE GENEVILLIERS VGA,2024-10-19,SEN Women 71,AZAGOURY Sephora,64.68,40.0,43.0,45.0,58.0,61.0,-63.0,45.0,61.0,106.0
IDF - REG 1 - Saint maur - 1ER TOUR REGIONAL IDF 1 FEMMES EQUIPES 2 FRANCONVILLE GENEVILLIERS VGA,2024-10-19,SEN Women 71,PELLETIER Jade,65.06,35.0,38.0,41.0,55.0,60.0,-65.0,41.0,60.0,101.0
IDF - REG 1 - Saint maur - 1ER TOUR REGIONAL IDF 1 FEMMES EQUIPES 2 FRANCONVILLE GENEVILLIERS VGA,2024-10-19,SEN Women 71,SILVA Sabrina,68.48,37.0,-41.0,-41.0,50.0,55.0,57.0,37.0,57.0,94.0
IDF - REG 1 - Saint maur - 1ER TOUR REGIONAL IDF 1 FEMMES EQUIPES 2 FRANCONVILLE GENEVILLIERS VGA,2024-10-19,SEN Women 81,BAGNAH AMADOU Hanaan,76.78,30.0,33.0,36.0,47.0,50.0,-53.0,36.0,50.0,86.0
IDF - REG 1 - Saint maur - 1ER TOUR REGIONAL IDF 1 FEMMES EQUIPES 2 FRANCONVILLE GENEVILLIERS VGA,2024-10-19,U17 Women 55,RICHEVAUX Jade,54.7,45.0,48.0,50.0,55.0,-60.0,-60.0,50.0,55.0,105.0
IDF - REG 1 - Saint maur - 1ER TOUR REGIONAL IDF 1 FEMMES EQUIPES 2 FRANCONVILLE GENEVILLIERS VGA,2024-10-19,SEN Women 49,LEROY Manon,48.05,39.0,42.0,45.0,54.0,58.0,62.0,45.0,62.0,107.0
IDF - REG 1 - Saint maur - 1ER TOUR REGIONAL IDF 1 FEMMES EQUIPES 2 FRANCONVILLE GENEVILLIERS VGA,2024-10-19,SEN Women 55,BELLANGER Marion,55.0,43.0,46.0,-48.0,-55.0,55.0,59.0,46.0,59.0,105.0
IDF - REG 1 - Saint maur - 1ER TOUR REGIONAL IDF 1 FEMMES EQUIPES 2 FRANCONVILLE GENEVILLIERS VGA,2024-10-19,SEN Women 59,RICO Shizuka,56.3,-70.0,70.0,74.0,89.0,94.0,-97.0,74.0,94.0,168.0
IDF - REG 1 - Saint maur - 1ER TOUR REGIONAL IDF 1 FEMMES EQUIPES 2 FRANCONVILLE GENEVILLIERS VGA,2024-10-19,SEN Women 59,ZHENG Noëlle,56.1,-58.0,58.0,-61.0,67.0,70.0,-72.0,58.0,70.0,128.0
IDF - REG 1 - Saint maur - 1ER TOUR REGIONAL IDF 1 FEMMES EQUIPES 2 FRANCONVILLE GENEVILLIERS VGA,2024-10-19,SEN Women 59,GARCIA Marine,57.7,32.0,35.0,-37.0,42.0,45.0,-47.0,35.0,45.0,80.0
IDF - REG 1 - Saint maur - 1ER TOUR REGIONAL IDF 1 FEMMES EQUIPES 2 FRANCONVILLE GENEVILLIERS VGA,2024-10-19,SEN Women 64,MAINCENT Laetitia,63.42,62.0,-65.0,66.0,76.0,-79.0,81.0,66.0,81.0,147.0
IDF - REG 1 - Saint maur - 1ER TOUR REGIONAL IDF 1 FEMMES EQUIPES 2 FRANCONVILLE GENEVILLIERS VGA,2024-10-19,SEN Women 64,ZAVLYANOVA Maria,61.4,52.0,55.0,57.0,70.0,75.0,78.0,57.0,78.0,135.0
IDF - REG 1 - Saint maur - 1ER TOUR REGIONAL IDF 1 FEMMES EQUIPES 2 FRANCONVILLE GENEVILLIERS VGA,2024-10-19,SEN Women 64,ZHENG Axelle,59.4,51.0,-53.0,53.0,-62.0,63.0,65.0,53.0,65.0,118.0
IDF - REG 1 - Saint maur - 1ER TOUR REGIONAL IDF 1 FEMMES EQUIPES 2 FRANCONVILLE GENEVILLIERS VGA,2024-10-19,SEN Women 71,PEREIRA Camille,69.6,67.0,-70.0,-72.0,-80.0,80.0,-85.0,67.0,80.0,147.0
IDF - REG 1 - Saint maur - 1ER TOUR REGIONAL IDF 1 FEMMES EQUIPES 2 FRANCONVILLE GENEVILLIERS VGA,2024-10-19,SEN Women 71,FERNANDES Liliane,68.1,-53.0,55.0,57.0,65.0,70.0,75.0,57.0,75.0,132.0
IDF - REG 1 - Saint maur - 1ER TOUR REGIONAL IDF 1 FEMMES EQUIPES 2 FRANCONVILLE GENEVILLIERS VGA,2024-10-19,SEN Women 71,CARMENTRAN Lycia,65.1,55.0,57.0,60.0,65.0,-70.0,-70.0,60.0,65.0,125.0
IDF - REG 1 - Saint maur - 1ER TOUR REGIONAL IDF 1 FEMMES EQUIPES 2 FRANCONVILLE GENEVILLIERS VGA,2024-10-19,SEN Women 71,GAIGEOT Erinn,68.4,44.0,47.0,-50.0,54.0,57.0,59.0,47.0,59.0,106.0
IDF - REG 1 - Saint maur - 1ER TOUR REGIONAL IDF 1 FEMMES EQUIPES 2 FRANCONVILLE GENEVILLIERS VGA,2024-10-19,SEN Women 76,ROUAT Sabrina,73.6,54.0,-58.0,58.0,65.0,69.0,71.0,58.0,71.0,129.0
IDF - REG 1 - Saint maur - 1ER TOUR REGIONAL IDF 1 FEMMES EQUIPES 2 FRANCONVILLE GENEVILLIERS VGA,2024-10-19,SEN Women 81,LACOUR Emeline,80.6,-45.0,45.0,49.0,55.0,-58.0,-58.0,49.0,55.0,104.0
IDF - REG 1 - Saint maur - 1ER TOUR REGIONAL IDF 1 FEMMES EQUIPES 2 FRANCONVILLE GENEVILLIERS VGA,2024-10-19,U17 Women 55,RICHEVAUX Jade,54.7,45.0,48.0,50.0,55.0,-60.0,-60.0,50.0,55.0,105.0
IDF - REG 1 - Saint maur - 1ER TOUR REGIONAL IDF 1 FEMMES EQUIPES 2 FRANCONVILLE GENEVILLIERS VGA,2024-10-19,SEN Women 49,LEROY Manon,48.05,39.0,42.0,45.0,54.0,58.0,62.0,45.0,62.0,107.0
IDF - REG 1 - Saint maur - 1ER TOUR REGIONAL IDF 1 FEMMES EQUIPES 2 FRANCONVILLE GENEVILLIERS VGA,2024-10-19,SEN Women 55,BELLANGER Marion,55.0,43.0,46.0,-48.0,-55.0,55.0,59.0,46.0,59.0,105.0
IDF - REG 1 - Saint maur - 1ER TOUR REGIONAL IDF 1 FEMMES EQUIPES 2 FRANCONVILLE GENEVILLIERS VGA,2024-10-19,SEN Women 59,RICO Shizuka,56.3,-70.0,70.0,74.0,89.0,94.0,-97.0,74.0,94.0,168.0
IDF - REG 1 - Saint maur - 1ER TOUR REGIONAL IDF 1 FEMMES EQUIPES 2 FRANCONVILLE GENEVILLIERS VGA,2024-10-19,SEN Women 59,ZHENG Noëlle,56.1,-58.0,58.0,-61.0,67.0,70.0,-72.0,58.0,70.0,128.0
IDF - REG 1 - Saint maur - 1ER TOUR REGIONAL IDF 1 FEMMES EQUIPES 2 FRANCONVILLE GENEVILLIERS VGA,2024-10-19,SEN Women 59,GARCIA Marine,57.7,32.0,35.0,-37.0,42.0,45.0,-47.0,35.0,45.0,80.0
IDF - REG 1 - Saint maur - 1ER TOUR REGIONAL IDF 1 FEMMES EQUIPES 2 FRANCONVILLE GENEVILLIERS VGA,2024-10-19,SEN Women 64,MAINCENT Laetitia,63.42,62.0,-65.0,66.0,76.0,-79.0,81.0,66.0,81.0,147.0
IDF - REG 1 - Saint maur - 1ER TOUR REGIONAL IDF 1 FEMMES EQUIPES 2 FRANCONVILLE GENEVILLIERS VGA,2024-10-19,SEN Women 64,ZAVLYANOVA Maria,61.4,52.0,55.0,57.0,70.0,75.0,78.0,57.0,78.0,135.0
IDF - REG 1 - Saint maur - 1ER TOUR REGIONAL IDF 1 FEMMES EQUIPES 2 FRANCONVILLE GENEVILLIERS VGA,2024-10-19,SEN Women 64,ZHENG Axelle,59.4,51.0,-53.0,53.0,-62.0,63.0,65.0,53.0,65.0,118.0
IDF - REG 1 - Saint maur - 1ER TOUR REGIONAL IDF 1 FEMMES EQUIPES 2 FRANCONVILLE GENEVILLIERS VGA,2024-10-19,SEN Women 71,PEREIRA Camille,69.6,67.0,-70.0,-72.0,-80.0,80.0,-85.0,67.0,80.0,147.0
IDF - REG 1 - Saint maur - 1ER TOUR REGIONAL IDF 1 FEMMES EQUIPES 2 FRANCONVILLE GENEVILLIERS VGA,2024-10-19,SEN Women 71,FERNANDES Liliane,68.1,-53.0,55.0,57.0,65.0,70.0,75.0,57.0,75.0,132.0
IDF - REG 1 - Saint maur - 1ER TOUR REGIONAL IDF 1 FEMMES EQUIPES 2 FRANCONVILLE GENEVILLIERS VGA,2024-10-19,SEN Women 71,CARMENTRAN Lycia,65.1,55.0,57.0,60.0,65.0,-70.0,-70.0,60.0,65.0,125.0
IDF - REG 1 - Saint maur - 1ER TOUR REGIONAL IDF 1 FEMMES EQUIPES 2 FRANCONVILLE GENEVILLIERS VGA,2024-10-19,SEN Women 71,GAIGEOT Erinn,68.4,44.0,47.0,-50.0,54.0,57.0,59.0,47.0,59.0,106.0
IDF - REG 1 - Saint maur - 1ER TOUR REGIONAL IDF 1 FEMMES EQUIPES 2 FRANCONVILLE GENEVILLIERS VGA,2024-10-19,SEN Women 76,ROUAT Sabrina,73.6,54.0,-58.0,58.0,65.0,69.0,71.0,58.0,71.0,129.0
IDF - REG 1 - Saint maur - 1ER TOUR REGIONAL IDF 1 FEMMES EQUIPES 2 FRANCONVILLE GENEVILLIERS VGA,2024-10-19,SEN Women 81,LACOUR Emeline,80.6,-45.0,45.0,49.0,55.0,-58.0,-58.0,49.0,55.0,104.0
IDF - REG 1 - Saint maur - 1ER TOUR REGIONAL IDF 1 FEMMES EQUIPES 2 FRANCONVILLE GENEVILLIERS VGA,2024-10-19,U17 Men 89,LAMLICHE Amine,84.0,80.0,85.0,-88.0,104.0,110.0,-115.0,85.0,110.0,195.0
IDF - REG 1 - Saint maur - 1ER TOUR REGIONAL IDF 1 FEMMES EQUIPES 2 FRANCONVILLE GENEVILLIERS VGA,2024-10-19,SEN Men 73,BOUELLE Théo,72.6,80.0,85.0,-90.0,105.0,112.0,-115.0,85.0,112.0,197.0
IDF - REG 1 - Saint maur - 1ER TOUR REGIONAL IDF 1 FEMMES EQUIPES 2 FRANCONVILLE GENEVILLIERS VGA,2024-10-19,SEN Men 73,LEBRUN Jonathan,73.0,75.0,78.0,81.0,95.0,100.0,-102.0,81.0,100.0,181.0
IDF - REG 1 - Saint maur - 1ER TOUR REGIONAL IDF 1 FEMMES EQUIPES 2 FRANCONVILLE GENEVILLIERS VGA,2024-10-19,SEN Men 81,BRET Xan,77.1,88.0,-92.0,-92.0,95.0,100.0,103.0,88.0,103.0,191.0
IDF - REG 1 - Saint maur - 1ER TOUR REGIONAL IDF 1 FEMMES EQUIPES 2 FRANCONVILLE GENEVILLIERS VGA,2024-10-19,SEN Men 81,DE SOUSA Abel,78.5,80.0,85.0,-90.0,-105.0,-105.0,105.0,85.0,105.0,190.0
IDF - REG 1 - Saint maur - 1ER TOUR REGIONAL IDF 1 FEMMES EQUIPES 2 FRANCONVILLE GENEVILLIERS VGA,2024-10-19,SEN Men 81,WEINER Enrique,76.2,80.0,-83.0,-83.0,88.0,-93.0,-95.0,80.0,88.0,168.0
IDF - REG 1 - Saint maur - 1ER TOUR REGIONAL IDF 1 FEMMES EQUIPES 2 FRANCONVILLE GENEVILLIERS VGA,2024-10-19,SEN Men 89,ANGOUNDOU Jean jacques,86.4,98.0,-103.0,-105.0,-118.0,120.0,-127.0,98.0,120.0,218.0
IDF - REG 1 - Saint maur - 1ER TOUR REGIONAL IDF 1 FEMMES EQUIPES 2 FRANCONVILLE GENEVILLIERS VGA,2024-10-19,SEN Men 89,MARLE Stephan,82.3,88.0,92.0,95.0,110.0,-115.0,115.0,95.0,115.0,210.0
IDF - REG 1 - Saint maur - 1ER TOUR REGIONAL IDF 1 FEMMES EQUIPES 2 FRANCONVILLE GENEVILLIERS VGA,2024-10-19,SEN Men 89,TORTES Hugo,84.4,82.0,-86.0,86.0,110.0,115.0,-120.0,86.0,115.0,201.0
IDF - REG 1 - Saint maur - 1ER TOUR REGIONAL IDF 1 FEMMES EQUIPES 2 FRANCONVILLE GENEVILLIERS VGA,2024-10-19,SEN Men 96,CHELALI Zakaria,95.0,110.0,115.0,-120.0,140.0,150.0,-155.0,115.0,150.0,265.0
IDF - REG 1 - Saint maur - 1ER TOUR REGIONAL IDF 1 FEMMES EQUIPES 2 FRANCONVILLE GENEVILLIERS VGA,2024-10-19,U17 Men 89,LAMLICHE Amine,84.0,80.0,85.0,-88.0,104.0,110.0,-115.0,85.0,110.0,195.0
IDF - REG 1 - Saint maur - 1ER TOUR REGIONAL IDF 1 FEMMES EQUIPES 2 FRANCONVILLE GENEVILLIERS VGA,2024-10-19,SEN Men 73,BOUELLE Théo,72.6,80.0,85.0,-90.0,105.0,112.0,-115.0,85.0,112.0,197.0
IDF - REG 1 - Saint maur - 1ER TOUR REGIONAL IDF 1 FEMMES EQUIPES 2 FRANCONVILLE GENEVILLIERS VGA,2024-10-19,SEN Men 73,LEBRUN Jonathan,73.0,75.0,78.0,81.0,95.0,100.0,-102.0,81.0,100.0,181.0
IDF - REG 1 - Saint maur - 1ER TOUR REGIONAL IDF 1 FEMMES EQUIPES 2 FRANCONVILLE GENEVILLIERS VGA,2024-10-19,SEN Men 81,BRET Xan,77.1,88.0,-92.0,-92.0,95.0,100.0,103.0,88.0,103.0,191.0
IDF - REG 1 - Saint maur - 1ER TOUR REGIONAL IDF 1 FEMMES EQUIPES 2 FRANCONVILLE GENEVILLIERS VGA,2024-10-19,SEN Men 81,DE SOUSA Abel,78.5,80.0,85.0,-90.0,-105.0,-105.0,105.0,85.0,105.0,190.0
IDF - REG 1 - Saint maur - 1ER TOUR REGIONAL IDF 1 FEMMES EQUIPES 2 FRANCONVILLE GENEVILLIERS VGA,2024-10-19,SEN Men 81,WEINER Enrique,76.2,80.0,-83.0,-83.0,88.0,-93.0,-95.0,80.0,88.0,168.0
IDF - REG 1 - Saint maur - 1ER TOUR REGIONAL IDF 1 FEMMES EQUIPES 2 FRANCONVILLE GENEVILLIERS VGA,2024-10-19,SEN Men 89,ANGOUNDOU Jean jacques,86.4,98.0,-103.0,-105.0,-118.0,120.0,-127.0,98.0,120.0,218.0
IDF - REG 1 - Saint maur - 1ER TOUR REGIONAL IDF 1 FEMMES EQUIPES 2 FRANCONVILLE GENEVILLIERS VGA,2024-10-19,SEN Men 89,MARLE Stephan,82.3,88.0,92.0,95.0,110.0,-115.0,115.0,95.0,115.0,210.0
IDF - REG 1 - Saint maur - 1ER TOUR REGIONAL IDF 1 FEMMES EQUIPES 2 FRANCONVILLE GENEVILLIERS VGA,2024-10-19,SEN Men 89,TORTES Hugo,84.4,82.0,-86.0,86.0,110.0,115.0,-120.0,86.0,115.0,201.0
IDF - REG 1 - Saint maur - 1ER TOUR REGIONAL IDF 1 FEMMES EQUIPES 2 FRANCONVILLE GENEVILLIERS VGA,2024-10-19,SEN Men 96,CHELALI Zakaria,95.0,110.0,115.0,-120.0,140.0,150.0,-155.0,115.0,150.0,265.0
IDF - REG 1 - Saint maur - 1ER TOUR REGIONAL IDF 1 FEMMES EQUIPES 2 FRANCONVILLE GENEVILLIERS VGA,2024-10-19,U15 Men 61,BOUKRAA Yanis,57.6,43.0,46.0,48.0,52.0,56.0,59.0,48.0,59.0,107.0
IDF - REG 1 - Saint maur - 1ER TOUR REGIONAL IDF 1 FEMMES EQUIPES 2 FRANCONVILLE GENEVILLIERS VGA,2024-10-19,U17 Men 89,MBENGA HARDOROCK Kylian emmanuel,84.68,60.0,64.0,66.0,75.0,80.0,-84.0,66.0,80.0,146.0
IDF - REG 1 - Saint maur - 1ER TOUR REGIONAL IDF 1 FEMMES EQUIPES 2 FRANCONVILLE GENEVILLIERS VGA,2024-10-19,U17 Women 55,LEROY Cathie,53.38,30.0,33.0,35.0,40.0,45.0,48.0,35.0,48.0,83.0
IDF - REG 1 - Saint maur - 1ER TOUR REGIONAL IDF 1 FEMMES EQUIPES 2 FRANCONVILLE GENEVILLIERS VGA,2024-10-19,U20 Women 87,TATI Ayah,81.26,-43.0,43.0,47.0,53.0,58.0,63.0,47.0,63.0,110.0
IDF - REG 1 - Saint maur - 1ER TOUR REGIONAL IDF 1 FEMMES EQUIPES 2 FRANCONVILLE GENEVILLIERS VGA,2024-10-19,U15 Men 61,BOUKRAA Yanis,57.6,43.0,46.0,48.0,52.0,56.0,59.0,48.0,59.0,107.0
IDF - REG 1 - Saint maur - 1ER TOUR REGIONAL IDF 1 FEMMES EQUIPES 2 FRANCONVILLE GENEVILLIERS VGA,2024-10-19,U17 Men 89,MBENGA HARDOROCK Kylian emmanuel,84.68,60.0,64.0,66.0,75.0,80.0,-84.0,66.0,80.0,146.0
IDF - REG 1 - Saint maur - 1ER TOUR REGIONAL IDF 1 FEMMES EQUIPES 2 FRANCONVILLE GENEVILLIERS VGA,2024-10-19,U17 Women 55,LEROY Cathie,53.38,30.0,33.0,35.0,40.0,45.0,48.0,35.0,48.0,83.0
IDF - REG 1 - Saint maur - 1ER TOUR REGIONAL IDF 1 FEMMES EQUIPES 2 FRANCONVILLE GENEVILLIERS VGA,2024-10-19,U20 Women 87,TATI Ayah,81.26,-43.0,43.0,47.0,53.0,58.0,63.0,47.0,63.0,110.0
IDF - REG 1 - Saint maur - 1ER TOUR REGIONAL IDF 1 FEMMES EQUIPES 2 FRANCONVILLE GENEVILLIERS VGA,2024-10-19,U20 Women 59,GARNIER Camille,57.07,47.0,-50.0,50.0,58.0,61.0,-64.0,50.0,61.0,111.0
IDF - REG 1 - Saint maur - 1ER TOUR REGIONAL IDF 1 FEMMES EQUIPES 2 FRANCONVILLE GENEVILLIERS VGA,2024-10-19,SEN Women 64,LE MALEFANT Samantha,63.13,77.0,81.0,85.0,100.0,105.0,-108.0,85.0,105.0,190.0
IDF - REG 1 - Saint maur - 1ER TOUR REGIONAL IDF 1 FEMMES EQUIPES 2 FRANCONVILLE GENEVILLIERS VGA,2024-10-19,SEN Women 64,ILCHUK Kateryna,62.27,-70.0,72.0,76.0,83.0,86.0,-92.0,76.0,86.0,162.0
IDF - REG 1 - Saint maur - 1ER TOUR REGIONAL IDF 1 FEMMES EQUIPES 2 FRANCONVILLE GENEVILLIERS VGA,2024-10-19,SEN Women 64,MORIN Jessica,62.8,62.0,66.0,-70.0,78.0,82.0,-85.0,66.0,82.0,148.0
IDF - REG 1 - Saint maur - 1ER TOUR REGIONAL IDF 1 FEMMES EQUIPES 2 FRANCONVILLE GENEVILLIERS VGA,2024-10-19,SEN Women 64,BARROCHE Clemence,59.41,53.0,56.0,-58.0,69.0,72.0,-74.0,56.0,72.0,128.0
IDF - REG 1 - Saint maur - 1ER TOUR REGIONAL IDF 1 FEMMES EQUIPES 2 FRANCONVILLE GENEVILLIERS VGA,2024-10-19,SEN Women 64,GRAILARD Ophélie,60.44,48.0,-52.0,52.0,60.0,63.0,66.0,52.0,66.0,118.0
IDF - REG 1 - Saint maur - 1ER TOUR REGIONAL IDF 1 FEMMES EQUIPES 2 FRANCONVILLE GENEVILLIERS VGA,2024-10-19,SEN Women 71,CHANTEUX Mélissa,64.57,48.0,-50.0,-52.0,-60.0,63.0,-66.0,48.0,63.0,111.0
IDF - REG 1 - Saint maur - 1ER TOUR REGIONAL IDF 1 FEMMES EQUIPES 2 FRANCONVILLE GENEVILLIERS VGA,2024-10-19,SEN Women 71,GUYARD Romane,68.71,47.0,49.0,51.0,64.0,-68.0,-68.0,51.0,64.0,115.0
IDF - REG 1 - Saint maur - 1ER TOUR REGIONAL IDF 1 FEMMES EQUIPES 2 FRANCONVILLE GENEVILLIERS VGA,2024-10-19,SEN Women 76,CHOYER Anissa,71.16,-62.0,62.0,65.0,80.0,83.0,-86.0,65.0,83.0,148.0
IDF - REG 1 - Saint maur - 1ER TOUR REGIONAL IDF 1 FEMMES EQUIPES 2 FRANCONVILLE GENEVILLIERS VGA,2024-10-19,SEN Women 76,COGNON Sonia,72.86,53.0,56.0,58.0,70.0,73.0,-75.0,58.0,73.0,131.0
IDF - REG 1 - Saint maur - 1ER TOUR REGIONAL IDF 1 FEMMES EQUIPES 2 FRANCONVILLE GENEVILLIERS VGA,2024-10-19,U20 Women 59,GARNIER Camille,57.07,47.0,-50.0,50.0,58.0,61.0,-64.0,50.0,61.0,111.0
IDF - REG 1 - Saint maur - 1ER TOUR REGIONAL IDF 1 FEMMES EQUIPES 2 FRANCONVILLE GENEVILLIERS VGA,2024-10-19,SEN Women 64,LE MALEFANT Samantha,63.13,77.0,81.0,85.0,100.0,105.0,-108.0,85.0,105.0,190.0
IDF - REG 1 - Saint maur - 1ER TOUR REGIONAL IDF 1 FEMMES EQUIPES 2 FRANCONVILLE GENEVILLIERS VGA,2024-10-19,SEN Women 64,ILCHUK Kateryna,62.27,-70.0,72.0,76.0,83.0,86.0,-92.0,76.0,86.0,162.0
IDF - REG 1 - Saint maur - 1ER TOUR REGIONAL IDF 1 FEMMES EQUIPES 2 FRANCONVILLE GENEVILLIERS VGA,2024-10-19,SEN Women 64,MORIN Jessica,62.8,62.0,66.0,-70.0,78.0,82.0,-85.0,66.0,82.0,148.0
IDF - REG 1 - Saint maur - 1ER TOUR REGIONAL IDF 1 FEMMES EQUIPES 2 FRANCONVILLE GENEVILLIERS VGA,2024-10-19,SEN Women 64,BARROCHE Clemence,59.41,53.0,56.0,-58.0,69.0,72.0,-74.0,56.0,72.0,128.0
IDF - REG 1 - Saint maur - 1ER TOUR REGIONAL IDF 1 FEMMES EQUIPES 2 FRANCONVILLE GENEVILLIERS VGA,2024-10-19,SEN Women 64,GRAILARD Ophélie,60.44,48.0,-52.0,52.0,60.0,63.0,66.0,52.0,66.0,118.0
IDF - REG 1 - Saint maur - 1ER TOUR REGIONAL IDF 1 FEMMES EQUIPES 2 FRANCONVILLE GENEVILLIERS VGA,2024-10-19,SEN Women 71,CHANTEUX Mélissa,64.57,48.0,-50.0,-52.0,-60.0,63.0,-66.0,48.0,63.0,111.0
IDF - REG 1 - Saint maur - 1ER TOUR REGIONAL IDF 1 FEMMES EQUIPES 2 FRANCONVILLE GENEVILLIERS VGA,2024-10-19,SEN Women 71,GUYARD Romane,68.71,47.0,49.0,51.0,64.0,-68.0,-68.0,51.0,64.0,115.0
IDF - REG 1 - Saint maur - 1ER TOUR REGIONAL IDF 1 FEMMES EQUIPES 2 FRANCONVILLE GENEVILLIERS VGA,2024-10-19,SEN Women 76,CHOYER Anissa,71.16,-62.0,62.0,65.0,80.0,83.0,-86.0,65.0,83.0,148.0
IDF - REG 1 - Saint maur - 1ER TOUR REGIONAL IDF 1 FEMMES EQUIPES 2 FRANCONVILLE GENEVILLIERS VGA,2024-10-19,SEN Women 76,COGNON Sonia,72.86,53.0,56.0,58.0,70.0,73.0,-75.0,58.0,73.0,131.0
IDF - REG 1 - Saint maur - 1ER TOUR REGIONAL IDF 1 FEMMES EQUIPES 2 FRANCONVILLE GENEVILLIERS VGA,2024-10-19,U15 Women 59,VILFEU Inaia,56.53,36.0,38.0,40.0,42.0,45.0,47.0,40.0,47.0,87.0
IDF - REG 1 - Saint maur - 1ER TOUR REGIONAL IDF 1 FEMMES EQUIPES 2 FRANCONVILLE GENEVILLIERS VGA,2024-10-19,U15 Women 71,LECHAT Apoline,67.34,30.0,32.0,34.0,40.0,43.0,45.0,34.0,45.0,79.0
IDF - REG 1 - Saint maur - 1ER TOUR REGIONAL IDF 1 FEMMES EQUIPES 2 FRANCONVILLE GENEVILLIERS VGA,2024-10-19,U20 Women 59,TRAB Zahra,55.72,57.0,-60.0,62.0,73.0,76.0,-80.0,62.0,76.0,138.0
IDF - REG 1 - Saint maur - 1ER TOUR REGIONAL IDF 1 FEMMES EQUIPES 2 FRANCONVILLE GENEVILLIERS VGA,2024-10-19,U20 Women 59,CADIEU Anais,57.0,57.0,60.0,-62.0,69.0,72.0,-75.0,60.0,72.0,132.0
IDF - REG 1 - Saint maur - 1ER TOUR REGIONAL IDF 1 FEMMES EQUIPES 2 FRANCONVILLE GENEVILLIERS VGA,2024-10-19,U20 Women 76,BODET Lucie,72.04,-41.0,41.0,44.0,50.0,-53.0,53.0,44.0,53.0,97.0
IDF - REG 1 - Saint maur - 1ER TOUR REGIONAL IDF 1 FEMMES EQUIPES 2 FRANCONVILLE GENEVILLIERS VGA,2024-10-19,SEN Women 55,PANSERAT Emma,50.26,-43.0,43.0,45.0,53.0,56.0,-60.0,45.0,56.0,101.0
IDF - REG 1 - Saint maur - 1ER TOUR REGIONAL IDF 1 FEMMES EQUIPES 2 FRANCONVILLE GENEVILLIERS VGA,2024-10-19,SEN Women 59,HERVAULT Jeanne,56.45,-60.0,60.0,63.0,80.0,83.0,-85.0,63.0,83.0,146.0
IDF - REG 1 - Saint maur - 1ER TOUR REGIONAL IDF 1 FEMMES EQUIPES 2 FRANCONVILLE GENEVILLIERS VGA,2024-10-19,SEN Women 59,LUCAS Carla,57.74,-55.0,-55.0,55.0,65.0,68.0,-71.0,55.0,68.0,123.0
IDF - REG 1 - Saint maur - 1ER TOUR REGIONAL IDF 1 FEMMES EQUIPES 2 FRANCONVILLE GENEVILLIERS VGA,2024-10-19,SEN Women 59,MAZIGHI Leïla,57.22,43.0,-45.0,45.0,55.0,59.0,-62.0,45.0,59.0,104.0
IDF - REG 1 - Saint maur - 1ER TOUR REGIONAL IDF 1 FEMMES EQUIPES 2 FRANCONVILLE GENEVILLIERS VGA,2024-10-19,SEN Women 64,CLEMENCEAU Claire lys,63.24,50.0,53.0,-56.0,63.0,68.0,-71.0,53.0,68.0,121.0
IDF - REG 1 - Saint maur - 1ER TOUR REGIONAL IDF 1 FEMMES EQUIPES 2 FRANCONVILLE GENEVILLIERS VGA,2024-10-19,SEN Women 71,LE COQ Maella,66.54,-45.0,47.0,50.0,61.0,65.0,68.0,50.0,68.0,118.0
IDF - REG 1 - Saint maur - 1ER TOUR REGIONAL IDF 1 FEMMES EQUIPES 2 FRANCONVILLE GENEVILLIERS VGA,2024-10-19,SEN Women 71,POTIER Emilie,66.85,-45.0,-45.0,45.0,58.0,61.0,64.0,45.0,64.0,109.0
IDF - REG 1 - Saint maur - 1ER TOUR REGIONAL IDF 1 FEMMES EQUIPES 2 FRANCONVILLE GENEVILLIERS VGA,2024-10-19,SEN Women 71,LEBREQUIER Gladys,69.73,44.0,47.0,-49.0,50.0,-54.0,-54.0,47.0,50.0,97.0
IDF - REG 1 - Saint maur - 1ER TOUR REGIONAL IDF 1 FEMMES EQUIPES 2 FRANCONVILLE GENEVILLIERS VGA,2024-10-19,SEN Women 71,BURBAN Annick,65.35,29.0,-31.0,-32.0,36.0,39.0,-41.0,29.0,39.0,68.0
IDF - REG 1 - Saint maur - 1ER TOUR REGIONAL IDF 1 FEMMES EQUIPES 2 FRANCONVILLE GENEVILLIERS VGA,2024-10-19,SEN Women >87,BODARD Suzanne,92.64,38.0,40.0,-42.0,45.0,48.0,51.0,40.0,51.0,91.0
IDF - REG 1 - Saint maur - 1ER TOUR REGIONAL IDF 1 FEMMES EQUIPES 2 FRANCONVILLE GENEVILLIERS VGA,2024-10-19,U15 Women 59,VILFEU Inaia,56.53,36.0,38.0,40.0,42.0,45.0,47.0,40.0,47.0,87.0
IDF - REG 1 - Saint maur - 1ER TOUR REGIONAL IDF 1 FEMMES EQUIPES 2 FRANCONVILLE GENEVILLIERS VGA,2024-10-19,U15 Women 71,LECHAT Apoline,67.34,30.0,32.0,34.0,40.0,43.0,45.0,34.0,45.0,79.0
IDF - REG 1 - Saint maur - 1ER TOUR REGIONAL IDF 1 FEMMES EQUIPES 2 FRANCONVILLE GENEVILLIERS VGA,2024-10-19,U20 Women 59,TRAB Zahra,55.72,57.0,-60.0,62.0,73.0,76.0,-80.0,62.0,76.0,138.0
IDF - REG 1 - Saint maur - 1ER TOUR REGIONAL IDF 1 FEMMES EQUIPES 2 FRANCONVILLE GENEVILLIERS VGA,2024-10-19,U20 Women 59,CADIEU Anais,57.0,57.0,60.0,-62.0,69.0,72.0,-75.0,60.0,72.0,132.0
IDF - REG 1 - Saint maur - 1ER TOUR REGIONAL IDF 1 FEMMES EQUIPES 2 FRANCONVILLE GENEVILLIERS VGA,2024-10-19,U20 Women 76,BODET Lucie,72.04,-41.0,41.0,44.0,50.0,-53.0,53.0,44.0,53.0,97.0
IDF - REG 1 - Saint maur - 1ER TOUR REGIONAL IDF 1 FEMMES EQUIPES 2 FRANCONVILLE GENEVILLIERS VGA,2024-10-19,SEN Women 55,PANSERAT Emma,50.26,-43.0,43.0,45.0,53.0,56.0,-60.0,45.0,56.0,101.0
IDF - REG 1 - Saint maur - 1ER TOUR REGIONAL IDF 1 FEMMES EQUIPES 2 FRANCONVILLE GENEVILLIERS VGA,2024-10-19,SEN Women 59,HERVAULT Jeanne,56.45,-60.0,60.0,63.0,80.0,83.0,-85.0,63.0,83.0,146.0
IDF - REG 1 - Saint maur - 1ER TOUR REGIONAL IDF 1 FEMMES EQUIPES 2 FRANCONVILLE GENEVILLIERS VGA,2024-10-19,SEN Women 59,LUCAS Carla,57.74,-55.0,-55.0,55.0,65.0,68.0,-71.0,55.0,68.0,123.0
IDF - REG 1 - Saint maur - 1ER TOUR REGIONAL IDF 1 FEMMES EQUIPES 2 FRANCONVILLE GENEVILLIERS VGA,2024-10-19,SEN Women 59,MAZIGHI Leïla,57.22,43.0,-45.0,45.0,55.0,59.0,-62.0,45.0,59.0,104.0
IDF - REG 1 - Saint maur - 1ER TOUR REGIONAL IDF 1 FEMMES EQUIPES 2 FRANCONVILLE GENEVILLIERS VGA,2024-10-19,SEN Women 64,CLEMENCEAU Claire lys,63.24,50.0,53.0,-56.0,63.0,68.0,-71.0,53.0,68.0,121.0
IDF - REG 1 - Saint maur - 1ER TOUR REGIONAL IDF 1 FEMMES EQUIPES 2 FRANCONVILLE GENEVILLIERS VGA,2024-10-19,SEN Women 71,LE COQ Maella,66.54,-45.0,47.0,50.0,61.0,65.0,68.0,50.0,68.0,118.0
IDF - REG 1 - Saint maur - 1ER TOUR REGIONAL IDF 1 FEMMES EQUIPES 2 FRANCONVILLE GENEVILLIERS VGA,2024-10-19,SEN Women 71,POTIER Emilie,66.85,-45.0,-45.0,45.0,58.0,61.0,64.0,45.0,64.0,109.0
IDF - REG 1 - Saint maur - 1ER TOUR REGIONAL IDF 1 FEMMES EQUIPES 2 FRANCONVILLE GENEVILLIERS VGA,2024-10-19,SEN Women 71,LEBREQUIER Gladys,69.73,44.0,47.0,-49.0,50.0,-54.0,-54.0,47.0,50.0,97.0
IDF - REG 1 - Saint maur - 1ER TOUR REGIONAL IDF 1 FEMMES EQUIPES 2 FRANCONVILLE GENEVILLIERS VGA,2024-10-19,SEN Women 71,BURBAN Annick,65.35,29.0,-31.0,-32.0,36.0,39.0,-41.0,29.0,39.0,68.0
IDF - REG 1 - Saint maur - 1ER TOUR REGIONAL IDF 1 FEMMES EQUIPES 2 FRANCONVILLE GENEVILLIERS VGA,2024-10-19,SEN Women >87,BODARD Suzanne,92.64,38.0,40.0,-42.0,45.0,48.0,51.0,40.0,51.0,91.0
IDF - REG 1 - Saint maur - 1ER TOUR REGIONAL IDF 1 FEMMES EQUIPES 2 FRANCONVILLE GENEVILLIERS VGA,2024-10-19,U17 Women 55,ANCEL Lilou,50.0,38.0,41.0,-44.0,50.0,54.0,-57.0,41.0,54.0,95.0
IDF - REG 1 - Saint maur - 1ER TOUR REGIONAL IDF 1 FEMMES EQUIPES 2 FRANCONVILLE GENEVILLIERS VGA,2024-10-19,U17 Women 64,KUSS--BILDSTEIN Irene,61.3,54.0,57.0,60.0,65.0,68.0,71.0,60.0,71.0,131.0
IDF - REG 1 - Saint maur - 1ER TOUR REGIONAL IDF 1 FEMMES EQUIPES 2 FRANCONVILLE GENEVILLIERS VGA,2024-10-19,U17 Women >81,KLOCK Amanda,85.4,52.0,55.0,-57.0,60.0,65.0,70.0,55.0,70.0,125.0
IDF - REG 1 - Saint maur - 1ER TOUR REGIONAL IDF 1 FEMMES EQUIPES 2 FRANCONVILLE GENEVILLIERS VGA,2024-10-19,U20 Women 55,HERZFELD Clemence,51.1,36.0,39.0,42.0,47.0,50.0,53.0,42.0,53.0,95.0
IDF - REG 1 - Saint maur - 1ER TOUR REGIONAL IDF 1 FEMMES EQUIPES 2 FRANCONVILLE GENEVILLIERS VGA,2024-10-19,U20 Women 55,ERHART Sarah,53.1,35.0,-37.0,37.0,45.0,48.0,52.0,37.0,52.0,89.0
IDF - REG 1 - Saint maur - 1ER TOUR REGIONAL IDF 1 FEMMES EQUIPES 2 FRANCONVILLE GENEVILLIERS VGA,2024-10-19,SEN Women 59,LOGODIN-SARR Lya,57.7,-65.0,-65.0,-65.0,80.0,85.0,88.0,0.0,88.0,0.0
IDF - REG 1 - Saint maur - 1ER TOUR REGIONAL IDF 1 FEMMES EQUIPES 2 FRANCONVILLE GENEVILLIERS VGA,2024-10-19,SEN Women 64,MORVAN Maureen,63.1,-55.0,-55.0,55.0,70.0,75.0,-80.0,55.0,75.0,130.0
IDF - REG 1 - Saint maur - 1ER TOUR REGIONAL IDF 1 FEMMES EQUIPES 2 FRANCONVILLE GENEVILLIERS VGA,2024-10-19,SEN Women 64,MILTO Erine,59.5,-50.0,50.0,53.0,65.0,68.0,-71.0,53.0,68.0,121.0
IDF - REG 1 - Saint maur - 1ER TOUR REGIONAL IDF 1 FEMMES EQUIPES 2 FRANCONVILLE GENEVILLIERS VGA,2024-10-19,SEN Women 64,ZIMMERMANN Aurelie,63.4,32.0,34.0,35.0,40.0,-44.0,-45.0,35.0,40.0,75.0
IDF - REG 1 - Saint maur - 1ER TOUR REGIONAL IDF 1 FEMMES EQUIPES 2 FRANCONVILLE GENEVILLIERS VGA,2024-10-19,SEN Women 71,BITHOREL Marion,64.5,66.0,69.0,-72.0,-84.0,-84.0,84.0,69.0,84.0,153.0
IDF - REG 1 - Saint maur - 1ER TOUR REGIONAL IDF 1 FEMMES EQUIPES 2 FRANCONVILLE GENEVILLIERS VGA,2024-10-19,SEN Women 71,KUSS BILDSTEIN Isabelle,67.3,45.0,48.0,-51.0,59.0,-62.0,64.0,48.0,64.0,112.0
IDF - REG 1 - Saint maur - 1ER TOUR REGIONAL IDF 1 FEMMES EQUIPES 2 FRANCONVILLE GENEVILLIERS VGA,2024-10-19,SEN Women 76,DEPENWEILLER Pauline,71.7,75.0,79.0,82.0,95.0,100.0,-105.0,82.0,100.0,182.0
IDF - REG 1 - Saint maur - 1ER TOUR REGIONAL IDF 1 FEMMES EQUIPES 2 FRANCONVILLE GENEVILLIERS VGA,2024-10-19,SEN Women 76,EULLIOT Jenny,71.6,52.0,57.0,-61.0,71.0,76.0,-80.0,57.0,76.0,133.0
IDF - REG 1 - Saint maur - 1ER TOUR REGIONAL IDF 1 FEMMES EQUIPES 2 FRANCONVILLE GENEVILLIERS VGA,2024-10-19,SEN Women 81,MANGOLD Morgane,78.9,37.0,-40.0,-40.0,48.0,52.0,-55.0,37.0,52.0,89.0
IDF - REG 1 - Saint maur - 1ER TOUR REGIONAL IDF 1 FEMMES EQUIPES 2 FRANCONVILLE GENEVILLIERS VGA,2024-10-19,U17 Women 55,ANCEL Lilou,50.0,38.0,41.0,-44.0,50.0,54.0,-57.0,41.0,54.0,95.0
IDF - REG 1 - Saint maur - 1ER TOUR REGIONAL IDF 1 FEMMES EQUIPES 2 FRANCONVILLE GENEVILLIERS VGA,2024-10-19,U17 Women 64,KUSS--BILDSTEIN Irene,61.3,54.0,57.0,60.0,65.0,68.0,71.0,60.0,71.0,131.0
IDF - REG 1 - Saint maur - 1ER TOUR REGIONAL IDF 1 FEMMES EQUIPES 2 FRANCONVILLE GENEVILLIERS VGA,2024-10-19,U17 Women >81,KLOCK Amanda,85.4,52.0,55.0,-57.0,60.0,65.0,70.0,55.0,70.0,125.0
IDF - REG 1 - Saint maur - 1ER TOUR REGIONAL IDF 1 FEMMES EQUIPES 2 FRANCONVILLE GENEVILLIERS VGA,2024-10-19,U20 Women 55,HERZFELD Clemence,51.1,36.0,39.0,42.0,47.0,50.0,53.0,42.0,53.0,95.0
IDF - REG 1 - Saint maur - 1ER TOUR REGIONAL IDF 1 FEMMES EQUIPES 2 FRANCONVILLE GENEVILLIERS VGA,2024-10-19,U20 Women 55,ERHART Sarah,53.1,35.0,-37.0,37.0,45.0,48.0,52.0,37.0,52.0,89.0
IDF - REG 1 - Saint maur - 1ER TOUR REGIONAL IDF 1 FEMMES EQUIPES 2 FRANCONVILLE GENEVILLIERS VGA,2024-10-19,SEN Women 59,LOGODIN-SARR Lya,57.7,-65.0,-65.0,-65.0,80.0,85.0,88.0,0.0,88.0,0.0
IDF - REG 1 - Saint maur - 1ER TOUR REGIONAL IDF 1 FEMMES EQUIPES 2 FRANCONVILLE GENEVILLIERS VGA,2024-10-19,SEN Women 64,MORVAN Maureen,63.1,-55.0,-55.0,55.0,70.0,75.0,-80.0,55.0,75.0,130.0
IDF - REG 1 - Saint maur - 1ER TOUR REGIONAL IDF 1 FEMMES EQUIPES 2 FRANCONVILLE GENEVILLIERS VGA,2024-10-19,SEN Women 64,MILTO Erine,59.5,-50.0,50.0,53.0,65.0,68.0,-71.0,53.0,68.0,121.0
IDF - REG 1 - Saint maur - 1ER TOUR REGIONAL IDF 1 FEMMES EQUIPES 2 FRANCONVILLE GENEVILLIERS VGA,2024-10-19,SEN Women 64,ZIMMERMANN Aurelie,63.4,32.0,34.0,35.0,40.0,-44.0,-45.0,35.0,40.0,75.0
IDF - REG 1 - Saint maur - 1ER TOUR REGIONAL IDF 1 FEMMES EQUIPES 2 FRANCONVILLE GENEVILLIERS VGA,2024-10-19,SEN Women 71,BITHOREL Marion,64.5,66.0,69.0,-72.0,-84.0,-84.0,84.0,69.0,84.0,153.0
IDF - REG 1 - Saint maur - 1ER TOUR REGIONAL IDF 1 FEMMES EQUIPES 2 FRANCONVILLE GENEVILLIERS VGA,2024-10-19,SEN Women 71,KUSS BILDSTEIN Isabelle,67.3,45.0,48.0,-51.0,59.0,-62.0,64.0,48.0,64.0,112.0
IDF - REG 1 - Saint maur - 1ER TOUR REGIONAL IDF 1 FEMMES EQUIPES 2 FRANCONVILLE GENEVILLIERS VGA,2024-10-19,SEN Women 76,DEPENWEILLER Pauline,71.7,75.0,79.0,82.0,95.0,100.0,-105.0,82.0,100.0,182.0
IDF - REG 1 - Saint maur - 1ER TOUR REGIONAL IDF 1 FEMMES EQUIPES 2 FRANCONVILLE GENEVILLIERS VGA,2024-10-19,SEN Women 76,EULLIOT Jenny,71.6,52.0,57.0,-61.0,71.0,76.0,-80.0,57.0,76.0,133.0
IDF - REG 1 - Saint maur - 1ER TOUR REGIONAL IDF 1 FEMMES EQUIPES 2 FRANCONVILLE GENEVILLIERS VGA,2024-10-19,SEN Women 81,MANGOLD Morgane,78.9,37.0,-40.0,-40.0,48.0,52.0,-55.0,37.0,52.0,89.0
IDF - REG 1 - Saint maur - 1ER TOUR REGIONAL IDF 1 FEMMES EQUIPES 2 FRANCONVILLE GENEVILLIERS VGA,2024-10-19,U20 Men 73,HEILMANN Brenann,72.2,70.0,75.0,80.0,93.0,98.0,102.0,80.0,102.0,182.0
IDF - REG 1 - Saint maur - 1ER TOUR REGIONAL IDF 1 FEMMES EQUIPES 2 FRANCONVILLE GENEVILLIERS VGA,2024-10-19,U20 Men 89,GIGONDAN Matheo,82.0,95.0,105.0,110.0,125.0,-135.0,-135.0,110.0,125.0,235.0
IDF - REG 1 - Saint maur - 1ER TOUR REGIONAL IDF 1 FEMMES EQUIPES 2 FRANCONVILLE GENEVILLIERS VGA,2024-10-19,SEN Men 73,DA SILVA Come,73.0,92.0,96.0,-100.0,112.0,116.0,120.0,96.0,120.0,216.0
IDF - REG 1 - Saint maur - 1ER TOUR REGIONAL IDF 1 FEMMES EQUIPES 2 FRANCONVILLE GENEVILLIERS VGA,2024-10-19,SEN Men 73,ZYADE MANSOR Awos,70.1,65.0,70.0,75.0,88.0,93.0,97.0,75.0,97.0,172.0
IDF - REG 1 - Saint maur - 1ER TOUR REGIONAL IDF 1 FEMMES EQUIPES 2 FRANCONVILLE GENEVILLIERS VGA,2024-10-19,SEN Men 81,GIGONDAN Lucas,79.6,84.0,88.0,92.0,108.0,113.0,118.0,92.0,118.0,210.0
IDF - REG 1 - Saint maur - 1ER TOUR REGIONAL IDF 1 FEMMES EQUIPES 2 FRANCONVILLE GENEVILLIERS VGA,2024-10-19,SEN Men 81,CORTESE Jean-baptiste,81.0,82.0,87.0,92.0,110.0,115.0,-120.0,92.0,115.0,207.0
IDF - REG 1 - Saint maur - 1ER TOUR REGIONAL IDF 1 FEMMES EQUIPES 2 FRANCONVILLE GENEVILLIERS VGA,2024-10-19,SEN Men 89,BOILLON Vincent,82.1,97.0,103.0,-108.0,120.0,-126.0,126.0,103.0,126.0,229.0
IDF - REG 1 - Saint maur - 1ER TOUR REGIONAL IDF 1 FEMMES EQUIPES 2 FRANCONVILLE GENEVILLIERS VGA,2024-10-19,SEN Men 89,FUNFSCHILLING Fabien,82.8,85.0,90.0,-94.0,115.0,-120.0,-120.0,90.0,115.0,205.0
IDF - REG 1 - Saint maur - 1ER TOUR REGIONAL IDF 1 FEMMES EQUIPES 2 FRANCONVILLE GENEVILLIERS VGA,2024-10-19,SEN Men 102,SAHIRI Julien,96.6,95.0,100.0,105.0,130.0,140.0,146.0,105.0,146.0,251.0
IDF - REG 1 - Saint maur - 1ER TOUR REGIONAL IDF 1 FEMMES EQUIPES 2 FRANCONVILLE GENEVILLIERS VGA,2024-10-19,SEN Men 102,CANDRAY MEDINA Hector,98.9,106.0,111.0,-116.0,133.0,138.0,-142.0,111.0,138.0,249.0
IDF - REG 1 - Saint maur - 1ER TOUR REGIONAL IDF 1 FEMMES EQUIPES 2 FRANCONVILLE GENEVILLIERS VGA,2024-10-19,U20 Men 73,HEILMANN Brenann,72.2,70.0,75.0,80.0,93.0,98.0,102.0,80.0,102.0,182.0
IDF - REG 1 - Saint maur - 1ER TOUR REGIONAL IDF 1 FEMMES EQUIPES 2 FRANCONVILLE GENEVILLIERS VGA,2024-10-19,U20 Men 89,GIGONDAN Matheo,82.0,95.0,105.0,110.0,125.0,-135.0,-135.0,110.0,125.0,235.0
IDF - REG 1 - Saint maur - 1ER TOUR REGIONAL IDF 1 FEMMES EQUIPES 2 FRANCONVILLE GENEVILLIERS VGA,2024-10-19,SEN Men 73,DA SILVA Come,73.0,92.0,96.0,-100.0,112.0,116.0,120.0,96.0,120.0,216.0
IDF - REG 1 - Saint maur - 1ER TOUR REGIONAL IDF 1 FEMMES EQUIPES 2 FRANCONVILLE GENEVILLIERS VGA,2024-10-19,SEN Men 73,ZYADE MANSOR Awos,70.1,65.0,70.0,75.0,88.0,93.0,97.0,75.0,97.0,172.0
IDF - REG 1 - Saint maur - 1ER TOUR REGIONAL IDF 1 FEMMES EQUIPES 2 FRANCONVILLE GENEVILLIERS VGA,2024-10-19,SEN Men 81,GIGONDAN Lucas,79.6,84.0,88.0,92.0,108.0,113.0,118.0,92.0,118.0,210.0
IDF - REG 1 - Saint maur - 1ER TOUR REGIONAL IDF 1 FEMMES EQUIPES 2 FRANCONVILLE GENEVILLIERS VGA,2024-10-19,SEN Men 81,CORTESE Jean-baptiste,81.0,82.0,87.0,92.0,110.0,115.0,-120.0,92.0,115.0,207.0
IDF - REG 1 - Saint maur - 1ER TOUR REGIONAL IDF 1 FEMMES EQUIPES 2 FRANCONVILLE GENEVILLIERS VGA,2024-10-19,SEN Men 89,BOILLON Vincent,82.1,97.0,103.0,-108.0,120.0,-126.0,126.0,103.0,126.0,229.0
IDF - REG 1 - Saint maur - 1ER TOUR REGIONAL IDF 1 FEMMES EQUIPES 2 FRANCONVILLE GENEVILLIERS VGA,2024-10-19,SEN Men 89,FUNFSCHILLING Fabien,82.8,85.0,90.0,-94.0,115.0,-120.0,-120.0,90.0,115.0,205.0
IDF - REG 1 - Saint maur - 1ER TOUR REGIONAL IDF 1 FEMMES EQUIPES 2 FRANCONVILLE GENEVILLIERS VGA,2024-10-19,SEN Men 102,SAHIRI Julien,96.6,95.0,100.0,105.0,130.0,140.0,146.0,105.0,146.0,251.0
IDF - REG 1 - Saint maur - 1ER TOUR REGIONAL IDF 1 FEMMES EQUIPES 2 FRANCONVILLE GENEVILLIERS VGA,2024-10-19,SEN Men 102,CANDRAY MEDINA Hector,98.9,106.0,111.0,-116.0,133.0,138.0,-142.0,111.0,138.0,249.0
IDF - REG 1 - Saint maur - 1ER TOUR REGIONAL IDF 1 FEMMES EQUIPES 2 FRANCONVILLE GENEVILLIERS VGA,2024-10-19,SEN Men 73,JAFFAR Hussein,73.0,74.0,78.0,-80.0,89.0,-92.0,-92.0,78.0,89.0,167.0
IDF - REG 1 - Saint maur - 1ER TOUR REGIONAL IDF 1 FEMMES EQUIPES 2 FRANCONVILLE GENEVILLIERS VGA,2024-10-19,SEN Men 73,ANTON Basile,72.1,55.0,-60.0,-62.0,70.0,80.0,-85.0,55.0,80.0,135.0
IDF - REG 1 - Saint maur - 1ER TOUR REGIONAL IDF 1 FEMMES EQUIPES 2 FRANCONVILLE GENEVILLIERS VGA,2024-10-19,SEN Men 81,DA FONSECA Raphael,78.4,95.0,100.0,104.0,123.0,126.0,131.0,104.0,131.0,235.0
IDF - REG 1 - Saint maur - 1ER TOUR REGIONAL IDF 1 FEMMES EQUIPES 2 FRANCONVILLE GENEVILLIERS VGA,2024-10-19,SEN Men 89,NGUYEN Minh,82.3,90.0,95.0,97.0,110.0,115.0,-120.0,97.0,115.0,212.0
IDF - REG 1 - Saint maur - 1ER TOUR REGIONAL IDF 1 FEMMES EQUIPES 2 FRANCONVILLE GENEVILLIERS VGA,2024-10-19,SEN Men 89,LEE Jung ho,84.2,90.0,95.0,98.0,110.0,-115.0,115.0,98.0,115.0,213.0
IDF - REG 1 - Saint maur - 1ER TOUR REGIONAL IDF 1 FEMMES EQUIPES 2 FRANCONVILLE GENEVILLIERS VGA,2024-10-19,SEN Men 89,LAMOTHE Francois,85.3,80.0,85.0,90.0,105.0,112.0,-116.0,90.0,112.0,202.0
IDF - REG 1 - Saint maur - 1ER TOUR REGIONAL IDF 1 FEMMES EQUIPES 2 FRANCONVILLE GENEVILLIERS VGA,2024-10-19,SEN Men 89,HAMANT Alexandre,87.5,72.0,74.0,76.0,92.0,95.0,100.0,76.0,100.0,176.0
IDF - REG 1 - Saint maur - 1ER TOUR REGIONAL IDF 1 FEMMES EQUIPES 2 FRANCONVILLE GENEVILLIERS VGA,2024-10-19,SEN Men 96,OMIDVAR Alireza,93.2,-120.0,120.0,130.0,150.0,-160.0,-160.0,130.0,150.0,280.0
IDF - REG 1 - Saint maur - 1ER TOUR REGIONAL IDF 1 FEMMES EQUIPES 2 FRANCONVILLE GENEVILLIERS VGA,2024-10-19,SEN Men 96,VOTINOV Pavel,95.4,105.0,112.0,-120.0,135.0,-142.0,-150.0,112.0,135.0,247.0
IDF - REG 1 - Saint maur - 1ER TOUR REGIONAL IDF 1 FEMMES EQUIPES 2 FRANCONVILLE GENEVILLIERS VGA,2024-10-19,SEN Men >109,LAINEL Dorian,109.7,85.0,-88.0,-88.0,100.0,-105.0,-105.0,85.0,100.0,185.0
IDF - REG 1 - Saint maur - 1ER TOUR REGIONAL IDF 1 FEMMES EQUIPES 2 FRANCONVILLE GENEVILLIERS VGA,2024-10-19,SEN Women 49,CHUI Lynn,48.8,54.0,-56.0,-57.0,68.0,-71.0,-71.0,54.0,68.0,122.0
IDF - REG 1 - Saint maur - 1ER TOUR REGIONAL IDF 1 FEMMES EQUIPES 2 FRANCONVILLE GENEVILLIERS VGA,2024-10-19,SEN Women 64,MOUSSA Sihame,62.0,40.0,45.0,50.0,45.0,-50.0,52.0,50.0,52.0,102.0
IDF - REG 1 - Saint maur - 1ER TOUR REGIONAL IDF 1 FEMMES EQUIPES 2 FRANCONVILLE GENEVILLIERS VGA,2024-10-19,SEN Women 71,BESBAS Saida,64.8,35.0,40.0,-45.0,50.0,-53.0,-53.0,40.0,50.0,90.0
IDF - REG 1 - Saint maur - 1ER TOUR REGIONAL IDF 1 FEMMES EQUIPES 2 FRANCONVILLE GENEVILLIERS VGA,2024-10-19,SEN Women 76,MOUCHET Alix,74.7,45.0,50.0,53.0,55.0,60.0,-62.0,53.0,60.0,113.0
IDF - REG 1 - Saint maur - 1ER TOUR REGIONAL IDF 1 FEMMES EQUIPES 2 FRANCONVILLE GENEVILLIERS VGA,2024-10-19,SEN Women 87,SISSOKO Tiguida,81.1,45.0,50.0,52.0,58.0,62.0,-65.0,52.0,62.0,114.0
IDF - REG 1 - Saint maur - 1ER TOUR REGIONAL IDF 1 FEMMES EQUIPES 2 FRANCONVILLE GENEVILLIERS VGA,2024-10-19,SEN Women >87,ABBE Kelly,90.0,50.0,53.0,55.0,63.0,65.0,-71.0,55.0,65.0,120.0
IDF - REG 1 - Saint maur - 1ER TOUR REGIONAL IDF 1 FEMMES EQUIPES 2 FRANCONVILLE GENEVILLIERS VGA,2024-10-19,SEN Men 73,JAFFAR Hussein,73.0,74.0,78.0,-80.0,89.0,-92.0,-92.0,78.0,89.0,167.0
IDF - REG 1 - Saint maur - 1ER TOUR REGIONAL IDF 1 FEMMES EQUIPES 2 FRANCONVILLE GENEVILLIERS VGA,2024-10-19,SEN Men 73,ANTON Basile,72.1,55.0,-60.0,-62.0,70.0,80.0,-85.0,55.0,80.0,135.0
IDF - REG 1 - Saint maur - 1ER TOUR REGIONAL IDF 1 FEMMES EQUIPES 2 FRANCONVILLE GENEVILLIERS VGA,2024-10-19,SEN Men 81,DA FONSECA Raphael,78.4,95.0,100.0,104.0,123.0,126.0,131.0,104.0,131.0,235.0
IDF - REG 1 - Saint maur - 1ER TOUR REGIONAL IDF 1 FEMMES EQUIPES 2 FRANCONVILLE GENEVILLIERS VGA,2024-10-19,SEN Men 89,NGUYEN Minh,82.3,90.0,95.0,97.0,110.0,115.0,-120.0,97.0,115.0,212.0
IDF - REG 1 - Saint maur - 1ER TOUR REGIONAL IDF 1 FEMMES EQUIPES 2 FRANCONVILLE GENEVILLIERS VGA,2024-10-19,SEN Men 89,LEE Jung ho,84.2,90.0,95.0,98.0,110.0,-115.0,115.0,98.0,115.0,213.0
IDF - REG 1 - Saint maur - 1ER TOUR REGIONAL IDF 1 FEMMES EQUIPES 2 FRANCONVILLE GENEVILLIERS VGA,2024-10-19,SEN Men 89,LAMOTHE Francois,85.3,80.0,85.0,90.0,105.0,112.0,-116.0,90.0,112.0,202.0
IDF - REG 1 - Saint maur - 1ER TOUR REGIONAL IDF 1 FEMMES EQUIPES 2 FRANCONVILLE GENEVILLIERS VGA,2024-10-19,SEN Men 89,HAMANT Alexandre,87.5,72.0,74.0,76.0,92.0,95.0,100.0,76.0,100.0,176.0
IDF - REG 1 - Saint maur - 1ER TOUR REGIONAL IDF 1 FEMMES EQUIPES 2 FRANCONVILLE GENEVILLIERS VGA,2024-10-19,SEN Men 96,OMIDVAR Alireza,93.2,-120.0,120.0,130.0,150.0,-160.0,-160.0,130.0,150.0,280.0
IDF - REG 1 - Saint maur - 1ER TOUR REGIONAL IDF 1 FEMMES EQUIPES 2 FRANCONVILLE GENEVILLIERS VGA,2024-10-19,SEN Men 96,VOTINOV Pavel,95.4,105.0,112.0,-120.0,135.0,-142.0,-150.0,112.0,135.0,247.0
IDF - REG 1 - Saint maur - 1ER TOUR REGIONAL IDF 1 FEMMES EQUIPES 2 FRANCONVILLE GENEVILLIERS VGA,2024-10-19,SEN Men >109,LAINEL Dorian,109.7,85.0,-88.0,-88.0,100.0,-105.0,-105.0,85.0,100.0,185.0
IDF - REG 1 - Saint maur - 1ER TOUR REGIONAL IDF 1 FEMMES EQUIPES 2 FRANCONVILLE GENEVILLIERS VGA,2024-10-19,SEN Women 49,CHUI Lynn,48.8,54.0,-56.0,-57.0,68.0,-71.0,-71.0,54.0,68.0,122.0
IDF - REG 1 - Saint maur - 1ER TOUR REGIONAL IDF 1 FEMMES EQUIPES 2 FRANCONVILLE GENEVILLIERS VGA,2024-10-19,SEN Women 64,MOUSSA Sihame,62.0,40.0,45.0,50.0,45.0,-50.0,52.0,50.0,52.0,102.0
IDF - REG 1 - Saint maur - 1ER TOUR REGIONAL IDF 1 FEMMES EQUIPES 2 FRANCONVILLE GENEVILLIERS VGA,2024-10-19,SEN Women 71,BESBAS Saida,64.8,35.0,40.0,-45.0,50.0,-53.0,-53.0,40.0,50.0,90.0
IDF - REG 1 - Saint maur - 1ER TOUR REGIONAL IDF 1 FEMMES EQUIPES 2 FRANCONVILLE GENEVILLIERS VGA,2024-10-19,SEN Women 76,MOUCHET Alix,74.7,45.0,50.0,53.0,55.0,60.0,-62.0,53.0,60.0,113.0
IDF - REG 1 - Saint maur - 1ER TOUR REGIONAL IDF 1 FEMMES EQUIPES 2 FRANCONVILLE GENEVILLIERS VGA,2024-10-19,SEN Women 87,SISSOKO Tiguida,81.1,45.0,50.0,52.0,58.0,62.0,-65.0,52.0,62.0,114.0
IDF - REG 1 - Saint maur - 1ER TOUR REGIONAL IDF 1 FEMMES EQUIPES 2 FRANCONVILLE GENEVILLIERS VGA,2024-10-19,SEN Women >87,ABBE Kelly,90.0,50.0,53.0,55.0,63.0,65.0,-71.0,55.0,65.0,120.0
IDF - REG 1 - Saint maur - 1ER TOUR REGIONAL IDF 1 FEMMES EQUIPES 2 FRANCONVILLE GENEVILLIERS VGA,2024-10-19,U17 Women 76,DUGARDIN Maeva,71.5,40.0,44.0,47.0,50.0,55.0,-58.0,47.0,55.0,102.0
IDF - REG 1 - Saint maur - 1ER TOUR REGIONAL IDF 1 FEMMES EQUIPES 2 FRANCONVILLE GENEVILLIERS VGA,2024-10-19,SEN Women 59,POURRE Adeline,56.7,63.0,66.0,69.0,83.0,86.0,88.0,69.0,88.0,157.0
IDF - REG 1 - Saint maur - 1ER TOUR REGIONAL IDF 1 FEMMES EQUIPES 2 FRANCONVILLE GENEVILLIERS VGA,2024-10-19,SEN Women 59,BRETELLE Rose,59.0,48.0,53.0,56.0,68.0,-75.0,-78.0,56.0,68.0,124.0
IDF - REG 1 - Saint maur - 1ER TOUR REGIONAL IDF 1 FEMMES EQUIPES 2 FRANCONVILLE GENEVILLIERS VGA,2024-10-19,SEN Women 59,BLANCHET Esther,55.6,40.0,43.0,-45.0,50.0,55.0,-58.0,43.0,55.0,98.0
IDF - REG 1 - Saint maur - 1ER TOUR REGIONAL IDF 1 FEMMES EQUIPES 2 FRANCONVILLE GENEVILLIERS VGA,2024-10-19,SEN Women 64,LOISNARD Alissia,63.2,53.0,58.0,-62.0,-70.0,-70.0,70.0,58.0,70.0,128.0
IDF - REG 1 - Saint maur - 1ER TOUR REGIONAL IDF 1 FEMMES EQUIPES 2 FRANCONVILLE GENEVILLIERS VGA,2024-10-19,SEN Women 64,FRILLEY Brenda,59.6,45.0,48.0,-51.0,62.0,65.0,-70.0,48.0,65.0,113.0
IDF - REG 1 - Saint maur - 1ER TOUR REGIONAL IDF 1 FEMMES EQUIPES 2 FRANCONVILLE GENEVILLIERS VGA,2024-10-19,SEN Women 64,VICAINNE Marion,60.5,30.0,32.0,34.0,40.0,43.0,-46.0,34.0,43.0,77.0
IDF - REG 1 - Saint maur - 1ER TOUR REGIONAL IDF 1 FEMMES EQUIPES 2 FRANCONVILLE GENEVILLIERS VGA,2024-10-19,SEN Women 71,PAILLARD Mailys,66.3,67.0,70.0,-72.0,84.0,87.0,90.0,70.0,90.0,160.0
IDF - REG 1 - Saint maur - 1ER TOUR REGIONAL IDF 1 FEMMES EQUIPES 2 FRANCONVILLE GENEVILLIERS VGA,2024-10-19,SEN Women 71,SALMI EL IDRISSI Lina,69.6,53.0,56.0,-60.0,72.0,76.0,-81.0,56.0,76.0,132.0
IDF - REG 1 - Saint maur - 1ER TOUR REGIONAL IDF 1 FEMMES EQUIPES 2 FRANCONVILLE GENEVILLIERS VGA,2024-10-19,SEN Women 71,BESBAS Nawel,66.2,45.0,50.0,-53.0,65.0,70.0,-73.0,50.0,70.0,120.0
IDF - REG 1 - Saint maur - 1ER TOUR REGIONAL IDF 1 FEMMES EQUIPES 2 FRANCONVILLE GENEVILLIERS VGA,2024-10-19,SEN Women 71,LEMOINE Jennifer,66.8,37.0,39.0,41.0,51.0,53.0,55.0,41.0,55.0,96.0
IDF - REG 1 - Saint maur - 1ER TOUR REGIONAL IDF 1 FEMMES EQUIPES 2 FRANCONVILLE GENEVILLIERS VGA,2024-10-19,SEN Women 76,DUMUR Armony,76.0,67.0,-72.0,73.0,90.0,95.0,98.0,73.0,98.0,171.0
IDF - REG 1 - Saint maur - 1ER TOUR REGIONAL IDF 1 FEMMES EQUIPES 2 FRANCONVILLE GENEVILLIERS VGA,2024-10-19,SEN Women 76,MAKOWSKI Eugénie,75.5,58.0,61.0,63.0,80.0,84.0,-88.0,63.0,84.0,147.0
IDF - REG 1 - Saint maur - 1ER TOUR REGIONAL IDF 1 FEMMES EQUIPES 2 FRANCONVILLE GENEVILLIERS VGA,2024-10-19,SEN Women 76,MBOULE Clarisse,72.6,47.0,50.0,-53.0,58.0,61.0,65.0,50.0,65.0,115.0
IDF - REG 1 - Saint maur - 1ER TOUR REGIONAL IDF 1 FEMMES EQUIPES 2 FRANCONVILLE GENEVILLIERS VGA,2024-10-19,SEN Women >87,ROUEK Rachel,89.6,55.0,-58.0,-60.0,-70.0,-70.0,-70.0,55.0,0.0,0.0
IDF - REG 1 - Saint maur - 1ER TOUR REGIONAL IDF 1 FEMMES EQUIPES 2 FRANCONVILLE GENEVILLIERS VGA,2024-10-19,U17 Women 76,DUGARDIN Maeva,71.5,40.0,44.0,47.0,50.0,55.0,-58.0,47.0,55.0,102.0
IDF - REG 1 - Saint maur - 1ER TOUR REGIONAL IDF 1 FEMMES EQUIPES 2 FRANCONVILLE GENEVILLIERS VGA,2024-10-19,SEN Women 59,POURRE Adeline,56.7,63.0,66.0,69.0,83.0,86.0,88.0,69.0,88.0,157.0
IDF - REG 1 - Saint maur - 1ER TOUR REGIONAL IDF 1 FEMMES EQUIPES 2 FRANCONVILLE GENEVILLIERS VGA,2024-10-19,SEN Women 59,BRETELLE Rose,59.0,48.0,53.0,56.0,68.0,-75.0,-78.0,56.0,68.0,124.0
IDF - REG 1 - Saint maur - 1ER TOUR REGIONAL IDF 1 FEMMES EQUIPES 2 FRANCONVILLE GENEVILLIERS VGA,2024-10-19,SEN Women 59,BLANCHET Esther,55.6,40.0,43.0,-45.0,50.0,55.0,-58.0,43.0,55.0,98.0
IDF - REG 1 - Saint maur - 1ER TOUR REGIONAL IDF 1 FEMMES EQUIPES 2 FRANCONVILLE GENEVILLIERS VGA,2024-10-19,SEN Women 64,LOISNARD Alissia,63.2,53.0,58.0,-62.0,-70.0,-70.0,70.0,58.0,70.0,128.0
IDF - REG 1 - Saint maur - 1ER TOUR REGIONAL IDF 1 FEMMES EQUIPES 2 FRANCONVILLE GENEVILLIERS VGA,2024-10-19,SEN Women 64,FRILLEY Brenda,59.6,45.0,48.0,-51.0,62.0,65.0,-70.0,48.0,65.0,113.0
IDF - REG 1 - Saint maur - 1ER TOUR REGIONAL IDF 1 FEMMES EQUIPES 2 FRANCONVILLE GENEVILLIERS VGA,2024-10-19,SEN Women 64,VICAINNE Marion,60.5,30.0,32.0,34.0,40.0,43.0,-46.0,34.0,43.0,77.0
IDF - REG 1 - Saint maur - 1ER TOUR REGIONAL IDF 1 FEMMES EQUIPES 2 FRANCONVILLE GENEVILLIERS VGA,2024-10-19,SEN Women 71,PAILLARD Mailys,66.3,67.0,70.0,-72.0,84.0,87.0,90.0,70.0,90.0,160.0
IDF - REG 1 - Saint maur - 1ER TOUR REGIONAL IDF 1 FEMMES EQUIPES 2 FRANCONVILLE GENEVILLIERS VGA,2024-10-19,SEN Women 71,SALMI EL IDRISSI Lina,69.6,53.0,56.0,-60.0,72.0,76.0,-81.0,56.0,76.0,132.0
IDF - REG 1 - Saint maur - 1ER TOUR REGIONAL IDF 1 FEMMES EQUIPES 2 FRANCONVILLE GENEVILLIERS VGA,2024-10-19,SEN Women 71,BESBAS Nawel,66.2,45.0,50.0,-53.0,65.0,70.0,-73.0,50.0,70.0,120.0
IDF - REG 1 - Saint maur - 1ER TOUR REGIONAL IDF 1 FEMMES EQUIPES 2 FRANCONVILLE GENEVILLIERS VGA,2024-10-19,SEN Women 71,LEMOINE Jennifer,66.8,37.0,39.0,41.0,51.0,53.0,55.0,41.0,55.0,96.0
IDF - REG 1 - Saint maur - 1ER TOUR REGIONAL IDF 1 FEMMES EQUIPES 2 FRANCONVILLE GENEVILLIERS VGA,2024-10-19,SEN Women 76,DUMUR Armony,76.0,67.0,-72.0,73.0,90.0,95.0,98.0,73.0,98.0,171.0
IDF - REG 1 - Saint maur - 1ER TOUR REGIONAL IDF 1 FEMMES EQUIPES 2 FRANCONVILLE GENEVILLIERS VGA,2024-10-19,SEN Women 76,MAKOWSKI Eugénie,75.5,58.0,61.0,63.0,80.0,84.0,-88.0,63.0,84.0,147.0
IDF - REG 1 - Saint maur - 1ER TOUR REGIONAL IDF 1 FEMMES EQUIPES 2 FRANCONVILLE GENEVILLIERS VGA,2024-10-19,SEN Women 76,MBOULE Clarisse,72.6,47.0,50.0,-53.0,58.0,61.0,65.0,50.0,65.0,115.0
IDF - REG 1 - Saint maur - 1ER TOUR REGIONAL IDF 1 FEMMES EQUIPES 2 FRANCONVILLE GENEVILLIERS VGA,2024-10-19,SEN Women >87,ROUEK Rachel,89.6,55.0,-58.0,-60.0,-70.0,-70.0,-70.0,55.0,0.0,0.0
IDF - REG 1 - Saint maur - 1ER TOUR REGIONAL IDF 1 FEMMES EQUIPES 2 FRANCONVILLE GENEVILLIERS VGA,2024-10-19,U20 Men 89,TCHINDA Noa,82.0,85.0,90.0,-95.0,100.0,105.0,-110.0,90.0,105.0,195.0
IDF - REG 1 - Saint maur - 1ER TOUR REGIONAL IDF 1 FEMMES EQUIPES 2 FRANCONVILLE GENEVILLIERS VGA,2024-10-19,SEN Men 61,RAIEL BALHAA Gregory,56.0,63.0,-68.0,68.0,75.0,-81.0,-86.0,68.0,75.0,143.0
IDF - REG 1 - Saint maur - 1ER TOUR REGIONAL IDF 1 FEMMES EQUIPES 2 FRANCONVILLE GENEVILLIERS VGA,2024-10-19,SEN Men 81,OLLIVIER Frederic,73.5,90.0,100.0,-105.0,118.0,-123.0,125.0,100.0,125.0,225.0
IDF - REG 1 - Saint maur - 1ER TOUR REGIONAL IDF 1 FEMMES EQUIPES 2 FRANCONVILLE GENEVILLIERS VGA,2024-10-19,SEN Men 81,KAUFMANN Nicolas,81.0,97.0,-102.0,102.0,122.0,-127.0,127.0,102.0,127.0,229.0
IDF - REG 1 - Saint maur - 1ER TOUR REGIONAL IDF 1 FEMMES EQUIPES 2 FRANCONVILLE GENEVILLIERS VGA,2024-10-19,SEN Men 81,MARTIN Vincent,75.0,85.0,90.0,-93.0,110.0,115.0,-120.0,90.0,115.0,205.0
IDF - REG 1 - Saint maur - 1ER TOUR REGIONAL IDF 1 FEMMES EQUIPES 2 FRANCONVILLE GENEVILLIERS VGA,2024-10-19,SEN Men 89,DEMEULEMEESTER Gregory,82.6,105.0,-110.0,110.0,135.0,140.0,146.0,110.0,146.0,256.0
IDF - REG 1 - Saint maur - 1ER TOUR REGIONAL IDF 1 FEMMES EQUIPES 2 FRANCONVILLE GENEVILLIERS VGA,2024-10-19,SEN Men 89,GONZAGUE-MOLONGO Elisée,82.0,92.0,98.0,102.0,116.0,120.0,126.0,102.0,126.0,228.0
IDF - REG 1 - Saint maur - 1ER TOUR REGIONAL IDF 1 FEMMES EQUIPES 2 FRANCONVILLE GENEVILLIERS VGA,2024-10-19,SEN Men 89,DAVID Bastien,83.5,91.0,96.0,100.0,115.0,120.0,125.0,100.0,125.0,225.0
IDF - REG 1 - Saint maur - 1ER TOUR REGIONAL IDF 1 FEMMES EQUIPES 2 FRANCONVILLE GENEVILLIERS VGA,2024-10-19,SEN Men 89,HESHMATI Sohrab,85.3,95.0,-100.0,-100.0,120.0,-124.0,-125.0,95.0,120.0,215.0
IDF - REG 1 - Saint maur - 1ER TOUR REGIONAL IDF 1 FEMMES EQUIPES 2 FRANCONVILLE GENEVILLIERS VGA,2024-10-19,SEN Men 89,NSOGA Kevin,86.6,85.0,90.0,-96.0,-105.0,105.0,110.0,90.0,110.0,200.0
IDF - REG 1 - Saint maur - 1ER TOUR REGIONAL IDF 1 FEMMES EQUIPES 2 FRANCONVILLE GENEVILLIERS VGA,2024-10-19,SEN Men 89,NASRI Nima,88.2,65.0,73.0,-80.0,90.0,101.0,-105.0,73.0,101.0,174.0
IDF - REG 1 - Saint maur - 1ER TOUR REGIONAL IDF 1 FEMMES EQUIPES 2 FRANCONVILLE GENEVILLIERS VGA,2024-10-19,SEN Men 96,CREUILLOT Charles,90.0,110.0,115.0,120.0,-140.0,140.0,150.0,120.0,150.0,270.0
IDF - REG 1 - Saint maur - 1ER TOUR REGIONAL IDF 1 FEMMES EQUIPES 2 FRANCONVILLE GENEVILLIERS VGA,2024-10-19,SEN Men 96,LEZIN Vivien,91.7,85.0,90.0,-97.0,115.0,-120.0,120.0,90.0,120.0,210.0
IDF - REG 1 - Saint maur - 1ER TOUR REGIONAL IDF 1 FEMMES EQUIPES 2 FRANCONVILLE GENEVILLIERS VGA,2024-10-19,SEN Men 102,GLEVAREC Maxence,97.8,102.0,106.0,-110.0,125.0,130.0,135.0,106.0,135.0,241.0
IDF - REG 1 - Saint maur - 1ER TOUR REGIONAL IDF 1 FEMMES EQUIPES 2 FRANCONVILLE GENEVILLIERS VGA,2024-10-19,SEN Men >109,UTIA Kutea,131.0,106.0,111.0,116.0,133.0,-138.0,-140.0,116.0,133.0,249.0
IDF - REG 1 - Saint maur - 1ER TOUR REGIONAL IDF 1 FEMMES EQUIPES 2 FRANCONVILLE GENEVILLIERS VGA,2024-10-19,U20 Men 89,TCHINDA Noa,82.0,85.0,90.0,-95.0,100.0,105.0,-110.0,90.0,105.0,195.0
IDF - REG 1 - Saint maur - 1ER TOUR REGIONAL IDF 1 FEMMES EQUIPES 2 FRANCONVILLE GENEVILLIERS VGA,2024-10-19,SEN Men 61,RAIEL BALHAA Gregory,56.0,63.0,-68.0,68.0,75.0,-81.0,-86.0,68.0,75.0,143.0
IDF - REG 1 - Saint maur - 1ER TOUR REGIONAL IDF 1 FEMMES EQUIPES 2 FRANCONVILLE GENEVILLIERS VGA,2024-10-19,SEN Men 81,OLLIVIER Frederic,73.5,90.0,100.0,-105.0,118.0,-123.0,125.0,100.0,125.0,225.0
IDF - REG 1 - Saint maur - 1ER TOUR REGIONAL IDF 1 FEMMES EQUIPES 2 FRANCONVILLE GENEVILLIERS VGA,2024-10-19,SEN Men 81,KAUFMANN Nicolas,81.0,97.0,-102.0,102.0,122.0,-127.0,127.0,102.0,127.0,229.0
IDF - REG 1 - Saint maur - 1ER TOUR REGIONAL IDF 1 FEMMES EQUIPES 2 FRANCONVILLE GENEVILLIERS VGA,2024-10-19,SEN Men 81,MARTIN Vincent,75.0,85.0,90.0,-93.0,110.0,115.0,-120.0,90.0,115.0,205.0
IDF - REG 1 - Saint maur - 1ER TOUR REGIONAL IDF 1 FEMMES EQUIPES 2 FRANCONVILLE GENEVILLIERS VGA,2024-10-19,SEN Men 89,DEMEULEMEESTER Gregory,82.6,105.0,-110.0,110.0,135.0,140.0,146.0,110.0,146.0,256.0
IDF - REG 1 - Saint maur - 1ER TOUR REGIONAL IDF 1 FEMMES EQUIPES 2 FRANCONVILLE GENEVILLIERS VGA,2024-10-19,SEN Men 89,GONZAGUE-MOLONGO Elisée,82.0,92.0,98.0,102.0,116.0,120.0,126.0,102.0,126.0,228.0
IDF - REG 1 - Saint maur - 1ER TOUR REGIONAL IDF 1 FEMMES EQUIPES 2 FRANCONVILLE GENEVILLIERS VGA,2024-10-19,SEN Men 89,DAVID Bastien,83.5,91.0,96.0,100.0,115.0,120.0,125.0,100.0,125.0,225.0
IDF - REG 1 - Saint maur - 1ER TOUR REGIONAL IDF 1 FEMMES EQUIPES 2 FRANCONVILLE GENEVILLIERS VGA,2024-10-19,SEN Men 89,HESHMATI Sohrab,85.3,95.0,-100.0,-100.0,120.0,-124.0,-125.0,95.0,120.0,215.0
IDF - REG 1 - Saint maur - 1ER TOUR REGIONAL IDF 1 FEMMES EQUIPES 2 FRANCONVILLE GENEVILLIERS VGA,2024-10-19,SEN Men 89,NSOGA Kevin,86.6,85.0,90.0,-96.0,-105.0,105.0,110.0,90.0,110.0,200.0
IDF - REG 1 - Saint maur - 1ER TOUR REGIONAL IDF 1 FEMMES EQUIPES 2 FRANCONVILLE GENEVILLIERS VGA,2024-10-19,SEN Men 89,NASRI Nima,88.2,65.0,73.0,-80.0,90.0,101.0,-105.0,73.0,101.0,174.0
IDF - REG 1 - Saint maur - 1ER TOUR REGIONAL IDF 1 FEMMES EQUIPES 2 FRANCONVILLE GENEVILLIERS VGA,2024-10-19,SEN Men 96,CREUILLOT Charles,90.0,110.0,115.0,120.0,-140.0,140.0,150.0,120.0,150.0,270.0
IDF - REG 1 - Saint maur - 1ER TOUR REGIONAL IDF 1 FEMMES EQUIPES 2 FRANCONVILLE GENEVILLIERS VGA,2024-10-19,SEN Men 96,LEZIN Vivien,91.7,85.0,90.0,-97.0,115.0,-120.0,120.0,90.0,120.0,210.0
IDF - REG 1 - Saint maur - 1ER TOUR REGIONAL IDF 1 FEMMES EQUIPES 2 FRANCONVILLE GENEVILLIERS VGA,2024-10-19,SEN Men 102,GLEVAREC Maxence,97.8,102.0,106.0,-110.0,125.0,130.0,135.0,106.0,135.0,241.0
IDF - REG 1 - Saint maur - 1ER TOUR REGIONAL IDF 1 FEMMES EQUIPES 2 FRANCONVILLE GENEVILLIERS VGA,2024-10-19,SEN Men >109,UTIA Kutea,131.0,106.0,111.0,116.0,133.0,-138.0,-140.0,116.0,133.0,249.0
IDF - REG 1 - Saint maur - 1ER TOUR REGIONAL IDF 1 FEMMES EQUIPES 2 FRANCONVILLE GENEVILLIERS VGA,2024-10-19,U15 Women 64,LOUAHEB Selma,63.8,25.0,30.0,-33.0,35.0,39.0,-41.0,30.0,39.0,69.0
IDF - REG 1 - Saint maur - 1ER TOUR REGIONAL IDF 1 FEMMES EQUIPES 2 FRANCONVILLE GENEVILLIERS VGA,2024-10-19,U20 Women 49,SALLES Lea,47.6,30.0,33.0,-36.0,43.0,-47.0,-47.0,33.0,43.0,76.0
IDF - REG 1 - Saint maur - 1ER TOUR REGIONAL IDF 1 FEMMES EQUIPES 2 FRANCONVILLE GENEVILLIERS VGA,2024-10-19,SEN Women 59,BARNAT Nawel,59.0,30.0,33.0,36.0,42.0,47.0,-53.0,36.0,47.0,83.0
IDF - REG 1 - Saint maur - 1ER TOUR REGIONAL IDF 1 FEMMES EQUIPES 2 FRANCONVILLE GENEVILLIERS VGA,2024-10-19,SEN Women 64,BIDEAULT Marthe,59.6,33.0,36.0,39.0,47.0,52.0,57.0,39.0,57.0,96.0
IDF - REG 1 - Saint maur - 1ER TOUR REGIONAL IDF 1 FEMMES EQUIPES 2 FRANCONVILLE GENEVILLIERS VGA,2024-10-19,SEN Women 87,CHAUVIN Selma,85.2,47.0,49.0,-51.0,58.0,61.0,-64.0,49.0,61.0,110.0
IDF - REG 1 - Saint maur - 1ER TOUR REGIONAL IDF 1 FEMMES EQUIPES 2 FRANCONVILLE GENEVILLIERS VGA,2024-10-19,SEN Women 87,IDIRI Massinissa,84.1,40.0,44.0,47.0,58.0,61.0,-64.0,47.0,61.0,108.0
IDF - REG 1 - Saint maur - 1ER TOUR REGIONAL IDF 1 FEMMES EQUIPES 2 FRANCONVILLE GENEVILLIERS VGA,2024-10-19,U20 Men 67,FAELENS Noah,65.9,60.0,65.0,70.0,80.0,85.0,90.0,70.0,90.0,160.0
IDF - REG 1 - Saint maur - 1ER TOUR REGIONAL IDF 1 FEMMES EQUIPES 2 FRANCONVILLE GENEVILLIERS VGA,2024-10-19,SEN Men 89,BUSCAINO Ludovic,86.8,65.0,70.0,75.0,85.0,90.0,-95.0,75.0,90.0,165.0
IDF - REG 1 - Saint maur - 1ER TOUR REGIONAL IDF 1 FEMMES EQUIPES 2 FRANCONVILLE GENEVILLIERS VGA,2024-10-19,SEN Men 96,MONTANUY Yannick,96.0,47.0,50.0,-54.0,66.0,71.0,77.0,50.0,77.0,127.0
IDF - REG 1 - Saint maur - 1ER TOUR REGIONAL IDF 1 FEMMES EQUIPES 2 FRANCONVILLE GENEVILLIERS VGA,2024-10-19,SEN Men 102,RABAUD Anthony,97.7,110.0,-115.0,-120.0,130.0,135.0,140.0,110.0,140.0,250.0
IDF - REG 1 - Saint maur - 1ER TOUR REGIONAL IDF 1 FEMMES EQUIPES 2 FRANCONVILLE GENEVILLIERS VGA,2024-10-19,SEN Men 109,LE VIENNESSE Tony,108.3,75.0,79.0,82.0,83.0,87.0,90.0,82.0,90.0,172.0
IDF - REG 1 - Saint maur - 1ER TOUR REGIONAL IDF 1 FEMMES EQUIPES 2 FRANCONVILLE GENEVILLIERS VGA,2024-10-19,SEN Men >109,ABDEBREIMAN Jordan,112.9,65.0,70.0,78.0,80.0,92.0,100.0,78.0,100.0,178.0
IDF - REG 1 - Saint maur - 1ER TOUR REGIONAL IDF 1 FEMMES EQUIPES 2 FRANCONVILLE GENEVILLIERS VGA,2024-10-19,U15 Women 64,LOUAHEB Selma,63.8,25.0,30.0,-33.0,35.0,39.0,-41.0,30.0,39.0,69.0
IDF - REG 1 - Saint maur - 1ER TOUR REGIONAL IDF 1 FEMMES EQUIPES 2 FRANCONVILLE GENEVILLIERS VGA,2024-10-19,U20 Women 49,SALLES Lea,47.6,30.0,33.0,-36.0,43.0,-47.0,-47.0,33.0,43.0,76.0
IDF - REG 1 - Saint maur - 1ER TOUR REGIONAL IDF 1 FEMMES EQUIPES 2 FRANCONVILLE GENEVILLIERS VGA,2024-10-19,SEN Women 59,BARNAT Nawel,59.0,30.0,33.0,36.0,42.0,47.0,-53.0,36.0,47.0,83.0
IDF - REG 1 - Saint maur - 1ER TOUR REGIONAL IDF 1 FEMMES EQUIPES 2 FRANCONVILLE GENEVILLIERS VGA,2024-10-19,SEN Women 64,BIDEAULT Marthe,59.6,33.0,36.0,39.0,47.0,52.0,57.0,39.0,57.0,96.0
IDF - REG 1 - Saint maur - 1ER TOUR REGIONAL IDF 1 FEMMES EQUIPES 2 FRANCONVILLE GENEVILLIERS VGA,2024-10-19,SEN Women 87,CHAUVIN Selma,85.2,47.0,49.0,-51.0,58.0,61.0,-64.0,49.0,61.0,110.0
IDF - REG 1 - Saint maur - 1ER TOUR REGIONAL IDF 1 FEMMES EQUIPES 2 FRANCONVILLE GENEVILLIERS VGA,2024-10-19,SEN Women 87,IDIRI Massinissa,84.1,40.0,44.0,47.0,58.0,61.0,-64.0,47.0,61.0,108.0
IDF - REG 1 - Saint maur - 1ER TOUR REGIONAL IDF 1 FEMMES EQUIPES 2 FRANCONVILLE GENEVILLIERS VGA,2024-10-19,U20 Men 67,FAELENS Noah,65.9,60.0,65.0,70.0,80.0,85.0,90.0,70.0,90.0,160.0
IDF - REG 1 - Saint maur - 1ER TOUR REGIONAL IDF 1 FEMMES EQUIPES 2 FRANCONVILLE GENEVILLIERS VGA,2024-10-19,SEN Men 89,BUSCAINO Ludovic,86.8,65.0,70.0,75.0,85.0,90.0,-95.0,75.0,90.0,165.0
IDF - REG 1 - Saint maur - 1ER TOUR REGIONAL IDF 1 FEMMES EQUIPES 2 FRANCONVILLE GENEVILLIERS VGA,2024-10-19,SEN Men 96,MONTANUY Yannick,96.0,47.0,50.0,-54.0,66.0,71.0,77.0,50.0,77.0,127.0
IDF - REG 1 - Saint maur - 1ER TOUR REGIONAL IDF 1 FEMMES EQUIPES 2 FRANCONVILLE GENEVILLIERS VGA,2024-10-19,SEN Men 102,RABAUD Anthony,97.7,110.0,-115.0,-120.0,130.0,135.0,140.0,110.0,140.0,250.0
IDF - REG 1 - Saint maur - 1ER TOUR REGIONAL IDF 1 FEMMES EQUIPES 2 FRANCONVILLE GENEVILLIERS VGA,2024-10-19,SEN Men 109,LE VIENNESSE Tony,108.3,75.0,79.0,82.0,83.0,87.0,90.0,82.0,90.0,172.0
IDF - REG 1 - Saint maur - 1ER TOUR REGIONAL IDF 1 FEMMES EQUIPES 2 FRANCONVILLE GENEVILLIERS VGA,2024-10-19,SEN Men >109,ABDEBREIMAN Jordan,112.9,65.0,70.0,78.0,80.0,92.0,100.0,78.0,100.0,178.0
IDF - REG 1 - Saint maur - 1ER TOUR REGIONAL IDF 1 FEMMES EQUIPES 2 FRANCONVILLE GENEVILLIERS VGA,2024-10-19,U17 Women 64,LE NOC Orlane,62.5,40.0,42.0,-45.0,51.0,53.0,-55.0,42.0,53.0,95.0
IDF - REG 1 - Saint maur - 1ER TOUR REGIONAL IDF 1 FEMMES EQUIPES 2 FRANCONVILLE GENEVILLIERS VGA,2024-10-19,SEN Women 55,MARTINELLI Laetitia,52.8,43.0,46.0,-48.0,58.0,61.0,-63.0,46.0,61.0,107.0
IDF - REG 1 - Saint maur - 1ER TOUR REGIONAL IDF 1 FEMMES EQUIPES 2 FRANCONVILLE GENEVILLIERS VGA,2024-10-19,SEN Women 55,CORONEL Lorine,49.5,37.0,41.0,-44.0,50.0,54.0,-57.0,41.0,54.0,95.0
IDF - REG 1 - Saint maur - 1ER TOUR REGIONAL IDF 1 FEMMES EQUIPES 2 FRANCONVILLE GENEVILLIERS VGA,2024-10-19,SEN Women 59,BERTIER Elisa,58.6,32.0,35.0,-38.0,45.0,-50.0,-50.0,35.0,45.0,80.0
IDF - REG 1 - Saint maur - 1ER TOUR REGIONAL IDF 1 FEMMES EQUIPES 2 FRANCONVILLE GENEVILLIERS VGA,2024-10-19,SEN Women 64,SEJALON Laura,61.9,47.0,-51.0,51.0,57.0,61.0,64.0,51.0,64.0,115.0
IDF - REG 1 - Saint maur - 1ER TOUR REGIONAL IDF 1 FEMMES EQUIPES 2 FRANCONVILLE GENEVILLIERS VGA,2024-10-19,SEN Women 64,TIBO Valérie,62.3,43.0,-46.0,46.0,63.0,66.0,-70.0,46.0,66.0,112.0
IDF - REG 1 - Saint maur - 1ER TOUR REGIONAL IDF 1 FEMMES EQUIPES 2 FRANCONVILLE GENEVILLIERS VGA,2024-10-19,SEN Women 64,TARIFA Fatma,63.3,40.0,45.0,48.0,55.0,60.0,64.0,48.0,64.0,112.0
IDF - REG 1 - Saint maur - 1ER TOUR REGIONAL IDF 1 FEMMES EQUIPES 2 FRANCONVILLE GENEVILLIERS VGA,2024-10-19,SEN Women 64,LE NOC Lucile,63.4,49.0,-51.0,-51.0,60.0,-63.0,-63.0,49.0,60.0,109.0
IDF - REG 1 - Saint maur - 1ER TOUR REGIONAL IDF 1 FEMMES EQUIPES 2 FRANCONVILLE GENEVILLIERS VGA,2024-10-19,SEN Women 64,BELKHIRIA Soraya,61.9,45.0,-48.0,-48.0,-60.0,60.0,-63.0,45.0,60.0,105.0
IDF - REG 1 - Saint maur - 1ER TOUR REGIONAL IDF 1 FEMMES EQUIPES 2 FRANCONVILLE GENEVILLIERS VGA,2024-10-19,SEN Women 64,DOUCOURÉ Mantia,62.1,45.0,-49.0,-50.0,55.0,60.0,-66.0,45.0,60.0,105.0
IDF - REG 1 - Saint maur - 1ER TOUR REGIONAL IDF 1 FEMMES EQUIPES 2 FRANCONVILLE GENEVILLIERS VGA,2024-10-19,SEN Women 64,EVANO Marine,62.1,28.0,31.0,-33.0,40.0,-43.0,43.0,31.0,43.0,74.0
IDF - REG 1 - Saint maur - 1ER TOUR REGIONAL IDF 1 FEMMES EQUIPES 2 FRANCONVILLE GENEVILLIERS VGA,2024-10-19,SEN Women 71,BRILLON Lucie,69.4,38.0,40.0,-44.0,51.0,54.0,-57.0,40.0,54.0,94.0
IDF - REG 1 - Saint maur - 1ER TOUR REGIONAL IDF 1 FEMMES EQUIPES 2 FRANCONVILLE GENEVILLIERS VGA,2024-10-19,SEN Women 71,JU Sohyun,66.6,33.0,-36.0,-36.0,45.0,48.0,-50.0,33.0,48.0,81.0
IDF - REG 1 - Saint maur - 1ER TOUR REGIONAL IDF 1 FEMMES EQUIPES 2 FRANCONVILLE GENEVILLIERS VGA,2024-10-19,SEN Women 87,GUERRERO Leslie,82.7,43.0,46.0,-48.0,55.0,60.0,-63.0,46.0,60.0,106.0
IDF - REG 1 - Saint maur - 1ER TOUR REGIONAL IDF 1 FEMMES EQUIPES 2 FRANCONVILLE GENEVILLIERS VGA,2024-10-19,SEN Women 87,TOURAINE HELIAS Kyla,83.9,40.0,43.0,45.0,48.0,52.0,-56.0,45.0,52.0,97.0
IDF - REG 1 - Saint maur - 1ER TOUR REGIONAL IDF 1 FEMMES EQUIPES 2 FRANCONVILLE GENEVILLIERS VGA,2024-10-19,U17 Women 64,LE NOC Orlane,62.5,40.0,42.0,-45.0,51.0,53.0,-55.0,42.0,53.0,95.0
IDF - REG 1 - Saint maur - 1ER TOUR REGIONAL IDF 1 FEMMES EQUIPES 2 FRANCONVILLE GENEVILLIERS VGA,2024-10-19,SEN Women 55,MARTINELLI Laetitia,52.8,43.0,46.0,-48.0,58.0,61.0,-63.0,46.0,61.0,107.0
IDF - REG 1 - Saint maur - 1ER TOUR REGIONAL IDF 1 FEMMES EQUIPES 2 FRANCONVILLE GENEVILLIERS VGA,2024-10-19,SEN Women 55,CORONEL Lorine,49.5,37.0,41.0,-44.0,50.0,54.0,-57.0,41.0,54.0,95.0
IDF - REG 1 - Saint maur - 1ER TOUR REGIONAL IDF 1 FEMMES EQUIPES 2 FRANCONVILLE GENEVILLIERS VGA,2024-10-19,SEN Women 59,BERTIER Elisa,58.6,32.0,35.0,-38.0,45.0,-50.0,-50.0,35.0,45.0,80.0
IDF - REG 1 - Saint maur - 1ER TOUR REGIONAL IDF 1 FEMMES EQUIPES 2 FRANCONVILLE GENEVILLIERS VGA,2024-10-19,SEN Women 64,SEJALON Laura,61.9,47.0,-51.0,51.0,57.0,61.0,64.0,51.0,64.0,115.0
IDF - REG 1 - Saint maur - 1ER TOUR REGIONAL IDF 1 FEMMES EQUIPES 2 FRANCONVILLE GENEVILLIERS VGA,2024-10-19,SEN Women 64,TIBO Valérie,62.3,43.0,-46.0,46.0,63.0,66.0,-70.0,46.0,66.0,112.0
IDF - REG 1 - Saint maur - 1ER TOUR REGIONAL IDF 1 FEMMES EQUIPES 2 FRANCONVILLE GENEVILLIERS VGA,2024-10-19,SEN Women 64,TARIFA Fatma,63.3,40.0,45.0,48.0,55.0,60.0,64.0,48.0,64.0,112.0
IDF - REG 1 - Saint maur - 1ER TOUR REGIONAL IDF 1 FEMMES EQUIPES 2 FRANCONVILLE GENEVILLIERS VGA,2024-10-19,SEN Women 64,LE NOC Lucile,63.4,49.0,-51.0,-51.0,60.0,-63.0,-63.0,49.0,60.0,109.0
IDF - REG 1 - Saint maur - 1ER TOUR REGIONAL IDF 1 FEMMES EQUIPES 2 FRANCONVILLE GENEVILLIERS VGA,2024-10-19,SEN Women 64,BELKHIRIA Soraya,61.9,45.0,-48.0,-48.0,-60.0,60.0,-63.0,45.0,60.0,105.0
IDF - REG 1 - Saint maur - 1ER TOUR REGIONAL IDF 1 FEMMES EQUIPES 2 FRANCONVILLE GENEVILLIERS VGA,2024-10-19,SEN Women 64,DOUCOURÉ Mantia,62.1,45.0,-49.0,-50.0,55.0,60.0,-66.0,45.0,60.0,105.0
IDF - REG 1 - Saint maur - 1ER TOUR REGIONAL IDF 1 FEMMES EQUIPES 2 FRANCONVILLE GENEVILLIERS VGA,2024-10-19,SEN Women 64,EVANO Marine,62.1,28.0,31.0,-33.0,40.0,-43.0,43.0,31.0,43.0,74.0
IDF - REG 1 - Saint maur - 1ER TOUR REGIONAL IDF 1 FEMMES EQUIPES 2 FRANCONVILLE GENEVILLIERS VGA,2024-10-19,SEN Women 71,BRILLON Lucie,69.4,38.0,40.0,-44.0,51.0,54.0,-57.0,40.0,54.0,94.0
IDF - REG 1 - Saint maur - 1ER TOUR REGIONAL IDF 1 FEMMES EQUIPES 2 FRANCONVILLE GENEVILLIERS VGA,2024-10-19,SEN Women 71,JU Sohyun,66.6,33.0,-36.0,-36.0,45.0,48.0,-50.0,33.0,48.0,81.0
IDF - REG 1 - Saint maur - 1ER TOUR REGIONAL IDF 1 FEMMES EQUIPES 2 FRANCONVILLE GENEVILLIERS VGA,2024-10-19,SEN Women 87,GUERRERO Leslie,82.7,43.0,46.0,-48.0,55.0,60.0,-63.0,46.0,60.0,106.0
IDF - REG 1 - Saint maur - 1ER TOUR REGIONAL IDF 1 FEMMES EQUIPES 2 FRANCONVILLE GENEVILLIERS VGA,2024-10-19,SEN Women 87,TOURAINE HELIAS Kyla,83.9,40.0,43.0,45.0,48.0,52.0,-56.0,45.0,52.0,97.0
IDF - REG 1 - Saint maur - 1ER TOUR REGIONAL IDF 1 FEMMES EQUIPES 2 FRANCONVILLE GENEVILLIERS VGA,2024-10-19,SEN Men 73,SAADI Tiseme,71.2,85.0,88.0,-91.0,105.0,110.0,115.0,88.0,115.0,203.0
IDF - REG 1 - Saint maur - 1ER TOUR REGIONAL IDF 1 FEMMES EQUIPES 2 FRANCONVILLE GENEVILLIERS VGA,2024-10-19,SEN Men 81,JAROSZ Quentin,76.3,82.0,87.0,-91.0,112.0,-117.0,117.0,87.0,117.0,204.0
IDF - REG 1 - Saint maur - 1ER TOUR REGIONAL IDF 1 FEMMES EQUIPES 2 FRANCONVILLE GENEVILLIERS VGA,2024-10-19,SEN Men 81,BRETON Michael,73.4,-78.0,-78.0,78.0,95.0,100.0,-105.0,78.0,100.0,178.0
IDF - REG 1 - Saint maur - 1ER TOUR REGIONAL IDF 1 FEMMES EQUIPES 2 FRANCONVILLE GENEVILLIERS VGA,2024-10-19,SEN Men 81,LASERNA Fernando,76.2,68.0,70.0,74.0,92.0,-96.0,96.0,74.0,96.0,170.0
IDF - REG 1 - Saint maur - 1ER TOUR REGIONAL IDF 1 FEMMES EQUIPES 2 FRANCONVILLE GENEVILLIERS VGA,2024-10-19,SEN Men 81,LEFRANCS Dimitri,75.5,84.0,-90.0,-90.0,82.0,-83.0,-83.0,84.0,82.0,166.0
IDF - REG 1 - Saint maur - 1ER TOUR REGIONAL IDF 1 FEMMES EQUIPES 2 FRANCONVILLE GENEVILLIERS VGA,2024-10-19,SEN Men 81,HENAULT Thomas,75.9,70.0,76.0,-83.0,80.0,85.0,90.0,76.0,90.0,166.0
IDF - REG 1 - Saint maur - 1ER TOUR REGIONAL IDF 1 FEMMES EQUIPES 2 FRANCONVILLE GENEVILLIERS VGA,2024-10-19,SEN Men 81,KITAMURA Kiyotake,78.1,78.0,-81.0,82.0,85.0,-90.0,-90.0,82.0,85.0,167.0
IDF - REG 1 - Saint maur - 1ER TOUR REGIONAL IDF 1 FEMMES EQUIPES 2 FRANCONVILLE GENEVILLIERS VGA,2024-10-19,SEN Men 89,GIROT Loris,81.8,90.0,95.0,-100.0,115.0,120.0,125.0,95.0,125.0,220.0
IDF - REG 1 - Saint maur - 1ER TOUR REGIONAL IDF 1 FEMMES EQUIPES 2 FRANCONVILLE GENEVILLIERS VGA,2024-10-19,SEN Men 89,SONDEREGGER Lucas,82.7,-90.0,90.0,-95.0,105.0,110.0,-115.0,90.0,110.0,200.0
IDF - REG 1 - Saint maur - 1ER TOUR REGIONAL IDF 1 FEMMES EQUIPES 2 FRANCONVILLE GENEVILLIERS VGA,2024-10-19,SEN Men 89,NGUYEN Sylvain,83.5,90.0,-95.0,95.0,100.0,-108.0,-108.0,95.0,100.0,195.0
IDF - REG 1 - Saint maur - 1ER TOUR REGIONAL IDF 1 FEMMES EQUIPES 2 FRANCONVILLE GENEVILLIERS VGA,2024-10-19,SEN Men 89,LE VIENNESSE Stephane,83.1,-83.0,-83.0,83.0,90.0,100.0,-110.0,83.0,100.0,183.0
IDF - REG 1 - Saint maur - 1ER TOUR REGIONAL IDF 1 FEMMES EQUIPES 2 FRANCONVILLE GENEVILLIERS VGA,2024-10-19,SEN Men 89,SALAMBEAU Morgan,82.2,-85.0,-85.0,-85.0,110.0,-117.0,117.0,0.0,117.0,0.0
IDF - REG 1 - Saint maur - 1ER TOUR REGIONAL IDF 1 FEMMES EQUIPES 2 FRANCONVILLE GENEVILLIERS VGA,2024-10-19,SEN Men 89,COSTA Mickael,88.8,98.0,102.0,-105.0,-128.0,-128.0,-128.0,102.0,0.0,0.0
IDF - REG 1 - Saint maur - 1ER TOUR REGIONAL IDF 1 FEMMES EQUIPES 2 FRANCONVILLE GENEVILLIERS VGA,2024-10-19,SEN Men 96,CARLIER Vincent,95.7,104.0,108.0,111.0,124.0,128.0,-132.0,111.0,128.0,239.0
IDF - REG 1 - Saint maur - 1ER TOUR REGIONAL IDF 1 FEMMES EQUIPES 2 FRANCONVILLE GENEVILLIERS VGA,2024-10-19,SEN Men 96,DEMRI Mikael,93.1,56.0,60.0,-66.0,96.0,-101.0,-103.0,60.0,96.0,156.0
IDF - REG 1 - Saint maur - 1ER TOUR REGIONAL IDF 1 FEMMES EQUIPES 2 FRANCONVILLE GENEVILLIERS VGA,2024-10-19,SEN Men 73,SAADI Tiseme,71.2,85.0,88.0,-91.0,105.0,110.0,115.0,88.0,115.0,203.0
IDF - REG 1 - Saint maur - 1ER TOUR REGIONAL IDF 1 FEMMES EQUIPES 2 FRANCONVILLE GENEVILLIERS VGA,2024-10-19,SEN Men 81,JAROSZ Quentin,76.3,82.0,87.0,-91.0,112.0,-117.0,117.0,87.0,117.0,204.0
IDF - REG 1 - Saint maur - 1ER TOUR REGIONAL IDF 1 FEMMES EQUIPES 2 FRANCONVILLE GENEVILLIERS VGA,2024-10-19,SEN Men 81,BRETON Michael,73.4,-78.0,-78.0,78.0,95.0,100.0,-105.0,78.0,100.0,178.0
IDF - REG 1 - Saint maur - 1ER TOUR REGIONAL IDF 1 FEMMES EQUIPES 2 FRANCONVILLE GENEVILLIERS VGA,2024-10-19,SEN Men 81,LASERNA Fernando,76.2,68.0,70.0,74.0,92.0,-96.0,96.0,74.0,96.0,170.0
IDF - REG 1 - Saint maur - 1ER TOUR REGIONAL IDF 1 FEMMES EQUIPES 2 FRANCONVILLE GENEVILLIERS VGA,2024-10-19,SEN Men 81,LEFRANCS Dimitri,75.5,84.0,-90.0,-90.0,82.0,-83.0,-83.0,84.0,82.0,166.0
IDF - REG 1 - Saint maur - 1ER TOUR REGIONAL IDF 1 FEMMES EQUIPES 2 FRANCONVILLE GENEVILLIERS VGA,2024-10-19,SEN Men 81,HENAULT Thomas,75.9,70.0,76.0,-83.0,80.0,85.0,90.0,76.0,90.0,166.0
IDF - REG 1 - Saint maur - 1ER TOUR REGIONAL IDF 1 FEMMES EQUIPES 2 FRANCONVILLE GENEVILLIERS VGA,2024-10-19,SEN Men 81,KITAMURA Kiyotake,78.1,78.0,-81.0,82.0,85.0,-90.0,-90.0,82.0,85.0,167.0
IDF - REG 1 - Saint maur - 1ER TOUR REGIONAL IDF 1 FEMMES EQUIPES 2 FRANCONVILLE GENEVILLIERS VGA,2024-10-19,SEN Men 89,GIROT Loris,81.8,90.0,95.0,-100.0,115.0,120.0,125.0,95.0,125.0,220.0
IDF - REG 1 - Saint maur - 1ER TOUR REGIONAL IDF 1 FEMMES EQUIPES 2 FRANCONVILLE GENEVILLIERS VGA,2024-10-19,SEN Men 89,SONDEREGGER Lucas,82.7,-90.0,90.0,-95.0,105.0,110.0,-115.0,90.0,110.0,200.0
IDF - REG 1 - Saint maur - 1ER TOUR REGIONAL IDF 1 FEMMES EQUIPES 2 FRANCONVILLE GENEVILLIERS VGA,2024-10-19,SEN Men 89,NGUYEN Sylvain,83.5,90.0,-95.0,95.0,100.0,-108.0,-108.0,95.0,100.0,195.0
IDF - REG 1 - Saint maur - 1ER TOUR REGIONAL IDF 1 FEMMES EQUIPES 2 FRANCONVILLE GENEVILLIERS VGA,2024-10-19,SEN Men 89,LE VIENNESSE Stephane,83.1,-83.0,-83.0,83.0,90.0,100.0,-110.0,83.0,100.0,183.0
IDF - REG 1 - Saint maur - 1ER TOUR REGIONAL IDF 1 FEMMES EQUIPES 2 FRANCONVILLE GENEVILLIERS VGA,2024-10-19,SEN Men 89,SALAMBEAU Morgan,82.2,-85.0,-85.0,-85.0,110.0,-117.0,117.0,0.0,117.0,0.0
IDF - REG 1 - Saint maur - 1ER TOUR REGIONAL IDF 1 FEMMES EQUIPES 2 FRANCONVILLE GENEVILLIERS VGA,2024-10-19,SEN Men 89,COSTA Mickael,88.8,98.0,102.0,-105.0,-128.0,-128.0,-128.0,102.0,0.0,0.0
IDF - REG 1 - Saint maur - 1ER TOUR REGIONAL IDF 1 FEMMES EQUIPES 2 FRANCONVILLE GENEVILLIERS VGA,2024-10-19,SEN Men 96,CARLIER Vincent,95.7,104.0,108.0,111.0,124.0,128.0,-132.0,111.0,128.0,239.0
IDF - REG 1 - Saint maur - 1ER TOUR REGIONAL IDF 1 FEMMES EQUIPES 2 FRANCONVILLE GENEVILLIERS VGA,2024-10-19,SEN Men 96,DEMRI Mikael,93.1,56.0,60.0,-66.0,96.0,-101.0,-103.0,60.0,96.0,156.0
IDF - REG 1 - Saint maur - 1ER TOUR REGIONAL IDF 1 FEMMES EQUIPES 2 FRANCONVILLE GENEVILLIERS VGA,2024-10-19,U15 Women 40,VIAUD Victoria,39.9,18.0,20.0,-22.0,20.0,23.0,26.0,20.0,26.0,46.0
IDF - REG 1 - Saint maur - 1ER TOUR REGIONAL IDF 1 FEMMES EQUIPES 2 FRANCONVILLE GENEVILLIERS VGA,2024-10-19,SEN Women 55,XU Emeline,54.9,33.0,36.0,-40.0,45.0,50.0,55.0,36.0,55.0,91.0
IDF - REG 1 - Saint maur - 1ER TOUR REGIONAL IDF 1 FEMMES EQUIPES 2 FRANCONVILLE GENEVILLIERS VGA,2024-10-19,SEN Women 55,MUNTEANU Louise,51.8,28.0,30.0,33.0,43.0,46.0,50.0,33.0,50.0,83.0
IDF - REG 1 - Saint maur - 1ER TOUR REGIONAL IDF 1 FEMMES EQUIPES 2 FRANCONVILLE GENEVILLIERS VGA,2024-10-19,SEN Women 59,CAMKIRAN Olgu,58.8,33.0,36.0,40.0,45.0,50.0,55.0,40.0,55.0,95.0
IDF - REG 1 - Saint maur - 1ER TOUR REGIONAL IDF 1 FEMMES EQUIPES 2 FRANCONVILLE GENEVILLIERS VGA,2024-10-19,U17 Men 73,URSU Alexandru,69.6,80.0,85.0,88.0,100.0,105.0,107.0,88.0,107.0,195.0
IDF - REG 1 - Saint maur - 1ER TOUR REGIONAL IDF 1 FEMMES EQUIPES 2 FRANCONVILLE GENEVILLIERS VGA,2024-10-19,SEN Men 61,GUANNOUNI Zied,58.4,50.0,60.0,70.0,70.0,80.0,90.0,70.0,90.0,160.0
IDF - REG 1 - Saint maur - 1ER TOUR REGIONAL IDF 1 FEMMES EQUIPES 2 FRANCONVILLE GENEVILLIERS VGA,2024-10-19,SEN Men 67,MEY Sovannarith,63.6,75.0,80.0,-83.0,90.0,-100.0,100.0,80.0,100.0,180.0
IDF - REG 1 - Saint maur - 1ER TOUR REGIONAL IDF 1 FEMMES EQUIPES 2 FRANCONVILLE GENEVILLIERS VGA,2024-10-19,SEN Men 67,GURUNG Subrat,64.5,70.0,75.0,77.0,85.0,90.0,95.0,77.0,95.0,172.0
IDF - REG 1 - Saint maur - 1ER TOUR REGIONAL IDF 1 FEMMES EQUIPES 2 FRANCONVILLE GENEVILLIERS VGA,2024-10-19,SEN Men 81,SULEJIC Alexandre,76.9,90.0,95.0,100.0,115.0,120.0,-125.0,100.0,120.0,220.0
IDF - REG 1 - Saint maur - 1ER TOUR REGIONAL IDF 1 FEMMES EQUIPES 2 FRANCONVILLE GENEVILLIERS VGA,2024-10-19,SEN Men 81,DEBRET Anthony,79.7,80.0,-85.0,85.0,110.0,115.0,120.0,85.0,120.0,205.0
IDF - REG 1 - Saint maur - 1ER TOUR REGIONAL IDF 1 FEMMES EQUIPES 2 FRANCONVILLE GENEVILLIERS VGA,2024-10-19,SEN Men 81,MORIOT Théo,74.8,75.0,80.0,85.0,100.0,105.0,110.0,85.0,110.0,195.0
IDF - REG 1 - Saint maur - 1ER TOUR REGIONAL IDF 1 FEMMES EQUIPES 2 FRANCONVILLE GENEVILLIERS VGA,2024-10-19,SEN Men 81,FRANCONVILLE Thibaut,74.2,60.0,65.0,70.0,80.0,85.0,90.0,70.0,90.0,160.0
IDF - REG 1 - Saint maur - 1ER TOUR REGIONAL IDF 1 FEMMES EQUIPES 2 FRANCONVILLE GENEVILLIERS VGA,2024-10-19,SEN Men 81,DE MAACK Alexis,81.0,50.0,60.0,70.0,70.0,80.0,90.0,70.0,90.0,160.0
IDF - REG 1 - Saint maur - 1ER TOUR REGIONAL IDF 1 FEMMES EQUIPES 2 FRANCONVILLE GENEVILLIERS VGA,2024-10-19,SEN Men 89,DOGU Dylan,87.5,75.0,-80.0,80.0,95.0,-100.0,100.0,80.0,100.0,180.0
IDF - REG 1 - Saint maur - 1ER TOUR REGIONAL IDF 1 FEMMES EQUIPES 2 FRANCONVILLE GENEVILLIERS VGA,2024-10-19,SEN Men 89,SAVA Andrei,85.5,-65.0,65.0,-70.0,-90.0,90.0,-95.0,65.0,90.0,155.0
IDF - REG 1 - Saint maur - 1ER TOUR REGIONAL IDF 1 FEMMES EQUIPES 2 FRANCONVILLE GENEVILLIERS VGA,2024-10-19,SEN Men 102,LEANDRI Guillaume,99.9,80.0,85.0,-90.0,100.0,105.0,110.0,85.0,110.0,195.0
IDF - REG 1 - Saint maur - 1ER TOUR REGIONAL IDF 1 FEMMES EQUIPES 2 FRANCONVILLE GENEVILLIERS VGA,2024-10-19,SEN Men 102,VIAUD Georges,97.0,-0.0,-0.0,-0.0,-0.0,-0.0,-0.0,0.0,0.0,0.0
IDF - REG 1 - Saint maur - 1ER TOUR REGIONAL IDF 1 FEMMES EQUIPES 2 FRANCONVILLE GENEVILLIERS VGA,2024-10-19,SEN Men >109,GABRIEL Tristan,125.0,40.0,45.0,-50.0,60.0,65.0,70.0,45.0,70.0,115.0
IDF - REG 1 - Saint maur - 1ER TOUR REGIONAL IDF 1 FEMMES EQUIPES 2 FRANCONVILLE GENEVILLIERS VGA,2024-10-19,U15 Women 40,VIAUD Victoria,39.9,18.0,20.0,-22.0,20.0,23.0,26.0,20.0,26.0,46.0
IDF - REG 1 - Saint maur - 1ER TOUR REGIONAL IDF 1 FEMMES EQUIPES 2 FRANCONVILLE GENEVILLIERS VGA,2024-10-19,SEN Women 55,XU Emeline,54.9,33.0,36.0,-40.0,45.0,50.0,55.0,36.0,55.0,91.0
IDF - REG 1 - Saint maur - 1ER TOUR REGIONAL IDF 1 FEMMES EQUIPES 2 FRANCONVILLE GENEVILLIERS VGA,2024-10-19,SEN Women 55,MUNTEANU Louise,51.8,28.0,30.0,33.0,43.0,46.0,50.0,33.0,50.0,83.0
IDF - REG 1 - Saint maur - 1ER TOUR REGIONAL IDF 1 FEMMES EQUIPES 2 FRANCONVILLE GENEVILLIERS VGA,2024-10-19,SEN Women 59,CAMKIRAN Olgu,58.8,33.0,36.0,40.0,45.0,50.0,55.0,40.0,55.0,95.0
IDF - REG 1 - Saint maur - 1ER TOUR REGIONAL IDF 1 FEMMES EQUIPES 2 FRANCONVILLE GENEVILLIERS VGA,2024-10-19,U17 Men 73,URSU Alexandru,69.6,80.0,85.0,88.0,100.0,105.0,107.0,88.0,107.0,195.0
IDF - REG 1 - Saint maur - 1ER TOUR REGIONAL IDF 1 FEMMES EQUIPES 2 FRANCONVILLE GENEVILLIERS VGA,2024-10-19,SEN Men 61,GUANNOUNI Zied,58.4,50.0,60.0,70.0,70.0,80.0,90.0,70.0,90.0,160.0
IDF - REG 1 - Saint maur - 1ER TOUR REGIONAL IDF 1 FEMMES EQUIPES 2 FRANCONVILLE GENEVILLIERS VGA,2024-10-19,SEN Men 67,MEY Sovannarith,63.6,75.0,80.0,-83.0,90.0,-100.0,100.0,80.0,100.0,180.0
IDF - REG 1 - Saint maur - 1ER TOUR REGIONAL IDF 1 FEMMES EQUIPES 2 FRANCONVILLE GENEVILLIERS VGA,2024-10-19,SEN Men 67,GURUNG Subrat,64.5,70.0,75.0,77.0,85.0,90.0,95.0,77.0,95.0,172.0
IDF - REG 1 - Saint maur - 1ER TOUR REGIONAL IDF 1 FEMMES EQUIPES 2 FRANCONVILLE GENEVILLIERS VGA,2024-10-19,SEN Men 81,SULEJIC Alexandre,76.9,90.0,95.0,100.0,115.0,120.0,-125.0,100.0,120.0,220.0
IDF - REG 1 - Saint maur - 1ER TOUR REGIONAL IDF 1 FEMMES EQUIPES 2 FRANCONVILLE GENEVILLIERS VGA,2024-10-19,SEN Men 81,DEBRET Anthony,79.7,80.0,-85.0,85.0,110.0,115.0,120.0,85.0,120.0,205.0
IDF - REG 1 - Saint maur - 1ER TOUR REGIONAL IDF 1 FEMMES EQUIPES 2 FRANCONVILLE GENEVILLIERS VGA,2024-10-19,SEN Men 81,MORIOT Théo,74.8,75.0,80.0,85.0,100.0,105.0,110.0,85.0,110.0,195.0
IDF - REG 1 - Saint maur - 1ER TOUR REGIONAL IDF 1 FEMMES EQUIPES 2 FRANCONVILLE GENEVILLIERS VGA,2024-10-19,SEN Men 81,FRANCONVILLE Thibaut,74.2,60.0,65.0,70.0,80.0,85.0,90.0,70.0,90.0,160.0
IDF - REG 1 - Saint maur - 1ER TOUR REGIONAL IDF 1 FEMMES EQUIPES 2 FRANCONVILLE GENEVILLIERS VGA,2024-10-19,SEN Men 81,DE MAACK Alexis,81.0,50.0,60.0,70.0,70.0,80.0,90.0,70.0,90.0,160.0
IDF - REG 1 - Saint maur - 1ER TOUR REGIONAL IDF 1 FEMMES EQUIPES 2 FRANCONVILLE GENEVILLIERS VGA,2024-10-19,SEN Men 89,DOGU Dylan,87.5,75.0,-80.0,80.0,95.0,-100.0,100.0,80.0,100.0,180.0
IDF - REG 1 - Saint maur - 1ER TOUR REGIONAL IDF 1 FEMMES EQUIPES 2 FRANCONVILLE GENEVILLIERS VGA,2024-10-19,SEN Men 89,SAVA Andrei,85.5,-65.0,65.0,-70.0,-90.0,90.0,-95.0,65.0,90.0,155.0
IDF - REG 1 - Saint maur - 1ER TOUR REGIONAL IDF 1 FEMMES EQUIPES 2 FRANCONVILLE GENEVILLIERS VGA,2024-10-19,SEN Men 102,LEANDRI Guillaume,99.9,80.0,85.0,-90.0,100.0,105.0,110.0,85.0,110.0,195.0
IDF - REG 1 - Saint maur - 1ER TOUR REGIONAL IDF 1 FEMMES EQUIPES 2 FRANCONVILLE GENEVILLIERS VGA,2024-10-19,SEN Men 102,VIAUD Georges,97.0,-0.0,-0.0,-0.0,-0.0,-0.0,-0.0,0.0,0.0,0.0
IDF - REG 1 - Saint maur - 1ER TOUR REGIONAL IDF 1 FEMMES EQUIPES 2 FRANCONVILLE GENEVILLIERS VGA,2024-10-19,SEN Men >109,GABRIEL Tristan,125.0,40.0,45.0,-50.0,60.0,65.0,70.0,45.0,70.0,115.0
IDF - REG 1 - Saint maur - 1ER TOUR REGIONAL IDF 1 FEMMES EQUIPES 2 FRANCONVILLE GENEVILLIERS VGA,2024-10-19,U15 Men 55,MONIER Thibaut,53.55,37.0,39.0,41.0,47.0,49.0,51.0,41.0,51.0,92.0
IDF - REG 1 - Saint maur - 1ER TOUR REGIONAL IDF 1 FEMMES EQUIPES 2 FRANCONVILLE GENEVILLIERS VGA,2024-10-19,U20 Men 67,LAMOUR Alexis,61.25,38.0,40.0,42.0,52.0,55.0,-57.0,42.0,55.0,97.0
IDF - REG 1 - Saint maur - 1ER TOUR REGIONAL IDF 1 FEMMES EQUIPES 2 FRANCONVILLE GENEVILLIERS VGA,2024-10-19,SEN Men 67,HORTEMEL Anthony,66.95,65.0,68.0,-71.0,90.0,94.0,-98.0,68.0,94.0,162.0
IDF - REG 1 - Saint maur - 1ER TOUR REGIONAL IDF 1 FEMMES EQUIPES 2 FRANCONVILLE GENEVILLIERS VGA,2024-10-19,SEN Men 73,ROOSEBEKE Bernard,67.4,-58.0,58.0,61.0,77.0,81.0,83.0,61.0,83.0,144.0
IDF - REG 1 - Saint maur - 1ER TOUR REGIONAL IDF 1 FEMMES EQUIPES 2 FRANCONVILLE GENEVILLIERS VGA,2024-10-19,SEN Men 73,MATHE Thomas,71.25,58.0,-61.0,63.0,80.0,83.0,86.0,63.0,86.0,149.0
IDF - REG 1 - Saint maur - 1ER TOUR REGIONAL IDF 1 FEMMES EQUIPES 2 FRANCONVILLE GENEVILLIERS VGA,2024-10-19,SEN Men 81,OLLEON Fabrice,73.7,68.0,73.0,76.0,99.0,104.0,-107.0,76.0,104.0,180.0
IDF - REG 1 - Saint maur - 1ER TOUR REGIONAL IDF 1 FEMMES EQUIPES 2 FRANCONVILLE GENEVILLIERS VGA,2024-10-19,SEN Men 89,PERIN Geoffrey,85.15,82.0,-85.0,-85.0,-100.0,100.0,-110.0,82.0,100.0,182.0
IDF - REG 1 - Saint maur - 1ER TOUR REGIONAL IDF 1 FEMMES EQUIPES 2 FRANCONVILLE GENEVILLIERS VGA,2024-10-19,SEN Men 89,FEVER Rosario,84.45,50.0,55.0,57.0,55.0,60.0,65.0,57.0,65.0,122.0
IDF - REG 1 - Saint maur - 1ER TOUR REGIONAL IDF 1 FEMMES EQUIPES 2 FRANCONVILLE GENEVILLIERS VGA,2024-10-19,SEN Men 109,GUILBERT Hugo,106.0,98.0,102.0,106.0,120.0,-125.0,125.0,106.0,125.0,231.0
IDF - REG 1 - Saint maur - 1ER TOUR REGIONAL IDF 1 FEMMES EQUIPES 2 FRANCONVILLE GENEVILLIERS VGA,2024-10-19,SEN Men >109,ALARD Jimmy,116.45,80.0,90.0,-100.0,110.0,120.0,130.0,90.0,130.0,220.0
IDF - REG 1 - Saint maur - 1ER TOUR REGIONAL IDF 1 FEMMES EQUIPES 2 FRANCONVILLE GENEVILLIERS VGA,2024-10-19,U15 Men 55,MONIER Thibaut,53.55,37.0,39.0,41.0,47.0,49.0,51.0,41.0,51.0,92.0
IDF - REG 1 - Saint maur - 1ER TOUR REGIONAL IDF 1 FEMMES EQUIPES 2 FRANCONVILLE GENEVILLIERS VGA,2024-10-19,U20 Men 67,LAMOUR Alexis,61.25,38.0,40.0,42.0,52.0,55.0,-57.0,42.0,55.0,97.0
IDF - REG 1 - Saint maur - 1ER TOUR REGIONAL IDF 1 FEMMES EQUIPES 2 FRANCONVILLE GENEVILLIERS VGA,2024-10-19,SEN Men 67,HORTEMEL Anthony,66.95,65.0,68.0,-71.0,90.0,94.0,-98.0,68.0,94.0,162.0
IDF - REG 1 - Saint maur - 1ER TOUR REGIONAL IDF 1 FEMMES EQUIPES 2 FRANCONVILLE GENEVILLIERS VGA,2024-10-19,SEN Men 73,ROOSEBEKE Bernard,67.4,-58.0,58.0,61.0,77.0,81.0,83.0,61.0,83.0,144.0
IDF - REG 1 - Saint maur - 1ER TOUR REGIONAL IDF 1 FEMMES EQUIPES 2 FRANCONVILLE GENEVILLIERS VGA,2024-10-19,SEN Men 73,MATHE Thomas,71.25,58.0,-61.0,63.0,80.0,83.0,86.0,63.0,86.0,149.0
IDF - REG 1 - Saint maur - 1ER TOUR REGIONAL IDF 1 FEMMES EQUIPES 2 FRANCONVILLE GENEVILLIERS VGA,2024-10-19,SEN Men 81,OLLEON Fabrice,73.7,68.0,73.0,76.0,99.0,104.0,-107.0,76.0,104.0,180.0
IDF - REG 1 - Saint maur - 1ER TOUR REGIONAL IDF 1 FEMMES EQUIPES 2 FRANCONVILLE GENEVILLIERS VGA,2024-10-19,SEN Men 89,PERIN Geoffrey,85.15,82.0,-85.0,-85.0,-100.0,100.0,-110.0,82.0,100.0,182.0
IDF - REG 1 - Saint maur - 1ER TOUR REGIONAL IDF 1 FEMMES EQUIPES 2 FRANCONVILLE GENEVILLIERS VGA,2024-10-19,SEN Men 89,FEVER Rosario,84.45,50.0,55.0,57.0,55.0,60.0,65.0,57.0,65.0,122.0
IDF - REG 1 - Saint maur - 1ER TOUR REGIONAL IDF 1 FEMMES EQUIPES 2 FRANCONVILLE GENEVILLIERS VGA,2024-10-19,SEN Men 109,GUILBERT Hugo,106.0,98.0,102.0,106.0,120.0,-125.0,125.0,106.0,125.0,231.0
IDF - REG 1 - Saint maur - 1ER TOUR REGIONAL IDF 1 FEMMES EQUIPES 2 FRANCONVILLE GENEVILLIERS VGA,2024-10-19,SEN Men >109,ALARD Jimmy,116.45,80.0,90.0,-100.0,110.0,120.0,130.0,90.0,130.0,220.0
IDF - REG 1 - Saint maur - 1ER TOUR REGIONAL IDF 1 FEMMES EQUIPES 2 FRANCONVILLE GENEVILLIERS VGA,2024-10-19,U20 Women >87,DODARD Mathilde,88.3,-45.0,47.0,50.0,55.0,60.0,63.0,50.0,63.0,113.0
IDF - REG 1 - Saint maur - 1ER TOUR REGIONAL IDF 1 FEMMES EQUIPES 2 FRANCONVILLE GENEVILLIERS VGA,2024-10-19,SEN Women 64,CARTOLANO Laura,60.2,52.0,55.0,-58.0,62.0,66.0,70.0,55.0,70.0,125.0
IDF - REG 1 - Saint maur - 1ER TOUR REGIONAL IDF 1 FEMMES EQUIPES 2 FRANCONVILLE GENEVILLIERS VGA,2024-10-19,SEN Women 64,JEANBLANC Estelle,62.4,38.0,43.0,-46.0,48.0,54.0,-58.0,43.0,54.0,97.0
IDF - REG 1 - Saint maur - 1ER TOUR REGIONAL IDF 1 FEMMES EQUIPES 2 FRANCONVILLE GENEVILLIERS VGA,2024-10-19,SEN Women 64,DIAKITE Dieneba,64.0,25.0,30.0,33.0,30.0,35.0,40.0,33.0,40.0,73.0
IDF - REG 1 - Saint maur - 1ER TOUR REGIONAL IDF 1 FEMMES EQUIPES 2 FRANCONVILLE GENEVILLIERS VGA,2024-10-19,SEN Women 71,CHARNIGA Kelly,68.6,57.0,59.0,61.0,75.0,78.0,80.0,61.0,80.0,141.0
IDF - REG 1 - Saint maur - 1ER TOUR REGIONAL IDF 1 FEMMES EQUIPES 2 FRANCONVILLE GENEVILLIERS VGA,2024-10-19,SEN Women 71,PRASZEZYNKI Louisa,65.7,-57.0,57.0,-61.0,70.0,-74.0,75.0,57.0,75.0,132.0
IDF - REG 1 - Saint maur - 1ER TOUR REGIONAL IDF 1 FEMMES EQUIPES 2 FRANCONVILLE GENEVILLIERS VGA,2024-10-19,SEN Women 71,PETITEVILLE Emilie,66.4,30.0,32.0,-36.0,38.0,42.0,-45.0,32.0,42.0,74.0
IDF - REG 1 - Saint maur - 1ER TOUR REGIONAL IDF 1 FEMMES EQUIPES 2 FRANCONVILLE GENEVILLIERS VGA,2024-10-19,SEN Women 71,BENLALA Messad,64.4,25.0,28.0,30.0,30.0,-35.0,-35.0,30.0,30.0,60.0
IDF - REG 1 - Saint maur - 1ER TOUR REGIONAL IDF 1 FEMMES EQUIPES 2 FRANCONVILLE GENEVILLIERS VGA,2024-10-19,SEN Women >87,BELL Leah,97.7,52.0,55.0,-58.0,65.0,70.0,74.0,55.0,74.0,129.0
IDF - REG 1 - Saint maur - 1ER TOUR REGIONAL IDF 1 FEMMES EQUIPES 2 FRANCONVILLE GENEVILLIERS VGA,2024-10-19,SEN Women >87,TUERNAL Floriane,115.3,48.0,52.0,55.0,62.0,66.0,-70.0,55.0,66.0,121.0
IDF - REG 1 - Saint maur - 1ER TOUR REGIONAL IDF 1 FEMMES EQUIPES 2 FRANCONVILLE GENEVILLIERS VGA,2024-10-19,U20 Women >87,DODARD Mathilde,88.3,-45.0,47.0,50.0,55.0,60.0,63.0,50.0,63.0,113.0
IDF - REG 1 - Saint maur - 1ER TOUR REGIONAL IDF 1 FEMMES EQUIPES 2 FRANCONVILLE GENEVILLIERS VGA,2024-10-19,SEN Women 64,CARTOLANO Laura,60.2,52.0,55.0,-58.0,62.0,66.0,70.0,55.0,70.0,125.0
IDF - REG 1 - Saint maur - 1ER TOUR REGIONAL IDF 1 FEMMES EQUIPES 2 FRANCONVILLE GENEVILLIERS VGA,2024-10-19,SEN Women 64,JEANBLANC Estelle,62.4,38.0,43.0,-46.0,48.0,54.0,-58.0,43.0,54.0,97.0
IDF - REG 1 - Saint maur - 1ER TOUR REGIONAL IDF 1 FEMMES EQUIPES 2 FRANCONVILLE GENEVILLIERS VGA,2024-10-19,SEN Women 64,DIAKITE Dieneba,64.0,25.0,30.0,33.0,30.0,35.0,40.0,33.0,40.0,73.0
IDF - REG 1 - Saint maur - 1ER TOUR REGIONAL IDF 1 FEMMES EQUIPES 2 FRANCONVILLE GENEVILLIERS VGA,2024-10-19,SEN Women 71,CHARNIGA Kelly,68.6,57.0,59.0,61.0,75.0,78.0,80.0,61.0,80.0,141.0
IDF - REG 1 - Saint maur - 1ER TOUR REGIONAL IDF 1 FEMMES EQUIPES 2 FRANCONVILLE GENEVILLIERS VGA,2024-10-19,SEN Women 71,PRASZEZYNKI Louisa,65.7,-57.0,57.0,-61.0,70.0,-74.0,75.0,57.0,75.0,132.0
IDF - REG 1 - Saint maur - 1ER TOUR REGIONAL IDF 1 FEMMES EQUIPES 2 FRANCONVILLE GENEVILLIERS VGA,2024-10-19,SEN Women 71,PETITEVILLE Emilie,66.4,30.0,32.0,-36.0,38.0,42.0,-45.0,32.0,42.0,74.0
IDF - REG 1 - Saint maur - 1ER TOUR REGIONAL IDF 1 FEMMES EQUIPES 2 FRANCONVILLE GENEVILLIERS VGA,2024-10-19,SEN Women 71,BENLALA Messad,64.4,25.0,28.0,30.0,30.0,-35.0,-35.0,30.0,30.0,60.0
IDF - REG 1 - Saint maur - 1ER TOUR REGIONAL IDF 1 FEMMES EQUIPES 2 FRANCONVILLE GENEVILLIERS VGA,2024-10-19,SEN Women >87,BELL Leah,97.7,52.0,55.0,-58.0,65.0,70.0,74.0,55.0,74.0,129.0
IDF - REG 1 - Saint maur - 1ER TOUR REGIONAL IDF 1 FEMMES EQUIPES 2 FRANCONVILLE GENEVILLIERS VGA,2024-10-19,SEN Women >87,TUERNAL Floriane,115.3,48.0,52.0,55.0,62.0,66.0,-70.0,55.0,66.0,121.0
IDF - REG 1 - Saint maur - 1ER TOUR REGIONAL IDF 1 FEMMES EQUIPES 2 FRANCONVILLE GENEVILLIERS VGA,2024-10-19,SEN Men 67,HIPPOLYTE Fanfan,65.0,-65.0,65.0,75.0,85.0,95.0,-105.0,75.0,95.0,170.0
IDF - REG 1 - Saint maur - 1ER TOUR REGIONAL IDF 1 FEMMES EQUIPES 2 FRANCONVILLE GENEVILLIERS VGA,2024-10-19,SEN Men 81,EHRLACHER Denis,79.0,75.0,79.0,-83.0,100.0,105.0,-107.0,79.0,105.0,184.0
IDF - REG 1 - Saint maur - 1ER TOUR REGIONAL IDF 1 FEMMES EQUIPES 2 FRANCONVILLE GENEVILLIERS VGA,2024-10-19,SEN Men 89,SERRA Romain,87.5,75.0,80.0,85.0,105.0,110.0,115.0,85.0,115.0,200.0
IDF - REG 1 - Saint maur - 1ER TOUR REGIONAL IDF 1 FEMMES EQUIPES 2 FRANCONVILLE GENEVILLIERS VGA,2024-10-19,SEN Men 89,DESCHAMPS Johan,87.1,55.0,60.0,65.0,85.0,90.0,100.0,65.0,100.0,165.0
IDF - REG 1 - Saint maur - 1ER TOUR REGIONAL IDF 1 FEMMES EQUIPES 2 FRANCONVILLE GENEVILLIERS VGA,2024-10-19,SEN Men 109,VELASCO Freddy,105.0,53.0,56.0,60.0,70.0,75.0,85.0,60.0,85.0,145.0
IDF - REG 1 - Saint maur - 1ER TOUR REGIONAL IDF 1 FEMMES EQUIPES 2 FRANCONVILLE GENEVILLIERS VGA,2024-10-19,SEN Men 67,HIPPOLYTE Fanfan,65.0,-65.0,65.0,75.0,85.0,95.0,-105.0,75.0,95.0,170.0
IDF - REG 1 - Saint maur - 1ER TOUR REGIONAL IDF 1 FEMMES EQUIPES 2 FRANCONVILLE GENEVILLIERS VGA,2024-10-19,SEN Men 81,EHRLACHER Denis,79.0,75.0,79.0,-83.0,100.0,105.0,-107.0,79.0,105.0,184.0
IDF - REG 1 - Saint maur - 1ER TOUR REGIONAL IDF 1 FEMMES EQUIPES 2 FRANCONVILLE GENEVILLIERS VGA,2024-10-19,SEN Men 89,SERRA Romain,87.5,75.0,80.0,85.0,105.0,110.0,115.0,85.0,115.0,200.0
IDF - REG 1 - Saint maur - 1ER TOUR REGIONAL IDF 1 FEMMES EQUIPES 2 FRANCONVILLE GENEVILLIERS VGA,2024-10-19,SEN Men 89,DESCHAMPS Johan,87.1,55.0,60.0,65.0,85.0,90.0,100.0,65.0,100.0,165.0
IDF - REG 1 - Saint maur - 1ER TOUR REGIONAL IDF 1 FEMMES EQUIPES 2 FRANCONVILLE GENEVILLIERS VGA,2024-10-19,SEN Men 109,VELASCO Freddy,105.0,53.0,56.0,60.0,70.0,75.0,85.0,60.0,85.0,145.0
IDF - REG 1 - Saint maur - 1ER TOUR REGIONAL IDF 1 FEMMES EQUIPES 2 FRANCONVILLE GENEVILLIERS VGA,2024-10-19,SEN Men 96,BANDET Alexandre,94.8,85.0,-90.0,-90.0,110.0,-115.0,115.0,85.0,115.0,200.0
IDF - REG 1 - Saint maur - 1ER TOUR REGIONAL IDF 1 FEMMES EQUIPES 2 FRANCONVILLE GENEVILLIERS VGA,2024-10-19,SEN Women 59,MINGOUTAUD Lucie,56.0,33.0,36.0,-38.0,40.0,45.0,48.0,36.0,48.0,84.0
IDF - REG 1 - Saint maur - 1ER TOUR REGIONAL IDF 1 FEMMES EQUIPES 2 FRANCONVILLE GENEVILLIERS VGA,2024-10-19,SEN Women 64,GUITON Zoé,62.9,27.0,30.0,32.0,33.0,-36.0,36.0,32.0,36.0,68.0
IDF - REG 1 - Saint maur - 1ER TOUR REGIONAL IDF 1 FEMMES EQUIPES 2 FRANCONVILLE GENEVILLIERS VGA,2024-10-19,SEN Men 96,BANDET Alexandre,94.8,85.0,-90.0,-90.0,110.0,-115.0,115.0,85.0,115.0,200.0
IDF - REG 1 - Saint maur - 1ER TOUR REGIONAL IDF 1 FEMMES EQUIPES 2 FRANCONVILLE GENEVILLIERS VGA,2024-10-19,SEN Women 59,MINGOUTAUD Lucie,56.0,33.0,36.0,-38.0,40.0,45.0,48.0,36.0,48.0,84.0
IDF - REG 1 - Saint maur - 1ER TOUR REGIONAL IDF 1 FEMMES EQUIPES 2 FRANCONVILLE GENEVILLIERS VGA,2024-10-19,SEN Women 64,GUITON Zoé,62.9,27.0,30.0,32.0,33.0,-36.0,36.0,32.0,36.0,68.0
IDF - REG 1 - Saint maur - 1ER TOUR REGIONAL IDF 1 FEMMES EQUIPES 2 FRANCONVILLE GENEVILLIERS VGA,2024-10-19,SEN Men 73,USMA GOMEZ Daniel eduardo,71.1,72.0,76.0,85.0,95.0,100.0,-105.0,85.0,100.0,185.0
IDF - REG 1 - Saint maur - 1ER TOUR REGIONAL IDF 1 FEMMES EQUIPES 2 FRANCONVILLE GENEVILLIERS VGA,2024-10-19,SEN Men 73,BELLEAU Quentin,72.7,77.0,82.0,-87.0,100.0,105.0,-110.0,82.0,105.0,187.0
IDF - REG 1 - Saint maur - 1ER TOUR REGIONAL IDF 1 FEMMES EQUIPES 2 FRANCONVILLE GENEVILLIERS VGA,2024-10-19,SEN Men 81,RUOLT Sebastien,80.7,102.0,-107.0,-108.0,120.0,125.0,-130.0,102.0,125.0,227.0
IDF - REG 1 - Saint maur - 1ER TOUR REGIONAL IDF 1 FEMMES EQUIPES 2 FRANCONVILLE GENEVILLIERS VGA,2024-10-19,SEN Men 81,LE Hoang dong,76.0,87.0,-92.0,-92.0,108.0,-112.0,115.0,87.0,115.0,202.0
IDF - REG 1 - Saint maur - 1ER TOUR REGIONAL IDF 1 FEMMES EQUIPES 2 FRANCONVILLE GENEVILLIERS VGA,2024-10-19,SEN Men 81,HO Theduyan,76.7,78.0,84.0,-88.0,103.0,109.0,-112.0,84.0,109.0,193.0
IDF - REG 1 - Saint maur - 1ER TOUR REGIONAL IDF 1 FEMMES EQUIPES 2 FRANCONVILLE GENEVILLIERS VGA,2024-10-19,SEN Men 81,MARTINEZ Sebastien,78.6,77.0,81.0,-85.0,-100.0,-100.0,100.0,81.0,100.0,181.0
IDF - REG 1 - Saint maur - 1ER TOUR REGIONAL IDF 1 FEMMES EQUIPES 2 FRANCONVILLE GENEVILLIERS VGA,2024-10-19,SEN Men 89,JACQUEL Florian,85.0,90.0,95.0,100.0,110.0,117.0,123.0,100.0,123.0,223.0
IDF - REG 1 - Saint maur - 1ER TOUR REGIONAL IDF 1 FEMMES EQUIPES 2 FRANCONVILLE GENEVILLIERS VGA,2024-10-19,SEN Men 89,BIRRY Xavier,85.7,75.0,-80.0,81.0,85.0,95.0,-105.0,81.0,95.0,176.0
IDF - REG 1 - Saint maur - 1ER TOUR REGIONAL IDF 1 FEMMES EQUIPES 2 FRANCONVILLE GENEVILLIERS VGA,2024-10-19,SEN Men 89,SCHINDLER Pierre,88.2,62.0,65.0,68.0,75.0,-79.0,-79.0,68.0,75.0,143.0
IDF - REG 1 - Saint maur - 1ER TOUR REGIONAL IDF 1 FEMMES EQUIPES 2 FRANCONVILLE GENEVILLIERS VGA,2024-10-19,SEN Men 96,CAQUEUX Baptiste,94.8,98.0,103.0,-108.0,120.0,126.0,131.0,103.0,131.0,234.0
IDF - REG 1 - Saint maur - 1ER TOUR REGIONAL IDF 1 FEMMES EQUIPES 2 FRANCONVILLE GENEVILLIERS VGA,2024-10-19,SEN Men 96,KELHETTER Jerome,95.9,86.0,92.0,98.0,110.0,117.0,126.0,98.0,126.0,224.0
IDF - REG 1 - Saint maur - 1ER TOUR REGIONAL IDF 1 FEMMES EQUIPES 2 FRANCONVILLE GENEVILLIERS VGA,2024-10-19,SEN Men 102,SPIELMANN Arthur,99.0,105.0,110.0,115.0,135.0,140.0,145.0,115.0,145.0,260.0
IDF - REG 1 - Saint maur - 1ER TOUR REGIONAL IDF 1 FEMMES EQUIPES 2 FRANCONVILLE GENEVILLIERS VGA,2024-10-19,SEN Men 109,PARISOT Nicolas,108.3,77.0,82.0,-87.0,100.0,105.0,-110.0,82.0,105.0,187.0
IDF - REG 1 - Saint maur - 1ER TOUR REGIONAL IDF 1 FEMMES EQUIPES 2 FRANCONVILLE GENEVILLIERS VGA,2024-10-19,SEN Men 73,USMA GOMEZ Daniel eduardo,71.1,72.0,76.0,85.0,95.0,100.0,-105.0,85.0,100.0,185.0
IDF - REG 1 - Saint maur - 1ER TOUR REGIONAL IDF 1 FEMMES EQUIPES 2 FRANCONVILLE GENEVILLIERS VGA,2024-10-19,SEN Men 73,BELLEAU Quentin,72.7,77.0,82.0,-87.0,100.0,105.0,-110.0,82.0,105.0,187.0
IDF - REG 1 - Saint maur - 1ER TOUR REGIONAL IDF 1 FEMMES EQUIPES 2 FRANCONVILLE GENEVILLIERS VGA,2024-10-19,SEN Men 81,RUOLT Sebastien,80.7,102.0,-107.0,-108.0,120.0,125.0,-130.0,102.0,125.0,227.0
IDF - REG 1 - Saint maur - 1ER TOUR REGIONAL IDF 1 FEMMES EQUIPES 2 FRANCONVILLE GENEVILLIERS VGA,2024-10-19,SEN Men 81,LE Hoang dong,76.0,87.0,-92.0,-92.0,108.0,-112.0,115.0,87.0,115.0,202.0
IDF - REG 1 - Saint maur - 1ER TOUR REGIONAL IDF 1 FEMMES EQUIPES 2 FRANCONVILLE GENEVILLIERS VGA,2024-10-19,SEN Men 81,HO Theduyan,76.7,78.0,84.0,-88.0,103.0,109.0,-112.0,84.0,109.0,193.0
IDF - REG 1 - Saint maur - 1ER TOUR REGIONAL IDF 1 FEMMES EQUIPES 2 FRANCONVILLE GENEVILLIERS VGA,2024-10-19,SEN Men 81,MARTINEZ Sebastien,78.6,77.0,81.0,-85.0,-100.0,-100.0,100.0,81.0,100.0,181.0
IDF - REG 1 - Saint maur - 1ER TOUR REGIONAL IDF 1 FEMMES EQUIPES 2 FRANCONVILLE GENEVILLIERS VGA,2024-10-19,SEN Men 89,JACQUEL Florian,85.0,90.0,95.0,100.0,110.0,117.0,123.0,100.0,123.0,223.0
IDF - REG 1 - Saint maur - 1ER TOUR REGIONAL IDF 1 FEMMES EQUIPES 2 FRANCONVILLE GENEVILLIERS VGA,2024-10-19,SEN Men 89,BIRRY Xavier,85.7,75.0,-80.0,81.0,85.0,95.0,-105.0,81.0,95.0,176.0
IDF - REG 1 - Saint maur - 1ER TOUR REGIONAL IDF 1 FEMMES EQUIPES 2 FRANCONVILLE GENEVILLIERS VGA,2024-10-19,SEN Men 89,SCHINDLER Pierre,88.2,62.0,65.0,68.0,75.0,-79.0,-79.0,68.0,75.0,143.0
IDF - REG 1 - Saint maur - 1ER TOUR REGIONAL IDF 1 FEMMES EQUIPES 2 FRANCONVILLE GENEVILLIERS VGA,2024-10-19,SEN Men 96,CAQUEUX Baptiste,94.8,98.0,103.0,-108.0,120.0,126.0,131.0,103.0,131.0,234.0
IDF - REG 1 - Saint maur - 1ER TOUR REGIONAL IDF 1 FEMMES EQUIPES 2 FRANCONVILLE GENEVILLIERS VGA,2024-10-19,SEN Men 96,KELHETTER Jerome,95.9,86.0,92.0,98.0,110.0,117.0,126.0,98.0,126.0,224.0
IDF - REG 1 - Saint maur - 1ER TOUR REGIONAL IDF 1 FEMMES EQUIPES 2 FRANCONVILLE GENEVILLIERS VGA,2024-10-19,SEN Men 102,SPIELMANN Arthur,99.0,105.0,110.0,115.0,135.0,140.0,145.0,115.0,145.0,260.0
IDF - REG 1 - Saint maur - 1ER TOUR REGIONAL IDF 1 FEMMES EQUIPES 2 FRANCONVILLE GENEVILLIERS VGA,2024-10-19,SEN Men 109,PARISOT Nicolas,108.3,77.0,82.0,-87.0,100.0,105.0,-110.0,82.0,105.0,187.0
IDF - REG 1 - Saint maur - 1ER TOUR REGIONAL IDF 1 FEMMES EQUIPES 2 FRANCONVILLE GENEVILLIERS VGA,2024-10-19,U17 Women 55,GENTNER Cloé,49.5,20.0,23.0,25.0,32.0,35.0,-38.0,25.0,35.0,60.0
IDF - REG 1 - Saint maur - 1ER TOUR REGIONAL IDF 1 FEMMES EQUIPES 2 FRANCONVILLE GENEVILLIERS VGA,2024-10-19,U17 Women 76,JUNG-BUCH Léonie,75.4,36.0,38.0,40.0,45.0,48.0,51.0,40.0,51.0,91.0
IDF - REG 1 - Saint maur - 1ER TOUR REGIONAL IDF 1 FEMMES EQUIPES 2 FRANCONVILLE GENEVILLIERS VGA,2024-10-19,U20 Women 71,WOLFF Adeline,64.1,54.0,57.0,60.0,74.0,77.0,-79.0,60.0,77.0,137.0
IDF - REG 1 - Saint maur - 1ER TOUR REGIONAL IDF 1 FEMMES EQUIPES 2 FRANCONVILLE GENEVILLIERS VGA,2024-10-19,SEN Women 49,TSCHAEN Amandine,48.2,40.0,-43.0,43.0,53.0,55.0,-57.0,43.0,55.0,98.0
IDF - REG 1 - Saint maur - 1ER TOUR REGIONAL IDF 1 FEMMES EQUIPES 2 FRANCONVILLE GENEVILLIERS VGA,2024-10-19,SEN Women 59,ESTNER Sarah,58.0,50.0,54.0,57.0,61.0,65.0,68.0,57.0,68.0,125.0
IDF - REG 1 - Saint maur - 1ER TOUR REGIONAL IDF 1 FEMMES EQUIPES 2 FRANCONVILLE GENEVILLIERS VGA,2024-10-19,SEN Women 59,ARRIVET Melanie,57.8,-37.0,37.0,-39.0,57.0,59.0,61.0,37.0,61.0,98.0
IDF - REG 1 - Saint maur - 1ER TOUR REGIONAL IDF 1 FEMMES EQUIPES 2 FRANCONVILLE GENEVILLIERS VGA,2024-10-19,SEN Women 59,LANG Clemence,57.4,36.0,39.0,41.0,47.0,50.0,53.0,41.0,53.0,94.0
IDF - REG 1 - Saint maur - 1ER TOUR REGIONAL IDF 1 FEMMES EQUIPES 2 FRANCONVILLE GENEVILLIERS VGA,2024-10-19,SEN Women 64,GANGLOFF Lucie,62.7,55.0,58.0,61.0,75.0,78.0,80.0,61.0,80.0,141.0
IDF - REG 1 - Saint maur - 1ER TOUR REGIONAL IDF 1 FEMMES EQUIPES 2 FRANCONVILLE GENEVILLIERS VGA,2024-10-19,SEN Women 64,HERRMANN Melissa,59.4,45.0,48.0,50.0,55.0,59.0,61.0,50.0,61.0,111.0
IDF - REG 1 - Saint maur - 1ER TOUR REGIONAL IDF 1 FEMMES EQUIPES 2 FRANCONVILLE GENEVILLIERS VGA,2024-10-19,SEN Women 64,CORLOBE Melanie,62.0,43.0,46.0,-49.0,57.0,61.0,-65.0,46.0,61.0,107.0
IDF - REG 1 - Saint maur - 1ER TOUR REGIONAL IDF 1 FEMMES EQUIPES 2 FRANCONVILLE GENEVILLIERS VGA,2024-10-19,SEN Women 71,SCHRENCK Maryline,65.4,30.0,33.0,36.0,32.0,35.0,38.0,36.0,38.0,74.0
IDF - REG 1 - Saint maur - 1ER TOUR REGIONAL IDF 1 FEMMES EQUIPES 2 FRANCONVILLE GENEVILLIERS VGA,2024-10-19,SEN Women 76,JAEG Mélanie,71.5,66.0,70.0,73.0,90.0,94.0,97.0,73.0,97.0,170.0
IDF - REG 1 - Saint maur - 1ER TOUR REGIONAL IDF 1 FEMMES EQUIPES 2 FRANCONVILLE GENEVILLIERS VGA,2024-10-19,SEN Women 76,JEANNINGROS Helene,72.7,37.0,-40.0,40.0,40.0,45.0,-48.0,40.0,45.0,85.0
IDF - REG 1 - Saint maur - 1ER TOUR REGIONAL IDF 1 FEMMES EQUIPES 2 FRANCONVILLE GENEVILLIERS VGA,2024-10-19,SEN Women >87,CERDAN Margot,89.6,65.0,68.0,70.0,88.0,93.0,96.0,70.0,96.0,166.0
IDF - REG 1 - Saint maur - 1ER TOUR REGIONAL IDF 1 FEMMES EQUIPES 2 FRANCONVILLE GENEVILLIERS VGA,2024-10-19,U17 Women 55,GENTNER Cloé,49.5,20.0,23.0,25.0,32.0,35.0,-38.0,25.0,35.0,60.0
IDF - REG 1 - Saint maur - 1ER TOUR REGIONAL IDF 1 FEMMES EQUIPES 2 FRANCONVILLE GENEVILLIERS VGA,2024-10-19,U17 Women 76,JUNG-BUCH Léonie,75.4,36.0,38.0,40.0,45.0,48.0,51.0,40.0,51.0,91.0
IDF - REG 1 - Saint maur - 1ER TOUR REGIONAL IDF 1 FEMMES EQUIPES 2 FRANCONVILLE GENEVILLIERS VGA,2024-10-19,U20 Women 71,WOLFF Adeline,64.1,54.0,57.0,60.0,74.0,77.0,-79.0,60.0,77.0,137.0
IDF - REG 1 - Saint maur - 1ER TOUR REGIONAL IDF 1 FEMMES EQUIPES 2 FRANCONVILLE GENEVILLIERS VGA,2024-10-19,SEN Women 49,TSCHAEN Amandine,48.2,40.0,-43.0,43.0,53.0,55.0,-57.0,43.0,55.0,98.0
IDF - REG 1 - Saint maur - 1ER TOUR REGIONAL IDF 1 FEMMES EQUIPES 2 FRANCONVILLE GENEVILLIERS VGA,2024-10-19,SEN Women 59,ESTNER Sarah,58.0,50.0,54.0,57.0,61.0,65.0,68.0,57.0,68.0,125.0
IDF - REG 1 - Saint maur - 1ER TOUR REGIONAL IDF 1 FEMMES EQUIPES 2 FRANCONVILLE GENEVILLIERS VGA,2024-10-19,SEN Women 59,ARRIVET Melanie,57.8,-37.0,37.0,-39.0,57.0,59.0,61.0,37.0,61.0,98.0
IDF - REG 1 - Saint maur - 1ER TOUR REGIONAL IDF 1 FEMMES EQUIPES 2 FRANCONVILLE GENEVILLIERS VGA,2024-10-19,SEN Women 59,LANG Clemence,57.4,36.0,39.0,41.0,47.0,50.0,53.0,41.0,53.0,94.0
IDF - REG 1 - Saint maur - 1ER TOUR REGIONAL IDF 1 FEMMES EQUIPES 2 FRANCONVILLE GENEVILLIERS VGA,2024-10-19,SEN Women 64,GANGLOFF Lucie,62.7,55.0,58.0,61.0,75.0,78.0,80.0,61.0,80.0,141.0
IDF - REG 1 - Saint maur - 1ER TOUR REGIONAL IDF 1 FEMMES EQUIPES 2 FRANCONVILLE GENEVILLIERS VGA,2024-10-19,SEN Women 64,HERRMANN Melissa,59.4,45.0,48.0,50.0,55.0,59.0,61.0,50.0,61.0,111.0
IDF - REG 1 - Saint maur - 1ER TOUR REGIONAL IDF 1 FEMMES EQUIPES 2 FRANCONVILLE GENEVILLIERS VGA,2024-10-19,SEN Women 64,CORLOBE Melanie,62.0,43.0,46.0,-49.0,57.0,61.0,-65.0,46.0,61.0,107.0
IDF - REG 1 - Saint maur - 1ER TOUR REGIONAL IDF 1 FEMMES EQUIPES 2 FRANCONVILLE GENEVILLIERS VGA,2024-10-19,SEN Women 71,SCHRENCK Maryline,65.4,30.0,33.0,36.0,32.0,35.0,38.0,36.0,38.0,74.0
IDF - REG 1 - Saint maur - 1ER TOUR REGIONAL IDF 1 FEMMES EQUIPES 2 FRANCONVILLE GENEVILLIERS VGA,2024-10-19,SEN Women 76,JAEG Mélanie,71.5,66.0,70.0,73.0,90.0,94.0,97.0,73.0,97.0,170.0
IDF - REG 1 - Saint maur - 1ER TOUR REGIONAL IDF 1 FEMMES EQUIPES 2 FRANCONVILLE GENEVILLIERS VGA,2024-10-19,SEN Women 76,JEANNINGROS Helene,72.7,37.0,-40.0,40.0,40.0,45.0,-48.0,40.0,45.0,85.0
IDF - REG 1 - Saint maur - 1ER TOUR REGIONAL IDF 1 FEMMES EQUIPES 2 FRANCONVILLE GENEVILLIERS VGA,2024-10-19,SEN Women >87,CERDAN Margot,89.6,65.0,68.0,70.0,88.0,93.0,96.0,70.0,96.0,166.0
IDF - REG 1 - Saint maur - 1ER TOUR REGIONAL IDF 1 FEMMES EQUIPES 2 FRANCONVILLE GENEVILLIERS VGA,2024-10-19,U17 Women 55,BECQUET Morgane,49.9,20.0,24.0,25.0,30.0,33.0,35.0,25.0,35.0,60.0
IDF - REG 1 - Saint maur - 1ER TOUR REGIONAL IDF 1 FEMMES EQUIPES 2 FRANCONVILLE GENEVILLIERS VGA,2024-10-19,U17 Women 59,ROUSSEAU Nathanaelle,57.2,32.0,35.0,37.0,40.0,44.0,-50.0,37.0,44.0,81.0
IDF - REG 1 - Saint maur - 1ER TOUR REGIONAL IDF 1 FEMMES EQUIPES 2 FRANCONVILLE GENEVILLIERS VGA,2024-10-19,U17 Women 59,VASSAUX Cassandre,58.8,22.0,-26.0,26.0,33.0,37.0,-41.0,26.0,37.0,63.0
IDF - REG 1 - Saint maur - 1ER TOUR REGIONAL IDF 1 FEMMES EQUIPES 2 FRANCONVILLE GENEVILLIERS VGA,2024-10-19,U20 Women 49,MATHUREL Kalia,48.8,38.0,-42.0,42.0,53.0,-57.0,-60.0,42.0,53.0,95.0
IDF - REG 1 - Saint maur - 1ER TOUR REGIONAL IDF 1 FEMMES EQUIPES 2 FRANCONVILLE GENEVILLIERS VGA,2024-10-19,U20 Women 55,ROUSSEL Julie,55.0,60.0,65.0,-70.0,75.0,80.0,-85.0,65.0,80.0,145.0
IDF - REG 1 - Saint maur - 1ER TOUR REGIONAL IDF 1 FEMMES EQUIPES 2 FRANCONVILLE GENEVILLIERS VGA,2024-10-19,U20 Women 55,PHAM Lee na,54.0,55.0,60.0,62.0,70.0,-75.0,75.0,62.0,75.0,137.0
IDF - REG 1 - Saint maur - 1ER TOUR REGIONAL IDF 1 FEMMES EQUIPES 2 FRANCONVILLE GENEVILLIERS VGA,2024-10-19,U20 Women 64,BLONDE Camille,59.3,30.0,35.0,37.0,45.0,50.0,-53.0,37.0,50.0,87.0
IDF - REG 1 - Saint maur - 1ER TOUR REGIONAL IDF 1 FEMMES EQUIPES 2 FRANCONVILLE GENEVILLIERS VGA,2024-10-19,U20 Women 76,FRANCHOIS Shawna,72.1,35.0,-40.0,-40.0,45.0,50.0,-0.0,35.0,50.0,85.0
IDF - REG 1 - Saint maur - 1ER TOUR REGIONAL IDF 1 FEMMES EQUIPES 2 FRANCONVILLE GENEVILLIERS VGA,2024-10-19,U20 Women >87,HUYSSEUNE Iliana,92.8,61.0,65.0,-68.0,75.0,-80.0,-80.0,65.0,75.0,140.0
IDF - REG 1 - Saint maur - 1ER TOUR REGIONAL IDF 1 FEMMES EQUIPES 2 FRANCONVILLE GENEVILLIERS VGA,2024-10-19,SEN Women 59,NONCLERCQ Marina,56.1,47.0,-50.0,50.0,65.0,-68.0,68.0,50.0,68.0,118.0
IDF - REG 1 - Saint maur - 1ER TOUR REGIONAL IDF 1 FEMMES EQUIPES 2 FRANCONVILLE GENEVILLIERS VGA,2024-10-19,SEN Women 71,BESSE Alexandra,64.4,40.0,44.0,47.0,55.0,59.0,62.0,47.0,62.0,109.0
IDF - REG 1 - Saint maur - 1ER TOUR REGIONAL IDF 1 FEMMES EQUIPES 2 FRANCONVILLE GENEVILLIERS VGA,2024-10-19,SEN Women 71,SANIEZ Adeline,69.4,36.0,-39.0,39.0,56.0,-60.0,61.0,39.0,61.0,100.0
IDF - REG 1 - Saint maur - 1ER TOUR REGIONAL IDF 1 FEMMES EQUIPES 2 FRANCONVILLE GENEVILLIERS VGA,2024-10-19,SEN Women 76,THIEBAULT Constance,72.1,32.0,-35.0,35.0,37.0,41.0,45.0,35.0,45.0,80.0
IDF - REG 1 - Saint maur - 1ER TOUR REGIONAL IDF 1 FEMMES EQUIPES 2 FRANCONVILLE GENEVILLIERS VGA,2024-10-19,U17 Women 55,BECQUET Morgane,49.9,20.0,24.0,25.0,30.0,33.0,35.0,25.0,35.0,60.0
IDF - REG 1 - Saint maur - 1ER TOUR REGIONAL IDF 1 FEMMES EQUIPES 2 FRANCONVILLE GENEVILLIERS VGA,2024-10-19,U17 Women 59,ROUSSEAU Nathanaelle,57.2,32.0,35.0,37.0,40.0,44.0,-50.0,37.0,44.0,81.0
IDF - REG 1 - Saint maur - 1ER TOUR REGIONAL IDF 1 FEMMES EQUIPES 2 FRANCONVILLE GENEVILLIERS VGA,2024-10-19,U17 Women 59,VASSAUX Cassandre,58.8,22.0,-26.0,26.0,33.0,37.0,-41.0,26.0,37.0,63.0
IDF - REG 1 - Saint maur - 1ER TOUR REGIONAL IDF 1 FEMMES EQUIPES 2 FRANCONVILLE GENEVILLIERS VGA,2024-10-19,U20 Women 49,MATHUREL Kalia,48.8,38.0,-42.0,42.0,53.0,-57.0,-60.0,42.0,53.0,95.0
IDF - REG 1 - Saint maur - 1ER TOUR REGIONAL IDF 1 FEMMES EQUIPES 2 FRANCONVILLE GENEVILLIERS VGA,2024-10-19,U20 Women 55,ROUSSEL Julie,55.0,60.0,65.0,-70.0,75.0,80.0,-85.0,65.0,80.0,145.0
IDF - REG 1 - Saint maur - 1ER TOUR REGIONAL IDF 1 FEMMES EQUIPES 2 FRANCONVILLE GENEVILLIERS VGA,2024-10-19,U20 Women 55,PHAM Lee na,54.0,55.0,60.0,62.0,70.0,-75.0,75.0,62.0,75.0,137.0
IDF - REG 1 - Saint maur - 1ER TOUR REGIONAL IDF 1 FEMMES EQUIPES 2 FRANCONVILLE GENEVILLIERS VGA,2024-10-19,U20 Women 64,BLONDE Camille,59.3,30.0,35.0,37.0,45.0,50.0,-53.0,37.0,50.0,87.0
IDF - REG 1 - Saint maur - 1ER TOUR REGIONAL IDF 1 FEMMES EQUIPES 2 FRANCONVILLE GENEVILLIERS VGA,2024-10-19,U20 Women 76,FRANCHOIS Shawna,72.1,35.0,-40.0,-40.0,45.0,50.0,-0.0,35.0,50.0,85.0
IDF - REG 1 - Saint maur - 1ER TOUR REGIONAL IDF 1 FEMMES EQUIPES 2 FRANCONVILLE GENEVILLIERS VGA,2024-10-19,U20 Women >87,HUYSSEUNE Iliana,92.8,61.0,65.0,-68.0,75.0,-80.0,-80.0,65.0,75.0,140.0
IDF - REG 1 - Saint maur - 1ER TOUR REGIONAL IDF 1 FEMMES EQUIPES 2 FRANCONVILLE GENEVILLIERS VGA,2024-10-19,SEN Women 59,NONCLERCQ Marina,56.1,47.0,-50.0,50.0,65.0,-68.0,68.0,50.0,68.0,118.0
IDF - REG 1 - Saint maur - 1ER TOUR REGIONAL IDF 1 FEMMES EQUIPES 2 FRANCONVILLE GENEVILLIERS VGA,2024-10-19,SEN Women 71,BESSE Alexandra,64.4,40.0,44.0,47.0,55.0,59.0,62.0,47.0,62.0,109.0
IDF - REG 1 - Saint maur - 1ER TOUR REGIONAL IDF 1 FEMMES EQUIPES 2 FRANCONVILLE GENEVILLIERS VGA,2024-10-19,SEN Women 71,SANIEZ Adeline,69.4,36.0,-39.0,39.0,56.0,-60.0,61.0,39.0,61.0,100.0
IDF - REG 1 - Saint maur - 1ER TOUR REGIONAL IDF 1 FEMMES EQUIPES 2 FRANCONVILLE GENEVILLIERS VGA,2024-10-19,SEN Women 76,THIEBAULT Constance,72.1,32.0,-35.0,35.0,37.0,41.0,45.0,35.0,45.0,80.0
IDF - REG 1 - Saint maur - 1ER TOUR REGIONAL IDF 1 FEMMES EQUIPES 2 FRANCONVILLE GENEVILLIERS VGA,2024-10-19,U15 Women 49,DESCHAMP Salomé,47.8,18.0,20.0,22.0,25.0,27.0,29.0,22.0,29.0,51.0
IDF - REG 1 - Saint maur - 1ER TOUR REGIONAL IDF 1 FEMMES EQUIPES 2 FRANCONVILLE GENEVILLIERS VGA,2024-10-19,U15 Women 55,GUILMAU Prune,51.5,37.0,-40.0,40.0,47.0,50.0,52.0,40.0,52.0,92.0
IDF - REG 1 - Saint maur - 1ER TOUR REGIONAL IDF 1 FEMMES EQUIPES 2 FRANCONVILLE GENEVILLIERS VGA,2024-10-19,U15 Women 55,AMELINE Inès,52.7,34.0,36.0,39.0,49.0,51.0,53.0,39.0,53.0,92.0
IDF - REG 1 - Saint maur - 1ER TOUR REGIONAL IDF 1 FEMMES EQUIPES 2 FRANCONVILLE GENEVILLIERS VGA,2024-10-19,U20 Women 71,DUPUIS Inès,64.4,40.0,43.0,-46.0,53.0,55.0,-60.0,43.0,55.0,98.0
IDF - REG 1 - Saint maur - 1ER TOUR REGIONAL IDF 1 FEMMES EQUIPES 2 FRANCONVILLE GENEVILLIERS VGA,2024-10-19,U20 Women 76,YVER Lola,74.2,44.0,-47.0,-47.0,53.0,56.0,-60.0,44.0,56.0,100.0
IDF - REG 1 - Saint maur - 1ER TOUR REGIONAL IDF 1 FEMMES EQUIPES 2 FRANCONVILLE GENEVILLIERS VGA,2024-10-19,SEN Women 64,SOREAU Alia,62.9,55.0,57.0,59.0,-65.0,65.0,68.0,59.0,68.0,127.0
IDF - REG 1 - Saint maur - 1ER TOUR REGIONAL IDF 1 FEMMES EQUIPES 2 FRANCONVILLE GENEVILLIERS VGA,2024-10-19,SEN Women 64,TULLEAU Lea,60.6,43.0,-46.0,46.0,53.0,-54.0,-54.0,46.0,53.0,99.0
IDF - REG 1 - Saint maur - 1ER TOUR REGIONAL IDF 1 FEMMES EQUIPES 2 FRANCONVILLE GENEVILLIERS VGA,2024-10-19,SEN Women 76,PERRIER Manon,73.9,55.0,57.0,60.0,71.0,75.0,-78.0,60.0,75.0,135.0
IDF - REG 1 - Saint maur - 1ER TOUR REGIONAL IDF 1 FEMMES EQUIPES 2 FRANCONVILLE GENEVILLIERS VGA,2024-10-19,SEN Women 76,MARIE Mathilde,75.8,32.0,34.0,36.0,40.0,43.0,46.0,36.0,46.0,82.0
IDF - REG 1 - Saint maur - 1ER TOUR REGIONAL IDF 1 FEMMES EQUIPES 2 FRANCONVILLE GENEVILLIERS VGA,2024-10-19,SEN Women 87,MOULARD Léa,85.2,32.0,34.0,37.0,40.0,-43.0,43.0,37.0,43.0,80.0
IDF - REG 1 - Saint maur - 1ER TOUR REGIONAL IDF 1 FEMMES EQUIPES 2 FRANCONVILLE GENEVILLIERS VGA,2024-10-19,SEN Women >87,SALZE Berengere,98.9,-33.0,33.0,-36.0,40.0,44.0,48.0,33.0,48.0,81.0
IDF - REG 1 - Saint maur - 1ER TOUR REGIONAL IDF 1 FEMMES EQUIPES 2 FRANCONVILLE GENEVILLIERS VGA,2024-10-19,U15 Women 49,DESCHAMP Salomé,47.8,18.0,20.0,22.0,25.0,27.0,29.0,22.0,29.0,51.0
IDF - REG 1 - Saint maur - 1ER TOUR REGIONAL IDF 1 FEMMES EQUIPES 2 FRANCONVILLE GENEVILLIERS VGA,2024-10-19,U15 Women 55,GUILMAU Prune,51.5,37.0,-40.0,40.0,47.0,50.0,52.0,40.0,52.0,92.0
IDF - REG 1 - Saint maur - 1ER TOUR REGIONAL IDF 1 FEMMES EQUIPES 2 FRANCONVILLE GENEVILLIERS VGA,2024-10-19,U15 Women 55,AMELINE Inès,52.7,34.0,36.0,39.0,49.0,51.0,53.0,39.0,53.0,92.0
IDF - REG 1 - Saint maur - 1ER TOUR REGIONAL IDF 1 FEMMES EQUIPES 2 FRANCONVILLE GENEVILLIERS VGA,2024-10-19,U20 Women 71,DUPUIS Inès,64.4,40.0,43.0,-46.0,53.0,55.0,-60.0,43.0,55.0,98.0
IDF - REG 1 - Saint maur - 1ER TOUR REGIONAL IDF 1 FEMMES EQUIPES 2 FRANCONVILLE GENEVILLIERS VGA,2024-10-19,U20 Women 76,YVER Lola,74.2,44.0,-47.0,-47.0,53.0,56.0,-60.0,44.0,56.0,100.0
IDF - REG 1 - Saint maur - 1ER TOUR REGIONAL IDF 1 FEMMES EQUIPES 2 FRANCONVILLE GENEVILLIERS VGA,2024-10-19,SEN Women 64,SOREAU Alia,62.9,55.0,57.0,59.0,-65.0,65.0,68.0,59.0,68.0,127.0
IDF - REG 1 - Saint maur - 1ER TOUR REGIONAL IDF 1 FEMMES EQUIPES 2 FRANCONVILLE GENEVILLIERS VGA,2024-10-19,SEN Women 64,TULLEAU Lea,60.6,43.0,-46.0,46.0,53.0,-54.0,-54.0,46.0,53.0,99.0
IDF - REG 1 - Saint maur - 1ER TOUR REGIONAL IDF 1 FEMMES EQUIPES 2 FRANCONVILLE GENEVILLIERS VGA,2024-10-19,SEN Women 76,PERRIER Manon,73.9,55.0,57.0,60.0,71.0,75.0,-78.0,60.0,75.0,135.0
IDF - REG 1 - Saint maur - 1ER TOUR REGIONAL IDF 1 FEMMES EQUIPES 2 FRANCONVILLE GENEVILLIERS VGA,2024-10-19,SEN Women 76,MARIE Mathilde,75.8,32.0,34.0,36.0,40.0,43.0,46.0,36.0,46.0,82.0
IDF - REG 1 - Saint maur - 1ER TOUR REGIONAL IDF 1 FEMMES EQUIPES 2 FRANCONVILLE GENEVILLIERS VGA,2024-10-19,SEN Women 87,MOULARD Léa,85.2,32.0,34.0,37.0,40.0,-43.0,43.0,37.0,43.0,80.0
IDF - REG 1 - Saint maur - 1ER TOUR REGIONAL IDF 1 FEMMES EQUIPES 2 FRANCONVILLE GENEVILLIERS VGA,2024-10-19,SEN Women >87,SALZE Berengere,98.9,-33.0,33.0,-36.0,40.0,44.0,48.0,33.0,48.0,81.0
IDF - REG 1 - Saint maur - 1ER TOUR REGIONAL IDF 1 FEMMES EQUIPES 2 FRANCONVILLE GENEVILLIERS VGA,2024-10-19,U15 Women 59,GUCCIARDI Clara,57.05,35.0,38.0,-40.0,47.0,50.0,-53.0,38.0,50.0,88.0
IDF - REG 1 - Saint maur - 1ER TOUR REGIONAL IDF 1 FEMMES EQUIPES 2 FRANCONVILLE GENEVILLIERS VGA,2024-10-19,U15 Women 71,KERKENI Maelys,70.9,35.0,39.0,-43.0,45.0,-49.0,-50.0,39.0,45.0,84.0
IDF - REG 1 - Saint maur - 1ER TOUR REGIONAL IDF 1 FEMMES EQUIPES 2 FRANCONVILLE GENEVILLIERS VGA,2024-10-19,U17 Women 49,MROZKOWIAK Maelys,46.8,30.0,33.0,-35.0,41.0,44.0,47.0,33.0,47.0,80.0
IDF - REG 1 - Saint maur - 1ER TOUR REGIONAL IDF 1 FEMMES EQUIPES 2 FRANCONVILLE GENEVILLIERS VGA,2024-10-19,U17 Women 55,GROSJEAN Maëlys,49.75,40.0,43.0,-45.0,50.0,-53.0,-54.0,43.0,50.0,93.0
IDF - REG 1 - Saint maur - 1ER TOUR REGIONAL IDF 1 FEMMES EQUIPES 2 FRANCONVILLE GENEVILLIERS VGA,2024-10-19,U17 Women 55,LOIGEROT Elisa,52.3,35.0,38.0,40.0,47.0,50.0,52.0,40.0,52.0,92.0
IDF - REG 1 - Saint maur - 1ER TOUR REGIONAL IDF 1 FEMMES EQUIPES 2 FRANCONVILLE GENEVILLIERS VGA,2024-10-19,U17 Women 59,PY Maelys,56.1,42.0,45.0,-47.0,54.0,-57.0,57.0,45.0,57.0,102.0
IDF - REG 1 - Saint maur - 1ER TOUR REGIONAL IDF 1 FEMMES EQUIPES 2 FRANCONVILLE GENEVILLIERS VGA,2024-10-19,U17 Women 64,AUBRY Elyne,64.0,38.0,-41.0,-41.0,54.0,-57.0,-57.0,38.0,54.0,92.0
IDF - REG 1 - Saint maur - 1ER TOUR REGIONAL IDF 1 FEMMES EQUIPES 2 FRANCONVILLE GENEVILLIERS VGA,2024-10-19,U20 Women 76,HAUDRECHY Chloé,72.0,56.0,-59.0,-60.0,73.0,76.0,78.0,56.0,78.0,134.0
IDF - REG 1 - Saint maur - 1ER TOUR REGIONAL IDF 1 FEMMES EQUIPES 2 FRANCONVILLE GENEVILLIERS VGA,2024-10-19,SEN Women 55,YSSOUFI Bibi-fatima,49.8,48.0,52.0,-55.0,62.0,66.0,-70.0,52.0,66.0,118.0
IDF - REG 1 - Saint maur - 1ER TOUR REGIONAL IDF 1 FEMMES EQUIPES 2 FRANCONVILLE GENEVILLIERS VGA,2024-10-19,SEN Women 55,GIOT Justine,54.0,45.0,-48.0,50.0,58.0,61.0,64.0,50.0,64.0,114.0
IDF - REG 1 - Saint maur - 1ER TOUR REGIONAL IDF 1 FEMMES EQUIPES 2 FRANCONVILLE GENEVILLIERS VGA,2024-10-19,SEN Women 59,SANTI Leonie,57.7,48.0,51.0,54.0,64.0,67.0,71.0,54.0,71.0,125.0
IDF - REG 1 - Saint maur - 1ER TOUR REGIONAL IDF 1 FEMMES EQUIPES 2 FRANCONVILLE GENEVILLIERS VGA,2024-10-19,SEN Women 64,SIMS Erin,59.75,61.0,63.0,65.0,75.0,78.0,80.0,65.0,80.0,145.0
IDF - REG 1 - Saint maur - 1ER TOUR REGIONAL IDF 1 FEMMES EQUIPES 2 FRANCONVILLE GENEVILLIERS VGA,2024-10-19,SEN Women 64,GONTIER Amandine,59.45,58.0,61.0,-64.0,69.0,72.0,-75.0,61.0,72.0,133.0
IDF - REG 1 - Saint maur - 1ER TOUR REGIONAL IDF 1 FEMMES EQUIPES 2 FRANCONVILLE GENEVILLIERS VGA,2024-10-19,SEN Women 64,TURRI Céline,60.1,50.0,-53.0,54.0,63.0,66.0,68.0,54.0,68.0,122.0
IDF - REG 1 - Saint maur - 1ER TOUR REGIONAL IDF 1 FEMMES EQUIPES 2 FRANCONVILLE GENEVILLIERS VGA,2024-10-19,SEN Women 64,ROBERT Juliette,60.65,48.0,52.0,-55.0,64.0,68.0,-71.0,52.0,68.0,120.0
IDF - REG 1 - Saint maur - 1ER TOUR REGIONAL IDF 1 FEMMES EQUIPES 2 FRANCONVILLE GENEVILLIERS VGA,2024-10-19,SEN Women 71,JAMAR Mathilda,67.4,55.0,-58.0,61.0,69.0,73.0,75.0,61.0,75.0,136.0
IDF - REG 1 - Saint maur - 1ER TOUR REGIONAL IDF 1 FEMMES EQUIPES 2 FRANCONVILLE GENEVILLIERS VGA,2024-10-19,SEN Women 71,LUCON Sawsen,65.0,38.0,-41.0,-41.0,58.0,60.0,-63.0,38.0,60.0,98.0
IDF - REG 1 - Saint maur - 1ER TOUR REGIONAL IDF 1 FEMMES EQUIPES 2 FRANCONVILLE GENEVILLIERS VGA,2024-10-19,SEN Women 87,MOURLOT Isabelle,83.0,40.0,43.0,47.0,52.0,56.0,60.0,47.0,60.0,107.0
IDF - REG 1 - Saint maur - 1ER TOUR REGIONAL IDF 1 FEMMES EQUIPES 2 FRANCONVILLE GENEVILLIERS VGA,2024-10-19,SEN Women >87,LANTOINE Julie,91.0,53.0,56.0,-58.0,65.0,-69.0,69.0,56.0,69.0,125.0
IDF - REG 1 - Saint maur - 1ER TOUR REGIONAL IDF 1 FEMMES EQUIPES 2 FRANCONVILLE GENEVILLIERS VGA,2024-10-19,U15 Women 59,GUCCIARDI Clara,57.05,35.0,38.0,-40.0,47.0,50.0,-53.0,38.0,50.0,88.0
IDF - REG 1 - Saint maur - 1ER TOUR REGIONAL IDF 1 FEMMES EQUIPES 2 FRANCONVILLE GENEVILLIERS VGA,2024-10-19,U15 Women 71,KERKENI Maelys,70.9,35.0,39.0,-43.0,45.0,-49.0,-50.0,39.0,45.0,84.0
IDF - REG 1 - Saint maur - 1ER TOUR REGIONAL IDF 1 FEMMES EQUIPES 2 FRANCONVILLE GENEVILLIERS VGA,2024-10-19,U17 Women 49,MROZKOWIAK Maelys,46.8,30.0,33.0,-35.0,41.0,44.0,47.0,33.0,47.0,80.0
IDF - REG 1 - Saint maur - 1ER TOUR REGIONAL IDF 1 FEMMES EQUIPES 2 FRANCONVILLE GENEVILLIERS VGA,2024-10-19,U17 Women 55,GROSJEAN Maëlys,49.75,40.0,43.0,-45.0,50.0,-53.0,-54.0,43.0,50.0,93.0
IDF - REG 1 - Saint maur - 1ER TOUR REGIONAL IDF 1 FEMMES EQUIPES 2 FRANCONVILLE GENEVILLIERS VGA,2024-10-19,U17 Women 55,LOIGEROT Elisa,52.3,35.0,38.0,40.0,47.0,50.0,52.0,40.0,52.0,92.0
IDF - REG 1 - Saint maur - 1ER TOUR REGIONAL IDF 1 FEMMES EQUIPES 2 FRANCONVILLE GENEVILLIERS VGA,2024-10-19,U17 Women 59,PY Maelys,56.1,42.0,45.0,-47.0,54.0,-57.0,57.0,45.0,57.0,102.0
IDF - REG 1 - Saint maur - 1ER TOUR REGIONAL IDF 1 FEMMES EQUIPES 2 FRANCONVILLE GENEVILLIERS VGA,2024-10-19,U17 Women 64,AUBRY Elyne,64.0,38.0,-41.0,-41.0,54.0,-57.0,-57.0,38.0,54.0,92.0
IDF - REG 1 - Saint maur - 1ER TOUR REGIONAL IDF 1 FEMMES EQUIPES 2 FRANCONVILLE GENEVILLIERS VGA,2024-10-19,U20 Women 76,HAUDRECHY Chloé,72.0,56.0,-59.0,-60.0,73.0,76.0,78.0,56.0,78.0,134.0
IDF - REG 1 - Saint maur - 1ER TOUR REGIONAL IDF 1 FEMMES EQUIPES 2 FRANCONVILLE GENEVILLIERS VGA,2024-10-19,SEN Women 55,YSSOUFI Bibi-fatima,49.8,48.0,52.0,-55.0,62.0,66.0,-70.0,52.0,66.0,118.0
IDF - REG 1 - Saint maur - 1ER TOUR REGIONAL IDF 1 FEMMES EQUIPES 2 FRANCONVILLE GENEVILLIERS VGA,2024-10-19,SEN Women 55,GIOT Justine,54.0,45.0,-48.0,50.0,58.0,61.0,64.0,50.0,64.0,114.0
IDF - REG 1 - Saint maur - 1ER TOUR REGIONAL IDF 1 FEMMES EQUIPES 2 FRANCONVILLE GENEVILLIERS VGA,2024-10-19,SEN Women 59,SANTI Leonie,57.7,48.0,51.0,54.0,64.0,67.0,71.0,54.0,71.0,125.0
IDF - REG 1 - Saint maur - 1ER TOUR REGIONAL IDF 1 FEMMES EQUIPES 2 FRANCONVILLE GENEVILLIERS VGA,2024-10-19,SEN Women 64,SIMS Erin,59.75,61.0,63.0,65.0,75.0,78.0,80.0,65.0,80.0,145.0
IDF - REG 1 - Saint maur - 1ER TOUR REGIONAL IDF 1 FEMMES EQUIPES 2 FRANCONVILLE GENEVILLIERS VGA,2024-10-19,SEN Women 64,GONTIER Amandine,59.45,58.0,61.0,-64.0,69.0,72.0,-75.0,61.0,72.0,133.0
IDF - REG 1 - Saint maur - 1ER TOUR REGIONAL IDF 1 FEMMES EQUIPES 2 FRANCONVILLE GENEVILLIERS VGA,2024-10-19,SEN Women 64,TURRI Céline,60.1,50.0,-53.0,54.0,63.0,66.0,68.0,54.0,68.0,122.0
IDF - REG 1 - Saint maur - 1ER TOUR REGIONAL IDF 1 FEMMES EQUIPES 2 FRANCONVILLE GENEVILLIERS VGA,2024-10-19,SEN Women 64,ROBERT Juliette,60.65,48.0,52.0,-55.0,64.0,68.0,-71.0,52.0,68.0,120.0
IDF - REG 1 - Saint maur - 1ER TOUR REGIONAL IDF 1 FEMMES EQUIPES 2 FRANCONVILLE GENEVILLIERS VGA,2024-10-19,SEN Women 71,JAMAR Mathilda,67.4,55.0,-58.0,61.0,69.0,73.0,75.0,61.0,75.0,136.0
IDF - REG 1 - Saint maur - 1ER TOUR REGIONAL IDF 1 FEMMES EQUIPES 2 FRANCONVILLE GENEVILLIERS VGA,2024-10-19,SEN Women 71,LUCON Sawsen,65.0,38.0,-41.0,-41.0,58.0,60.0,-63.0,38.0,60.0,98.0
IDF - REG 1 - Saint maur - 1ER TOUR REGIONAL IDF 1 FEMMES EQUIPES 2 FRANCONVILLE GENEVILLIERS VGA,2024-10-19,SEN Women 87,MOURLOT Isabelle,83.0,40.0,43.0,47.0,52.0,56.0,60.0,47.0,60.0,107.0
IDF - REG 1 - Saint maur - 1ER TOUR REGIONAL IDF 1 FEMMES EQUIPES 2 FRANCONVILLE GENEVILLIERS VGA,2024-10-19,SEN Women >87,LANTOINE Julie,91.0,53.0,56.0,-58.0,65.0,-69.0,69.0,56.0,69.0,125.0
IDF - REG 1 - Saint maur - 1ER TOUR REGIONAL IDF 1 FEMMES EQUIPES 2 FRANCONVILLE GENEVILLIERS VGA,2024-10-19,SEN Men 67,MONTARDIER Nicolas,66.4,-70.0,70.0,75.0,80.0,85.0,90.0,75.0,90.0,165.0
IDF - REG 1 - Saint maur - 1ER TOUR REGIONAL IDF 1 FEMMES EQUIPES 2 FRANCONVILLE GENEVILLIERS VGA,2024-10-19,SEN Men 73,GATNER Arthur,71.7,83.0,88.0,93.0,105.0,111.0,-116.0,93.0,111.0,204.0
IDF - REG 1 - Saint maur - 1ER TOUR REGIONAL IDF 1 FEMMES EQUIPES 2 FRANCONVILLE GENEVILLIERS VGA,2024-10-19,SEN Men 81,BACQUAERT Rémi,77.9,100.0,105.0,-110.0,133.0,138.0,-143.0,105.0,138.0,243.0
IDF - REG 1 - Saint maur - 1ER TOUR REGIONAL IDF 1 FEMMES EQUIPES 2 FRANCONVILLE GENEVILLIERS VGA,2024-10-19,SEN Men 81,UMEGAE Kenta,73.3,87.0,-92.0,94.0,108.0,113.0,120.0,94.0,120.0,214.0
IDF - REG 1 - Saint maur - 1ER TOUR REGIONAL IDF 1 FEMMES EQUIPES 2 FRANCONVILLE GENEVILLIERS VGA,2024-10-19,SEN Men 81,MOITIE Christophe,78.0,95.0,-100.0,-100.0,120.0,125.0,-130.0,95.0,125.0,220.0
IDF - REG 1 - Saint maur - 1ER TOUR REGIONAL IDF 1 FEMMES EQUIPES 2 FRANCONVILLE GENEVILLIERS VGA,2024-10-19,SEN Men 81,BERTEAUX Dylan,77.7,62.0,66.0,-70.0,70.0,75.0,82.0,66.0,82.0,148.0
IDF - REG 1 - Saint maur - 1ER TOUR REGIONAL IDF 1 FEMMES EQUIPES 2 FRANCONVILLE GENEVILLIERS VGA,2024-10-19,SEN Men 89,RIQUIER Jeremy,81.8,110.0,116.0,-122.0,133.0,140.0,-145.0,116.0,140.0,256.0
IDF - REG 1 - Saint maur - 1ER TOUR REGIONAL IDF 1 FEMMES EQUIPES 2 FRANCONVILLE GENEVILLIERS VGA,2024-10-19,SEN Men 89,NAGUEP NGASSA Christian,85.9,-105.0,-105.0,105.0,-135.0,135.0,140.0,105.0,140.0,245.0
IDF - REG 1 - Saint maur - 1ER TOUR REGIONAL IDF 1 FEMMES EQUIPES 2 FRANCONVILLE GENEVILLIERS VGA,2024-10-19,SEN Men 89,BERAL Sebastien,88.2,102.0,107.0,-111.0,127.0,133.0,-138.0,107.0,133.0,240.0
IDF - REG 1 - Saint maur - 1ER TOUR REGIONAL IDF 1 FEMMES EQUIPES 2 FRANCONVILLE GENEVILLIERS VGA,2024-10-19,SEN Men 89,SONNETTE Alexandre,84.2,-90.0,90.0,-93.0,115.0,118.0,121.0,90.0,121.0,211.0
IDF - REG 1 - Saint maur - 1ER TOUR REGIONAL IDF 1 FEMMES EQUIPES 2 FRANCONVILLE GENEVILLIERS VGA,2024-10-19,SEN Men 89,CAURETTE Matthis,84.7,70.0,-75.0,-75.0,80.0,85.0,-90.0,70.0,85.0,155.0
IDF - REG 1 - Saint maur - 1ER TOUR REGIONAL IDF 1 FEMMES EQUIPES 2 FRANCONVILLE GENEVILLIERS VGA,2024-10-19,SEN Men 96,VUILLOZ Bastien,91.3,90.0,-94.0,-94.0,115.0,120.0,130.0,90.0,130.0,220.0
IDF - REG 1 - Saint maur - 1ER TOUR REGIONAL IDF 1 FEMMES EQUIPES 2 FRANCONVILLE GENEVILLIERS VGA,2024-10-19,SEN Men 96,GOURBIERE Morgan,93.4,-88.0,-90.0,90.0,100.0,108.0,115.0,90.0,115.0,205.0
IDF - REG 1 - Saint maur - 1ER TOUR REGIONAL IDF 1 FEMMES EQUIPES 2 FRANCONVILLE GENEVILLIERS VGA,2024-10-19,SEN Men 96,CAUET Emmanuel,91.7,70.0,75.0,80.0,100.0,105.0,-110.0,80.0,105.0,185.0
IDF - REG 1 - Saint maur - 1ER TOUR REGIONAL IDF 1 FEMMES EQUIPES 2 FRANCONVILLE GENEVILLIERS VGA,2024-10-19,SEN Men 109,KAROYAN Alexander,106.9,90.0,95.0,-100.0,125.0,130.0,-133.0,95.0,130.0,225.0
IDF - REG 1 - Saint maur - 1ER TOUR REGIONAL IDF 1 FEMMES EQUIPES 2 FRANCONVILLE GENEVILLIERS VGA,2024-10-19,SEN Men 67,MONTARDIER Nicolas,66.4,-70.0,70.0,75.0,80.0,85.0,90.0,75.0,90.0,165.0
IDF - REG 1 - Saint maur - 1ER TOUR REGIONAL IDF 1 FEMMES EQUIPES 2 FRANCONVILLE GENEVILLIERS VGA,2024-10-19,SEN Men 73,GATNER Arthur,71.7,83.0,88.0,93.0,105.0,111.0,-116.0,93.0,111.0,204.0
IDF - REG 1 - Saint maur - 1ER TOUR REGIONAL IDF 1 FEMMES EQUIPES 2 FRANCONVILLE GENEVILLIERS VGA,2024-10-19,SEN Men 81,BACQUAERT Rémi,77.9,100.0,105.0,-110.0,133.0,138.0,-143.0,105.0,138.0,243.0
IDF - REG 1 - Saint maur - 1ER TOUR REGIONAL IDF 1 FEMMES EQUIPES 2 FRANCONVILLE GENEVILLIERS VGA,2024-10-19,SEN Men 81,UMEGAE Kenta,73.3,87.0,-92.0,94.0,108.0,113.0,120.0,94.0,120.0,214.0
IDF - REG 1 - Saint maur - 1ER TOUR REGIONAL IDF 1 FEMMES EQUIPES 2 FRANCONVILLE GENEVILLIERS VGA,2024-10-19,SEN Men 81,MOITIE Christophe,78.0,95.0,-100.0,-100.0,120.0,125.0,-130.0,95.0,125.0,220.0
IDF - REG 1 - Saint maur - 1ER TOUR REGIONAL IDF 1 FEMMES EQUIPES 2 FRANCONVILLE GENEVILLIERS VGA,2024-10-19,SEN Men 81,BERTEAUX Dylan,77.7,62.0,66.0,-70.0,70.0,75.0,82.0,66.0,82.0,148.0
IDF - REG 1 - Saint maur - 1ER TOUR REGIONAL IDF 1 FEMMES EQUIPES 2 FRANCONVILLE GENEVILLIERS VGA,2024-10-19,SEN Men 89,RIQUIER Jeremy,81.8,110.0,116.0,-122.0,133.0,140.0,-145.0,116.0,140.0,256.0
IDF - REG 1 - Saint maur - 1ER TOUR REGIONAL IDF 1 FEMMES EQUIPES 2 FRANCONVILLE GENEVILLIERS VGA,2024-10-19,SEN Men 89,NAGUEP NGASSA Christian,85.9,-105.0,-105.0,105.0,-135.0,135.0,140.0,105.0,140.0,245.0
IDF - REG 1 - Saint maur - 1ER TOUR REGIONAL IDF 1 FEMMES EQUIPES 2 FRANCONVILLE GENEVILLIERS VGA,2024-10-19,SEN Men 89,BERAL Sebastien,88.2,102.0,107.0,-111.0,127.0,133.0,-138.0,107.0,133.0,240.0
IDF - REG 1 - Saint maur - 1ER TOUR REGIONAL IDF 1 FEMMES EQUIPES 2 FRANCONVILLE GENEVILLIERS VGA,2024-10-19,SEN Men 89,SONNETTE Alexandre,84.2,-90.0,90.0,-93.0,115.0,118.0,121.0,90.0,121.0,211.0
IDF - REG 1 - Saint maur - 1ER TOUR REGIONAL IDF 1 FEMMES EQUIPES 2 FRANCONVILLE GENEVILLIERS VGA,2024-10-19,SEN Men 89,CAURETTE Matthis,84.7,70.0,-75.0,-75.0,80.0,85.0,-90.0,70.0,85.0,155.0
IDF - REG 1 - Saint maur - 1ER TOUR REGIONAL IDF 1 FEMMES EQUIPES 2 FRANCONVILLE GENEVILLIERS VGA,2024-10-19,SEN Men 96,VUILLOZ Bastien,91.3,90.0,-94.0,-94.0,115.0,120.0,130.0,90.0,130.0,220.0
IDF - REG 1 - Saint maur - 1ER TOUR REGIONAL IDF 1 FEMMES EQUIPES 2 FRANCONVILLE GENEVILLIERS VGA,2024-10-19,SEN Men 96,GOURBIERE Morgan,93.4,-88.0,-90.0,90.0,100.0,108.0,115.0,90.0,115.0,205.0
IDF - REG 1 - Saint maur - 1ER TOUR REGIONAL IDF 1 FEMMES EQUIPES 2 FRANCONVILLE GENEVILLIERS VGA,2024-10-19,SEN Men 96,CAUET Emmanuel,91.7,70.0,75.0,80.0,100.0,105.0,-110.0,80.0,105.0,185.0
IDF - REG 1 - Saint maur - 1ER TOUR REGIONAL IDF 1 FEMMES EQUIPES 2 FRANCONVILLE GENEVILLIERS VGA,2024-10-19,SEN Men 109,KAROYAN Alexander,106.9,90.0,95.0,-100.0,125.0,130.0,-133.0,95.0,130.0,225.0
IDF - REG 1 - Saint maur - 1ER TOUR REGIONAL IDF 1 FEMMES EQUIPES 2 FRANCONVILLE GENEVILLIERS VGA,2024-10-19,U15 Women 40,RIQUIER Alicia,36.9,17.0,-19.0,19.0,25.0,29.0,-31.0,19.0,29.0,48.0
IDF - REG 1 - Saint maur - 1ER TOUR REGIONAL IDF 1 FEMMES EQUIPES 2 FRANCONVILLE GENEVILLIERS VGA,2024-10-19,U17 Women 64,MEZIANI Jessica,62.6,35.0,-38.0,38.0,47.0,50.0,-52.0,38.0,50.0,88.0
IDF - REG 1 - Saint maur - 1ER TOUR REGIONAL IDF 1 FEMMES EQUIPES 2 FRANCONVILLE GENEVILLIERS VGA,2024-10-19,U20 Women 45,BIZEAU Alexine,44.5,54.0,-57.0,-57.0,64.0,67.0,-70.0,54.0,67.0,121.0
IDF - REG 1 - Saint maur - 1ER TOUR REGIONAL IDF 1 FEMMES EQUIPES 2 FRANCONVILLE GENEVILLIERS VGA,2024-10-19,SEN Women 55,KOCSIS Anita,54.8,33.0,35.0,38.0,-42.0,42.0,45.0,38.0,45.0,83.0
IDF - REG 1 - Saint maur - 1ER TOUR REGIONAL IDF 1 FEMMES EQUIPES 2 FRANCONVILLE GENEVILLIERS VGA,2024-10-19,SEN Women 59,BOURBIER Maeva,58.2,42.0,45.0,47.0,52.0,57.0,60.0,47.0,60.0,107.0
IDF - REG 1 - Saint maur - 1ER TOUR REGIONAL IDF 1 FEMMES EQUIPES 2 FRANCONVILLE GENEVILLIERS VGA,2024-10-19,SEN Women 59,CATTEAU Océane,58.2,35.0,38.0,41.0,52.0,56.0,-60.0,41.0,56.0,97.0
IDF - REG 1 - Saint maur - 1ER TOUR REGIONAL IDF 1 FEMMES EQUIPES 2 FRANCONVILLE GENEVILLIERS VGA,2024-10-19,SEN Women 64,NOIRON Capucine,59.8,67.0,-70.0,-71.0,80.0,85.0,88.0,67.0,88.0,155.0
IDF - REG 1 - Saint maur - 1ER TOUR REGIONAL IDF 1 FEMMES EQUIPES 2 FRANCONVILLE GENEVILLIERS VGA,2024-10-19,SEN Women 64,LANOY Laetitia,63.9,61.0,66.0,-70.0,75.0,80.0,84.0,66.0,84.0,150.0
IDF - REG 1 - Saint maur - 1ER TOUR REGIONAL IDF 1 FEMMES EQUIPES 2 FRANCONVILLE GENEVILLIERS VGA,2024-10-19,SEN Women 64,DUCHAN Chloé,61.5,60.0,63.0,-65.0,80.0,-85.0,-85.0,63.0,80.0,143.0
IDF - REG 1 - Saint maur - 1ER TOUR REGIONAL IDF 1 FEMMES EQUIPES 2 FRANCONVILLE GENEVILLIERS VGA,2024-10-19,SEN Women 64,BACQUAERT Marie,61.4,57.0,-61.0,-63.0,70.0,-75.0,75.0,57.0,75.0,132.0
IDF - REG 1 - Saint maur - 1ER TOUR REGIONAL IDF 1 FEMMES EQUIPES 2 FRANCONVILLE GENEVILLIERS VGA,2024-10-19,SEN Women 64,RIEDBERGER Aude,63.6,49.0,52.0,54.0,60.0,65.0,-68.0,54.0,65.0,119.0
IDF - REG 1 - Saint maur - 1ER TOUR REGIONAL IDF 1 FEMMES EQUIPES 2 FRANCONVILLE GENEVILLIERS VGA,2024-10-19,SEN Women 71,LOTTIN Justine,66.9,52.0,56.0,60.0,65.0,70.0,-73.0,60.0,70.0,130.0
IDF - REG 1 - Saint maur - 1ER TOUR REGIONAL IDF 1 FEMMES EQUIPES 2 FRANCONVILLE GENEVILLIERS VGA,2024-10-19,SEN Women 71,MARAGE Lucine,67.3,48.0,-52.0,54.0,60.0,-63.0,64.0,54.0,64.0,118.0
IDF - REG 1 - Saint maur - 1ER TOUR REGIONAL IDF 1 FEMMES EQUIPES 2 FRANCONVILLE GENEVILLIERS VGA,2024-10-19,SEN Women 71,FRICOT Manon,64.7,45.0,50.0,-54.0,57.0,60.0,-63.0,50.0,60.0,110.0
IDF - REG 1 - Saint maur - 1ER TOUR REGIONAL IDF 1 FEMMES EQUIPES 2 FRANCONVILLE GENEVILLIERS VGA,2024-10-19,SEN Women >87,BIZNAR Clara,118.8,47.0,-51.0,-51.0,65.0,70.0,-74.0,47.0,70.0,117.0
IDF - REG 1 - Saint maur - 1ER TOUR REGIONAL IDF 1 FEMMES EQUIPES 2 FRANCONVILLE GENEVILLIERS VGA,2024-10-19,U15 Women 40,RIQUIER Alicia,36.9,17.0,-19.0,19.0,25.0,29.0,-31.0,19.0,29.0,48.0
IDF - REG 1 - Saint maur - 1ER TOUR REGIONAL IDF 1 FEMMES EQUIPES 2 FRANCONVILLE GENEVILLIERS VGA,2024-10-19,U17 Women 64,MEZIANI Jessica,62.6,35.0,-38.0,38.0,47.0,50.0,-52.0,38.0,50.0,88.0
IDF - REG 1 - Saint maur - 1ER TOUR REGIONAL IDF 1 FEMMES EQUIPES 2 FRANCONVILLE GENEVILLIERS VGA,2024-10-19,U20 Women 45,BIZEAU Alexine,44.5,54.0,-57.0,-57.0,64.0,67.0,-70.0,54.0,67.0,121.0
IDF - REG 1 - Saint maur - 1ER TOUR REGIONAL IDF 1 FEMMES EQUIPES 2 FRANCONVILLE GENEVILLIERS VGA,2024-10-19,SEN Women 55,KOCSIS Anita,54.8,33.0,35.0,38.0,-42.0,42.0,45.0,38.0,45.0,83.0
IDF - REG 1 - Saint maur - 1ER TOUR REGIONAL IDF 1 FEMMES EQUIPES 2 FRANCONVILLE GENEVILLIERS VGA,2024-10-19,SEN Women 59,BOURBIER Maeva,58.2,42.0,45.0,47.0,52.0,57.0,60.0,47.0,60.0,107.0
IDF - REG 1 - Saint maur - 1ER TOUR REGIONAL IDF 1 FEMMES EQUIPES 2 FRANCONVILLE GENEVILLIERS VGA,2024-10-19,SEN Women 59,CATTEAU Océane,58.2,35.0,38.0,41.0,52.0,56.0,-60.0,41.0,56.0,97.0
IDF - REG 1 - Saint maur - 1ER TOUR REGIONAL IDF 1 FEMMES EQUIPES 2 FRANCONVILLE GENEVILLIERS VGA,2024-10-19,SEN Women 64,NOIRON Capucine,59.8,67.0,-70.0,-71.0,80.0,85.0,88.0,67.0,88.0,155.0
IDF - REG 1 - Saint maur - 1ER TOUR REGIONAL IDF 1 FEMMES EQUIPES 2 FRANCONVILLE GENEVILLIERS VGA,2024-10-19,SEN Women 64,LANOY Laetitia,63.9,61.0,66.0,-70.0,75.0,80.0,84.0,66.0,84.0,150.0
IDF - REG 1 - Saint maur - 1ER TOUR REGIONAL IDF 1 FEMMES EQUIPES 2 FRANCONVILLE GENEVILLIERS VGA,2024-10-19,SEN Women 64,DUCHAN Chloé,61.5,60.0,63.0,-65.0,80.0,-85.0,-85.0,63.0,80.0,143.0
IDF - REG 1 - Saint maur - 1ER TOUR REGIONAL IDF 1 FEMMES EQUIPES 2 FRANCONVILLE GENEVILLIERS VGA,2024-10-19,SEN Women 64,BACQUAERT Marie,61.4,57.0,-61.0,-63.0,70.0,-75.0,75.0,57.0,75.0,132.0
IDF - REG 1 - Saint maur - 1ER TOUR REGIONAL IDF 1 FEMMES EQUIPES 2 FRANCONVILLE GENEVILLIERS VGA,2024-10-19,SEN Women 64,RIEDBERGER Aude,63.6,49.0,52.0,54.0,60.0,65.0,-68.0,54.0,65.0,119.0
IDF - REG 1 - Saint maur - 1ER TOUR REGIONAL IDF 1 FEMMES EQUIPES 2 FRANCONVILLE GENEVILLIERS VGA,2024-10-19,SEN Women 71,LOTTIN Justine,66.9,52.0,56.0,60.0,65.0,70.0,-73.0,60.0,70.0,130.0
IDF - REG 1 - Saint maur - 1ER TOUR REGIONAL IDF 1 FEMMES EQUIPES 2 FRANCONVILLE GENEVILLIERS VGA,2024-10-19,SEN Women 71,MARAGE Lucine,67.3,48.0,-52.0,54.0,60.0,-63.0,64.0,54.0,64.0,118.0
IDF - REG 1 - Saint maur - 1ER TOUR REGIONAL IDF 1 FEMMES EQUIPES 2 FRANCONVILLE GENEVILLIERS VGA,2024-10-19,SEN Women 71,FRICOT Manon,64.7,45.0,50.0,-54.0,57.0,60.0,-63.0,50.0,60.0,110.0
IDF - REG 1 - Saint maur - 1ER TOUR REGIONAL IDF 1 FEMMES EQUIPES 2 FRANCONVILLE GENEVILLIERS VGA,2024-10-19,SEN Women >87,BIZNAR Clara,118.8,47.0,-51.0,-51.0,65.0,70.0,-74.0,47.0,70.0,117.0
IDF - REG 1 - Saint maur - 1ER TOUR REGIONAL IDF 1 FEMMES EQUIPES 2 FRANCONVILLE GENEVILLIERS VGA,2024-10-19,U15 Women 64,LEON Charline,59.3,50.0,53.0,-55.0,59.0,62.0,65.0,53.0,65.0,118.0
IDF - REG 1 - Saint maur - 1ER TOUR REGIONAL IDF 1 FEMMES EQUIPES 2 FRANCONVILLE GENEVILLIERS VGA,2024-10-19,U17 Women 55,HANOCQUE Astrid,52.9,56.0,59.0,-61.0,70.0,73.0,75.0,59.0,75.0,134.0
IDF - REG 1 - Saint maur - 1ER TOUR REGIONAL IDF 1 FEMMES EQUIPES 2 FRANCONVILLE GENEVILLIERS VGA,2024-10-19,U17 Women 64,RENAULT Alice,60.7,40.0,42.0,44.0,50.0,53.0,56.0,44.0,56.0,100.0
IDF - REG 1 - Saint maur - 1ER TOUR REGIONAL IDF 1 FEMMES EQUIPES 2 FRANCONVILLE GENEVILLIERS VGA,2024-10-19,U17 Women 71,CORDIER Kenza,68.1,23.0,26.0,29.0,37.0,40.0,-42.0,29.0,40.0,69.0
IDF - REG 1 - Saint maur - 1ER TOUR REGIONAL IDF 1 FEMMES EQUIPES 2 FRANCONVILLE GENEVILLIERS VGA,2024-10-19,U17 Women 76,LEON Marika,71.6,34.0,36.0,-38.0,47.0,-50.0,50.0,36.0,50.0,86.0
IDF - REG 1 - Saint maur - 1ER TOUR REGIONAL IDF 1 FEMMES EQUIPES 2 FRANCONVILLE GENEVILLIERS VGA,2024-10-19,U20 Women 71,LÉON Addison,69.9,41.0,44.0,46.0,49.0,52.0,55.0,46.0,55.0,101.0
IDF - REG 1 - Saint maur - 1ER TOUR REGIONAL IDF 1 FEMMES EQUIPES 2 FRANCONVILLE GENEVILLIERS VGA,2024-10-19,U20 Women 76,EAST Pia,71.8,50.0,53.0,-55.0,65.0,68.0,71.0,53.0,71.0,124.0
IDF - REG 1 - Saint maur - 1ER TOUR REGIONAL IDF 1 FEMMES EQUIPES 2 FRANCONVILLE GENEVILLIERS VGA,2024-10-19,SEN Women 55,FREBOURG Elise,54.4,45.0,48.0,50.0,60.0,64.0,67.0,50.0,67.0,117.0
IDF - REG 1 - Saint maur - 1ER TOUR REGIONAL IDF 1 FEMMES EQUIPES 2 FRANCONVILLE GENEVILLIERS VGA,2024-10-19,SEN Women 55,LEROY Lili,54.0,30.0,33.0,-36.0,40.0,42.0,44.0,33.0,44.0,77.0
IDF - REG 1 - Saint maur - 1ER TOUR REGIONAL IDF 1 FEMMES EQUIPES 2 FRANCONVILLE GENEVILLIERS VGA,2024-10-19,SEN Women 59,PENE Cecile,55.7,43.0,46.0,49.0,57.0,60.0,64.0,49.0,64.0,113.0
IDF - REG 1 - Saint maur - 1ER TOUR REGIONAL IDF 1 FEMMES EQUIPES 2 FRANCONVILLE GENEVILLIERS VGA,2024-10-19,SEN Women 59,LAISNÉ Johanie,56.7,44.0,47.0,50.0,56.0,60.0,64.0,50.0,64.0,114.0
IDF - REG 1 - Saint maur - 1ER TOUR REGIONAL IDF 1 FEMMES EQUIPES 2 FRANCONVILLE GENEVILLIERS VGA,2024-10-19,SEN Women 59,LOUVEAU Marion,55.7,45.0,48.0,51.0,55.0,58.0,61.0,51.0,61.0,112.0
IDF - REG 1 - Saint maur - 1ER TOUR REGIONAL IDF 1 FEMMES EQUIPES 2 FRANCONVILLE GENEVILLIERS VGA,2024-10-19,SEN Women 64,BRASSART Alyssa,59.9,55.0,58.0,63.0,-80.0,80.0,83.0,63.0,83.0,146.0
IDF - REG 1 - Saint maur - 1ER TOUR REGIONAL IDF 1 FEMMES EQUIPES 2 FRANCONVILLE GENEVILLIERS VGA,2024-10-19,SEN Women 64,MABILLE Aude,63.3,46.0,49.0,52.0,62.0,64.0,-66.0,52.0,64.0,116.0
IDF - REG 1 - Saint maur - 1ER TOUR REGIONAL IDF 1 FEMMES EQUIPES 2 FRANCONVILLE GENEVILLIERS VGA,2024-10-19,SEN Women 64,CANIVET Marie,61.3,38.0,40.0,-43.0,50.0,54.0,-58.0,40.0,54.0,94.0
IDF - REG 1 - Saint maur - 1ER TOUR REGIONAL IDF 1 FEMMES EQUIPES 2 FRANCONVILLE GENEVILLIERS VGA,2024-10-19,SEN Women 71,ALLARD Charlotte,67.4,50.0,54.0,-58.0,65.0,68.0,-72.0,54.0,68.0,122.0
IDF - REG 1 - Saint maur - 1ER TOUR REGIONAL IDF 1 FEMMES EQUIPES 2 FRANCONVILLE GENEVILLIERS VGA,2024-10-19,SEN Women 81,COLLINOT France,79.6,40.0,43.0,45.0,54.0,57.0,60.0,45.0,60.0,105.0
IDF - REG 1 - Saint maur - 1ER TOUR REGIONAL IDF 1 FEMMES EQUIPES 2 FRANCONVILLE GENEVILLIERS VGA,2024-10-19,SEN Women >87,DUBUC Iliana,93.8,51.0,54.0,57.0,68.0,73.0,78.0,57.0,78.0,135.0
IDF - REG 1 - Saint maur - 1ER TOUR REGIONAL IDF 1 FEMMES EQUIPES 2 FRANCONVILLE GENEVILLIERS VGA,2024-10-19,SEN Women >87,DEZIER Camille,114.4,35.0,38.0,41.0,52.0,57.0,62.0,41.0,62.0,103.0
IDF - REG 1 - Saint maur - 1ER TOUR REGIONAL IDF 1 FEMMES EQUIPES 2 FRANCONVILLE GENEVILLIERS VGA,2024-10-19,U15 Women 64,LEON Charline,59.3,50.0,53.0,-55.0,59.0,62.0,65.0,53.0,65.0,118.0
IDF - REG 1 - Saint maur - 1ER TOUR REGIONAL IDF 1 FEMMES EQUIPES 2 FRANCONVILLE GENEVILLIERS VGA,2024-10-19,U17 Women 55,HANOCQUE Astrid,52.9,56.0,59.0,-61.0,70.0,73.0,75.0,59.0,75.0,134.0
IDF - REG 1 - Saint maur - 1ER TOUR REGIONAL IDF 1 FEMMES EQUIPES 2 FRANCONVILLE GENEVILLIERS VGA,2024-10-19,U17 Women 64,RENAULT Alice,60.7,40.0,42.0,44.0,50.0,53.0,56.0,44.0,56.0,100.0
IDF - REG 1 - Saint maur - 1ER TOUR REGIONAL IDF 1 FEMMES EQUIPES 2 FRANCONVILLE GENEVILLIERS VGA,2024-10-19,U17 Women 71,CORDIER Kenza,68.1,23.0,26.0,29.0,37.0,40.0,-42.0,29.0,40.0,69.0
IDF - REG 1 - Saint maur - 1ER TOUR REGIONAL IDF 1 FEMMES EQUIPES 2 FRANCONVILLE GENEVILLIERS VGA,2024-10-19,U17 Women 76,LEON Marika,71.6,34.0,36.0,-38.0,47.0,-50.0,50.0,36.0,50.0,86.0
IDF - REG 1 - Saint maur - 1ER TOUR REGIONAL IDF 1 FEMMES EQUIPES 2 FRANCONVILLE GENEVILLIERS VGA,2024-10-19,U20 Women 71,LÉON Addison,69.9,41.0,44.0,46.0,49.0,52.0,55.0,46.0,55.0,101.0
IDF - REG 1 - Saint maur - 1ER TOUR REGIONAL IDF 1 FEMMES EQUIPES 2 FRANCONVILLE GENEVILLIERS VGA,2024-10-19,U20 Women 76,EAST Pia,71.8,50.0,53.0,-55.0,65.0,68.0,71.0,53.0,71.0,124.0
IDF - REG 1 - Saint maur - 1ER TOUR REGIONAL IDF 1 FEMMES EQUIPES 2 FRANCONVILLE GENEVILLIERS VGA,2024-10-19,SEN Women 55,FREBOURG Elise,54.4,45.0,48.0,50.0,60.0,64.0,67.0,50.0,67.0,117.0
IDF - REG 1 - Saint maur - 1ER TOUR REGIONAL IDF 1 FEMMES EQUIPES 2 FRANCONVILLE GENEVILLIERS VGA,2024-10-19,SEN Women 55,LEROY Lili,54.0,30.0,33.0,-36.0,40.0,42.0,44.0,33.0,44.0,77.0
IDF - REG 1 - Saint maur - 1ER TOUR REGIONAL IDF 1 FEMMES EQUIPES 2 FRANCONVILLE GENEVILLIERS VGA,2024-10-19,SEN Women 59,PENE Cecile,55.7,43.0,46.0,49.0,57.0,60.0,64.0,49.0,64.0,113.0
IDF - REG 1 - Saint maur - 1ER TOUR REGIONAL IDF 1 FEMMES EQUIPES 2 FRANCONVILLE GENEVILLIERS VGA,2024-10-19,SEN Women 59,LAISNÉ Johanie,56.7,44.0,47.0,50.0,56.0,60.0,64.0,50.0,64.0,114.0
IDF - REG 1 - Saint maur - 1ER TOUR REGIONAL IDF 1 FEMMES EQUIPES 2 FRANCONVILLE GENEVILLIERS VGA,2024-10-19,SEN Women 59,LOUVEAU Marion,55.7,45.0,48.0,51.0,55.0,58.0,61.0,51.0,61.0,112.0
IDF - REG 1 - Saint maur - 1ER TOUR REGIONAL IDF 1 FEMMES EQUIPES 2 FRANCONVILLE GENEVILLIERS VGA,2024-10-19,SEN Women 64,BRASSART Alyssa,59.9,55.0,58.0,63.0,-80.0,80.0,83.0,63.0,83.0,146.0
IDF - REG 1 - Saint maur - 1ER TOUR REGIONAL IDF 1 FEMMES EQUIPES 2 FRANCONVILLE GENEVILLIERS VGA,2024-10-19,SEN Women 64,MABILLE Aude,63.3,46.0,49.0,52.0,62.0,64.0,-66.0,52.0,64.0,116.0
IDF - REG 1 - Saint maur - 1ER TOUR REGIONAL IDF 1 FEMMES EQUIPES 2 FRANCONVILLE GENEVILLIERS VGA,2024-10-19,SEN Women 64,CANIVET Marie,61.3,38.0,40.0,-43.0,50.0,54.0,-58.0,40.0,54.0,94.0
IDF - REG 1 - Saint maur - 1ER TOUR REGIONAL IDF 1 FEMMES EQUIPES 2 FRANCONVILLE GENEVILLIERS VGA,2024-10-19,SEN Women 71,ALLARD Charlotte,67.4,50.0,54.0,-58.0,65.0,68.0,-72.0,54.0,68.0,122.0
IDF - REG 1 - Saint maur - 1ER TOUR REGIONAL IDF 1 FEMMES EQUIPES 2 FRANCONVILLE GENEVILLIERS VGA,2024-10-19,SEN Women 81,COLLINOT France,79.6,40.0,43.0,45.0,54.0,57.0,60.0,45.0,60.0,105.0
IDF - REG 1 - Saint maur - 1ER TOUR REGIONAL IDF 1 FEMMES EQUIPES 2 FRANCONVILLE GENEVILLIERS VGA,2024-10-19,SEN Women >87,DUBUC Iliana,93.8,51.0,54.0,57.0,68.0,73.0,78.0,57.0,78.0,135.0
IDF - REG 1 - Saint maur - 1ER TOUR REGIONAL IDF 1 FEMMES EQUIPES 2 FRANCONVILLE GENEVILLIERS VGA,2024-10-19,SEN Women >87,DEZIER Camille,114.4,35.0,38.0,41.0,52.0,57.0,62.0,41.0,62.0,103.0
IDF - REG 1 - Saint maur - 1ER TOUR REGIONAL IDF 1 FEMMES EQUIPES 2 FRANCONVILLE GENEVILLIERS VGA,2024-10-19,U17 Men 67,DURIC Adis,66.0,68.0,72.0,75.0,-78.0,-78.0,78.0,75.0,78.0,153.0
IDF - REG 1 - Saint maur - 1ER TOUR REGIONAL IDF 1 FEMMES EQUIPES 2 FRANCONVILLE GENEVILLIERS VGA,2024-10-19,U17 Men 89,SCHNEIDER Jacques,88.0,80.0,-85.0,-85.0,100.0,105.0,-110.0,80.0,105.0,185.0
IDF - REG 1 - Saint maur - 1ER TOUR REGIONAL IDF 1 FEMMES EQUIPES 2 FRANCONVILLE GENEVILLIERS VGA,2024-10-19,U17 Men 102,DEBARD Martin,96.8,34.0,36.0,39.0,48.0,51.0,54.0,39.0,54.0,93.0
IDF - REG 1 - Saint maur - 1ER TOUR REGIONAL IDF 1 FEMMES EQUIPES 2 FRANCONVILLE GENEVILLIERS VGA,2024-10-19,U17 Men >102,BOFFY Lucas,110.0,100.0,-106.0,110.0,130.0,136.0,140.0,110.0,140.0,250.0
IDF - REG 1 - Saint maur - 1ER TOUR REGIONAL IDF 1 FEMMES EQUIPES 2 FRANCONVILLE GENEVILLIERS VGA,2024-10-19,U20 Men 73,SIMARD--FERNANDES Mathis,67.7,78.0,82.0,85.0,100.0,105.0,110.0,85.0,110.0,195.0
IDF - REG 1 - Saint maur - 1ER TOUR REGIONAL IDF 1 FEMMES EQUIPES 2 FRANCONVILLE GENEVILLIERS VGA,2024-10-19,U20 Men >109,VINCENT Gaetan,116.2,100.0,106.0,112.0,130.0,-138.0,141.0,112.0,141.0,253.0
IDF - REG 1 - Saint maur - 1ER TOUR REGIONAL IDF 1 FEMMES EQUIPES 2 FRANCONVILLE GENEVILLIERS VGA,2024-10-19,SEN Men 67,CAMBON Tanguy,66.1,80.0,83.0,85.0,100.0,105.0,-110.0,85.0,105.0,190.0
IDF - REG 1 - Saint maur - 1ER TOUR REGIONAL IDF 1 FEMMES EQUIPES 2 FRANCONVILLE GENEVILLIERS VGA,2024-10-19,SEN Men 67,LABBE Yohan,66.8,63.0,66.0,-69.0,80.0,84.0,-87.0,66.0,84.0,150.0
IDF - REG 1 - Saint maur - 1ER TOUR REGIONAL IDF 1 FEMMES EQUIPES 2 FRANCONVILLE GENEVILLIERS VGA,2024-10-19,SEN Men 67,GAUTHIER Romain,62.0,35.0,-38.0,38.0,47.0,50.0,53.0,38.0,53.0,91.0
IDF - REG 1 - Saint maur - 1ER TOUR REGIONAL IDF 1 FEMMES EQUIPES 2 FRANCONVILLE GENEVILLIERS VGA,2024-10-19,SEN Men 73,MONGEY Dylan,72.4,85.0,89.0,93.0,100.0,104.0,-107.0,93.0,104.0,197.0
IDF - REG 1 - Saint maur - 1ER TOUR REGIONAL IDF 1 FEMMES EQUIPES 2 FRANCONVILLE GENEVILLIERS VGA,2024-10-19,SEN Men 81,MARGUIER Flavien,81.0,86.0,95.0,-100.0,101.0,107.0,112.0,95.0,112.0,207.0
IDF - REG 1 - Saint maur - 1ER TOUR REGIONAL IDF 1 FEMMES EQUIPES 2 FRANCONVILLE GENEVILLIERS VGA,2024-10-19,SEN Men 81,BERTAUD Loïc,79.2,80.0,-85.0,85.0,-115.0,115.0,-120.0,85.0,115.0,200.0
IDF - REG 1 - Saint maur - 1ER TOUR REGIONAL IDF 1 FEMMES EQUIPES 2 FRANCONVILLE GENEVILLIERS VGA,2024-10-19,SEN Men 81,KHOJA Maël,75.2,82.0,-86.0,-86.0,100.0,104.0,110.0,82.0,110.0,192.0
IDF - REG 1 - Saint maur - 1ER TOUR REGIONAL IDF 1 FEMMES EQUIPES 2 FRANCONVILLE GENEVILLIERS VGA,2024-10-19,SEN Men 81,BOURDENET Cyrille,79.5,63.0,67.0,-69.0,78.0,82.0,85.0,67.0,85.0,152.0
IDF - REG 1 - Saint maur - 1ER TOUR REGIONAL IDF 1 FEMMES EQUIPES 2 FRANCONVILLE GENEVILLIERS VGA,2024-10-19,SEN Men 81,SEURRE Florent,76.7,55.0,58.0,-60.0,75.0,-78.0,-78.0,58.0,75.0,133.0
IDF - REG 1 - Saint maur - 1ER TOUR REGIONAL IDF 1 FEMMES EQUIPES 2 FRANCONVILLE GENEVILLIERS VGA,2024-10-19,SEN Men 89,STUMPF Fabien,87.7,-93.0,95.0,-102.0,120.0,125.0,-130.0,95.0,125.0,220.0
IDF - REG 1 - Saint maur - 1ER TOUR REGIONAL IDF 1 FEMMES EQUIPES 2 FRANCONVILLE GENEVILLIERS VGA,2024-10-19,SEN Men 89,DUBOIS Vincent,85.6,77.0,81.0,-83.0,97.0,102.0,-106.0,81.0,102.0,183.0
IDF - REG 1 - Saint maur - 1ER TOUR REGIONAL IDF 1 FEMMES EQUIPES 2 FRANCONVILLE GENEVILLIERS VGA,2024-10-19,SEN Men 89,SIMSEK Kenan,87.5,77.0,80.0,83.0,92.0,96.0,-101.0,83.0,96.0,179.0
IDF - REG 1 - Saint maur - 1ER TOUR REGIONAL IDF 1 FEMMES EQUIPES 2 FRANCONVILLE GENEVILLIERS VGA,2024-10-19,SEN Men 96,LANGE Jérémy,92.0,-102.0,102.0,105.0,115.0,120.0,-125.0,105.0,120.0,225.0
IDF - REG 1 - Saint maur - 1ER TOUR REGIONAL IDF 1 FEMMES EQUIPES 2 FRANCONVILLE GENEVILLIERS VGA,2024-10-19,SEN Men 102,LANQUETIN Allan,97.3,65.0,-67.0,-68.0,-85.0,-85.0,85.0,65.0,85.0,150.0
IDF - REG 1 - Saint maur - 1ER TOUR REGIONAL IDF 1 FEMMES EQUIPES 2 FRANCONVILLE GENEVILLIERS VGA,2024-10-19,U17 Men 67,DURIC Adis,66.0,68.0,72.0,75.0,-78.0,-78.0,78.0,75.0,78.0,153.0
IDF - REG 1 - Saint maur - 1ER TOUR REGIONAL IDF 1 FEMMES EQUIPES 2 FRANCONVILLE GENEVILLIERS VGA,2024-10-19,U17 Men 89,SCHNEIDER Jacques,88.0,80.0,-85.0,-85.0,100.0,105.0,-110.0,80.0,105.0,185.0
IDF - REG 1 - Saint maur - 1ER TOUR REGIONAL IDF 1 FEMMES EQUIPES 2 FRANCONVILLE GENEVILLIERS VGA,2024-10-19,U17 Men 102,DEBARD Martin,96.8,34.0,36.0,39.0,48.0,51.0,54.0,39.0,54.0,93.0
IDF - REG 1 - Saint maur - 1ER TOUR REGIONAL IDF 1 FEMMES EQUIPES 2 FRANCONVILLE GENEVILLIERS VGA,2024-10-19,U17 Men >102,BOFFY Lucas,110.0,100.0,-106.0,110.0,130.0,136.0,140.0,110.0,140.0,250.0
IDF - REG 1 - Saint maur - 1ER TOUR REGIONAL IDF 1 FEMMES EQUIPES 2 FRANCONVILLE GENEVILLIERS VGA,2024-10-19,U20 Men 73,SIMARD--FERNANDES Mathis,67.7,78.0,82.0,85.0,100.0,105.0,110.0,85.0,110.0,195.0
IDF - REG 1 - Saint maur - 1ER TOUR REGIONAL IDF 1 FEMMES EQUIPES 2 FRANCONVILLE GENEVILLIERS VGA,2024-10-19,U20 Men >109,VINCENT Gaetan,116.2,100.0,106.0,112.0,130.0,-138.0,141.0,112.0,141.0,253.0
IDF - REG 1 - Saint maur - 1ER TOUR REGIONAL IDF 1 FEMMES EQUIPES 2 FRANCONVILLE GENEVILLIERS VGA,2024-10-19,SEN Men 67,CAMBON Tanguy,66.1,80.0,83.0,85.0,100.0,105.0,-110.0,85.0,105.0,190.0
IDF - REG 1 - Saint maur - 1ER TOUR REGIONAL IDF 1 FEMMES EQUIPES 2 FRANCONVILLE GENEVILLIERS VGA,2024-10-19,SEN Men 67,LABBE Yohan,66.8,63.0,66.0,-69.0,80.0,84.0,-87.0,66.0,84.0,150.0
IDF - REG 1 - Saint maur - 1ER TOUR REGIONAL IDF 1 FEMMES EQUIPES 2 FRANCONVILLE GENEVILLIERS VGA,2024-10-19,SEN Men 67,GAUTHIER Romain,62.0,35.0,-38.0,38.0,47.0,50.0,53.0,38.0,53.0,91.0
IDF - REG 1 - Saint maur - 1ER TOUR REGIONAL IDF 1 FEMMES EQUIPES 2 FRANCONVILLE GENEVILLIERS VGA,2024-10-19,SEN Men 73,MONGEY Dylan,72.4,85.0,89.0,93.0,100.0,104.0,-107.0,93.0,104.0,197.0
IDF - REG 1 - Saint maur - 1ER TOUR REGIONAL IDF 1 FEMMES EQUIPES 2 FRANCONVILLE GENEVILLIERS VGA,2024-10-19,SEN Men 81,MARGUIER Flavien,81.0,86.0,95.0,-100.0,101.0,107.0,112.0,95.0,112.0,207.0
IDF - REG 1 - Saint maur - 1ER TOUR REGIONAL IDF 1 FEMMES EQUIPES 2 FRANCONVILLE GENEVILLIERS VGA,2024-10-19,SEN Men 81,BERTAUD Loïc,79.2,80.0,-85.0,85.0,-115.0,115.0,-120.0,85.0,115.0,200.0
IDF - REG 1 - Saint maur - 1ER TOUR REGIONAL IDF 1 FEMMES EQUIPES 2 FRANCONVILLE GENEVILLIERS VGA,2024-10-19,SEN Men 81,KHOJA Maël,75.2,82.0,-86.0,-86.0,100.0,104.0,110.0,82.0,110.0,192.0
IDF - REG 1 - Saint maur - 1ER TOUR REGIONAL IDF 1 FEMMES EQUIPES 2 FRANCONVILLE GENEVILLIERS VGA,2024-10-19,SEN Men 81,BOURDENET Cyrille,79.5,63.0,67.0,-69.0,78.0,82.0,85.0,67.0,85.0,152.0
IDF - REG 1 - Saint maur - 1ER TOUR REGIONAL IDF 1 FEMMES EQUIPES 2 FRANCONVILLE GENEVILLIERS VGA,2024-10-19,SEN Men 81,SEURRE Florent,76.7,55.0,58.0,-60.0,75.0,-78.0,-78.0,58.0,75.0,133.0
IDF - REG 1 - Saint maur - 1ER TOUR REGIONAL IDF 1 FEMMES EQUIPES 2 FRANCONVILLE GENEVILLIERS VGA,2024-10-19,SEN Men 89,STUMPF Fabien,87.7,-93.0,95.0,-102.0,120.0,125.0,-130.0,95.0,125.0,220.0
IDF - REG 1 - Saint maur - 1ER TOUR REGIONAL IDF 1 FEMMES EQUIPES 2 FRANCONVILLE GENEVILLIERS VGA,2024-10-19,SEN Men 89,DUBOIS Vincent,85.6,77.0,81.0,-83.0,97.0,102.0,-106.0,81.0,102.0,183.0
IDF - REG 1 - Saint maur - 1ER TOUR REGIONAL IDF 1 FEMMES EQUIPES 2 FRANCONVILLE GENEVILLIERS VGA,2024-10-19,SEN Men 89,SIMSEK Kenan,87.5,77.0,80.0,83.0,92.0,96.0,-101.0,83.0,96.0,179.0
IDF - REG 1 - Saint maur - 1ER TOUR REGIONAL IDF 1 FEMMES EQUIPES 2 FRANCONVILLE GENEVILLIERS VGA,2024-10-19,SEN Men 96,LANGE Jérémy,92.0,-102.0,102.0,105.0,115.0,120.0,-125.0,105.0,120.0,225.0
IDF - REG 1 - Saint maur - 1ER TOUR REGIONAL IDF 1 FEMMES EQUIPES 2 FRANCONVILLE GENEVILLIERS VGA,2024-10-19,SEN Men 102,LANQUETIN Allan,97.3,65.0,-67.0,-68.0,-85.0,-85.0,85.0,65.0,85.0,150.0
IDF - REG 1 - Saint maur - 1ER TOUR REGIONAL IDF 1 FEMMES EQUIPES 2 FRANCONVILLE GENEVILLIERS VGA,2024-10-19,U17 Men 73,PENCOLE Benjamin,67.7,43.0,46.0,49.0,53.0,57.0,-61.0,49.0,57.0,106.0
IDF - REG 1 - Saint maur - 1ER TOUR REGIONAL IDF 1 FEMMES EQUIPES 2 FRANCONVILLE GENEVILLIERS VGA,2024-10-19,U17 Men 81,DUGUÉ Louis,80.0,30.0,35.0,-40.0,45.0,52.0,57.0,35.0,57.0,92.0
IDF - REG 1 - Saint maur - 1ER TOUR REGIONAL IDF 1 FEMMES EQUIPES 2 FRANCONVILLE GENEVILLIERS VGA,2024-10-19,U20 Men 81,DUDOUET Joshua,73.4,78.0,81.0,-84.0,98.0,102.0,105.0,81.0,105.0,186.0
IDF - REG 1 - Saint maur - 1ER TOUR REGIONAL IDF 1 FEMMES EQUIPES 2 FRANCONVILLE GENEVILLIERS VGA,2024-10-19,SEN Men 55,CORNEILLET Jacques,54.8,25.0,30.0,32.0,35.0,40.0,-42.0,32.0,40.0,72.0
IDF - REG 1 - Saint maur - 1ER TOUR REGIONAL IDF 1 FEMMES EQUIPES 2 FRANCONVILLE GENEVILLIERS VGA,2024-10-19,SEN Men 61,CAHIERC Gaby,60.9,63.0,65.0,67.0,73.0,-76.0,77.0,67.0,77.0,144.0
IDF - REG 1 - Saint maur - 1ER TOUR REGIONAL IDF 1 FEMMES EQUIPES 2 FRANCONVILLE GENEVILLIERS VGA,2024-10-19,SEN Men 73,PETEL Jonathan,72.4,63.0,68.0,71.0,85.0,90.0,93.0,71.0,93.0,164.0
IDF - REG 1 - Saint maur - 1ER TOUR REGIONAL IDF 1 FEMMES EQUIPES 2 FRANCONVILLE GENEVILLIERS VGA,2024-10-19,SEN Men 73,HECTOR Lucas,68.9,57.0,61.0,-65.0,64.0,68.0,72.0,61.0,72.0,133.0
IDF - REG 1 - Saint maur - 1ER TOUR REGIONAL IDF 1 FEMMES EQUIPES 2 FRANCONVILLE GENEVILLIERS VGA,2024-10-19,SEN Men 81,BERTHE Anthony,76.6,78.0,83.0,90.0,98.0,103.0,108.0,90.0,108.0,198.0
IDF - REG 1 - Saint maur - 1ER TOUR REGIONAL IDF 1 FEMMES EQUIPES 2 FRANCONVILLE GENEVILLIERS VGA,2024-10-19,SEN Men 81,BERTOLINI Hugo,80.9,75.0,80.0,86.0,83.0,88.0,93.0,86.0,93.0,179.0
IDF - REG 1 - Saint maur - 1ER TOUR REGIONAL IDF 1 FEMMES EQUIPES 2 FRANCONVILLE GENEVILLIERS VGA,2024-10-19,SEN Men 81,PICOT Franck,74.7,64.0,67.0,72.0,90.0,93.0,96.0,72.0,96.0,168.0
IDF - REG 1 - Saint maur - 1ER TOUR REGIONAL IDF 1 FEMMES EQUIPES 2 FRANCONVILLE GENEVILLIERS VGA,2024-10-19,SEN Men 81,POCHON Yannick,80.4,55.0,-60.0,60.0,75.0,80.0,83.0,60.0,83.0,143.0
IDF - REG 1 - Saint maur - 1ER TOUR REGIONAL IDF 1 FEMMES EQUIPES 2 FRANCONVILLE GENEVILLIERS VGA,2024-10-19,SEN Men 81,LECARPENTIER Guillaume,79.6,48.0,51.0,54.0,63.0,67.0,71.0,54.0,71.0,125.0
IDF - REG 1 - Saint maur - 1ER TOUR REGIONAL IDF 1 FEMMES EQUIPES 2 FRANCONVILLE GENEVILLIERS VGA,2024-10-19,SEN Men 89,FERNAND Sébastien,86.9,77.0,-81.0,82.0,100.0,105.0,-110.0,82.0,105.0,187.0
IDF - REG 1 - Saint maur - 1ER TOUR REGIONAL IDF 1 FEMMES EQUIPES 2 FRANCONVILLE GENEVILLIERS VGA,2024-10-19,SEN Men 96,BRIENS Charles,89.6,85.0,89.0,93.0,100.0,105.0,110.0,93.0,110.0,203.0
IDF - REG 1 - Saint maur - 1ER TOUR REGIONAL IDF 1 FEMMES EQUIPES 2 FRANCONVILLE GENEVILLIERS VGA,2024-10-19,SEN Men 96,BUCAILLE Olivier,94.3,25.0,-0.0,-0.0,25.0,-0.0,-0.0,25.0,25.0,50.0
IDF - REG 1 - Saint maur - 1ER TOUR REGIONAL IDF 1 FEMMES EQUIPES 2 FRANCONVILLE GENEVILLIERS VGA,2024-10-19,SEN Men 109,LEFRANCOIS Julien,105.1,-0.0,-0.0,-0.0,-0.0,-0.0,-0.0,0.0,0.0,0.0
IDF - REG 1 - Saint maur - 1ER TOUR REGIONAL IDF 1 FEMMES EQUIPES 2 FRANCONVILLE GENEVILLIERS VGA,2024-10-19,SEN Men >109,SAINT -MARTIN Antoine,135.2,78.0,83.0,-90.0,98.0,105.0,113.0,83.0,113.0,196.0
IDF - REG 1 - Saint maur - 1ER TOUR REGIONAL IDF 1 FEMMES EQUIPES 2 FRANCONVILLE GENEVILLIERS VGA,2024-10-19,SEN Men >109,LELIÈVRE Benjamin,133.4,-85.0,85.0,88.0,100.0,105.0,-110.0,88.0,105.0,193.0
IDF - REG 1 - Saint maur - 1ER TOUR REGIONAL IDF 1 FEMMES EQUIPES 2 FRANCONVILLE GENEVILLIERS VGA,2024-10-19,U17 Men 73,PENCOLE Benjamin,67.7,43.0,46.0,49.0,53.0,57.0,-61.0,49.0,57.0,106.0
IDF - REG 1 - Saint maur - 1ER TOUR REGIONAL IDF 1 FEMMES EQUIPES 2 FRANCONVILLE GENEVILLIERS VGA,2024-10-19,U17 Men 81,DUGUÉ Louis,80.0,30.0,35.0,-40.0,45.0,52.0,57.0,35.0,57.0,92.0
IDF - REG 1 - Saint maur - 1ER TOUR REGIONAL IDF 1 FEMMES EQUIPES 2 FRANCONVILLE GENEVILLIERS VGA,2024-10-19,U20 Men 81,DUDOUET Joshua,73.4,78.0,81.0,-84.0,98.0,102.0,105.0,81.0,105.0,186.0
IDF - REG 1 - Saint maur - 1ER TOUR REGIONAL IDF 1 FEMMES EQUIPES 2 FRANCONVILLE GENEVILLIERS VGA,2024-10-19,SEN Men 55,CORNEILLET Jacques,54.8,25.0,30.0,32.0,35.0,40.0,-42.0,32.0,40.0,72.0
IDF - REG 1 - Saint maur - 1ER TOUR REGIONAL IDF 1 FEMMES EQUIPES 2 FRANCONVILLE GENEVILLIERS VGA,2024-10-19,SEN Men 61,CAHIERC Gaby,60.9,63.0,65.0,67.0,73.0,-76.0,77.0,67.0,77.0,144.0
IDF - REG 1 - Saint maur - 1ER TOUR REGIONAL IDF 1 FEMMES EQUIPES 2 FRANCONVILLE GENEVILLIERS VGA,2024-10-19,SEN Men 73,PETEL Jonathan,72.4,63.0,68.0,71.0,85.0,90.0,93.0,71.0,93.0,164.0
IDF - REG 1 - Saint maur - 1ER TOUR REGIONAL IDF 1 FEMMES EQUIPES 2 FRANCONVILLE GENEVILLIERS VGA,2024-10-19,SEN Men 73,HECTOR Lucas,68.9,57.0,61.0,-65.0,64.0,68.0,72.0,61.0,72.0,133.0
IDF - REG 1 - Saint maur - 1ER TOUR REGIONAL IDF 1 FEMMES EQUIPES 2 FRANCONVILLE GENEVILLIERS VGA,2024-10-19,SEN Men 81,BERTHE Anthony,76.6,78.0,83.0,90.0,98.0,103.0,108.0,90.0,108.0,198.0
IDF - REG 1 - Saint maur - 1ER TOUR REGIONAL IDF 1 FEMMES EQUIPES 2 FRANCONVILLE GENEVILLIERS VGA,2024-10-19,SEN Men 81,BERTOLINI Hugo,80.9,75.0,80.0,86.0,83.0,88.0,93.0,86.0,93.0,179.0
IDF - REG 1 - Saint maur - 1ER TOUR REGIONAL IDF 1 FEMMES EQUIPES 2 FRANCONVILLE GENEVILLIERS VGA,2024-10-19,SEN Men 81,PICOT Franck,74.7,64.0,67.0,72.0,90.0,93.0,96.0,72.0,96.0,168.0
IDF - REG 1 - Saint maur - 1ER TOUR REGIONAL IDF 1 FEMMES EQUIPES 2 FRANCONVILLE GENEVILLIERS VGA,2024-10-19,SEN Men 81,POCHON Yannick,80.4,55.0,-60.0,60.0,75.0,80.0,83.0,60.0,83.0,143.0
IDF - REG 1 - Saint maur - 1ER TOUR REGIONAL IDF 1 FEMMES EQUIPES 2 FRANCONVILLE GENEVILLIERS VGA,2024-10-19,SEN Men 81,LECARPENTIER Guillaume,79.6,48.0,51.0,54.0,63.0,67.0,71.0,54.0,71.0,125.0
IDF - REG 1 - Saint maur - 1ER TOUR REGIONAL IDF 1 FEMMES EQUIPES 2 FRANCONVILLE GENEVILLIERS VGA,2024-10-19,SEN Men 89,FERNAND Sébastien,86.9,77.0,-81.0,82.0,100.0,105.0,-110.0,82.0,105.0,187.0
IDF - REG 1 - Saint maur - 1ER TOUR REGIONAL IDF 1 FEMMES EQUIPES 2 FRANCONVILLE GENEVILLIERS VGA,2024-10-19,SEN Men 96,BRIENS Charles,89.6,85.0,89.0,93.0,100.0,105.0,110.0,93.0,110.0,203.0
IDF - REG 1 - Saint maur - 1ER TOUR REGIONAL IDF 1 FEMMES EQUIPES 2 FRANCONVILLE GENEVILLIERS VGA,2024-10-19,SEN Men 96,BUCAILLE Olivier,94.3,25.0,-0.0,-0.0,25.0,-0.0,-0.0,25.0,25.0,50.0
IDF - REG 1 - Saint maur - 1ER TOUR REGIONAL IDF 1 FEMMES EQUIPES 2 FRANCONVILLE GENEVILLIERS VGA,2024-10-19,SEN Men 109,LEFRANCOIS Julien,105.1,-0.0,-0.0,-0.0,-0.0,-0.0,-0.0,0.0,0.0,0.0
IDF - REG 1 - Saint maur - 1ER TOUR REGIONAL IDF 1 FEMMES EQUIPES 2 FRANCONVILLE GENEVILLIERS VGA,2024-10-19,SEN Men >109,SAINT -MARTIN Antoine,135.2,78.0,83.0,-90.0,98.0,105.0,113.0,83.0,113.0,196.0
IDF - REG 1 - Saint maur - 1ER TOUR REGIONAL IDF 1 FEMMES EQUIPES 2 FRANCONVILLE GENEVILLIERS VGA,2024-10-19,SEN Men >109,LELIÈVRE Benjamin,133.4,-85.0,85.0,88.0,100.0,105.0,-110.0,88.0,105.0,193.0
IDF - REG 1 - Saint maur - 1ER TOUR REGIONAL IDF 1 FEMMES EQUIPES 2 FRANCONVILLE GENEVILLIERS VGA,2024-10-19,U20 Men 67,BEAURAIN Noah,61.5,57.0,60.0,-63.0,72.0,76.0,79.0,60.0,79.0,139.0
IDF - REG 1 - Saint maur - 1ER TOUR REGIONAL IDF 1 FEMMES EQUIPES 2 FRANCONVILLE GENEVILLIERS VGA,2024-10-19,U20 Men 67,BESRET Lovian,65.1,30.0,35.0,40.0,45.0,48.0,51.0,40.0,51.0,91.0
IDF - REG 1 - Saint maur - 1ER TOUR REGIONAL IDF 1 FEMMES EQUIPES 2 FRANCONVILLE GENEVILLIERS VGA,2024-10-19,U20 Men 73,GELE Ulysse,71.0,80.0,-84.0,-84.0,94.0,-98.0,-101.0,80.0,94.0,174.0
IDF - REG 1 - Saint maur - 1ER TOUR REGIONAL IDF 1 FEMMES EQUIPES 2 FRANCONVILLE GENEVILLIERS VGA,2024-10-19,U20 Men 81,PRUVOST Luc,75.2,55.0,61.0,-68.0,-90.0,90.0,-96.0,61.0,90.0,151.0
IDF - REG 1 - Saint maur - 1ER TOUR REGIONAL IDF 1 FEMMES EQUIPES 2 FRANCONVILLE GENEVILLIERS VGA,2024-10-19,SEN Men 67,MARTIN Thomas,66.5,85.0,90.0,93.0,-105.0,-105.0,105.0,93.0,105.0,198.0
IDF - REG 1 - Saint maur - 1ER TOUR REGIONAL IDF 1 FEMMES EQUIPES 2 FRANCONVILLE GENEVILLIERS VGA,2024-10-19,SEN Men 73,SEGARD Lilian,68.8,65.0,70.0,77.0,90.0,95.0,100.0,77.0,100.0,177.0
IDF - REG 1 - Saint maur - 1ER TOUR REGIONAL IDF 1 FEMMES EQUIPES 2 FRANCONVILLE GENEVILLIERS VGA,2024-10-19,SEN Men 81,PAPEGAY Florian,76.1,92.0,96.0,-100.0,115.0,122.0,126.0,96.0,126.0,222.0
IDF - REG 1 - Saint maur - 1ER TOUR REGIONAL IDF 1 FEMMES EQUIPES 2 FRANCONVILLE GENEVILLIERS VGA,2024-10-19,SEN Men 81,CHOQUET Matthieu,80.8,80.0,85.0,-88.0,100.0,105.0,110.0,85.0,110.0,195.0
IDF - REG 1 - Saint maur - 1ER TOUR REGIONAL IDF 1 FEMMES EQUIPES 2 FRANCONVILLE GENEVILLIERS VGA,2024-10-19,SEN Men 89,FONTAINE Camille,82.0,85.0,90.0,-93.0,110.0,115.0,-121.0,90.0,115.0,205.0
IDF - REG 1 - Saint maur - 1ER TOUR REGIONAL IDF 1 FEMMES EQUIPES 2 FRANCONVILLE GENEVILLIERS VGA,2024-10-19,SEN Men 96,MAUGY Cedric,89.7,-85.0,85.0,-90.0,110.0,-115.0,-120.0,85.0,110.0,195.0
IDF - REG 1 - Saint maur - 1ER TOUR REGIONAL IDF 1 FEMMES EQUIPES 2 FRANCONVILLE GENEVILLIERS VGA,2024-10-19,SEN Men 102,LEGRAND Maxime,96.3,105.0,110.0,113.0,133.0,138.0,-0.0,113.0,138.0,251.0
IDF - REG 1 - Saint maur - 1ER TOUR REGIONAL IDF 1 FEMMES EQUIPES 2 FRANCONVILLE GENEVILLIERS VGA,2024-10-19,SEN Men 109,FRANCHOIS Kevin,107.5,-90.0,90.0,95.0,108.0,115.0,120.0,95.0,120.0,215.0
IDF - REG 1 - Saint maur - 1ER TOUR REGIONAL IDF 1 FEMMES EQUIPES 2 FRANCONVILLE GENEVILLIERS VGA,2024-10-19,SEN Men >109,CAURA Benjamin,110.7,88.0,93.0,97.0,118.0,-125.0,126.0,97.0,126.0,223.0
IDF - REG 1 - Saint maur - 1ER TOUR REGIONAL IDF 1 FEMMES EQUIPES 2 FRANCONVILLE GENEVILLIERS VGA,2024-10-19,U20 Men 67,BEAURAIN Noah,61.5,57.0,60.0,-63.0,72.0,76.0,79.0,60.0,79.0,139.0
IDF - REG 1 - Saint maur - 1ER TOUR REGIONAL IDF 1 FEMMES EQUIPES 2 FRANCONVILLE GENEVILLIERS VGA,2024-10-19,U20 Men 67,BESRET Lovian,65.1,30.0,35.0,40.0,45.0,48.0,51.0,40.0,51.0,91.0
IDF - REG 1 - Saint maur - 1ER TOUR REGIONAL IDF 1 FEMMES EQUIPES 2 FRANCONVILLE GENEVILLIERS VGA,2024-10-19,U20 Men 73,GELE Ulysse,71.0,80.0,-84.0,-84.0,94.0,-98.0,-101.0,80.0,94.0,174.0
IDF - REG 1 - Saint maur - 1ER TOUR REGIONAL IDF 1 FEMMES EQUIPES 2 FRANCONVILLE GENEVILLIERS VGA,2024-10-19,U20 Men 81,PRUVOST Luc,75.2,55.0,61.0,-68.0,-90.0,90.0,-96.0,61.0,90.0,151.0
IDF - REG 1 - Saint maur - 1ER TOUR REGIONAL IDF 1 FEMMES EQUIPES 2 FRANCONVILLE GENEVILLIERS VGA,2024-10-19,SEN Men 67,MARTIN Thomas,66.5,85.0,90.0,93.0,-105.0,-105.0,105.0,93.0,105.0,198.0
IDF - REG 1 - Saint maur - 1ER TOUR REGIONAL IDF 1 FEMMES EQUIPES 2 FRANCONVILLE GENEVILLIERS VGA,2024-10-19,SEN Men 73,SEGARD Lilian,68.8,65.0,70.0,77.0,90.0,95.0,100.0,77.0,100.0,177.0
IDF - REG 1 - Saint maur - 1ER TOUR REGIONAL IDF 1 FEMMES EQUIPES 2 FRANCONVILLE GENEVILLIERS VGA,2024-10-19,SEN Men 81,PAPEGAY Florian,76.1,92.0,96.0,-100.0,115.0,122.0,126.0,96.0,126.0,222.0
IDF - REG 1 - Saint maur - 1ER TOUR REGIONAL IDF 1 FEMMES EQUIPES 2 FRANCONVILLE GENEVILLIERS VGA,2024-10-19,SEN Men 81,CHOQUET Matthieu,80.8,80.0,85.0,-88.0,100.0,105.0,110.0,85.0,110.0,195.0
IDF - REG 1 - Saint maur - 1ER TOUR REGIONAL IDF 1 FEMMES EQUIPES 2 FRANCONVILLE GENEVILLIERS VGA,2024-10-19,SEN Men 89,FONTAINE Camille,82.0,85.0,90.0,-93.0,110.0,115.0,-121.0,90.0,115.0,205.0
IDF - REG 1 - Saint maur - 1ER TOUR REGIONAL IDF 1 FEMMES EQUIPES 2 FRANCONVILLE GENEVILLIERS VGA,2024-10-19,SEN Men 96,MAUGY Cedric,89.7,-85.0,85.0,-90.0,110.0,-115.0,-120.0,85.0,110.0,195.0
IDF - REG 1 - Saint maur - 1ER TOUR REGIONAL IDF 1 FEMMES EQUIPES 2 FRANCONVILLE GENEVILLIERS VGA,2024-10-19,SEN Men 102,LEGRAND Maxime,96.3,105.0,110.0,113.0,133.0,138.0,-0.0,113.0,138.0,251.0
IDF - REG 1 - Saint maur - 1ER TOUR REGIONAL IDF 1 FEMMES EQUIPES 2 FRANCONVILLE GENEVILLIERS VGA,2024-10-19,SEN Men 109,FRANCHOIS Kevin,107.5,-90.0,90.0,95.0,108.0,115.0,120.0,95.0,120.0,215.0
IDF - REG 1 - Saint maur - 1ER TOUR REGIONAL IDF 1 FEMMES EQUIPES 2 FRANCONVILLE GENEVILLIERS VGA,2024-10-19,SEN Men >109,CAURA Benjamin,110.7,88.0,93.0,97.0,118.0,-125.0,126.0,97.0,126.0,223.0
IDF - REG 1 - Saint maur - 1ER TOUR REGIONAL IDF 1 FEMMES EQUIPES 2 FRANCONVILLE GENEVILLIERS VGA,2024-10-19,U15 Men 55,LEFORT Ilario,52.8,29.0,32.0,35.0,40.0,42.0,45.0,35.0,45.0,80.0
IDF - REG 1 - Saint maur - 1ER TOUR REGIONAL IDF 1 FEMMES EQUIPES 2 FRANCONVILLE GENEVILLIERS VGA,2024-10-19,U17 Men 73,JARDIN Lucas,68.8,73.0,76.0,80.0,85.0,90.0,-95.0,80.0,90.0,170.0
IDF - REG 1 - Saint maur - 1ER TOUR REGIONAL IDF 1 FEMMES EQUIPES 2 FRANCONVILLE GENEVILLIERS VGA,2024-10-19,U20 Men 61,DELAMOTTE Lukas,55.6,79.0,-82.0,83.0,96.0,100.0,105.0,83.0,105.0,188.0
IDF - REG 1 - Saint maur - 1ER TOUR REGIONAL IDF 1 FEMMES EQUIPES 2 FRANCONVILLE GENEVILLIERS VGA,2024-10-19,U20 Men 89,JEAN Jhon-shley,83.7,55.0,-60.0,-65.0,-75.0,78.0,81.0,55.0,81.0,136.0
IDF - REG 1 - Saint maur - 1ER TOUR REGIONAL IDF 1 FEMMES EQUIPES 2 FRANCONVILLE GENEVILLIERS VGA,2024-10-19,U20 Men 109,JAME Mathéo,104.0,80.0,85.0,-90.0,100.0,-105.0,-105.0,85.0,100.0,185.0
IDF - REG 1 - Saint maur - 1ER TOUR REGIONAL IDF 1 FEMMES EQUIPES 2 FRANCONVILLE GENEVILLIERS VGA,2024-10-19,SEN Men 81,HAREL Allan,78.6,-80.0,80.0,83.0,100.0,106.0,113.0,83.0,113.0,196.0
IDF - REG 1 - Saint maur - 1ER TOUR REGIONAL IDF 1 FEMMES EQUIPES 2 FRANCONVILLE GENEVILLIERS VGA,2024-10-19,SEN Men 81,DEROUET Theo,76.1,69.0,72.0,76.0,85.0,90.0,96.0,76.0,96.0,172.0
IDF - REG 1 - Saint maur - 1ER TOUR REGIONAL IDF 1 FEMMES EQUIPES 2 FRANCONVILLE GENEVILLIERS VGA,2024-10-19,SEN Men 81,LEFORT Maxime,73.7,50.0,55.0,65.0,80.0,85.0,-93.0,65.0,85.0,150.0
IDF - REG 1 - Saint maur - 1ER TOUR REGIONAL IDF 1 FEMMES EQUIPES 2 FRANCONVILLE GENEVILLIERS VGA,2024-10-19,SEN Men 81,BELINY Christophe,77.7,55.0,59.0,62.0,70.0,75.0,80.0,62.0,80.0,142.0
IDF - REG 1 - Saint maur - 1ER TOUR REGIONAL IDF 1 FEMMES EQUIPES 2 FRANCONVILLE GENEVILLIERS VGA,2024-10-19,SEN Men 81,ULBERT Kevin,79.6,59.0,62.0,65.0,68.0,73.0,-77.0,65.0,73.0,138.0
IDF - REG 1 - Saint maur - 1ER TOUR REGIONAL IDF 1 FEMMES EQUIPES 2 FRANCONVILLE GENEVILLIERS VGA,2024-10-19,SEN Men 89,DUBOC Laurent,82.2,67.0,71.0,74.0,92.0,-97.0,97.0,74.0,97.0,171.0
IDF - REG 1 - Saint maur - 1ER TOUR REGIONAL IDF 1 FEMMES EQUIPES 2 FRANCONVILLE GENEVILLIERS VGA,2024-10-19,SEN Men 89,BETH Sebastien,89.0,50.0,55.0,-58.0,65.0,70.0,75.0,55.0,75.0,130.0
IDF - REG 1 - Saint maur - 1ER TOUR REGIONAL IDF 1 FEMMES EQUIPES 2 FRANCONVILLE GENEVILLIERS VGA,2024-10-19,SEN Men 96,JAME Jason,93.8,90.0,-95.0,97.0,110.0,115.0,-120.0,97.0,115.0,212.0
IDF - REG 1 - Saint maur - 1ER TOUR REGIONAL IDF 1 FEMMES EQUIPES 2 FRANCONVILLE GENEVILLIERS VGA,2024-10-19,SEN Men 102,ANNE Cyrille,96.4,78.0,82.0,-84.0,95.0,100.0,105.0,82.0,105.0,187.0
IDF - REG 1 - Saint maur - 1ER TOUR REGIONAL IDF 1 FEMMES EQUIPES 2 FRANCONVILLE GENEVILLIERS VGA,2024-10-19,SEN Men 102,GAMBU Maxime,100.2,-73.0,73.0,77.0,93.0,-94.0,-94.0,77.0,93.0,170.0
IDF - REG 1 - Saint maur - 1ER TOUR REGIONAL IDF 1 FEMMES EQUIPES 2 FRANCONVILLE GENEVILLIERS VGA,2024-10-19,SEN Men 109,CHOUIKHA Jonathan,105.0,80.0,85.0,90.0,100.0,110.0,-115.0,90.0,110.0,200.0
IDF - REG 1 - Saint maur - 1ER TOUR REGIONAL IDF 1 FEMMES EQUIPES 2 FRANCONVILLE GENEVILLIERS VGA,2024-10-19,SEN Men 109,HANOCQUE Gregory,107.4,60.0,67.0,70.0,60.0,70.0,80.0,70.0,80.0,150.0
IDF - REG 1 - Saint maur - 1ER TOUR REGIONAL IDF 1 FEMMES EQUIPES 2 FRANCONVILLE GENEVILLIERS VGA,2024-10-19,SEN Men >109,VERDIERE Charles,109.8,67.0,70.0,73.0,78.0,84.0,90.0,73.0,90.0,163.0
IDF - REG 1 - Saint maur - 1ER TOUR REGIONAL IDF 1 FEMMES EQUIPES 2 FRANCONVILLE GENEVILLIERS VGA,2024-10-19,U15 Men 55,LEFORT Ilario,52.8,29.0,32.0,35.0,40.0,42.0,45.0,35.0,45.0,80.0
IDF - REG 1 - Saint maur - 1ER TOUR REGIONAL IDF 1 FEMMES EQUIPES 2 FRANCONVILLE GENEVILLIERS VGA,2024-10-19,U17 Men 73,JARDIN Lucas,68.8,73.0,76.0,80.0,85.0,90.0,-95.0,80.0,90.0,170.0
IDF - REG 1 - Saint maur - 1ER TOUR REGIONAL IDF 1 FEMMES EQUIPES 2 FRANCONVILLE GENEVILLIERS VGA,2024-10-19,U20 Men 61,DELAMOTTE Lukas,55.6,79.0,-82.0,83.0,96.0,100.0,105.0,83.0,105.0,188.0
IDF - REG 1 - Saint maur - 1ER TOUR REGIONAL IDF 1 FEMMES EQUIPES 2 FRANCONVILLE GENEVILLIERS VGA,2024-10-19,U20 Men 89,JEAN Jhon-shley,83.7,55.0,-60.0,-65.0,-75.0,78.0,81.0,55.0,81.0,136.0
IDF - REG 1 - Saint maur - 1ER TOUR REGIONAL IDF 1 FEMMES EQUIPES 2 FRANCONVILLE GENEVILLIERS VGA,2024-10-19,U20 Men 109,JAME Mathéo,104.0,80.0,85.0,-90.0,100.0,-105.0,-105.0,85.0,100.0,185.0
IDF - REG 1 - Saint maur - 1ER TOUR REGIONAL IDF 1 FEMMES EQUIPES 2 FRANCONVILLE GENEVILLIERS VGA,2024-10-19,SEN Men 81,HAREL Allan,78.6,-80.0,80.0,83.0,100.0,106.0,113.0,83.0,113.0,196.0
IDF - REG 1 - Saint maur - 1ER TOUR REGIONAL IDF 1 FEMMES EQUIPES 2 FRANCONVILLE GENEVILLIERS VGA,2024-10-19,SEN Men 81,DEROUET Theo,76.1,69.0,72.0,76.0,85.0,90.0,96.0,76.0,96.0,172.0
IDF - REG 1 - Saint maur - 1ER TOUR REGIONAL IDF 1 FEMMES EQUIPES 2 FRANCONVILLE GENEVILLIERS VGA,2024-10-19,SEN Men 81,LEFORT Maxime,73.7,50.0,55.0,65.0,80.0,85.0,-93.0,65.0,85.0,150.0
IDF - REG 1 - Saint maur - 1ER TOUR REGIONAL IDF 1 FEMMES EQUIPES 2 FRANCONVILLE GENEVILLIERS VGA,2024-10-19,SEN Men 81,BELINY Christophe,77.7,55.0,59.0,62.0,70.0,75.0,80.0,62.0,80.0,142.0
IDF - REG 1 - Saint maur - 1ER TOUR REGIONAL IDF 1 FEMMES EQUIPES 2 FRANCONVILLE GENEVILLIERS VGA,2024-10-19,SEN Men 81,ULBERT Kevin,79.6,59.0,62.0,65.0,68.0,73.0,-77.0,65.0,73.0,138.0
IDF - REG 1 - Saint maur - 1ER TOUR REGIONAL IDF 1 FEMMES EQUIPES 2 FRANCONVILLE GENEVILLIERS VGA,2024-10-19,SEN Men 89,DUBOC Laurent,82.2,67.0,71.0,74.0,92.0,-97.0,97.0,74.0,97.0,171.0
IDF - REG 1 - Saint maur - 1ER TOUR REGIONAL IDF 1 FEMMES EQUIPES 2 FRANCONVILLE GENEVILLIERS VGA,2024-10-19,SEN Men 89,BETH Sebastien,89.0,50.0,55.0,-58.0,65.0,70.0,75.0,55.0,75.0,130.0
IDF - REG 1 - Saint maur - 1ER TOUR REGIONAL IDF 1 FEMMES EQUIPES 2 FRANCONVILLE GENEVILLIERS VGA,2024-10-19,SEN Men 96,JAME Jason,93.8,90.0,-95.0,97.0,110.0,115.0,-120.0,97.0,115.0,212.0
IDF - REG 1 - Saint maur - 1ER TOUR REGIONAL IDF 1 FEMMES EQUIPES 2 FRANCONVILLE GENEVILLIERS VGA,2024-10-19,SEN Men 102,ANNE Cyrille,96.4,78.0,82.0,-84.0,95.0,100.0,105.0,82.0,105.0,187.0
IDF - REG 1 - Saint maur - 1ER TOUR REGIONAL IDF 1 FEMMES EQUIPES 2 FRANCONVILLE GENEVILLIERS VGA,2024-10-19,SEN Men 102,GAMBU Maxime,100.2,-73.0,73.0,77.0,93.0,-94.0,-94.0,77.0,93.0,170.0
IDF - REG 1 - Saint maur - 1ER TOUR REGIONAL IDF 1 FEMMES EQUIPES 2 FRANCONVILLE GENEVILLIERS VGA,2024-10-19,SEN Men 109,CHOUIKHA Jonathan,105.0,80.0,85.0,90.0,100.0,110.0,-115.0,90.0,110.0,200.0
IDF - REG 1 - Saint maur - 1ER TOUR REGIONAL IDF 1 FEMMES EQUIPES 2 FRANCONVILLE GENEVILLIERS VGA,2024-10-19,SEN Men 109,HANOCQUE Gregory,107.4,60.0,67.0,70.0,60.0,70.0,80.0,70.0,80.0,150.0
IDF - REG 1 - Saint maur - 1ER TOUR REGIONAL IDF 1 FEMMES EQUIPES 2 FRANCONVILLE GENEVILLIERS VGA,2024-10-19,SEN Men >109,VERDIERE Charles,109.8,67.0,70.0,73.0,78.0,84.0,90.0,73.0,90.0,163.0
IDF - REG 1 - Saint maur - 1ER TOUR REGIONAL IDF 1 FEMMES EQUIPES 2 FRANCONVILLE GENEVILLIERS VGA,2024-10-19,U17 Men 73,GEIGER Aymeric,71.6,90.0,-93.0,93.0,112.0,118.0,-121.0,93.0,118.0,211.0
IDF - REG 1 - Saint maur - 1ER TOUR REGIONAL IDF 1 FEMMES EQUIPES 2 FRANCONVILLE GENEVILLIERS VGA,2024-10-19,SEN Men 81,ROHRBACH Stephane,80.9,100.0,105.0,110.0,125.0,130.0,135.0,110.0,135.0,245.0
IDF - REG 1 - Saint maur - 1ER TOUR REGIONAL IDF 1 FEMMES EQUIPES 2 FRANCONVILLE GENEVILLIERS VGA,2024-10-19,SEN Men 81,SPAGNULO Paolo,73.7,92.0,96.0,-100.0,128.0,133.0,-136.0,96.0,133.0,229.0
IDF - REG 1 - Saint maur - 1ER TOUR REGIONAL IDF 1 FEMMES EQUIPES 2 FRANCONVILLE GENEVILLIERS VGA,2024-10-19,SEN Men 81,CRUZEL Alexis,79.1,82.0,-86.0,86.0,112.0,116.0,120.0,86.0,120.0,206.0
IDF - REG 1 - Saint maur - 1ER TOUR REGIONAL IDF 1 FEMMES EQUIPES 2 FRANCONVILLE GENEVILLIERS VGA,2024-10-19,SEN Men 81,AUDET Jeremy,78.1,80.0,84.0,87.0,110.0,114.0,-118.0,87.0,114.0,201.0
IDF - REG 1 - Saint maur - 1ER TOUR REGIONAL IDF 1 FEMMES EQUIPES 2 FRANCONVILLE GENEVILLIERS VGA,2024-10-19,SEN Men 89,NICKLES Maxime,86.2,100.0,105.0,108.0,130.0,-135.0,-135.0,108.0,130.0,238.0
IDF - REG 1 - Saint maur - 1ER TOUR REGIONAL IDF 1 FEMMES EQUIPES 2 FRANCONVILLE GENEVILLIERS VGA,2024-10-19,SEN Men 89,BAUER Adrien,88.9,92.0,97.0,100.0,112.0,116.0,-120.0,100.0,116.0,216.0
IDF - REG 1 - Saint maur - 1ER TOUR REGIONAL IDF 1 FEMMES EQUIPES 2 FRANCONVILLE GENEVILLIERS VGA,2024-10-19,SEN Men 89,BUSCH Ethann,82.8,85.0,90.0,-93.0,105.0,110.0,115.0,90.0,115.0,205.0
IDF - REG 1 - Saint maur - 1ER TOUR REGIONAL IDF 1 FEMMES EQUIPES 2 FRANCONVILLE GENEVILLIERS VGA,2024-10-19,SEN Men 96,HAYNAU Aurelien,89.6,100.0,105.0,-110.0,125.0,132.0,138.0,105.0,138.0,243.0
IDF - REG 1 - Saint maur - 1ER TOUR REGIONAL IDF 1 FEMMES EQUIPES 2 FRANCONVILLE GENEVILLIERS VGA,2024-10-19,SEN Men 102,KLICKI Alexis,96.6,88.0,93.0,98.0,128.0,132.0,137.0,98.0,137.0,235.0
IDF - REG 1 - Saint maur - 1ER TOUR REGIONAL IDF 1 FEMMES EQUIPES 2 FRANCONVILLE GENEVILLIERS VGA,2024-10-19,U17 Men 73,GEIGER Aymeric,71.6,90.0,-93.0,93.0,112.0,118.0,-121.0,93.0,118.0,211.0
IDF - REG 1 - Saint maur - 1ER TOUR REGIONAL IDF 1 FEMMES EQUIPES 2 FRANCONVILLE GENEVILLIERS VGA,2024-10-19,SEN Men 81,ROHRBACH Stephane,80.9,100.0,105.0,110.0,125.0,130.0,135.0,110.0,135.0,245.0
IDF - REG 1 - Saint maur - 1ER TOUR REGIONAL IDF 1 FEMMES EQUIPES 2 FRANCONVILLE GENEVILLIERS VGA,2024-10-19,SEN Men 81,SPAGNULO Paolo,73.7,92.0,96.0,-100.0,128.0,133.0,-136.0,96.0,133.0,229.0
IDF - REG 1 - Saint maur - 1ER TOUR REGIONAL IDF 1 FEMMES EQUIPES 2 FRANCONVILLE GENEVILLIERS VGA,2024-10-19,SEN Men 81,CRUZEL Alexis,79.1,82.0,-86.0,86.0,112.0,116.0,120.0,86.0,120.0,206.0
IDF - REG 1 - Saint maur - 1ER TOUR REGIONAL IDF 1 FEMMES EQUIPES 2 FRANCONVILLE GENEVILLIERS VGA,2024-10-19,SEN Men 81,AUDET Jeremy,78.1,80.0,84.0,87.0,110.0,114.0,-118.0,87.0,114.0,201.0
IDF - REG 1 - Saint maur - 1ER TOUR REGIONAL IDF 1 FEMMES EQUIPES 2 FRANCONVILLE GENEVILLIERS VGA,2024-10-19,SEN Men 89,NICKLES Maxime,86.2,100.0,105.0,108.0,130.0,-135.0,-135.0,108.0,130.0,238.0
IDF - REG 1 - Saint maur - 1ER TOUR REGIONAL IDF 1 FEMMES EQUIPES 2 FRANCONVILLE GENEVILLIERS VGA,2024-10-19,SEN Men 89,BAUER Adrien,88.9,92.0,97.0,100.0,112.0,116.0,-120.0,100.0,116.0,216.0
IDF - REG 1 - Saint maur - 1ER TOUR REGIONAL IDF 1 FEMMES EQUIPES 2 FRANCONVILLE GENEVILLIERS VGA,2024-10-19,SEN Men 89,BUSCH Ethann,82.8,85.0,90.0,-93.0,105.0,110.0,115.0,90.0,115.0,205.0
IDF - REG 1 - Saint maur - 1ER TOUR REGIONAL IDF 1 FEMMES EQUIPES 2 FRANCONVILLE GENEVILLIERS VGA,2024-10-19,SEN Men 96,HAYNAU Aurelien,89.6,100.0,105.0,-110.0,125.0,132.0,138.0,105.0,138.0,243.0
IDF - REG 1 - Saint maur - 1ER TOUR REGIONAL IDF 1 FEMMES EQUIPES 2 FRANCONVILLE GENEVILLIERS VGA,2024-10-19,SEN Men 102,KLICKI Alexis,96.6,88.0,93.0,98.0,128.0,132.0,137.0,98.0,137.0,235.0
IDF - REG 1 - Saint maur - 1ER TOUR REGIONAL IDF 1 FEMMES EQUIPES 2 FRANCONVILLE GENEVILLIERS VGA,2024-10-19,U15 Women 59,GAUCHOTTE Maelys,57.7,28.0,31.0,-33.0,35.0,38.0,41.0,31.0,41.0,72.0
IDF - REG 1 - Saint maur - 1ER TOUR REGIONAL IDF 1 FEMMES EQUIPES 2 FRANCONVILLE GENEVILLIERS VGA,2024-10-19,U17 Women 55,CORGIAT BONDON Maelys,53.7,55.0,58.0,61.0,66.0,69.0,72.0,61.0,72.0,133.0
IDF - REG 1 - Saint maur - 1ER TOUR REGIONAL IDF 1 FEMMES EQUIPES 2 FRANCONVILLE GENEVILLIERS VGA,2024-10-19,U17 Women 55,SEGAUX Oriane,54.5,37.0,41.0,46.0,58.0,-61.0,63.0,46.0,63.0,109.0
IDF - REG 1 - Saint maur - 1ER TOUR REGIONAL IDF 1 FEMMES EQUIPES 2 FRANCONVILLE GENEVILLIERS VGA,2024-10-19,U17 Women 59,VIOLET Grazia,57.8,36.0,40.0,45.0,58.0,62.0,65.0,45.0,65.0,110.0
IDF - REG 1 - Saint maur - 1ER TOUR REGIONAL IDF 1 FEMMES EQUIPES 2 FRANCONVILLE GENEVILLIERS VGA,2024-10-19,U20 Women 64,BIANCHI Clara,59.4,50.0,54.0,-57.0,65.0,-70.0,72.0,54.0,72.0,126.0
IDF - REG 1 - Saint maur - 1ER TOUR REGIONAL IDF 1 FEMMES EQUIPES 2 FRANCONVILLE GENEVILLIERS VGA,2024-10-19,U20 Women 64,BEUGNEZ Maelie,62.9,29.0,31.0,-35.0,37.0,41.0,44.0,31.0,44.0,75.0
IDF - REG 1 - Saint maur - 1ER TOUR REGIONAL IDF 1 FEMMES EQUIPES 2 FRANCONVILLE GENEVILLIERS VGA,2024-10-19,SEN Women 49,CORBETHAU Amélie,48.7,40.0,45.0,48.0,-58.0,58.0,60.0,48.0,60.0,108.0
IDF - REG 1 - Saint maur - 1ER TOUR REGIONAL IDF 1 FEMMES EQUIPES 2 FRANCONVILLE GENEVILLIERS VGA,2024-10-19,SEN Women 59,CORBETHAU Eva,56.5,57.0,61.0,-65.0,78.0,81.0,85.0,61.0,85.0,146.0
IDF - REG 1 - Saint maur - 1ER TOUR REGIONAL IDF 1 FEMMES EQUIPES 2 FRANCONVILLE GENEVILLIERS VGA,2024-10-19,SEN Women 64,MOURLHOU Noemie,61.1,37.0,39.0,-41.0,-45.0,48.0,52.0,39.0,52.0,91.0
IDF - REG 1 - Saint maur - 1ER TOUR REGIONAL IDF 1 FEMMES EQUIPES 2 FRANCONVILLE GENEVILLIERS VGA,2024-10-19,SEN Women 71,CRAVERO Elodie,70.0,41.0,44.0,-47.0,-53.0,53.0,55.0,44.0,55.0,99.0
IDF - REG 1 - Saint maur - 1ER TOUR REGIONAL IDF 1 FEMMES EQUIPES 2 FRANCONVILLE GENEVILLIERS VGA,2024-10-19,SEN Women 71,OTTO Celine,67.5,36.0,39.0,41.0,48.0,-52.0,53.0,41.0,53.0,94.0
IDF - REG 1 - Saint maur - 1ER TOUR REGIONAL IDF 1 FEMMES EQUIPES 2 FRANCONVILLE GENEVILLIERS VGA,2024-10-19,SEN Women 71,BOUR Katy,70.3,33.0,35.0,-37.0,45.0,48.0,-52.0,35.0,48.0,83.0
IDF - REG 1 - Saint maur - 1ER TOUR REGIONAL IDF 1 FEMMES EQUIPES 2 FRANCONVILLE GENEVILLIERS VGA,2024-10-19,U15 Women 59,GAUCHOTTE Maelys,57.7,28.0,31.0,-33.0,35.0,38.0,41.0,31.0,41.0,72.0
IDF - REG 1 - Saint maur - 1ER TOUR REGIONAL IDF 1 FEMMES EQUIPES 2 FRANCONVILLE GENEVILLIERS VGA,2024-10-19,U17 Women 55,CORGIAT BONDON Maelys,53.7,55.0,58.0,61.0,66.0,69.0,72.0,61.0,72.0,133.0
IDF - REG 1 - Saint maur - 1ER TOUR REGIONAL IDF 1 FEMMES EQUIPES 2 FRANCONVILLE GENEVILLIERS VGA,2024-10-19,U17 Women 55,SEGAUX Oriane,54.5,37.0,41.0,46.0,58.0,-61.0,63.0,46.0,63.0,109.0
IDF - REG 1 - Saint maur - 1ER TOUR REGIONAL IDF 1 FEMMES EQUIPES 2 FRANCONVILLE GENEVILLIERS VGA,2024-10-19,U17 Women 59,VIOLET Grazia,57.8,36.0,40.0,45.0,58.0,62.0,65.0,45.0,65.0,110.0
IDF - REG 1 - Saint maur - 1ER TOUR REGIONAL IDF 1 FEMMES EQUIPES 2 FRANCONVILLE GENEVILLIERS VGA,2024-10-19,U20 Women 64,BIANCHI Clara,59.4,50.0,54.0,-57.0,65.0,-70.0,72.0,54.0,72.0,126.0
IDF - REG 1 - Saint maur - 1ER TOUR REGIONAL IDF 1 FEMMES EQUIPES 2 FRANCONVILLE GENEVILLIERS VGA,2024-10-19,U20 Women 64,BEUGNEZ Maelie,62.9,29.0,31.0,-35.0,37.0,41.0,44.0,31.0,44.0,75.0
IDF - REG 1 - Saint maur - 1ER TOUR REGIONAL IDF 1 FEMMES EQUIPES 2 FRANCONVILLE GENEVILLIERS VGA,2024-10-19,SEN Women 49,CORBETHAU Amélie,48.7,40.0,45.0,48.0,-58.0,58.0,60.0,48.0,60.0,108.0
IDF - REG 1 - Saint maur - 1ER TOUR REGIONAL IDF 1 FEMMES EQUIPES 2 FRANCONVILLE GENEVILLIERS VGA,2024-10-19,SEN Women 59,CORBETHAU Eva,56.5,57.0,61.0,-65.0,78.0,81.0,85.0,61.0,85.0,146.0
IDF - REG 1 - Saint maur - 1ER TOUR REGIONAL IDF 1 FEMMES EQUIPES 2 FRANCONVILLE GENEVILLIERS VGA,2024-10-19,SEN Women 64,MOURLHOU Noemie,61.1,37.0,39.0,-41.0,-45.0,48.0,52.0,39.0,52.0,91.0
IDF - REG 1 - Saint maur - 1ER TOUR REGIONAL IDF 1 FEMMES EQUIPES 2 FRANCONVILLE GENEVILLIERS VGA,2024-10-19,SEN Women 71,CRAVERO Elodie,70.0,41.0,44.0,-47.0,-53.0,53.0,55.0,44.0,55.0,99.0
IDF - REG 1 - Saint maur - 1ER TOUR REGIONAL IDF 1 FEMMES EQUIPES 2 FRANCONVILLE GENEVILLIERS VGA,2024-10-19,SEN Women 71,OTTO Celine,67.5,36.0,39.0,41.0,48.0,-52.0,53.0,41.0,53.0,94.0
IDF - REG 1 - Saint maur - 1ER TOUR REGIONAL IDF 1 FEMMES EQUIPES 2 FRANCONVILLE GENEVILLIERS VGA,2024-10-19,SEN Women 71,BOUR Katy,70.3,33.0,35.0,-37.0,45.0,48.0,-52.0,35.0,48.0,83.0
IDF - REG 1 - Saint maur - 1ER TOUR REGIONAL IDF 1 FEMMES EQUIPES 2 FRANCONVILLE GENEVILLIERS VGA,2024-10-19,U17 Women 59,RIOT Lola,56.2,42.0,45.0,48.0,55.0,58.0,-60.0,48.0,58.0,106.0
IDF - REG 1 - Saint maur - 1ER TOUR REGIONAL IDF 1 FEMMES EQUIPES 2 FRANCONVILLE GENEVILLIERS VGA,2024-10-19,U17 Women 64,BARON Marie,59.1,30.0,33.0,36.0,37.0,-43.0,43.0,36.0,43.0,79.0
IDF - REG 1 - Saint maur - 1ER TOUR REGIONAL IDF 1 FEMMES EQUIPES 2 FRANCONVILLE GENEVILLIERS VGA,2024-10-19,SEN Women 59,NEERUNJUN Nidhi,58.6,40.0,43.0,45.0,56.0,58.0,60.0,45.0,60.0,105.0
IDF - REG 1 - Saint maur - 1ER TOUR REGIONAL IDF 1 FEMMES EQUIPES 2 FRANCONVILLE GENEVILLIERS VGA,2024-10-19,U17 Women 59,RIOT Lola,56.2,42.0,45.0,48.0,55.0,58.0,-60.0,48.0,58.0,106.0
IDF - REG 1 - Saint maur - 1ER TOUR REGIONAL IDF 1 FEMMES EQUIPES 2 FRANCONVILLE GENEVILLIERS VGA,2024-10-19,U17 Women 64,BARON Marie,59.1,30.0,33.0,36.0,37.0,-43.0,43.0,36.0,43.0,79.0
IDF - REG 1 - Saint maur - 1ER TOUR REGIONAL IDF 1 FEMMES EQUIPES 2 FRANCONVILLE GENEVILLIERS VGA,2024-10-19,SEN Women 59,NEERUNJUN Nidhi,58.6,40.0,43.0,45.0,56.0,58.0,60.0,45.0,60.0,105.0
IDF - REG 1 - Saint maur - 1ER TOUR REGIONAL IDF 1 FEMMES EQUIPES 2 FRANCONVILLE GENEVILLIERS VGA,2024-10-19,U20 Men 73,DUPONT Maxence,71.9,85.0,90.0,95.0,105.0,110.0,-113.0,95.0,110.0,205.0
IDF - REG 1 - Saint maur - 1ER TOUR REGIONAL IDF 1 FEMMES EQUIPES 2 FRANCONVILLE GENEVILLIERS VGA,2024-10-19,U20 Men 81,SPATAFORA Dino,73.8,87.0,90.0,-93.0,117.0,120.0,-123.0,90.0,120.0,210.0
IDF - REG 1 - Saint maur - 1ER TOUR REGIONAL IDF 1 FEMMES EQUIPES 2 FRANCONVILLE GENEVILLIERS VGA,2024-10-19,U20 Men 89,DUFOUR Quentin,86.6,90.0,95.0,100.0,115.0,-120.0,120.0,100.0,120.0,220.0
IDF - REG 1 - Saint maur - 1ER TOUR REGIONAL IDF 1 FEMMES EQUIPES 2 FRANCONVILLE GENEVILLIERS VGA,2024-10-19,SEN Men 73,JEROME Alexis,67.9,-90.0,-90.0,90.0,105.0,110.0,-115.0,90.0,110.0,200.0
IDF - REG 1 - Saint maur - 1ER TOUR REGIONAL IDF 1 FEMMES EQUIPES 2 FRANCONVILLE GENEVILLIERS VGA,2024-10-19,SEN Men 73,MOULRONT Hugo,68.2,73.0,77.0,80.0,93.0,97.0,-102.0,80.0,97.0,177.0
IDF - REG 1 - Saint maur - 1ER TOUR REGIONAL IDF 1 FEMMES EQUIPES 2 FRANCONVILLE GENEVILLIERS VGA,2024-10-19,SEN Men 89,COURMONT Benoit,88.7,87.0,92.0,96.0,117.0,122.0,-126.0,96.0,122.0,218.0
IDF - REG 1 - Saint maur - 1ER TOUR REGIONAL IDF 1 FEMMES EQUIPES 2 FRANCONVILLE GENEVILLIERS VGA,2024-10-19,SEN Men 89,SAUVAGE Hector,85.4,95.0,-100.0,-100.0,110.0,113.0,115.0,95.0,115.0,210.0
IDF - REG 1 - Saint maur - 1ER TOUR REGIONAL IDF 1 FEMMES EQUIPES 2 FRANCONVILLE GENEVILLIERS VGA,2024-10-19,SEN Men 89,LEGONIDEC Christian,88.0,90.0,-95.0,95.0,112.0,-117.0,-117.0,95.0,112.0,207.0
IDF - REG 1 - Saint maur - 1ER TOUR REGIONAL IDF 1 FEMMES EQUIPES 2 FRANCONVILLE GENEVILLIERS VGA,2024-10-19,SEN Men 89,CHÉRIGIÉ Xavier,87.6,60.0,65.0,70.0,80.0,85.0,90.0,70.0,90.0,160.0
IDF - REG 1 - Saint maur - 1ER TOUR REGIONAL IDF 1 FEMMES EQUIPES 2 FRANCONVILLE GENEVILLIERS VGA,2024-10-19,SEN Men 89,RATSIMBA Ando,84.1,40.0,-0.0,-0.0,45.0,-0.0,-0.0,40.0,45.0,85.0
IDF - REG 1 - Saint maur - 1ER TOUR REGIONAL IDF 1 FEMMES EQUIPES 2 FRANCONVILLE GENEVILLIERS VGA,2024-10-19,SEN Men 96,LEDEZ Loic,89.2,80.0,84.0,-87.0,100.0,105.0,-110.0,84.0,105.0,189.0
IDF - REG 1 - Saint maur - 1ER TOUR REGIONAL IDF 1 FEMMES EQUIPES 2 FRANCONVILLE GENEVILLIERS VGA,2024-10-19,SEN Men 102,ROUKIA Elie,96.8,-95.0,-95.0,95.0,120.0,125.0,130.0,95.0,130.0,225.0
IDF - REG 1 - Saint maur - 1ER TOUR REGIONAL IDF 1 FEMMES EQUIPES 2 FRANCONVILLE GENEVILLIERS VGA,2024-10-19,SEN Men 102,DELAHAYE Julien,99.3,92.0,97.0,-101.0,115.0,120.0,127.0,97.0,127.0,224.0
IDF - REG 1 - Saint maur - 1ER TOUR REGIONAL IDF 1 FEMMES EQUIPES 2 FRANCONVILLE GENEVILLIERS VGA,2024-10-19,SEN Men 109,JÉRÔME Jean yves,104.2,40.0,45.0,50.0,63.0,68.0,73.0,50.0,73.0,123.0
IDF - REG 1 - Saint maur - 1ER TOUR REGIONAL IDF 1 FEMMES EQUIPES 2 FRANCONVILLE GENEVILLIERS VGA,2024-10-19,SEN Men >109,RATSIMBA Harry,121.7,70.0,75.0,80.0,105.0,107.0,110.0,80.0,110.0,190.0
IDF - REG 1 - Saint maur - 1ER TOUR REGIONAL IDF 1 FEMMES EQUIPES 2 FRANCONVILLE GENEVILLIERS VGA,2024-10-19,U20 Men 73,DUPONT Maxence,71.9,85.0,90.0,95.0,105.0,110.0,-113.0,95.0,110.0,205.0
IDF - REG 1 - Saint maur - 1ER TOUR REGIONAL IDF 1 FEMMES EQUIPES 2 FRANCONVILLE GENEVILLIERS VGA,2024-10-19,U20 Men 81,SPATAFORA Dino,73.8,87.0,90.0,-93.0,117.0,120.0,-123.0,90.0,120.0,210.0
IDF - REG 1 - Saint maur - 1ER TOUR REGIONAL IDF 1 FEMMES EQUIPES 2 FRANCONVILLE GENEVILLIERS VGA,2024-10-19,U20 Men 89,DUFOUR Quentin,86.6,90.0,95.0,100.0,115.0,-120.0,120.0,100.0,120.0,220.0
IDF - REG 1 - Saint maur - 1ER TOUR REGIONAL IDF 1 FEMMES EQUIPES 2 FRANCONVILLE GENEVILLIERS VGA,2024-10-19,SEN Men 73,JEROME Alexis,67.9,-90.0,-90.0,90.0,105.0,110.0,-115.0,90.0,110.0,200.0
IDF - REG 1 - Saint maur - 1ER TOUR REGIONAL IDF 1 FEMMES EQUIPES 2 FRANCONVILLE GENEVILLIERS VGA,2024-10-19,SEN Men 73,MOULRONT Hugo,68.2,73.0,77.0,80.0,93.0,97.0,-102.0,80.0,97.0,177.0
IDF - REG 1 - Saint maur - 1ER TOUR REGIONAL IDF 1 FEMMES EQUIPES 2 FRANCONVILLE GENEVILLIERS VGA,2024-10-19,SEN Men 89,COURMONT Benoit,88.7,87.0,92.0,96.0,117.0,122.0,-126.0,96.0,122.0,218.0
IDF - REG 1 - Saint maur - 1ER TOUR REGIONAL IDF 1 FEMMES EQUIPES 2 FRANCONVILLE GENEVILLIERS VGA,2024-10-19,SEN Men 89,SAUVAGE Hector,85.4,95.0,-100.0,-100.0,110.0,113.0,115.0,95.0,115.0,210.0
IDF - REG 1 - Saint maur - 1ER TOUR REGIONAL IDF 1 FEMMES EQUIPES 2 FRANCONVILLE GENEVILLIERS VGA,2024-10-19,SEN Men 89,LEGONIDEC Christian,88.0,90.0,-95.0,95.0,112.0,-117.0,-117.0,95.0,112.0,207.0
IDF - REG 1 - Saint maur - 1ER TOUR REGIONAL IDF 1 FEMMES EQUIPES 2 FRANCONVILLE GENEVILLIERS VGA,2024-10-19,SEN Men 89,CHÉRIGIÉ Xavier,87.6,60.0,65.0,70.0,80.0,85.0,90.0,70.0,90.0,160.0
IDF - REG 1 - Saint maur - 1ER TOUR REGIONAL IDF 1 FEMMES EQUIPES 2 FRANCONVILLE GENEVILLIERS VGA,2024-10-19,SEN Men 89,RATSIMBA Ando,84.1,40.0,-0.0,-0.0,45.0,-0.0,-0.0,40.0,45.0,85.0
IDF - REG 1 - Saint maur - 1ER TOUR REGIONAL IDF 1 FEMMES EQUIPES 2 FRANCONVILLE GENEVILLIERS VGA,2024-10-19,SEN Men 96,LEDEZ Loic,89.2,80.0,84.0,-87.0,100.0,105.0,-110.0,84.0,105.0,189.0
IDF - REG 1 - Saint maur - 1ER TOUR REGIONAL IDF 1 FEMMES EQUIPES 2 FRANCONVILLE GENEVILLIERS VGA,2024-10-19,SEN Men 102,ROUKIA Elie,96.8,-95.0,-95.0,95.0,120.0,125.0,130.0,95.0,130.0,225.0
IDF - REG 1 - Saint maur - 1ER TOUR REGIONAL IDF 1 FEMMES EQUIPES 2 FRANCONVILLE GENEVILLIERS VGA,2024-10-19,SEN Men 102,DELAHAYE Julien,99.3,92.0,97.0,-101.0,115.0,120.0,127.0,97.0,127.0,224.0
IDF - REG 1 - Saint maur - 1ER TOUR REGIONAL IDF 1 FEMMES EQUIPES 2 FRANCONVILLE GENEVILLIERS VGA,2024-10-19,SEN Men 109,JÉRÔME Jean yves,104.2,40.0,45.0,50.0,63.0,68.0,73.0,50.0,73.0,123.0
IDF - REG 1 - Saint maur - 1ER TOUR REGIONAL IDF 1 FEMMES EQUIPES 2 FRANCONVILLE GENEVILLIERS VGA,2024-10-19,SEN Men >109,RATSIMBA Harry,121.7,70.0,75.0,80.0,105.0,107.0,110.0,80.0,110.0,190.0
IDF - REG 1 - Saint maur - 1ER TOUR REGIONAL IDF 1 FEMMES EQUIPES 2 FRANCONVILLE GENEVILLIERS VGA,2024-10-19,U20 Men 73,MARTIN Gabriel,67.3,95.0,-100.0,103.0,122.0,-128.0,-130.0,103.0,122.0,225.0
IDF - REG 1 - Saint maur - 1ER TOUR REGIONAL IDF 1 FEMMES EQUIPES 2 FRANCONVILLE GENEVILLIERS VGA,2024-10-19,U20 Men 81,AUGUSTIN Melvin,78.0,-65.0,65.0,68.0,86.0,90.0,95.0,68.0,95.0,163.0
IDF - REG 1 - Saint maur - 1ER TOUR REGIONAL IDF 1 FEMMES EQUIPES 2 FRANCONVILLE GENEVILLIERS VGA,2024-10-19,U20 Men 89,ARIHIR Sofian,82.7,65.0,-68.0,-68.0,75.0,80.0,-85.0,65.0,80.0,145.0
IDF - REG 1 - Saint maur - 1ER TOUR REGIONAL IDF 1 FEMMES EQUIPES 2 FRANCONVILLE GENEVILLIERS VGA,2024-10-19,SEN Men 61,PECHARD Antoine,59.6,75.0,80.0,-83.0,90.0,95.0,100.0,80.0,100.0,180.0
IDF - REG 1 - Saint maur - 1ER TOUR REGIONAL IDF 1 FEMMES EQUIPES 2 FRANCONVILLE GENEVILLIERS VGA,2024-10-19,SEN Men 73,CARACATZANIS Quentin,72.7,75.0,80.0,-85.0,85.0,90.0,-95.0,80.0,90.0,170.0
IDF - REG 1 - Saint maur - 1ER TOUR REGIONAL IDF 1 FEMMES EQUIPES 2 FRANCONVILLE GENEVILLIERS VGA,2024-10-19,SEN Men 73,CHAPUIS Christopher,69.2,60.0,-65.0,65.0,75.0,-80.0,85.0,65.0,85.0,150.0
IDF - REG 1 - Saint maur - 1ER TOUR REGIONAL IDF 1 FEMMES EQUIPES 2 FRANCONVILLE GENEVILLIERS VGA,2024-10-19,SEN Men 81,COLOMBO Ludwig,80.4,120.0,128.0,-135.0,140.0,150.0,155.0,128.0,155.0,283.0
IDF - REG 1 - Saint maur - 1ER TOUR REGIONAL IDF 1 FEMMES EQUIPES 2 FRANCONVILLE GENEVILLIERS VGA,2024-10-19,SEN Men 81,FREYLING Mathieu,76.0,105.0,-110.0,113.0,125.0,-130.0,-135.0,113.0,125.0,238.0
IDF - REG 1 - Saint maur - 1ER TOUR REGIONAL IDF 1 FEMMES EQUIPES 2 FRANCONVILLE GENEVILLIERS VGA,2024-10-19,SEN Men 81,PETRATOS Soren,80.1,85.0,90.0,-95.0,105.0,110.0,-115.0,90.0,110.0,200.0
IDF - REG 1 - Saint maur - 1ER TOUR REGIONAL IDF 1 FEMMES EQUIPES 2 FRANCONVILLE GENEVILLIERS VGA,2024-10-19,SEN Men 81,GUOI Olivier,76.3,75.0,80.0,-85.0,100.0,-105.0,-105.0,80.0,100.0,180.0
IDF - REG 1 - Saint maur - 1ER TOUR REGIONAL IDF 1 FEMMES EQUIPES 2 FRANCONVILLE GENEVILLIERS VGA,2024-10-19,SEN Men 89,GRAVOIS Ugo,82.8,110.0,-115.0,-115.0,135.0,140.0,-145.0,110.0,140.0,250.0
IDF - REG 1 - Saint maur - 1ER TOUR REGIONAL IDF 1 FEMMES EQUIPES 2 FRANCONVILLE GENEVILLIERS VGA,2024-10-19,SEN Men 89,LAMBERT Auguste,87.5,95.0,100.0,-105.0,125.0,130.0,-135.0,100.0,130.0,230.0
IDF - REG 1 - Saint maur - 1ER TOUR REGIONAL IDF 1 FEMMES EQUIPES 2 FRANCONVILLE GENEVILLIERS VGA,2024-10-19,SEN Men 89,HRUZA Loic mathias,83.3,85.0,-90.0,-90.0,105.0,110.0,-115.0,85.0,110.0,195.0
IDF - REG 1 - Saint maur - 1ER TOUR REGIONAL IDF 1 FEMMES EQUIPES 2 FRANCONVILLE GENEVILLIERS VGA,2024-10-19,SEN Men 89,DEROUET Romain,81.5,80.0,-85.0,-110.0,85.0,90.0,100.0,80.0,100.0,180.0
IDF - REG 1 - Saint maur - 1ER TOUR REGIONAL IDF 1 FEMMES EQUIPES 2 FRANCONVILLE GENEVILLIERS VGA,2024-10-19,SEN Men 96,MAUMAIRE Loïc,94.5,92.0,97.0,102.0,105.0,111.0,115.0,102.0,115.0,217.0
IDF - REG 1 - Saint maur - 1ER TOUR REGIONAL IDF 1 FEMMES EQUIPES 2 FRANCONVILLE GENEVILLIERS VGA,2024-10-19,U20 Men 73,MARTIN Gabriel,67.3,95.0,-100.0,103.0,122.0,-128.0,-130.0,103.0,122.0,225.0
IDF - REG 1 - Saint maur - 1ER TOUR REGIONAL IDF 1 FEMMES EQUIPES 2 FRANCONVILLE GENEVILLIERS VGA,2024-10-19,U20 Men 81,AUGUSTIN Melvin,78.0,-65.0,65.0,68.0,86.0,90.0,95.0,68.0,95.0,163.0
IDF - REG 1 - Saint maur - 1ER TOUR REGIONAL IDF 1 FEMMES EQUIPES 2 FRANCONVILLE GENEVILLIERS VGA,2024-10-19,U20 Men 89,ARIHIR Sofian,82.7,65.0,-68.0,-68.0,75.0,80.0,-85.0,65.0,80.0,145.0
IDF - REG 1 - Saint maur - 1ER TOUR REGIONAL IDF 1 FEMMES EQUIPES 2 FRANCONVILLE GENEVILLIERS VGA,2024-10-19,SEN Men 61,PECHARD Antoine,59.6,75.0,80.0,-83.0,90.0,95.0,100.0,80.0,100.0,180.0
IDF - REG 1 - Saint maur - 1ER TOUR REGIONAL IDF 1 FEMMES EQUIPES 2 FRANCONVILLE GENEVILLIERS VGA,2024-10-19,SEN Men 73,CARACATZANIS Quentin,72.7,75.0,80.0,-85.0,85.0,90.0,-95.0,80.0,90.0,170.0
IDF - REG 1 - Saint maur - 1ER TOUR REGIONAL IDF 1 FEMMES EQUIPES 2 FRANCONVILLE GENEVILLIERS VGA,2024-10-19,SEN Men 73,CHAPUIS Christopher,69.2,60.0,-65.0,65.0,75.0,-80.0,85.0,65.0,85.0,150.0
IDF - REG 1 - Saint maur - 1ER TOUR REGIONAL IDF 1 FEMMES EQUIPES 2 FRANCONVILLE GENEVILLIERS VGA,2024-10-19,SEN Men 81,COLOMBO Ludwig,80.4,120.0,128.0,-135.0,140.0,150.0,155.0,128.0,155.0,283.0
IDF - REG 1 - Saint maur - 1ER TOUR REGIONAL IDF 1 FEMMES EQUIPES 2 FRANCONVILLE GENEVILLIERS VGA,2024-10-19,SEN Men 81,FREYLING Mathieu,76.0,105.0,-110.0,113.0,125.0,-130.0,-135.0,113.0,125.0,238.0
IDF - REG 1 - Saint maur - 1ER TOUR REGIONAL IDF 1 FEMMES EQUIPES 2 FRANCONVILLE GENEVILLIERS VGA,2024-10-19,SEN Men 81,PETRATOS Soren,80.1,85.0,90.0,-95.0,105.0,110.0,-115.0,90.0,110.0,200.0
IDF - REG 1 - Saint maur - 1ER TOUR REGIONAL IDF 1 FEMMES EQUIPES 2 FRANCONVILLE GENEVILLIERS VGA,2024-10-19,SEN Men 81,GUOI Olivier,76.3,75.0,80.0,-85.0,100.0,-105.0,-105.0,80.0,100.0,180.0
IDF - REG 1 - Saint maur - 1ER TOUR REGIONAL IDF 1 FEMMES EQUIPES 2 FRANCONVILLE GENEVILLIERS VGA,2024-10-19,SEN Men 89,GRAVOIS Ugo,82.8,110.0,-115.0,-115.0,135.0,140.0,-145.0,110.0,140.0,250.0
IDF - REG 1 - Saint maur - 1ER TOUR REGIONAL IDF 1 FEMMES EQUIPES 2 FRANCONVILLE GENEVILLIERS VGA,2024-10-19,SEN Men 89,LAMBERT Auguste,87.5,95.0,100.0,-105.0,125.0,130.0,-135.0,100.0,130.0,230.0
IDF - REG 1 - Saint maur - 1ER TOUR REGIONAL IDF 1 FEMMES EQUIPES 2 FRANCONVILLE GENEVILLIERS VGA,2024-10-19,SEN Men 89,HRUZA Loic mathias,83.3,85.0,-90.0,-90.0,105.0,110.0,-115.0,85.0,110.0,195.0
IDF - REG 1 - Saint maur - 1ER TOUR REGIONAL IDF 1 FEMMES EQUIPES 2 FRANCONVILLE GENEVILLIERS VGA,2024-10-19,SEN Men 89,DEROUET Romain,81.5,80.0,-85.0,-110.0,85.0,90.0,100.0,80.0,100.0,180.0
IDF - REG 1 - Saint maur - 1ER TOUR REGIONAL IDF 1 FEMMES EQUIPES 2 FRANCONVILLE GENEVILLIERS VGA,2024-10-19,SEN Men 96,MAUMAIRE Loïc,94.5,92.0,97.0,102.0,105.0,111.0,115.0,102.0,115.0,217.0
IDF - REG 1 - Saint maur - 1ER TOUR REGIONAL IDF 1 FEMMES EQUIPES 2 FRANCONVILLE GENEVILLIERS VGA,2024-10-19,U20 Women 71,M'VOUMINI Jeffy,69.9,48.0,-51.0,51.0,60.0,-65.0,65.0,51.0,65.0,116.0
IDF - REG 1 - Saint maur - 1ER TOUR REGIONAL IDF 1 FEMMES EQUIPES 2 FRANCONVILLE GENEVILLIERS VGA,2024-10-19,SEN Women 59,MICHEL Juliette,58.7,38.0,42.0,43.0,50.0,53.0,55.0,43.0,55.0,98.0
IDF - REG 1 - Saint maur - 1ER TOUR REGIONAL IDF 1 FEMMES EQUIPES 2 FRANCONVILLE GENEVILLIERS VGA,2024-10-19,SEN Women 71,PENN Elodie,69.3,50.0,-54.0,54.0,72.0,75.0,78.0,54.0,78.0,132.0
IDF - REG 1 - Saint maur - 1ER TOUR REGIONAL IDF 1 FEMMES EQUIPES 2 FRANCONVILLE GENEVILLIERS VGA,2024-10-19,SEN Women 76,LEPAIN Cindy,75.0,35.0,38.0,40.0,48.0,-51.0,51.0,40.0,51.0,91.0
IDF - REG 1 - Saint maur - 1ER TOUR REGIONAL IDF 1 FEMMES EQUIPES 2 FRANCONVILLE GENEVILLIERS VGA,2024-10-19,U20 Women 71,M'VOUMINI Jeffy,69.9,48.0,-51.0,51.0,60.0,-65.0,65.0,51.0,65.0,116.0
IDF - REG 1 - Saint maur - 1ER TOUR REGIONAL IDF 1 FEMMES EQUIPES 2 FRANCONVILLE GENEVILLIERS VGA,2024-10-19,SEN Women 59,MICHEL Juliette,58.7,38.0,42.0,43.0,50.0,53.0,55.0,43.0,55.0,98.0
IDF - REG 1 - Saint maur - 1ER TOUR REGIONAL IDF 1 FEMMES EQUIPES 2 FRANCONVILLE GENEVILLIERS VGA,2024-10-19,SEN Women 71,PENN Elodie,69.3,50.0,-54.0,54.0,72.0,75.0,78.0,54.0,78.0,132.0
IDF - REG 1 - Saint maur - 1ER TOUR REGIONAL IDF 1 FEMMES EQUIPES 2 FRANCONVILLE GENEVILLIERS VGA,2024-10-19,SEN Women 76,LEPAIN Cindy,75.0,35.0,38.0,40.0,48.0,-51.0,51.0,40.0,51.0,91.0
IDF - REG 1 - Saint maur - 1ER TOUR REGIONAL IDF 1 FEMMES EQUIPES 2 FRANCONVILLE GENEVILLIERS VGA,2024-10-19,U20 Men 81,ROUGE Hugo,74.4,92.0,-97.0,-97.0,114.0,118.0,121.0,92.0,121.0,213.0
IDF - REG 1 - Saint maur - 1ER TOUR REGIONAL IDF 1 FEMMES EQUIPES 2 FRANCONVILLE GENEVILLIERS VGA,2024-10-19,SEN Men 73,RODRIGUEZ Nicolas,71.5,80.0,83.0,-85.0,100.0,105.0,-110.0,83.0,105.0,188.0
IDF - REG 1 - Saint maur - 1ER TOUR REGIONAL IDF 1 FEMMES EQUIPES 2 FRANCONVILLE GENEVILLIERS VGA,2024-10-19,SEN Men 81,GAY Ludovic,77.9,100.0,105.0,-108.0,130.0,135.0,140.0,105.0,140.0,245.0
IDF - REG 1 - Saint maur - 1ER TOUR REGIONAL IDF 1 FEMMES EQUIPES 2 FRANCONVILLE GENEVILLIERS VGA,2024-10-19,SEN Men 89,DACHICOURT Remi,85.1,92.0,96.0,-100.0,120.0,125.0,130.0,96.0,130.0,226.0
IDF - REG 1 - Saint maur - 1ER TOUR REGIONAL IDF 1 FEMMES EQUIPES 2 FRANCONVILLE GENEVILLIERS VGA,2024-10-19,SEN Men 89,LELIEVRE Robin,86.6,-92.0,-92.0,92.0,115.0,120.0,-125.0,92.0,120.0,212.0
IDF - REG 1 - Saint maur - 1ER TOUR REGIONAL IDF 1 FEMMES EQUIPES 2 FRANCONVILLE GENEVILLIERS VGA,2024-10-19,U20 Men 81,ROUGE Hugo,74.4,92.0,-97.0,-97.0,114.0,118.0,121.0,92.0,121.0,213.0
IDF - REG 1 - Saint maur - 1ER TOUR REGIONAL IDF 1 FEMMES EQUIPES 2 FRANCONVILLE GENEVILLIERS VGA,2024-10-19,SEN Men 73,RODRIGUEZ Nicolas,71.5,80.0,83.0,-85.0,100.0,105.0,-110.0,83.0,105.0,188.0
IDF - REG 1 - Saint maur - 1ER TOUR REGIONAL IDF 1 FEMMES EQUIPES 2 FRANCONVILLE GENEVILLIERS VGA,2024-10-19,SEN Men 81,GAY Ludovic,77.9,100.0,105.0,-108.0,130.0,135.0,140.0,105.0,140.0,245.0
IDF - REG 1 - Saint maur - 1ER TOUR REGIONAL IDF 1 FEMMES EQUIPES 2 FRANCONVILLE GENEVILLIERS VGA,2024-10-19,SEN Men 89,DACHICOURT Remi,85.1,92.0,96.0,-100.0,120.0,125.0,130.0,96.0,130.0,226.0
IDF - REG 1 - Saint maur - 1ER TOUR REGIONAL IDF 1 FEMMES EQUIPES 2 FRANCONVILLE GENEVILLIERS VGA,2024-10-19,SEN Men 89,LELIEVRE Robin,86.6,-92.0,-92.0,92.0,115.0,120.0,-125.0,92.0,120.0,212.0
IDF - REG 1 - Saint maur - 1ER TOUR REGIONAL IDF 1 FEMMES EQUIPES 2 FRANCONVILLE GENEVILLIERS VGA,2024-10-19,SEN Women 55,GOUJEAU Johanna,54.8,43.0,-45.0,-45.0,54.0,-56.0,56.0,43.0,56.0,99.0
IDF - REG 1 - Saint maur - 1ER TOUR REGIONAL IDF 1 FEMMES EQUIPES 2 FRANCONVILLE GENEVILLIERS VGA,2024-10-19,SEN Women 55,BROSSARD Bernadette,54.3,23.0,25.0,-27.0,32.0,34.0,36.0,25.0,36.0,61.0
IDF - REG 1 - Saint maur - 1ER TOUR REGIONAL IDF 1 FEMMES EQUIPES 2 FRANCONVILLE GENEVILLIERS VGA,2024-10-19,SEN Women 76,JURANVILLE Eva,74.2,-60.0,60.0,64.0,74.0,78.0,-80.0,64.0,78.0,142.0
IDF - REG 1 - Saint maur - 1ER TOUR REGIONAL IDF 1 FEMMES EQUIPES 2 FRANCONVILLE GENEVILLIERS VGA,2024-10-19,SEN Women 76,AMRI Nadia,71.5,-43.0,43.0,45.0,50.0,53.0,-55.0,45.0,53.0,98.0
IDF - REG 1 - Saint maur - 1ER TOUR REGIONAL IDF 1 FEMMES EQUIPES 2 FRANCONVILLE GENEVILLIERS VGA,2024-10-19,SEN Women >87,LINGUET Ingrid,96.8,-70.0,72.0,74.0,83.0,-85.0,85.0,74.0,85.0,159.0
IDF - REG 1 - Saint maur - 1ER TOUR REGIONAL IDF 1 FEMMES EQUIPES 2 FRANCONVILLE GENEVILLIERS VGA,2024-10-19,SEN Women 55,GOUJEAU Johanna,54.8,43.0,-45.0,-45.0,54.0,-56.0,56.0,43.0,56.0,99.0
IDF - REG 1 - Saint maur - 1ER TOUR REGIONAL IDF 1 FEMMES EQUIPES 2 FRANCONVILLE GENEVILLIERS VGA,2024-10-19,SEN Women 55,BROSSARD Bernadette,54.3,23.0,25.0,-27.0,32.0,34.0,36.0,25.0,36.0,61.0
IDF - REG 1 - Saint maur - 1ER TOUR REGIONAL IDF 1 FEMMES EQUIPES 2 FRANCONVILLE GENEVILLIERS VGA,2024-10-19,SEN Women 76,JURANVILLE Eva,74.2,-60.0,60.0,64.0,74.0,78.0,-80.0,64.0,78.0,142.0
IDF - REG 1 - Saint maur - 1ER TOUR REGIONAL IDF 1 FEMMES EQUIPES 2 FRANCONVILLE GENEVILLIERS VGA,2024-10-19,SEN Women 76,AMRI Nadia,71.5,-43.0,43.0,45.0,50.0,53.0,-55.0,45.0,53.0,98.0
IDF - REG 1 - Saint maur - 1ER TOUR REGIONAL IDF 1 FEMMES EQUIPES 2 FRANCONVILLE GENEVILLIERS VGA,2024-10-19,SEN Women >87,LINGUET Ingrid,96.8,-70.0,72.0,74.0,83.0,-85.0,85.0,74.0,85.0,159.0
