event,date,category,lifter_name,bodyweight,snatch_1,snatch_2,snatch_3,cj_1,cj_2,cj_3,best_snatch,best_cj,total
NAQ - Critérium National - Mont de marsan - Plateau C,2025-11-29,U20 Men 60,RIGAUD Gabriel,60.0,-74.0,-74.0,76.0,85.0,-90.0,90.0,76.0,90.0,166.0
NAQ - Critérium National - Mont de marsan - Plateau C,2025-11-29,U20 Men 79,TOUT Kais,74.45,85.0,88.0,-91.0,105.0,109.0,-112.0,88.0,109.0,197.0
NAQ - Critérium National - Mont de marsan - Plateau C,2025-11-29,SEN Men 65,BOTHERON Etienne,64.25,-87.0,-87.0,87.0,-108.0,108.0,-112.0,87.0,108.0,195.0
NAQ - Critérium National - Mont de marsan - Plateau C,2025-11-29,SEN Men 71,LECOMTE Ewen,71.0,103.0,106.0,-0.0,122.0,-131.0,-133.0,106.0,122.0,228.0
NAQ - Critérium National - Mont de marsan - Plateau C,2025-11-29,SEN Men 71,CHABENAT Nicolas,69.75,85.0,89.0,93.0,106.0,110.0,113.0,93.0,113.0,206.0
NAQ - Critérium National - Mont de marsan - Plateau C,2025-11-29,SEN Men 71,PAILLAUGUE Ugo,69.35,-95.0,97.0,-103.0,-117.0,-120.0,-122.0,97.0,0.0,0.0
NAQ - Critérium National - Mont de marsan - Plateau C,2025-11-29,SEN Men 79,RAVON Corey,78.0,97.0,-101.0,103.0,124.0,-129.0,134.0,103.0,134.0,237.0
NAQ - Critérium National - Mont de marsan - Plateau C,2025-11-29,SEN Men 79,IRIART Kevin,74.4,95.0,-100.0,-100.0,120.0,125.0,-131.0,95.0,125.0,220.0
NAQ - Critérium National - Mont de marsan - Plateau C,2025-11-29,SEN Men 79,CLAVIER Cédric,78.05,103.0,-108.0,-108.0,-128.0,-128.0,-130.0,103.0,0.0,0.0
NAQ - Critérium National - Mont de marsan - Plateau C,2025-11-29,SEN Men 88,LEVEQUE Léonard,88.0,130.0,-136.0,-141.0,161.0,-168.0,-175.0,130.0,161.0,291.0
NAQ - Critérium National - Mont de marsan - Plateau C,2025-11-29,SEN Men 88,HASSAINE Adam,84.0,125.0,-130.0,130.0,150.0,-0.0,-0.0,130.0,150.0,280.0
NAQ - Critérium National - Mont de marsan - Plateau C,2025-11-29,SEN Men 88,LEJEUNE Denis,87.9,110.0,121.0,125.0,150.0,-155.0,155.0,125.0,155.0,280.0
NAQ - Critérium National - Mont de marsan - Plateau C,2025-11-29,SEN Men 88,CHENEVIER David,87.25,-112.0,-114.0,115.0,141.0,-145.0,-147.0,115.0,141.0,256.0
NAQ - Critérium National - Mont de marsan - Plateau C,2025-11-29,SEN Men 88,BORDES Simon,87.3,110.0,-114.0,-115.0,135.0,-140.0,-140.0,110.0,135.0,245.0
NAQ - Critérium National - Mont de marsan - Plateau C,2025-11-29,SEN Men 88,HORAITIS Dimitri,80.7,-110.0,-110.0,110.0,120.0,125.0,-130.0,110.0,125.0,235.0
NAQ - Critérium National - Mont de marsan - Plateau C,2025-11-29,SEN Men 94,VAN DEN BLIEK Simon,89.5,105.0,-110.0,-115.0,140.0,-145.0,-145.0,105.0,140.0,245.0
NAQ - Critérium National - Mont de marsan - Plateau C,2025-11-29,SEN Men 94,GOETT Pierre,93.45,102.0,108.0,112.0,121.0,-128.0,131.0,112.0,131.0,243.0
NAQ - Critérium National - Mont de marsan - Plateau C,2025-11-29,SEN Men 110,HERBE Maxime,100.75,113.0,117.0,-120.0,143.0,148.0,-153.0,117.0,148.0,265.0
NAQ - Critérium National - Mont de marsan - Plateau C,2025-11-29,SEN Men 110,RABAUD Anthony,95.95,-111.0,-115.0,-116.0,-0.0,-0.0,-0.0,0.0,0.0,0.0
NAQ - Critérium National - Mont de marsan - Plateau C,2025-11-29,U13 Men 36,FOURNIVAL Tiago,30.3,14.0,-16.0,-16.0,-12.0,-12.0,-12.0,14.0,0.0,0.0
NAQ - Critérium National - Mont de marsan - Plateau C,2025-11-29,U13 Men 47,POLINSTOV Oskar,46.4,21.0,22.0,-23.0,27.0,28.0,29.0,22.0,29.0,51.0
NAQ - Critérium National - Mont de marsan - Plateau C,2025-11-29,U13 Men 36,FOURNIVAL Tiago,30.3,14.0,-16.0,-16.0,-12.0,-12.0,-12.0,14.0,0.0,0.0
NAQ - Critérium National - Mont de marsan - Plateau C,2025-11-29,U13 Men 47,POLINSTOV Oskar,46.4,21.0,22.0,-23.0,27.0,28.0,29.0,22.0,29.0,51.0
NAQ - Critérium National - Mont de marsan - Plateau C,2025-11-29,U13 Women 44,LALET Lysana,42.0,11.0,13.0,15.0,15.0,17.0,19.0,15.0,19.0,34.0
NAQ - Critérium National - Mont de marsan - Plateau C,2025-11-29,U13 Men 36,RODRIGUES ROUSSEAU Diego,24.9,9.0,10.0,11.0,14.0,16.0,17.0,11.0,17.0,28.0
NAQ - Critérium National - Mont de marsan - Plateau C,2025-11-29,U13 Men 47,CALANDRE CONSOLO Ryan,42.7,17.0,19.0,-20.0,22.0,24.0,26.0,19.0,26.0,45.0
NAQ - Critérium National - Mont de marsan - Plateau C,2025-11-29,U13 Women 44,LALET Lysana,42.0,11.0,13.0,15.0,15.0,17.0,19.0,15.0,19.0,34.0
NAQ - Critérium National - Mont de marsan - Plateau C,2025-11-29,U13 Men 36,RODRIGUES ROUSSEAU Diego,24.9,9.0,10.0,11.0,14.0,16.0,17.0,11.0,17.0,28.0
NAQ - Critérium National - Mont de marsan - Plateau C,2025-11-29,U13 Men 47,CALANDRE CONSOLO Ryan,42.7,17.0,19.0,-20.0,22.0,24.0,26.0,19.0,26.0,45.0
NAQ - Critérium National - Mont de marsan - Plateau C,2025-11-29,U20 Men 60,BOLUDA Matthieu,60.0,72.0,76.0,-79.0,90.0,-98.0,-100.0,76.0,90.0,166.0
NAQ - Critérium National - Mont de marsan - Plateau C,2025-11-29,U20 Men 71,GLEYZE Alexis,68.1,90.0,-93.0,-94.0,105.0,111.0,-0.0,90.0,111.0,201.0
NAQ - Critérium National - Mont de marsan - Plateau C,2025-11-29,SEN Men 65,BAILLIEUX Cyril,62.7,75.0,-79.0,-82.0,98.0,101.0,-105.0,75.0,101.0,176.0
NAQ - Critérium National - Mont de marsan - Plateau C,2025-11-29,SEN Men 79,SAMMUT Nicolas,78.6,110.0,-115.0,-118.0,140.0,-150.0,-153.0,110.0,140.0,250.0
NAQ - Critérium National - Mont de marsan - Plateau C,2025-11-29,SEN Men 79,BASSI Grégory,76.6,-100.0,100.0,104.0,133.0,140.0,-145.0,104.0,140.0,244.0
NAQ - Critérium National - Mont de marsan - Plateau C,2025-11-29,SEN Men 88,DARCHEN Johann,87.2,110.0,117.0,123.0,-133.0,133.0,-153.0,123.0,133.0,256.0
NAQ - Critérium National - Mont de marsan - Plateau C,2025-11-29,SEN Men 88,LAUGIER Jonathan,80.2,-93.0,95.0,101.0,115.0,122.0,-0.0,101.0,122.0,223.0
NAQ - Critérium National - Mont de marsan - Plateau C,2025-11-29,SEN Men 94,MARIN Clément,94.0,110.0,116.0,120.0,125.0,-140.0,-140.0,120.0,125.0,245.0
NAQ - Critérium National - Mont de marsan - Plateau C,2025-11-29,U20 Men 60,BOLUDA Matthieu,60.0,72.0,76.0,-79.0,90.0,-98.0,-100.0,76.0,90.0,166.0
NAQ - Critérium National - Mont de marsan - Plateau C,2025-11-29,U20 Men 71,GLEYZE Alexis,68.1,90.0,-93.0,-94.0,105.0,111.0,-0.0,90.0,111.0,201.0
NAQ - Critérium National - Mont de marsan - Plateau C,2025-11-29,SEN Men 65,BAILLIEUX Cyril,62.7,75.0,-79.0,-82.0,98.0,101.0,-105.0,75.0,101.0,176.0
NAQ - Critérium National - Mont de marsan - Plateau C,2025-11-29,SEN Men 79,SAMMUT Nicolas,78.6,110.0,-115.0,-118.0,140.0,-150.0,-153.0,110.0,140.0,250.0
NAQ - Critérium National - Mont de marsan - Plateau C,2025-11-29,SEN Men 79,BASSI Grégory,76.6,-100.0,100.0,104.0,133.0,140.0,-145.0,104.0,140.0,244.0
NAQ - Critérium National - Mont de marsan - Plateau C,2025-11-29,SEN Men 88,DARCHEN Johann,87.2,110.0,117.0,123.0,-133.0,133.0,-153.0,123.0,133.0,256.0
NAQ - Critérium National - Mont de marsan - Plateau C,2025-11-29,SEN Men 88,LAUGIER Jonathan,80.2,-93.0,95.0,101.0,115.0,122.0,-0.0,101.0,122.0,223.0
NAQ - Critérium National - Mont de marsan - Plateau C,2025-11-29,SEN Men 94,MARIN Clément,94.0,110.0,116.0,120.0,125.0,-140.0,-140.0,120.0,125.0,245.0
NAQ - Critérium National - Mont de marsan - Plateau C,2025-11-29,U20 Women 69,REGIBIER Gabie,66.7,65.0,-70.0,-70.0,78.0,-80.0,80.0,65.0,80.0,145.0
NAQ - Critérium National - Mont de marsan - Plateau C,2025-11-29,SEN Women 53,MOCAER LORGERE Nolwenn,51.45,55.0,58.0,60.0,75.0,78.0,-81.0,60.0,78.0,138.0
NAQ - Critérium National - Mont de marsan - Plateau C,2025-11-29,SEN Women 53,BAVEREY Louna,53.0,-55.0,57.0,-60.0,73.0,-77.0,77.0,57.0,77.0,134.0
NAQ - Critérium National - Mont de marsan - Plateau C,2025-11-29,SEN Women 53,CAZABONNE Cecile,52.05,56.0,58.0,-61.0,68.0,71.0,-73.0,58.0,71.0,129.0
NAQ - Critérium National - Mont de marsan - Plateau C,2025-11-29,SEN Women 58,SEIXO Lola,58.0,70.0,73.0,75.0,87.0,89.0,-91.0,75.0,89.0,164.0
NAQ - Critérium National - Mont de marsan - Plateau C,2025-11-29,SEN Women 58,MALBRUN Andréa,57.6,-70.0,71.0,-74.0,88.0,-91.0,-91.0,71.0,88.0,159.0
NAQ - Critérium National - Mont de marsan - Plateau C,2025-11-29,SEN Women 63,SALELLES Manon,61.4,69.0,72.0,-75.0,85.0,90.0,93.0,72.0,93.0,165.0
NAQ - Critérium National - Mont de marsan - Plateau C,2025-11-29,SEN Women 63,FARRUGIA Celia,62.6,65.0,-68.0,-68.0,81.0,84.0,-89.0,65.0,84.0,149.0
NAQ - Critérium National - Mont de marsan - Plateau C,2025-11-29,SEN Women 69,DUMONT Emilie,66.5,78.0,80.0,-82.0,96.0,-100.0,-100.0,80.0,96.0,176.0
NAQ - Critérium National - Mont de marsan - Plateau C,2025-11-29,SEN Women 69,VAILLET Julie,68.4,75.0,-79.0,-83.0,-86.0,86.0,-93.0,75.0,86.0,161.0
NAQ - Critérium National - Mont de marsan - Plateau C,2025-11-29,SEN Women 69,CHILLARON-PEREZ Lou-anne,66.7,-69.0,69.0,72.0,86.0,-89.0,-89.0,72.0,86.0,158.0
NAQ - Critérium National - Mont de marsan - Plateau C,2025-11-29,SEN Women 69,MARTIN-GUILLOUX Léa,67.15,65.0,69.0,-73.0,-84.0,85.0,-89.0,69.0,85.0,154.0
NAQ - Critérium National - Mont de marsan - Plateau C,2025-11-29,SEN Women 77,PIARD Philomène,70.35,70.0,73.0,-74.0,90.0,93.0,-94.0,73.0,93.0,166.0
NAQ - Critérium National - Mont de marsan - Plateau C,2025-11-29,SEN Women 86,BOUA Lisa,82.35,83.0,87.0,90.0,98.0,102.0,-105.0,90.0,102.0,192.0
NAQ - Critérium National - Mont de marsan - Plateau C,2025-11-29,SEN Women 86,MOREAU Léa,84.65,77.0,80.0,83.0,105.0,108.0,111.0,83.0,111.0,194.0
NAQ - Critérium National - Mont de marsan - Plateau C,2025-11-29,SEN Women 86,FURET Zoé,80.9,81.0,86.0,88.0,95.0,100.0,102.0,88.0,102.0,190.0
NAQ - Critérium National - Mont de marsan - Plateau C,2025-11-29,U20 Women 69,REGIBIER Gabie,66.7,65.0,-70.0,-70.0,78.0,-80.0,80.0,65.0,80.0,145.0
NAQ - Critérium National - Mont de marsan - Plateau C,2025-11-29,SEN Women 53,MOCAER LORGERE Nolwenn,51.45,55.0,58.0,60.0,75.0,78.0,-81.0,60.0,78.0,138.0
NAQ - Critérium National - Mont de marsan - Plateau C,2025-11-29,SEN Women 53,BAVEREY Louna,53.0,-55.0,57.0,-60.0,73.0,-77.0,77.0,57.0,77.0,134.0
NAQ - Critérium National - Mont de marsan - Plateau C,2025-11-29,SEN Women 53,CAZABONNE Cecile,52.05,56.0,58.0,-61.0,68.0,71.0,-73.0,58.0,71.0,129.0
NAQ - Critérium National - Mont de marsan - Plateau C,2025-11-29,SEN Women 58,SEIXO Lola,58.0,70.0,73.0,75.0,87.0,89.0,-91.0,75.0,89.0,164.0
NAQ - Critérium National - Mont de marsan - Plateau C,2025-11-29,SEN Women 58,MALBRUN Andréa,57.6,-70.0,71.0,-74.0,88.0,-91.0,-91.0,71.0,88.0,159.0
NAQ - Critérium National - Mont de marsan - Plateau C,2025-11-29,SEN Women 63,SALELLES Manon,61.4,69.0,72.0,-75.0,85.0,90.0,93.0,72.0,93.0,165.0
NAQ - Critérium National - Mont de marsan - Plateau C,2025-11-29,SEN Women 63,FARRUGIA Celia,62.6,65.0,-68.0,-68.0,81.0,84.0,-89.0,65.0,84.0,149.0
NAQ - Critérium National - Mont de marsan - Plateau C,2025-11-29,SEN Women 69,DUMONT Emilie,66.5,78.0,80.0,-82.0,96.0,-100.0,-100.0,80.0,96.0,176.0
NAQ - Critérium National - Mont de marsan - Plateau C,2025-11-29,SEN Women 69,VAILLET Julie,68.4,75.0,-79.0,-83.0,-86.0,86.0,-93.0,75.0,86.0,161.0
NAQ - Critérium National - Mont de marsan - Plateau C,2025-11-29,SEN Women 69,CHILLARON-PEREZ Lou-anne,66.7,-69.0,69.0,72.0,86.0,-89.0,-89.0,72.0,86.0,158.0
NAQ - Critérium National - Mont de marsan - Plateau C,2025-11-29,SEN Women 69,MARTIN-GUILLOUX Léa,67.15,65.0,69.0,-73.0,-84.0,85.0,-89.0,69.0,85.0,154.0
NAQ - Critérium National - Mont de marsan - Plateau C,2025-11-29,SEN Women 77,PIARD Philomène,70.35,70.0,73.0,-74.0,90.0,93.0,-94.0,73.0,93.0,166.0
NAQ - Critérium National - Mont de marsan - Plateau C,2025-11-29,SEN Women 86,BOUA Lisa,82.35,83.0,87.0,90.0,98.0,102.0,-105.0,90.0,102.0,192.0
NAQ - Critérium National - Mont de marsan - Plateau C,2025-11-29,SEN Women 86,MOREAU Léa,84.65,77.0,80.0,83.0,105.0,108.0,111.0,83.0,111.0,194.0
NAQ - Critérium National - Mont de marsan - Plateau C,2025-11-29,SEN Women 86,FURET Zoé,80.9,81.0,86.0,88.0,95.0,100.0,102.0,88.0,102.0,190.0
NAQ - Critérium National - Mont de marsan - Plateau C,2025-11-29,U20 Women 58,BOYER Kristina,57.3,60.0,-63.0,64.0,77.0,80.0,-83.0,64.0,80.0,144.0
NAQ - Critérium National - Mont de marsan - Plateau C,2025-11-29,U20 Women 69,OLMOS Maelle,66.5,50.0,53.0,56.0,60.0,65.0,-68.0,56.0,65.0,121.0
NAQ - Critérium National - Mont de marsan - Plateau C,2025-11-29,U20 Women 77,CAVALLINI Marie,71.4,60.0,64.0,-67.0,75.0,80.0,-84.0,64.0,80.0,144.0
NAQ - Critérium National - Mont de marsan - Plateau C,2025-11-29,SEN Women 53,ROUSSEAU Clementine,52.9,60.0,63.0,65.0,-82.0,82.0,-88.0,65.0,82.0,147.0
NAQ - Critérium National - Mont de marsan - Plateau C,2025-11-29,SEN Women 58,GOMEZ Patricia,54.8,55.0,59.0,62.0,75.0,80.0,-82.0,62.0,80.0,142.0
NAQ - Critérium National - Mont de marsan - Plateau C,2025-11-29,SEN Women 58,NICOSIA Carla,57.7,60.0,-63.0,-65.0,68.0,-72.0,-72.0,60.0,68.0,128.0
NAQ - Critérium National - Mont de marsan - Plateau C,2025-11-29,SEN Women 58,ADRIEN Priscilla,58.0,45.0,-48.0,49.0,60.0,64.0,67.0,49.0,67.0,116.0
NAQ - Critérium National - Mont de marsan - Plateau C,2025-11-29,SEN Women 63,AUTILLO Clara,62.2,-76.0,76.0,-80.0,93.0,-100.0,-100.0,76.0,93.0,169.0
NAQ - Critérium National - Mont de marsan - Plateau C,2025-11-29,SEN Women 63,CAMACHO Marine,60.5,-79.0,-79.0,-80.0,-98.0,-100.0,-100.0,0.0,0.0,0.0
NAQ - Critérium National - Mont de marsan - Plateau C,2025-11-29,SEN Women 69,TOULZE Esther,64.1,71.0,76.0,78.0,-94.0,94.0,98.0,78.0,98.0,176.0
NAQ - Critérium National - Mont de marsan - Plateau C,2025-11-29,SEN Women 77,BAUDRY Charlotte,73.3,58.0,62.0,65.0,75.0,80.0,83.0,65.0,83.0,148.0
NAQ - Critérium National - Mont de marsan - Plateau C,2025-11-29,U20 Women 58,BOYER Kristina,57.3,60.0,-63.0,64.0,77.0,80.0,-83.0,64.0,80.0,144.0
NAQ - Critérium National - Mont de marsan - Plateau C,2025-11-29,U20 Women 69,OLMOS Maelle,66.5,50.0,53.0,56.0,60.0,65.0,-68.0,56.0,65.0,121.0
NAQ - Critérium National - Mont de marsan - Plateau C,2025-11-29,U20 Women 77,CAVALLINI Marie,71.4,60.0,64.0,-67.0,75.0,80.0,-84.0,64.0,80.0,144.0
NAQ - Critérium National - Mont de marsan - Plateau C,2025-11-29,SEN Women 53,ROUSSEAU Clementine,52.9,60.0,63.0,65.0,-82.0,82.0,-88.0,65.0,82.0,147.0
NAQ - Critérium National - Mont de marsan - Plateau C,2025-11-29,SEN Women 58,GOMEZ Patricia,54.8,55.0,59.0,62.0,75.0,80.0,-82.0,62.0,80.0,142.0
NAQ - Critérium National - Mont de marsan - Plateau C,2025-11-29,SEN Women 58,NICOSIA Carla,57.7,60.0,-63.0,-65.0,68.0,-72.0,-72.0,60.0,68.0,128.0
NAQ - Critérium National - Mont de marsan - Plateau C,2025-11-29,SEN Women 58,ADRIEN Priscilla,58.0,45.0,-48.0,49.0,60.0,64.0,67.0,49.0,67.0,116.0
NAQ - Critérium National - Mont de marsan - Plateau C,2025-11-29,SEN Women 63,AUTILLO Clara,62.2,-76.0,76.0,-80.0,93.0,-100.0,-100.0,76.0,93.0,169.0
NAQ - Critérium National - Mont de marsan - Plateau C,2025-11-29,SEN Women 63,CAMACHO Marine,60.5,-79.0,-79.0,-80.0,-98.0,-100.0,-100.0,0.0,0.0,0.0
NAQ - Critérium National - Mont de marsan - Plateau C,2025-11-29,SEN Women 69,TOULZE Esther,64.1,71.0,76.0,78.0,-94.0,94.0,98.0,78.0,98.0,176.0
NAQ - Critérium National - Mont de marsan - Plateau C,2025-11-29,SEN Women 77,BAUDRY Charlotte,73.3,58.0,62.0,65.0,75.0,80.0,83.0,65.0,83.0,148.0
NAQ - Critérium National - Mont de marsan - Plateau C,2025-11-29,U15 Men 79,GRIGORIAN Samvel,78.7,78.0,81.0,83.0,96.0,-99.0,-101.0,83.0,96.0,179.0
NAQ - Critérium National - Mont de marsan - Plateau C,2025-11-29,U17 Men 60,ROSS Clément,58.8,65.0,70.0,73.0,90.0,95.0,-0.0,73.0,95.0,168.0
NAQ - Critérium National - Mont de marsan - Plateau C,2025-11-29,U17 Men 65,CATOLIQUOT Malone,64.5,-68.0,68.0,72.0,-85.0,85.0,-90.0,72.0,85.0,157.0
NAQ - Critérium National - Mont de marsan - Plateau C,2025-11-29,U17 Men 65,GARCIA-DUHAMEL Jullian,63.85,60.0,-65.0,-68.0,80.0,85.0,-90.0,60.0,85.0,145.0
NAQ - Critérium National - Mont de marsan - Plateau C,2025-11-29,U17 Men 71,CRUZ Clément,68.75,58.0,-63.0,63.0,70.0,77.0,-83.0,63.0,77.0,140.0
NAQ - Critérium National - Mont de marsan - Plateau C,2025-11-29,U20 Men 60,JEAN Wyatt,51.4,67.0,72.0,-76.0,90.0,-95.0,-96.0,72.0,90.0,162.0
NAQ - Critérium National - Mont de marsan - Plateau C,2025-11-29,U20 Men 65,DEMEILLERS Matis,64.7,84.0,88.0,-91.0,105.0,-110.0,-110.0,88.0,105.0,193.0
NAQ - Critérium National - Mont de marsan - Plateau C,2025-11-29,U20 Men 94,CONTE Lubin,93.05,98.0,102.0,-106.0,115.0,120.0,-125.0,102.0,120.0,222.0
NAQ - Critérium National - Mont de marsan - Plateau C,2025-11-29,SEN Men 65,CHAN TAI TAT Yohann,63.85,-93.0,93.0,97.0,112.0,116.0,-120.0,97.0,116.0,213.0
NAQ - Critérium National - Mont de marsan - Plateau C,2025-11-29,SEN Men 71,TURPIN Aurelien,70.5,95.0,99.0,102.0,124.0,-130.0,-132.0,102.0,124.0,226.0
NAQ - Critérium National - Mont de marsan - Plateau C,2025-11-29,SEN Men 88,PERSONNIC Youenn,84.05,125.0,129.0,-132.0,157.0,163.0,-169.0,129.0,163.0,292.0
NAQ - Critérium National - Mont de marsan - Plateau C,2025-11-29,SEN Men 88,BITOUN Matthieu,87.25,125.0,-129.0,-129.0,155.0,-160.0,-164.0,125.0,155.0,280.0
NAQ - Critérium National - Mont de marsan - Plateau C,2025-11-29,SEN Men 88,GABARRE FONFREDE Raphael,81.65,116.0,121.0,-124.0,149.0,-153.0,-155.0,121.0,149.0,270.0
NAQ - Critérium National - Mont de marsan - Plateau C,2025-11-29,SEN Men 88,RAVALISSE Steven,84.8,118.0,123.0,-126.0,147.0,-157.0,-157.0,123.0,147.0,270.0
NAQ - Critérium National - Mont de marsan - Plateau C,2025-11-29,SEN Men 88,DEYRIS Simon,87.3,-110.0,110.0,-120.0,141.0,-146.0,-146.0,110.0,141.0,251.0
NAQ - Critérium National - Mont de marsan - Plateau C,2025-11-29,SEN Men 88,DUPUY Thibaut,87.0,-106.0,108.0,-111.0,138.0,-143.0,-148.0,108.0,138.0,246.0
NAQ - Critérium National - Mont de marsan - Plateau C,2025-11-29,SEN Men 94,BENGHEMAME Yannis,92.4,110.0,115.0,120.0,-141.0,141.0,-151.0,120.0,141.0,261.0
NAQ - Critérium National - Mont de marsan - Plateau C,2025-11-29,SEN Men 110,HAVET Bastien,95.4,137.0,-142.0,-142.0,160.0,-168.0,-174.0,137.0,160.0,297.0
NAQ - Critérium National - Mont de marsan - Plateau C,2025-11-29,U15 Men 79,GRIGORIAN Samvel,78.7,78.0,81.0,83.0,96.0,-99.0,-101.0,83.0,96.0,179.0
NAQ - Critérium National - Mont de marsan - Plateau C,2025-11-29,U17 Men 60,ROSS Clément,58.8,65.0,70.0,73.0,90.0,95.0,-0.0,73.0,95.0,168.0
NAQ - Critérium National - Mont de marsan - Plateau C,2025-11-29,U17 Men 65,CATOLIQUOT Malone,64.5,-68.0,68.0,72.0,-85.0,85.0,-90.0,72.0,85.0,157.0
NAQ - Critérium National - Mont de marsan - Plateau C,2025-11-29,U17 Men 65,GARCIA-DUHAMEL Jullian,63.85,60.0,-65.0,-68.0,80.0,85.0,-90.0,60.0,85.0,145.0
NAQ - Critérium National - Mont de marsan - Plateau C,2025-11-29,U17 Men 71,CRUZ Clément,68.75,58.0,-63.0,63.0,70.0,77.0,-83.0,63.0,77.0,140.0
NAQ - Critérium National - Mont de marsan - Plateau C,2025-11-29,U20 Men 60,JEAN Wyatt,51.4,67.0,72.0,-76.0,90.0,-95.0,-96.0,72.0,90.0,162.0
NAQ - Critérium National - Mont de marsan - Plateau C,2025-11-29,U20 Men 65,DEMEILLERS Matis,64.7,84.0,88.0,-91.0,105.0,-110.0,-110.0,88.0,105.0,193.0
NAQ - Critérium National - Mont de marsan - Plateau C,2025-11-29,U20 Men 94,CONTE Lubin,93.05,98.0,102.0,-106.0,115.0,120.0,-125.0,102.0,120.0,222.0
NAQ - Critérium National - Mont de marsan - Plateau C,2025-11-29,SEN Men 65,CHAN TAI TAT Yohann,63.85,-93.0,93.0,97.0,112.0,116.0,-120.0,97.0,116.0,213.0
NAQ - Critérium National - Mont de marsan - Plateau C,2025-11-29,SEN Men 71,TURPIN Aurelien,70.5,95.0,99.0,102.0,124.0,-130.0,-132.0,102.0,124.0,226.0
NAQ - Critérium National - Mont de marsan - Plateau C,2025-11-29,SEN Men 88,PERSONNIC Youenn,84.05,125.0,129.0,-132.0,157.0,163.0,-169.0,129.0,163.0,292.0
NAQ - Critérium National - Mont de marsan - Plateau C,2025-11-29,SEN Men 88,BITOUN Matthieu,87.25,125.0,-129.0,-129.0,155.0,-160.0,-164.0,125.0,155.0,280.0
NAQ - Critérium National - Mont de marsan - Plateau C,2025-11-29,SEN Men 88,GABARRE FONFREDE Raphael,81.65,116.0,121.0,-124.0,149.0,-153.0,-155.0,121.0,149.0,270.0
NAQ - Critérium National - Mont de marsan - Plateau C,2025-11-29,SEN Men 88,RAVALISSE Steven,84.8,118.0,123.0,-126.0,147.0,-157.0,-157.0,123.0,147.0,270.0
NAQ - Critérium National - Mont de marsan - Plateau C,2025-11-29,SEN Men 88,DEYRIS Simon,87.3,-110.0,110.0,-120.0,141.0,-146.0,-146.0,110.0,141.0,251.0
NAQ - Critérium National - Mont de marsan - Plateau C,2025-11-29,SEN Men 88,DUPUY Thibaut,87.0,-106.0,108.0,-111.0,138.0,-143.0,-148.0,108.0,138.0,246.0
NAQ - Critérium National - Mont de marsan - Plateau C,2025-11-29,SEN Men 94,BENGHEMAME Yannis,92.4,110.0,115.0,120.0,-141.0,141.0,-151.0,120.0,141.0,261.0
NAQ - Critérium National - Mont de marsan - Plateau C,2025-11-29,SEN Men 110,HAVET Bastien,95.4,137.0,-142.0,-142.0,160.0,-168.0,-174.0,137.0,160.0,297.0
NAQ - Critérium National - Mont de marsan - Plateau C,2025-11-29,U15 Women 44,RIQUIER Alicia,42.35,-21.0,21.0,-23.0,33.0,34.0,36.0,21.0,36.0,57.0
NAQ - Critérium National - Mont de marsan - Plateau C,2025-11-29,U15 Women 48,GARREAU Lindsay,47.9,23.0,25.0,-28.0,33.0,35.0,-36.0,25.0,35.0,60.0
NAQ - Critérium National - Mont de marsan - Plateau C,2025-11-29,U15 Women 53,BEAUGER Clara,52.14,47.0,50.0,52.0,57.0,60.0,63.0,52.0,63.0,115.0
NAQ - Critérium National - Mont de marsan - Plateau C,2025-11-29,U15 Women 53,PEREIRA Amalia,49.02,33.0,35.0,37.0,47.0,50.0,53.0,37.0,53.0,90.0
NAQ - Critérium National - Mont de marsan - Plateau C,2025-11-29,U15 Women 58,ARAB Aliyah,57.1,39.0,41.0,43.0,48.0,50.0,-52.0,43.0,50.0,93.0
NAQ - Critérium National - Mont de marsan - Plateau C,2025-11-29,U15 Women 58,BOSQ Selena,56.3,34.0,37.0,-39.0,46.0,49.0,51.0,37.0,51.0,88.0
NAQ - Critérium National - Mont de marsan - Plateau C,2025-11-29,U15 Women 63,RADAMA Shaina,59.82,45.0,-48.0,48.0,57.0,60.0,-62.0,48.0,60.0,108.0
NAQ - Critérium National - Mont de marsan - Plateau C,2025-11-29,U15 Women >69,FONTENELLE Chloe,76.81,58.0,62.0,-65.0,70.0,-77.0,77.0,62.0,77.0,139.0
NAQ - Critérium National - Mont de marsan - Plateau C,2025-11-29,U15 Women >69,NAKOULMA Mounira,128.23,50.0,53.0,56.0,62.0,-66.0,67.0,56.0,67.0,123.0
NAQ - Critérium National - Mont de marsan - Plateau C,2025-11-29,U15 Women >69,THIRY Cheyenne,79.72,41.0,-44.0,44.0,51.0,-53.0,-53.0,44.0,51.0,95.0
NAQ - Critérium National - Mont de marsan - Plateau C,2025-11-29,U17 Women 69,CUVILLIER Ema,65.62,44.0,47.0,50.0,58.0,61.0,64.0,50.0,64.0,114.0
NAQ - Critérium National - Mont de marsan - Plateau C,2025-11-29,U15 Women 44,RIQUIER Alicia,42.35,-21.0,21.0,-23.0,33.0,34.0,36.0,21.0,36.0,57.0
NAQ - Critérium National - Mont de marsan - Plateau C,2025-11-29,U15 Women 48,GARREAU Lindsay,47.9,23.0,25.0,-28.0,33.0,35.0,-36.0,25.0,35.0,60.0
NAQ - Critérium National - Mont de marsan - Plateau C,2025-11-29,U15 Women 53,BEAUGER Clara,52.14,47.0,50.0,52.0,57.0,60.0,63.0,52.0,63.0,115.0
NAQ - Critérium National - Mont de marsan - Plateau C,2025-11-29,U15 Women 53,PEREIRA Amalia,49.02,33.0,35.0,37.0,47.0,50.0,53.0,37.0,53.0,90.0
NAQ - Critérium National - Mont de marsan - Plateau C,2025-11-29,U15 Women 58,ARAB Aliyah,57.1,39.0,41.0,43.0,48.0,50.0,-52.0,43.0,50.0,93.0
NAQ - Critérium National - Mont de marsan - Plateau C,2025-11-29,U15 Women 58,BOSQ Selena,56.3,34.0,37.0,-39.0,46.0,49.0,51.0,37.0,51.0,88.0
NAQ - Critérium National - Mont de marsan - Plateau C,2025-11-29,U15 Women 63,RADAMA Shaina,59.82,45.0,-48.0,48.0,57.0,60.0,-62.0,48.0,60.0,108.0
NAQ - Critérium National - Mont de marsan - Plateau C,2025-11-29,U15 Women >69,FONTENELLE Chloe,76.81,58.0,62.0,-65.0,70.0,-77.0,77.0,62.0,77.0,139.0
NAQ - Critérium National - Mont de marsan - Plateau C,2025-11-29,U15 Women >69,NAKOULMA Mounira,128.23,50.0,53.0,56.0,62.0,-66.0,67.0,56.0,67.0,123.0
NAQ - Critérium National - Mont de marsan - Plateau C,2025-11-29,U15 Women >69,THIRY Cheyenne,79.72,41.0,-44.0,44.0,51.0,-53.0,-53.0,44.0,51.0,95.0
NAQ - Critérium National - Mont de marsan - Plateau C,2025-11-29,U17 Women 69,CUVILLIER Ema,65.62,44.0,47.0,50.0,58.0,61.0,64.0,50.0,64.0,114.0
NAQ - Critérium National - Mont de marsan - Plateau C,2025-11-29,U13 Women 44,FENNANE Israe,40.95,-14.0,-14.0,14.0,-17.0,17.0,19.0,14.0,19.0,33.0
NAQ - Critérium National - Mont de marsan - Plateau C,2025-11-29,U13 Men 36,ABDURAKHMANOV Bernard,31.4,-14.0,14.0,15.0,21.0,23.0,24.0,15.0,24.0,39.0
NAQ - Critérium National - Mont de marsan - Plateau C,2025-11-29,U13 Men 47,CLEMENT Virgile,43.8,24.0,26.0,-28.0,-28.0,28.0,-30.0,26.0,28.0,54.0
NAQ - Critérium National - Mont de marsan - Plateau C,2025-11-29,U13 Men 60,GOMES Lorenzo,59.5,20.0,22.0,24.0,24.0,26.0,28.0,24.0,28.0,52.0
NAQ - Critérium National - Mont de marsan - Plateau C,2025-11-29,U13 Women 44,FENNANE Israe,40.95,-14.0,-14.0,14.0,-17.0,17.0,19.0,14.0,19.0,33.0
NAQ - Critérium National - Mont de marsan - Plateau C,2025-11-29,U13 Men 36,ABDURAKHMANOV Bernard,31.4,-14.0,14.0,15.0,21.0,23.0,24.0,15.0,24.0,39.0
NAQ - Critérium National - Mont de marsan - Plateau C,2025-11-29,U13 Men 47,CLEMENT Virgile,43.8,24.0,26.0,-28.0,-28.0,28.0,-30.0,26.0,28.0,54.0
NAQ - Critérium National - Mont de marsan - Plateau C,2025-11-29,U13 Men 60,GOMES Lorenzo,59.5,20.0,22.0,24.0,24.0,26.0,28.0,24.0,28.0,52.0
NAQ - Critérium National - Mont de marsan - Plateau C,2025-11-29,U15 Women 58,DURIC Ema,53.7,55.0,58.0,-61.0,65.0,68.0,71.0,58.0,71.0,129.0
NAQ - Critérium National - Mont de marsan - Plateau C,2025-11-29,U17 Women 53,PY Maelys,52.2,45.0,48.0,-51.0,53.0,-57.0,-61.0,48.0,53.0,101.0
NAQ - Critérium National - Mont de marsan - Plateau C,2025-11-29,U17 Women 53,LOIGEROT Elisa,53.0,40.0,-43.0,43.0,51.0,55.0,58.0,43.0,58.0,101.0
NAQ - Critérium National - Mont de marsan - Plateau C,2025-11-29,U17 Women 77,POIROT-LAIR Lou-anne,72.4,56.0,60.0,-63.0,65.0,69.0,72.0,60.0,72.0,132.0
NAQ - Critérium National - Mont de marsan - Plateau C,2025-11-29,U20 Women 77,CALMUS Thais,77.0,83.0,86.0,-88.0,98.0,-102.0,-102.0,86.0,98.0,184.0
NAQ - Critérium National - Mont de marsan - Plateau C,2025-11-29,SEN Women 69,GRAILLOT Vicky,66.8,80.0,-83.0,85.0,100.0,105.0,110.0,85.0,110.0,195.0
NAQ - Critérium National - Mont de marsan - Plateau C,2025-11-29,SEN Women 69,PRIGENT MADEC Théoline,65.9,-72.0,-72.0,72.0,92.0,95.0,-97.0,72.0,95.0,167.0
NAQ - Critérium National - Mont de marsan - Plateau C,2025-11-29,SEN Women 69,PETIT Charlotte,68.3,70.0,73.0,-75.0,80.0,84.0,88.0,73.0,88.0,161.0
NAQ - Critérium National - Mont de marsan - Plateau C,2025-11-29,SEN Women 69,BELLEVILLE Apolline,66.4,62.0,66.0,-70.0,74.0,-78.0,-80.0,66.0,74.0,140.0
NAQ - Critérium National - Mont de marsan - Plateau C,2025-11-29,SEN Women 77,MIZSER Bertille,77.0,-83.0,83.0,-86.0,99.0,-103.0,-105.0,83.0,99.0,182.0
NAQ - Critérium National - Mont de marsan - Plateau C,2025-11-29,SEN Women 77,HAUDRECHY Chloé,70.9,59.0,62.0,-65.0,79.0,83.0,86.0,62.0,86.0,148.0
NAQ - Critérium National - Mont de marsan - Plateau C,2025-11-29,SEN Women 86,GIRARD Clara,86.0,-74.0,-74.0,-74.0,95.0,-100.0,-103.0,0.0,95.0,0.0
NAQ - Critérium National - Mont de marsan - Plateau C,2025-11-29,U15 Women 58,DURIC Ema,53.7,55.0,58.0,-61.0,65.0,68.0,71.0,58.0,71.0,129.0
NAQ - Critérium National - Mont de marsan - Plateau C,2025-11-29,U17 Women 53,PY Maelys,52.2,45.0,48.0,-51.0,53.0,-57.0,-61.0,48.0,53.0,101.0
NAQ - Critérium National - Mont de marsan - Plateau C,2025-11-29,U17 Women 53,LOIGEROT Elisa,53.0,40.0,-43.0,43.0,51.0,55.0,58.0,43.0,58.0,101.0
NAQ - Critérium National - Mont de marsan - Plateau C,2025-11-29,U17 Women 77,POIROT-LAIR Lou-anne,72.4,56.0,60.0,-63.0,65.0,69.0,72.0,60.0,72.0,132.0
NAQ - Critérium National - Mont de marsan - Plateau C,2025-11-29,U20 Women 77,CALMUS Thais,77.0,83.0,86.0,-88.0,98.0,-102.0,-102.0,86.0,98.0,184.0
NAQ - Critérium National - Mont de marsan - Plateau C,2025-11-29,SEN Women 69,GRAILLOT Vicky,66.8,80.0,-83.0,85.0,100.0,105.0,110.0,85.0,110.0,195.0
NAQ - Critérium National - Mont de marsan - Plateau C,2025-11-29,SEN Women 69,PRIGENT MADEC Théoline,65.9,-72.0,-72.0,72.0,92.0,95.0,-97.0,72.0,95.0,167.0
NAQ - Critérium National - Mont de marsan - Plateau C,2025-11-29,SEN Women 69,PETIT Charlotte,68.3,70.0,73.0,-75.0,80.0,84.0,88.0,73.0,88.0,161.0
NAQ - Critérium National - Mont de marsan - Plateau C,2025-11-29,SEN Women 69,BELLEVILLE Apolline,66.4,62.0,66.0,-70.0,74.0,-78.0,-80.0,66.0,74.0,140.0
NAQ - Critérium National - Mont de marsan - Plateau C,2025-11-29,SEN Women 77,MIZSER Bertille,77.0,-83.0,83.0,-86.0,99.0,-103.0,-105.0,83.0,99.0,182.0
NAQ - Critérium National - Mont de marsan - Plateau C,2025-11-29,SEN Women 77,HAUDRECHY Chloé,70.9,59.0,62.0,-65.0,79.0,83.0,86.0,62.0,86.0,148.0
NAQ - Critérium National - Mont de marsan - Plateau C,2025-11-29,SEN Women 86,GIRARD Clara,86.0,-74.0,-74.0,-74.0,95.0,-100.0,-103.0,0.0,95.0,0.0
NAQ - Critérium National - Mont de marsan - Plateau C,2025-11-29,U15 Men 88,CHAVAND Azaël,86.0,67.0,70.0,-72.0,-85.0,85.0,88.0,70.0,88.0,158.0
NAQ - Critérium National - Mont de marsan - Plateau C,2025-11-29,U17 Men 71,DURIC Adis,68.25,-76.0,-76.0,76.0,84.0,89.0,94.0,76.0,94.0,170.0
NAQ - Critérium National - Mont de marsan - Plateau C,2025-11-29,U20 Men 65,SIMARD--FERNANDES Mathis,64.8,-89.0,90.0,-95.0,115.0,120.0,-125.0,90.0,120.0,210.0
NAQ - Critérium National - Mont de marsan - Plateau C,2025-11-29,U20 Men 94,SCHNEIDER Jacques,90.9,90.0,-95.0,-97.0,110.0,115.0,-120.0,90.0,115.0,205.0
NAQ - Critérium National - Mont de marsan - Plateau C,2025-11-29,U20 Men >110,VINCENT Gaetan,125.7,110.0,-115.0,120.0,145.0,153.0,-160.0,120.0,153.0,273.0
NAQ - Critérium National - Mont de marsan - Plateau C,2025-11-29,SEN Men 60,BACHEROT Yannis,59.9,91.0,94.0,-97.0,118.0,123.0,-0.0,94.0,123.0,217.0
NAQ - Critérium National - Mont de marsan - Plateau C,2025-11-29,SEN Men 71,MARIE Sullivan,69.0,91.0,96.0,-100.0,105.0,-111.0,116.0,96.0,116.0,212.0
NAQ - Critérium National - Mont de marsan - Plateau C,2025-11-29,SEN Men 79,LEPAUL Emmanuel,77.4,115.0,120.0,-0.0,140.0,-0.0,-0.0,120.0,140.0,260.0
NAQ - Critérium National - Mont de marsan - Plateau C,2025-11-29,SEN Men 79,MATHIOT Hugo,72.7,100.0,-105.0,-105.0,111.0,119.0,-0.0,100.0,119.0,219.0
NAQ - Critérium National - Mont de marsan - Plateau C,2025-11-29,SEN Men 88,AUBRY Stephane,85.8,100.0,106.0,110.0,120.0,125.0,-130.0,110.0,125.0,235.0
NAQ - Critérium National - Mont de marsan - Plateau C,2025-11-29,SEN Men 94,SPERKA Sacha,92.8,125.0,-130.0,130.0,150.0,155.0,160.0,130.0,160.0,290.0
NAQ - Critérium National - Mont de marsan - Plateau C,2025-11-29,U15 Men 88,CHAVAND Azaël,86.0,67.0,70.0,-72.0,-85.0,85.0,88.0,70.0,88.0,158.0
NAQ - Critérium National - Mont de marsan - Plateau C,2025-11-29,U17 Men 71,DURIC Adis,68.25,-76.0,-76.0,76.0,84.0,89.0,94.0,76.0,94.0,170.0
NAQ - Critérium National - Mont de marsan - Plateau C,2025-11-29,U20 Men 65,SIMARD--FERNANDES Mathis,64.8,-89.0,90.0,-95.0,115.0,120.0,-125.0,90.0,120.0,210.0
NAQ - Critérium National - Mont de marsan - Plateau C,2025-11-29,U20 Men 94,SCHNEIDER Jacques,90.9,90.0,-95.0,-97.0,110.0,115.0,-120.0,90.0,115.0,205.0
NAQ - Critérium National - Mont de marsan - Plateau C,2025-11-29,U20 Men >110,VINCENT Gaetan,125.7,110.0,-115.0,120.0,145.0,153.0,-160.0,120.0,153.0,273.0
NAQ - Critérium National - Mont de marsan - Plateau C,2025-11-29,SEN Men 60,BACHEROT Yannis,59.9,91.0,94.0,-97.0,118.0,123.0,-0.0,94.0,123.0,217.0
NAQ - Critérium National - Mont de marsan - Plateau C,2025-11-29,SEN Men 71,MARIE Sullivan,69.0,91.0,96.0,-100.0,105.0,-111.0,116.0,96.0,116.0,212.0
NAQ - Critérium National - Mont de marsan - Plateau C,2025-11-29,SEN Men 79,LEPAUL Emmanuel,77.4,115.0,120.0,-0.0,140.0,-0.0,-0.0,120.0,140.0,260.0
NAQ - Critérium National - Mont de marsan - Plateau C,2025-11-29,SEN Men 79,MATHIOT Hugo,72.7,100.0,-105.0,-105.0,111.0,119.0,-0.0,100.0,119.0,219.0
NAQ - Critérium National - Mont de marsan - Plateau C,2025-11-29,SEN Men 88,AUBRY Stephane,85.8,100.0,106.0,110.0,120.0,125.0,-130.0,110.0,125.0,235.0
NAQ - Critérium National - Mont de marsan - Plateau C,2025-11-29,SEN Men 94,SPERKA Sacha,92.8,125.0,-130.0,130.0,150.0,155.0,160.0,130.0,160.0,290.0
NAQ - Critérium National - Mont de marsan - Plateau C,2025-11-29,U15 Women 53,DEFOUR-COCHET Heloise,48.2,35.0,38.0,-40.0,45.0,48.0,-50.0,38.0,48.0,86.0
NAQ - Critérium National - Mont de marsan - Plateau C,2025-11-29,U15 Women >69,KERKENI Maelys,77.6,50.0,54.0,-57.0,65.0,69.0,-72.0,54.0,69.0,123.0
NAQ - Critérium National - Mont de marsan - Plateau C,2025-11-29,U17 Women 53,LE CARRE MERCKEL Lina,52.6,45.0,47.0,-49.0,54.0,-56.0,56.0,47.0,56.0,103.0
NAQ - Critérium National - Mont de marsan - Plateau C,2025-11-29,U17 Women 58,RICHEVAUX Jade,56.1,55.0,58.0,60.0,67.0,70.0,72.0,60.0,72.0,132.0
NAQ - Critérium National - Mont de marsan - Plateau C,2025-11-29,U17 Women 58,BAYKOV-SVIATOKHA Eva,56.4,53.0,56.0,-58.0,60.0,64.0,-66.0,56.0,64.0,120.0
NAQ - Critérium National - Mont de marsan - Plateau C,2025-11-29,U17 Women 63,VEYSSIÈRE Louise,62.5,33.0,36.0,38.0,43.0,46.0,-48.0,38.0,46.0,84.0
NAQ - Critérium National - Mont de marsan - Plateau C,2025-11-29,U20 Women 53,LEROY Cathie,52.6,40.0,43.0,-45.0,54.0,58.0,60.0,43.0,60.0,103.0
NAQ - Critérium National - Mont de marsan - Plateau C,2025-11-29,SEN Women 48,LEROY Manon,47.7,-57.0,58.0,-60.0,71.0,-74.0,-74.0,58.0,71.0,129.0
NAQ - Critérium National - Mont de marsan - Plateau C,2025-11-29,SEN Women 53,RICO Shizuka,53.0,63.0,66.0,69.0,83.0,87.0,90.0,69.0,90.0,159.0
NAQ - Critérium National - Mont de marsan - Plateau C,2025-11-29,SEN Women 53,LAURENT Alexandra,51.0,63.0,66.0,68.0,79.0,84.0,-87.0,68.0,84.0,152.0
NAQ - Critérium National - Mont de marsan - Plateau C,2025-11-29,SEN Women 53,AMRANE Hayate,52.2,50.0,-54.0,-56.0,68.0,72.0,-75.0,50.0,72.0,122.0
NAQ - Critérium National - Mont de marsan - Plateau C,2025-11-29,SEN Women 58,BOCQUET Ambre,57.2,66.0,-69.0,69.0,-90.0,-93.0,93.0,69.0,93.0,162.0
NAQ - Critérium National - Mont de marsan - Plateau C,2025-11-29,SEN Women 63,DELACHAT Mathilde,62.3,65.0,-70.0,70.0,85.0,90.0,-93.0,70.0,90.0,160.0
NAQ - Critérium National - Mont de marsan - Plateau C,2025-11-29,SEN Women 69,CUVILLIER Elodie,68.0,68.0,-71.0,71.0,87.0,-90.0,90.0,71.0,90.0,161.0
NAQ - Critérium National - Mont de marsan - Plateau C,2025-11-29,SEN Women 69,BATCHEV Stella,64.7,68.0,71.0,-73.0,-80.0,80.0,83.0,71.0,83.0,154.0
NAQ - Critérium National - Mont de marsan - Plateau C,2025-11-29,SEN Women 69,LOISNARD Alissia,65.4,60.0,64.0,67.0,76.0,80.0,-83.0,67.0,80.0,147.0
NAQ - Critérium National - Mont de marsan - Plateau C,2025-11-29,SEN Women 77,REZZAK Amelle,72.8,65.0,69.0,-72.0,83.0,-86.0,-87.0,69.0,83.0,152.0
NAQ - Critérium National - Mont de marsan - Plateau C,2025-11-29,U15 Women 53,DEFOUR-COCHET Heloise,48.2,35.0,38.0,-40.0,45.0,48.0,-50.0,38.0,48.0,86.0
NAQ - Critérium National - Mont de marsan - Plateau C,2025-11-29,U15 Women >69,KERKENI Maelys,77.6,50.0,54.0,-57.0,65.0,69.0,-72.0,54.0,69.0,123.0
NAQ - Critérium National - Mont de marsan - Plateau C,2025-11-29,U17 Women 53,LE CARRE MERCKEL Lina,52.6,45.0,47.0,-49.0,54.0,-56.0,56.0,47.0,56.0,103.0
NAQ - Critérium National - Mont de marsan - Plateau C,2025-11-29,U17 Women 58,RICHEVAUX Jade,56.1,55.0,58.0,60.0,67.0,70.0,72.0,60.0,72.0,132.0
NAQ - Critérium National - Mont de marsan - Plateau C,2025-11-29,U17 Women 58,BAYKOV-SVIATOKHA Eva,56.4,53.0,56.0,-58.0,60.0,64.0,-66.0,56.0,64.0,120.0
NAQ - Critérium National - Mont de marsan - Plateau C,2025-11-29,U17 Women 63,VEYSSIÈRE Louise,62.5,33.0,36.0,38.0,43.0,46.0,-48.0,38.0,46.0,84.0
NAQ - Critérium National - Mont de marsan - Plateau C,2025-11-29,U20 Women 53,LEROY Cathie,52.6,40.0,43.0,-45.0,54.0,58.0,60.0,43.0,60.0,103.0
NAQ - Critérium National - Mont de marsan - Plateau C,2025-11-29,SEN Women 48,LEROY Manon,47.7,-57.0,58.0,-60.0,71.0,-74.0,-74.0,58.0,71.0,129.0
NAQ - Critérium National - Mont de marsan - Plateau C,2025-11-29,SEN Women 53,RICO Shizuka,53.0,63.0,66.0,69.0,83.0,87.0,90.0,69.0,90.0,159.0
NAQ - Critérium National - Mont de marsan - Plateau C,2025-11-29,SEN Women 53,LAURENT Alexandra,51.0,63.0,66.0,68.0,79.0,84.0,-87.0,68.0,84.0,152.0
NAQ - Critérium National - Mont de marsan - Plateau C,2025-11-29,SEN Women 53,AMRANE Hayate,52.2,50.0,-54.0,-56.0,68.0,72.0,-75.0,50.0,72.0,122.0
NAQ - Critérium National - Mont de marsan - Plateau C,2025-11-29,SEN Women 58,BOCQUET Ambre,57.2,66.0,-69.0,69.0,-90.0,-93.0,93.0,69.0,93.0,162.0
NAQ - Critérium National - Mont de marsan - Plateau C,2025-11-29,SEN Women 63,DELACHAT Mathilde,62.3,65.0,-70.0,70.0,85.0,90.0,-93.0,70.0,90.0,160.0
NAQ - Critérium National - Mont de marsan - Plateau C,2025-11-29,SEN Women 69,CUVILLIER Elodie,68.0,68.0,-71.0,71.0,87.0,-90.0,90.0,71.0,90.0,161.0
NAQ - Critérium National - Mont de marsan - Plateau C,2025-11-29,SEN Women 69,BATCHEV Stella,64.7,68.0,71.0,-73.0,-80.0,80.0,83.0,71.0,83.0,154.0
NAQ - Critérium National - Mont de marsan - Plateau C,2025-11-29,SEN Women 69,LOISNARD Alissia,65.4,60.0,64.0,67.0,76.0,80.0,-83.0,67.0,80.0,147.0
NAQ - Critérium National - Mont de marsan - Plateau C,2025-11-29,SEN Women 77,REZZAK Amelle,72.8,65.0,69.0,-72.0,83.0,-86.0,-87.0,69.0,83.0,152.0
NAQ - Critérium National - Mont de marsan - Plateau C,2025-11-29,U15 Women 40,GAUDEFROY Endrea,38.1,-22.0,22.0,24.0,28.0,31.0,33.0,24.0,33.0,57.0
NAQ - Critérium National - Mont de marsan - Plateau C,2025-11-29,U15 Women 44,ROUSSILLAT Klea,43.54,30.0,-32.0,32.0,40.0,42.0,-44.0,32.0,42.0,74.0
NAQ - Critérium National - Mont de marsan - Plateau C,2025-11-29,U15 Women 58,DUFRANNE Leya,56.84,42.0,45.0,48.0,55.0,60.0,-64.0,48.0,60.0,108.0
NAQ - Critérium National - Mont de marsan - Plateau C,2025-11-29,U15 Women 63,DECAVE Marion,61.46,38.0,-40.0,-40.0,50.0,-55.0,-57.0,38.0,50.0,88.0
NAQ - Critérium National - Mont de marsan - Plateau C,2025-11-29,U15 Women 63,CHIZZOLINI Inaya,58.58,28.0,31.0,33.0,40.0,43.0,-46.0,33.0,43.0,76.0
NAQ - Critérium National - Mont de marsan - Plateau C,2025-11-29,U17 Women 44,DECRAENE Selenia,43.68,43.0,46.0,-49.0,52.0,56.0,58.0,46.0,58.0,104.0
NAQ - Critérium National - Mont de marsan - Plateau C,2025-11-29,U17 Women 44,DEMORY Tempérance,42.56,32.0,34.0,-36.0,42.0,44.0,-45.0,34.0,44.0,78.0
NAQ - Critérium National - Mont de marsan - Plateau C,2025-11-29,U17 Women 53,ANDRIEUX Flora,53.0,55.0,58.0,60.0,73.0,76.0,-78.0,60.0,76.0,136.0
NAQ - Critérium National - Mont de marsan - Plateau C,2025-11-29,U17 Women 58,RIOT Lola,54.58,50.0,-53.0,53.0,58.0,60.0,64.0,53.0,64.0,117.0
NAQ - Critérium National - Mont de marsan - Plateau C,2025-11-29,U17 Women 63,BRAILLY Camille,59.86,53.0,54.0,55.0,61.0,-63.0,-63.0,55.0,61.0,116.0
NAQ - Critérium National - Mont de marsan - Plateau C,2025-11-29,U17 Women 77,ROUY Ilona,74.62,68.0,71.0,-74.0,83.0,86.0,88.0,71.0,88.0,159.0
NAQ - Critérium National - Mont de marsan - Plateau C,2025-11-29,SEN Women 48,THIERRY Charlotte,47.6,-64.0,65.0,-70.0,80.0,85.0,-90.0,65.0,85.0,150.0
NAQ - Critérium National - Mont de marsan - Plateau C,2025-11-29,SEN Women 58,NOIRON Capucine,57.74,-70.0,-72.0,72.0,87.0,-90.0,90.0,72.0,90.0,162.0
NAQ - Critérium National - Mont de marsan - Plateau C,2025-11-29,U15 Women 40,GAUDEFROY Endrea,38.1,-22.0,22.0,24.0,28.0,31.0,33.0,24.0,33.0,57.0
NAQ - Critérium National - Mont de marsan - Plateau C,2025-11-29,U15 Women 44,ROUSSILLAT Klea,43.54,30.0,-32.0,32.0,40.0,42.0,-44.0,32.0,42.0,74.0
NAQ - Critérium National - Mont de marsan - Plateau C,2025-11-29,U15 Women 58,DUFRANNE Leya,56.84,42.0,45.0,48.0,55.0,60.0,-64.0,48.0,60.0,108.0
NAQ - Critérium National - Mont de marsan - Plateau C,2025-11-29,U15 Women 63,DECAVE Marion,61.46,38.0,-40.0,-40.0,50.0,-55.0,-57.0,38.0,50.0,88.0
NAQ - Critérium National - Mont de marsan - Plateau C,2025-11-29,U15 Women 63,CHIZZOLINI Inaya,58.58,28.0,31.0,33.0,40.0,43.0,-46.0,33.0,43.0,76.0
NAQ - Critérium National - Mont de marsan - Plateau C,2025-11-29,U17 Women 44,DECRAENE Selenia,43.68,43.0,46.0,-49.0,52.0,56.0,58.0,46.0,58.0,104.0
NAQ - Critérium National - Mont de marsan - Plateau C,2025-11-29,U17 Women 44,DEMORY Tempérance,42.56,32.0,34.0,-36.0,42.0,44.0,-45.0,34.0,44.0,78.0
NAQ - Critérium National - Mont de marsan - Plateau C,2025-11-29,U17 Women 53,ANDRIEUX Flora,53.0,55.0,58.0,60.0,73.0,76.0,-78.0,60.0,76.0,136.0
NAQ - Critérium National - Mont de marsan - Plateau C,2025-11-29,U17 Women 58,RIOT Lola,54.58,50.0,-53.0,53.0,58.0,60.0,64.0,53.0,64.0,117.0
NAQ - Critérium National - Mont de marsan - Plateau C,2025-11-29,U17 Women 63,BRAILLY Camille,59.86,53.0,54.0,55.0,61.0,-63.0,-63.0,55.0,61.0,116.0
NAQ - Critérium National - Mont de marsan - Plateau C,2025-11-29,U17 Women 77,ROUY Ilona,74.62,68.0,71.0,-74.0,83.0,86.0,88.0,71.0,88.0,159.0
NAQ - Critérium National - Mont de marsan - Plateau C,2025-11-29,SEN Women 48,THIERRY Charlotte,47.6,-64.0,65.0,-70.0,80.0,85.0,-90.0,65.0,85.0,150.0
NAQ - Critérium National - Mont de marsan - Plateau C,2025-11-29,SEN Women 58,NOIRON Capucine,57.74,-70.0,-72.0,72.0,87.0,-90.0,90.0,72.0,90.0,162.0
NAQ - Critérium National - Mont de marsan - Plateau C,2025-11-29,U15 Women 58,BEY Shainez,54.1,43.0,47.0,-52.0,60.0,-65.0,65.0,47.0,65.0,112.0
NAQ - Critérium National - Mont de marsan - Plateau C,2025-11-29,U17 Women 63,KUSS--BILDSTEIN Irene,63.0,62.0,65.0,67.0,72.0,77.0,80.0,67.0,80.0,147.0
NAQ - Critérium National - Mont de marsan - Plateau C,2025-11-29,U20 Women 53,HERZFELD Clemence,52.2,47.0,-50.0,-51.0,-60.0,60.0,63.0,47.0,63.0,110.0
NAQ - Critérium National - Mont de marsan - Plateau C,2025-11-29,U20 Women 58,ANCEL Lilou,57.7,58.0,61.0,63.0,69.0,72.0,-75.0,63.0,72.0,135.0
NAQ - Critérium National - Mont de marsan - Plateau C,2025-11-29,U20 Women 69,BRUCHMANN Marion,68.3,50.0,53.0,-56.0,68.0,71.0,74.0,53.0,74.0,127.0
NAQ - Critérium National - Mont de marsan - Plateau C,2025-11-29,SEN Women 53,HERTRICH Marielle,52.4,69.0,-72.0,72.0,79.0,-82.0,83.0,72.0,83.0,155.0
NAQ - Critérium National - Mont de marsan - Plateau C,2025-11-29,SEN Women 58,LOGODIN-SARR Lya,57.7,67.0,72.0,-75.0,90.0,93.0,-95.0,72.0,93.0,165.0
NAQ - Critérium National - Mont de marsan - Plateau C,2025-11-29,SEN Women 58,SIEGEL Lucile,56.8,68.0,-71.0,71.0,77.0,80.0,83.0,71.0,83.0,154.0
NAQ - Critérium National - Mont de marsan - Plateau C,2025-11-29,SEN Women 58,CORBETHAU Eva,56.2,58.0,61.0,-64.0,75.0,80.0,-84.0,61.0,80.0,141.0
NAQ - Critérium National - Mont de marsan - Plateau C,2025-11-29,SEN Women 63,GANGLOFF Lucie,62.3,64.0,67.0,69.0,83.0,86.0,-90.0,69.0,86.0,155.0
NAQ - Critérium National - Mont de marsan - Plateau C,2025-11-29,SEN Women 63,SCHEER Pauline,59.6,55.0,58.0,61.0,72.0,75.0,78.0,61.0,78.0,139.0
NAQ - Critérium National - Mont de marsan - Plateau C,2025-11-29,SEN Women 77,DEPENWEILLER Pauline,72.0,76.0,-79.0,80.0,97.0,-102.0,-102.0,80.0,97.0,177.0
NAQ - Critérium National - Mont de marsan - Plateau C,2025-11-29,SEN Women >86,CERDAN Margot,92.6,71.0,-76.0,-77.0,-93.0,93.0,-100.0,71.0,93.0,164.0
NAQ - Critérium National - Mont de marsan - Plateau C,2025-11-29,U15 Women 58,BEY Shainez,54.1,43.0,47.0,-52.0,60.0,-65.0,65.0,47.0,65.0,112.0
NAQ - Critérium National - Mont de marsan - Plateau C,2025-11-29,U17 Women 63,KUSS--BILDSTEIN Irene,63.0,62.0,65.0,67.0,72.0,77.0,80.0,67.0,80.0,147.0
NAQ - Critérium National - Mont de marsan - Plateau C,2025-11-29,U20 Women 53,HERZFELD Clemence,52.2,47.0,-50.0,-51.0,-60.0,60.0,63.0,47.0,63.0,110.0
NAQ - Critérium National - Mont de marsan - Plateau C,2025-11-29,U20 Women 58,ANCEL Lilou,57.7,58.0,61.0,63.0,69.0,72.0,-75.0,63.0,72.0,135.0
NAQ - Critérium National - Mont de marsan - Plateau C,2025-11-29,U20 Women 69,BRUCHMANN Marion,68.3,50.0,53.0,-56.0,68.0,71.0,74.0,53.0,74.0,127.0
NAQ - Critérium National - Mont de marsan - Plateau C,2025-11-29,SEN Women 53,HERTRICH Marielle,52.4,69.0,-72.0,72.0,79.0,-82.0,83.0,72.0,83.0,155.0
NAQ - Critérium National - Mont de marsan - Plateau C,2025-11-29,SEN Women 58,LOGODIN-SARR Lya,57.7,67.0,72.0,-75.0,90.0,93.0,-95.0,72.0,93.0,165.0
NAQ - Critérium National - Mont de marsan - Plateau C,2025-11-29,SEN Women 58,SIEGEL Lucile,56.8,68.0,-71.0,71.0,77.0,80.0,83.0,71.0,83.0,154.0
NAQ - Critérium National - Mont de marsan - Plateau C,2025-11-29,SEN Women 58,CORBETHAU Eva,56.2,58.0,61.0,-64.0,75.0,80.0,-84.0,61.0,80.0,141.0
NAQ - Critérium National - Mont de marsan - Plateau C,2025-11-29,SEN Women 63,GANGLOFF Lucie,62.3,64.0,67.0,69.0,83.0,86.0,-90.0,69.0,86.0,155.0
NAQ - Critérium National - Mont de marsan - Plateau C,2025-11-29,SEN Women 63,SCHEER Pauline,59.6,55.0,58.0,61.0,72.0,75.0,78.0,61.0,78.0,139.0
NAQ - Critérium National - Mont de marsan - Plateau C,2025-11-29,SEN Women 77,DEPENWEILLER Pauline,72.0,76.0,-79.0,80.0,97.0,-102.0,-102.0,80.0,97.0,177.0
NAQ - Critérium National - Mont de marsan - Plateau C,2025-11-29,SEN Women >86,CERDAN Margot,92.6,71.0,-76.0,-77.0,-93.0,93.0,-100.0,71.0,93.0,164.0
NAQ - Critérium National - Mont de marsan - Plateau C,2025-11-29,U15 Men 47,THOMAS Briac,46.7,43.0,46.0,-49.0,53.0,56.0,59.0,46.0,59.0,105.0
NAQ - Critérium National - Mont de marsan - Plateau C,2025-11-29,U15 Men 52,JUNG Eugène,51.2,34.0,37.0,-40.0,48.0,51.0,-53.0,37.0,51.0,88.0
NAQ - Critérium National - Mont de marsan - Plateau C,2025-11-29,U15 Men 71,SARGSYAN Roberto,66.9,62.0,65.0,-67.0,75.0,79.0,-83.0,65.0,79.0,144.0
NAQ - Critérium National - Mont de marsan - Plateau C,2025-11-29,U17 Men 71,AOUNI Maxence,68.7,92.0,97.0,-101.0,110.0,115.0,120.0,97.0,120.0,217.0
NAQ - Critérium National - Mont de marsan - Plateau C,2025-11-29,U17 Men 71,GOERGER Tom,70.4,-73.0,74.0,-78.0,92.0,-96.0,96.0,74.0,96.0,170.0
NAQ - Critérium National - Mont de marsan - Plateau C,2025-11-29,U17 Men 71,LINDENLAUB Arthur,69.7,-67.0,-68.0,72.0,88.0,93.0,-98.0,72.0,93.0,165.0
NAQ - Critérium National - Mont de marsan - Plateau C,2025-11-29,U20 Men 79,LAEMLIN Yoan,77.3,80.0,-85.0,-87.0,-0.0,-0.0,-0.0,80.0,0.0,0.0
NAQ - Critérium National - Mont de marsan - Plateau C,2025-11-29,SEN Men 79,D'ANNA Steven,73.2,105.0,110.0,-113.0,130.0,144.0,-150.0,110.0,144.0,254.0
NAQ - Critérium National - Mont de marsan - Plateau C,2025-11-29,SEN Men 79,ENGASSER Dimitri,78.1,107.0,115.0,-117.0,123.0,138.0,-145.0,115.0,138.0,253.0
NAQ - Critérium National - Mont de marsan - Plateau C,2025-11-29,SEN Men 79,GEREDA LIZCANO Angel jesus,74.6,96.0,102.0,-106.0,120.0,126.0,-130.0,102.0,126.0,228.0
NAQ - Critérium National - Mont de marsan - Plateau C,2025-11-29,SEN Men 88,BOILLON Vincent,85.8,108.0,112.0,-116.0,144.0,-0.0,-0.0,112.0,144.0,256.0
NAQ - Critérium National - Mont de marsan - Plateau C,2025-11-29,SEN Men 88,KLICKI Alexis,86.6,104.0,-108.0,-108.0,135.0,-140.0,-0.0,104.0,135.0,239.0
NAQ - Critérium National - Mont de marsan - Plateau C,2025-11-29,SEN Men 88,SEIGNEMARTIN Loic,82.0,98.0,102.0,-105.0,118.0,-122.0,-0.0,102.0,118.0,220.0
NAQ - Critérium National - Mont de marsan - Plateau C,2025-11-29,SEN Men 88,KELHETTER Jerome,86.3,95.0,99.0,-103.0,115.0,120.0,-0.0,99.0,120.0,219.0
NAQ - Critérium National - Mont de marsan - Plateau C,2025-11-29,SEN Men 94,SAHIRI Julien,92.4,110.0,-115.0,117.0,145.0,153.0,-158.0,117.0,153.0,270.0
NAQ - Critérium National - Mont de marsan - Plateau C,2025-11-29,SEN Men 94,TONDINI Pierre,92.2,105.0,-108.0,-108.0,-140.0,145.0,-147.0,105.0,145.0,250.0
NAQ - Critérium National - Mont de marsan - Plateau C,2025-11-29,SEN Men 94,BOESS Yohan,93.2,98.0,-104.0,106.0,122.0,128.0,-134.0,106.0,128.0,234.0
NAQ - Critérium National - Mont de marsan - Plateau C,2025-11-29,SEN Men 94,SPIELMANN Arthur,93.2,-128.0,-128.0,-128.0,-0.0,-0.0,-0.0,0.0,0.0,0.0
NAQ - Critérium National - Mont de marsan - Plateau C,2025-11-29,U15 Men 47,THOMAS Briac,46.7,43.0,46.0,-49.0,53.0,56.0,59.0,46.0,59.0,105.0
NAQ - Critérium National - Mont de marsan - Plateau C,2025-11-29,U15 Men 52,JUNG Eugène,51.2,34.0,37.0,-40.0,48.0,51.0,-53.0,37.0,51.0,88.0
NAQ - Critérium National - Mont de marsan - Plateau C,2025-11-29,U15 Men 71,SARGSYAN Roberto,66.9,62.0,65.0,-67.0,75.0,79.0,-83.0,65.0,79.0,144.0
NAQ - Critérium National - Mont de marsan - Plateau C,2025-11-29,U17 Men 71,AOUNI Maxence,68.7,92.0,97.0,-101.0,110.0,115.0,120.0,97.0,120.0,217.0
NAQ - Critérium National - Mont de marsan - Plateau C,2025-11-29,U17 Men 71,GOERGER Tom,70.4,-73.0,74.0,-78.0,92.0,-96.0,96.0,74.0,96.0,170.0
NAQ - Critérium National - Mont de marsan - Plateau C,2025-11-29,U17 Men 71,LINDENLAUB Arthur,69.7,-67.0,-68.0,72.0,88.0,93.0,-98.0,72.0,93.0,165.0
NAQ - Critérium National - Mont de marsan - Plateau C,2025-11-29,U20 Men 79,LAEMLIN Yoan,77.3,80.0,-85.0,-87.0,-0.0,-0.0,-0.0,80.0,0.0,0.0
NAQ - Critérium National - Mont de marsan - Plateau C,2025-11-29,SEN Men 79,D'ANNA Steven,73.2,105.0,110.0,-113.0,130.0,144.0,-150.0,110.0,144.0,254.0
NAQ - Critérium National - Mont de marsan - Plateau C,2025-11-29,SEN Men 79,ENGASSER Dimitri,78.1,107.0,115.0,-117.0,123.0,138.0,-145.0,115.0,138.0,253.0
NAQ - Critérium National - Mont de marsan - Plateau C,2025-11-29,SEN Men 79,GEREDA LIZCANO Angel jesus,74.6,96.0,102.0,-106.0,120.0,126.0,-130.0,102.0,126.0,228.0
NAQ - Critérium National - Mont de marsan - Plateau C,2025-11-29,SEN Men 88,BOILLON Vincent,85.8,108.0,112.0,-116.0,144.0,-0.0,-0.0,112.0,144.0,256.0
NAQ - Critérium National - Mont de marsan - Plateau C,2025-11-29,SEN Men 88,KLICKI Alexis,86.6,104.0,-108.0,-108.0,135.0,-140.0,-0.0,104.0,135.0,239.0
NAQ - Critérium National - Mont de marsan - Plateau C,2025-11-29,SEN Men 88,SEIGNEMARTIN Loic,82.0,98.0,102.0,-105.0,118.0,-122.0,-0.0,102.0,118.0,220.0
NAQ - Critérium National - Mont de marsan - Plateau C,2025-11-29,SEN Men 88,KELHETTER Jerome,86.3,95.0,99.0,-103.0,115.0,120.0,-0.0,99.0,120.0,219.0
NAQ - Critérium National - Mont de marsan - Plateau C,2025-11-29,SEN Men 94,SAHIRI Julien,92.4,110.0,-115.0,117.0,145.0,153.0,-158.0,117.0,153.0,270.0
NAQ - Critérium National - Mont de marsan - Plateau C,2025-11-29,SEN Men 94,TONDINI Pierre,92.2,105.0,-108.0,-108.0,-140.0,145.0,-147.0,105.0,145.0,250.0
NAQ - Critérium National - Mont de marsan - Plateau C,2025-11-29,SEN Men 94,BOESS Yohan,93.2,98.0,-104.0,106.0,122.0,128.0,-134.0,106.0,128.0,234.0
NAQ - Critérium National - Mont de marsan - Plateau C,2025-11-29,SEN Men 94,SPIELMANN Arthur,93.2,-128.0,-128.0,-128.0,-0.0,-0.0,-0.0,0.0,0.0,0.0
NAQ - Critérium National - Mont de marsan - Plateau C,2025-11-29,U15 Women 48,FALIES Annaë,47.15,30.0,-33.0,-33.0,40.0,43.0,-48.0,30.0,43.0,73.0
NAQ - Critérium National - Mont de marsan - Plateau C,2025-11-29,U15 Women 58,CONSTENSOUS Emma,54.0,47.0,-50.0,52.0,54.0,58.0,61.0,52.0,61.0,113.0
NAQ - Critérium National - Mont de marsan - Plateau C,2025-11-29,U17 Women 48,ALCARAZ Charlotte,47.95,50.0,53.0,56.0,62.0,-66.0,66.0,56.0,66.0,122.0
NAQ - Critérium National - Mont de marsan - Plateau C,2025-11-29,U17 Women 48,ANGELO Jamie lynn,46.7,40.0,43.0,45.0,51.0,54.0,-57.0,45.0,54.0,99.0
NAQ - Critérium National - Mont de marsan - Plateau C,2025-11-29,U17 Women 53,DESHAIES Amandine,51.85,40.0,53.0,55.0,62.0,65.0,70.0,55.0,70.0,125.0
NAQ - Critérium National - Mont de marsan - Plateau C,2025-11-29,U20 Women 58,DEGEZ Florette,56.5,40.0,45.0,50.0,60.0,65.0,70.0,50.0,70.0,120.0
NAQ - Critérium National - Mont de marsan - Plateau C,2025-11-29,SEN Women 58,CAILLEAU Ophélie,57.85,72.0,76.0,-80.0,90.0,94.0,97.0,76.0,97.0,173.0
NAQ - Critérium National - Mont de marsan - Plateau C,2025-11-29,SEN Women 58,SILDILLIA Taina,56.4,76.0,-79.0,-82.0,-86.0,-86.0,86.0,76.0,86.0,162.0
NAQ - Critérium National - Mont de marsan - Plateau C,2025-11-29,SEN Women 58,RECURT Justine,58.0,75.0,-78.0,-79.0,84.0,-87.0,-87.0,75.0,84.0,159.0
NAQ - Critérium National - Mont de marsan - Plateau C,2025-11-29,SEN Women 58,LORET Leïlou,56.1,64.0,-67.0,-67.0,84.0,-88.0,-88.0,64.0,84.0,148.0
NAQ - Critérium National - Mont de marsan - Plateau C,2025-11-29,SEN Women 58,BICH Adèlaïde,58.0,58.0,-61.0,-62.0,77.0,80.0,83.0,58.0,83.0,141.0
NAQ - Critérium National - Mont de marsan - Plateau C,2025-11-29,SEN Women 63,BOUTIN Solène,59.4,67.0,70.0,-73.0,87.0,91.0,-96.0,70.0,91.0,161.0
NAQ - Critérium National - Mont de marsan - Plateau C,2025-11-29,SEN Women 63,ROBERT Jackie,62.3,62.0,-65.0,66.0,81.0,-85.0,-88.0,66.0,81.0,147.0
NAQ - Critérium National - Mont de marsan - Plateau C,2025-11-29,SEN Women 63,DE SAMPAIO Nina,60.4,57.0,60.0,-62.0,68.0,72.0,-77.0,60.0,72.0,132.0
NAQ - Critérium National - Mont de marsan - Plateau C,2025-11-29,SEN Women 77,SPANEDDA Marine,74.55,-73.0,-73.0,75.0,90.0,96.0,-100.0,75.0,96.0,171.0
NAQ - Critérium National - Mont de marsan - Plateau C,2025-11-29,U15 Women 48,FALIES Annaë,47.15,30.0,-33.0,-33.0,40.0,43.0,-48.0,30.0,43.0,73.0
NAQ - Critérium National - Mont de marsan - Plateau C,2025-11-29,U15 Women 58,CONSTENSOUS Emma,54.0,47.0,-50.0,52.0,54.0,58.0,61.0,52.0,61.0,113.0
NAQ - Critérium National - Mont de marsan - Plateau C,2025-11-29,U17 Women 48,ALCARAZ Charlotte,47.95,50.0,53.0,56.0,62.0,-66.0,66.0,56.0,66.0,122.0
NAQ - Critérium National - Mont de marsan - Plateau C,2025-11-29,U17 Women 48,ANGELO Jamie lynn,46.7,40.0,43.0,45.0,51.0,54.0,-57.0,45.0,54.0,99.0
NAQ - Critérium National - Mont de marsan - Plateau C,2025-11-29,U17 Women 53,DESHAIES Amandine,51.85,40.0,53.0,55.0,62.0,65.0,70.0,55.0,70.0,125.0
NAQ - Critérium National - Mont de marsan - Plateau C,2025-11-29,U20 Women 58,DEGEZ Florette,56.5,40.0,45.0,50.0,60.0,65.0,70.0,50.0,70.0,120.0
NAQ - Critérium National - Mont de marsan - Plateau C,2025-11-29,SEN Women 58,CAILLEAU Ophélie,57.85,72.0,76.0,-80.0,90.0,94.0,97.0,76.0,97.0,173.0
NAQ - Critérium National - Mont de marsan - Plateau C,2025-11-29,SEN Women 58,SILDILLIA Taina,56.4,76.0,-79.0,-82.0,-86.0,-86.0,86.0,76.0,86.0,162.0
NAQ - Critérium National - Mont de marsan - Plateau C,2025-11-29,SEN Women 58,RECURT Justine,58.0,75.0,-78.0,-79.0,84.0,-87.0,-87.0,75.0,84.0,159.0
NAQ - Critérium National - Mont de marsan - Plateau C,2025-11-29,SEN Women 58,LORET Leïlou,56.1,64.0,-67.0,-67.0,84.0,-88.0,-88.0,64.0,84.0,148.0
NAQ - Critérium National - Mont de marsan - Plateau C,2025-11-29,SEN Women 58,BICH Adèlaïde,58.0,58.0,-61.0,-62.0,77.0,80.0,83.0,58.0,83.0,141.0
NAQ - Critérium National - Mont de marsan - Plateau C,2025-11-29,SEN Women 63,BOUTIN Solène,59.4,67.0,70.0,-73.0,87.0,91.0,-96.0,70.0,91.0,161.0
NAQ - Critérium National - Mont de marsan - Plateau C,2025-11-29,SEN Women 63,ROBERT Jackie,62.3,62.0,-65.0,66.0,81.0,-85.0,-88.0,66.0,81.0,147.0
NAQ - Critérium National - Mont de marsan - Plateau C,2025-11-29,SEN Women 63,DE SAMPAIO Nina,60.4,57.0,60.0,-62.0,68.0,72.0,-77.0,60.0,72.0,132.0
NAQ - Critérium National - Mont de marsan - Plateau C,2025-11-29,SEN Women 77,SPANEDDA Marine,74.55,-73.0,-73.0,75.0,90.0,96.0,-100.0,75.0,96.0,171.0
NAQ - Critérium National - Mont de marsan - Plateau C,2025-11-29,U15 Men 60,COIFFIER Gabriel,57.36,42.0,44.0,45.0,-51.0,52.0,55.0,45.0,55.0,100.0
NAQ - Critérium National - Mont de marsan - Plateau C,2025-11-29,U15 Men 79,LECOMTE Noa,73.24,44.0,48.0,51.0,64.0,69.0,-72.0,51.0,69.0,120.0
NAQ - Critérium National - Mont de marsan - Plateau C,2025-11-29,U17 Men 65,DEVISME Nathan,62.08,60.0,63.0,-65.0,72.0,75.0,-80.0,63.0,75.0,138.0
NAQ - Critérium National - Mont de marsan - Plateau C,2025-11-29,SEN Men 65,JEROME Alexis,65.0,90.0,-95.0,-95.0,110.0,-119.0,-119.0,90.0,110.0,200.0
NAQ - Critérium National - Mont de marsan - Plateau C,2025-11-29,SEN Men 65,ANDRIEUX Sylvain,64.62,75.0,80.0,84.0,95.0,100.0,104.0,84.0,104.0,188.0
NAQ - Critérium National - Mont de marsan - Plateau C,2025-11-29,SEN Men 88,BERGER Emerick,86.48,100.0,105.0,-0.0,115.0,-0.0,-0.0,105.0,115.0,220.0
NAQ - Critérium National - Mont de marsan - Plateau C,2025-11-29,U15 Men 60,COIFFIER Gabriel,57.36,42.0,44.0,45.0,-51.0,52.0,55.0,45.0,55.0,100.0
NAQ - Critérium National - Mont de marsan - Plateau C,2025-11-29,U15 Men 79,LECOMTE Noa,73.24,44.0,48.0,51.0,64.0,69.0,-72.0,51.0,69.0,120.0
NAQ - Critérium National - Mont de marsan - Plateau C,2025-11-29,U17 Men 65,DEVISME Nathan,62.08,60.0,63.0,-65.0,72.0,75.0,-80.0,63.0,75.0,138.0
NAQ - Critérium National - Mont de marsan - Plateau C,2025-11-29,SEN Men 65,JEROME Alexis,65.0,90.0,-95.0,-95.0,110.0,-119.0,-119.0,90.0,110.0,200.0
NAQ - Critérium National - Mont de marsan - Plateau C,2025-11-29,SEN Men 65,ANDRIEUX Sylvain,64.62,75.0,80.0,84.0,95.0,100.0,104.0,84.0,104.0,188.0
NAQ - Critérium National - Mont de marsan - Plateau C,2025-11-29,SEN Men 88,BERGER Emerick,86.48,100.0,105.0,-0.0,115.0,-0.0,-0.0,105.0,115.0,220.0
NAQ - Critérium National - Mont de marsan - Plateau C,2025-11-29,U15 Men 71,POLINTSOV German,65.4,-48.0,-48.0,-50.0,-62.0,-62.0,-62.0,0.0,0.0,0.0
NAQ - Critérium National - Mont de marsan - Plateau C,2025-11-29,U15 Men 71,POLINTSOV German,65.4,-48.0,-48.0,-50.0,-62.0,-62.0,-62.0,0.0,0.0,0.0
NAQ - Critérium National - Mont de marsan - Plateau C,2025-11-29,U15 Women 40,MORELLE Lylia,37.65,27.0,29.0,-30.0,32.0,34.0,36.0,29.0,36.0,65.0
NAQ - Critérium National - Mont de marsan - Plateau C,2025-11-29,U15 Women 48,HOFFMANN Tasnym,47.95,40.0,43.0,46.0,51.0,54.0,56.0,46.0,56.0,102.0
NAQ - Critérium National - Mont de marsan - Plateau C,2025-11-29,U15 Women 48,RISSO Lina,47.75,40.0,43.0,-46.0,51.0,54.0,-56.0,43.0,54.0,97.0
NAQ - Critérium National - Mont de marsan - Plateau C,2025-11-29,U15 Women >69,VASQUEZ VILARINO Paula,94.3,51.0,55.0,-58.0,65.0,70.0,-78.0,55.0,70.0,125.0
NAQ - Critérium National - Mont de marsan - Plateau C,2025-11-29,U17 Women 48,RIGAUD Louise,48.0,-57.0,-60.0,60.0,67.0,70.0,-73.0,60.0,70.0,130.0
NAQ - Critérium National - Mont de marsan - Plateau C,2025-11-29,U17 Women 58,GONZALEZ Julie,55.75,40.0,43.0,45.0,50.0,53.0,56.0,45.0,56.0,101.0
NAQ - Critérium National - Mont de marsan - Plateau C,2025-11-29,U17 Women 63,TOWNSON VERDIER Penelope,62.9,48.0,50.0,-52.0,60.0,63.0,-66.0,50.0,63.0,113.0
NAQ - Critérium National - Mont de marsan - Plateau C,2025-11-29,U15 Women 40,MORELLE Lylia,37.65,27.0,29.0,-30.0,32.0,34.0,36.0,29.0,36.0,65.0
NAQ - Critérium National - Mont de marsan - Plateau C,2025-11-29,U15 Women 48,HOFFMANN Tasnym,47.95,40.0,43.0,46.0,51.0,54.0,56.0,46.0,56.0,102.0
NAQ - Critérium National - Mont de marsan - Plateau C,2025-11-29,U15 Women 48,RISSO Lina,47.75,40.0,43.0,-46.0,51.0,54.0,-56.0,43.0,54.0,97.0
NAQ - Critérium National - Mont de marsan - Plateau C,2025-11-29,U15 Women >69,VASQUEZ VILARINO Paula,94.3,51.0,55.0,-58.0,65.0,70.0,-78.0,55.0,70.0,125.0
NAQ - Critérium National - Mont de marsan - Plateau C,2025-11-29,U17 Women 48,RIGAUD Louise,48.0,-57.0,-60.0,60.0,67.0,70.0,-73.0,60.0,70.0,130.0
NAQ - Critérium National - Mont de marsan - Plateau C,2025-11-29,U17 Women 58,GONZALEZ Julie,55.75,40.0,43.0,45.0,50.0,53.0,56.0,45.0,56.0,101.0
NAQ - Critérium National - Mont de marsan - Plateau C,2025-11-29,U17 Women 63,TOWNSON VERDIER Penelope,62.9,48.0,50.0,-52.0,60.0,63.0,-66.0,50.0,63.0,113.0
NAQ - Critérium National - Mont de marsan - Plateau C,2025-11-29,U15 Women 44,LE VIENNESSE - BOHER Melany,43.3,30.0,-33.0,-35.0,40.0,-45.0,-49.0,30.0,40.0,70.0
NAQ - Critérium National - Mont de marsan - Plateau C,2025-11-29,U15 Women 53,DEMEULEMEESTER Kalyah,48.5,30.0,-33.0,33.0,38.0,41.0,-45.0,33.0,41.0,74.0
NAQ - Critérium National - Mont de marsan - Plateau C,2025-11-29,U20 Women 69,BEDEIR LARADE Safana,66.9,70.0,73.0,75.0,90.0,94.0,-100.0,75.0,94.0,169.0
NAQ - Critérium National - Mont de marsan - Plateau C,2025-11-29,SEN Women 63,PERIER Marie,61.8,52.0,-55.0,55.0,73.0,-77.0,-78.0,55.0,73.0,128.0
NAQ - Critérium National - Mont de marsan - Plateau C,2025-11-29,SEN Women 86,NANTERMOZ Olivia,79.8,69.0,71.0,-73.0,83.0,86.0,88.0,71.0,88.0,159.0
NAQ - Critérium National - Mont de marsan - Plateau C,2025-11-29,SEN Women 86,DRENO Eva marie,86.0,63.0,66.0,69.0,84.0,87.0,-91.0,69.0,87.0,156.0
NAQ - Critérium National - Mont de marsan - Plateau C,2025-11-29,U15 Women 44,LE VIENNESSE - BOHER Melany,43.3,30.0,-33.0,-35.0,40.0,-45.0,-49.0,30.0,40.0,70.0
NAQ - Critérium National - Mont de marsan - Plateau C,2025-11-29,U15 Women 53,DEMEULEMEESTER Kalyah,48.5,30.0,-33.0,33.0,38.0,41.0,-45.0,33.0,41.0,74.0
NAQ - Critérium National - Mont de marsan - Plateau C,2025-11-29,U20 Women 69,BEDEIR LARADE Safana,66.9,70.0,73.0,75.0,90.0,94.0,-100.0,75.0,94.0,169.0
NAQ - Critérium National - Mont de marsan - Plateau C,2025-11-29,SEN Women 63,PERIER Marie,61.8,52.0,-55.0,55.0,73.0,-77.0,-78.0,55.0,73.0,128.0
NAQ - Critérium National - Mont de marsan - Plateau C,2025-11-29,SEN Women 86,NANTERMOZ Olivia,79.8,69.0,71.0,-73.0,83.0,86.0,88.0,71.0,88.0,159.0
NAQ - Critérium National - Mont de marsan - Plateau C,2025-11-29,SEN Women 86,DRENO Eva marie,86.0,63.0,66.0,69.0,84.0,87.0,-91.0,69.0,87.0,156.0
NAQ - Critérium National - Mont de marsan - Plateau C,2025-11-29,U17 Men 71,LOUAHEB Imad,68.2,55.0,-60.0,60.0,68.0,72.0,75.0,60.0,75.0,135.0
NAQ - Critérium National - Mont de marsan - Plateau C,2025-11-29,U20 Men 71,FAELENS Noah,71.0,75.0,-82.0,-85.0,100.0,106.0,-111.0,75.0,106.0,181.0
NAQ - Critérium National - Mont de marsan - Plateau C,2025-11-29,SEN Men 65,MEY Sovannarith,64.5,84.0,88.0,91.0,-108.0,112.0,-118.0,91.0,112.0,203.0
NAQ - Critérium National - Mont de marsan - Plateau C,2025-11-29,SEN Men 88,DALOUR Killian,79.6,94.0,98.0,-100.0,130.0,-133.0,-137.0,98.0,130.0,228.0
NAQ - Critérium National - Mont de marsan - Plateau C,2025-11-29,U17 Men 71,LOUAHEB Imad,68.2,55.0,-60.0,60.0,68.0,72.0,75.0,60.0,75.0,135.0
NAQ - Critérium National - Mont de marsan - Plateau C,2025-11-29,U20 Men 71,FAELENS Noah,71.0,75.0,-82.0,-85.0,100.0,106.0,-111.0,75.0,106.0,181.0
NAQ - Critérium National - Mont de marsan - Plateau C,2025-11-29,SEN Men 65,MEY Sovannarith,64.5,84.0,88.0,91.0,-108.0,112.0,-118.0,91.0,112.0,203.0
NAQ - Critérium National - Mont de marsan - Plateau C,2025-11-29,SEN Men 88,DALOUR Killian,79.6,94.0,98.0,-100.0,130.0,-133.0,-137.0,98.0,130.0,228.0
NAQ - Critérium National - Mont de marsan - Plateau C,2025-11-29,U17 Men 79,GLEIZE Vincent,76.54,76.0,81.0,-85.0,98.0,105.0,-110.0,81.0,105.0,186.0
NAQ - Critérium National - Mont de marsan - Plateau C,2025-11-29,U20 Men 71,HENNEUSE Mathias,67.74,85.0,88.0,-91.0,113.0,118.0,-121.0,88.0,118.0,206.0
NAQ - Critérium National - Mont de marsan - Plateau C,2025-11-29,U20 Men 110,FERRON Rudy,108.65,95.0,-100.0,-100.0,115.0,120.0,-125.0,95.0,120.0,215.0
NAQ - Critérium National - Mont de marsan - Plateau C,2025-11-29,SEN Men 79,PEZZUTO Pierre,78.76,-104.0,-104.0,105.0,-125.0,-125.0,-125.0,105.0,0.0,0.0
NAQ - Critérium National - Mont de marsan - Plateau C,2025-11-29,SEN Men 94,VATAN Luca,91.55,-112.0,-115.0,115.0,140.0,145.0,-150.0,115.0,145.0,260.0
NAQ - Critérium National - Mont de marsan - Plateau C,2025-11-29,U17 Men 79,GLEIZE Vincent,76.54,76.0,81.0,-85.0,98.0,105.0,-110.0,81.0,105.0,186.0
NAQ - Critérium National - Mont de marsan - Plateau C,2025-11-29,U20 Men 71,HENNEUSE Mathias,67.74,85.0,88.0,-91.0,113.0,118.0,-121.0,88.0,118.0,206.0
NAQ - Critérium National - Mont de marsan - Plateau C,2025-11-29,U20 Men 110,FERRON Rudy,108.65,95.0,-100.0,-100.0,115.0,120.0,-125.0,95.0,120.0,215.0
NAQ - Critérium National - Mont de marsan - Plateau C,2025-11-29,SEN Men 79,PEZZUTO Pierre,78.76,-104.0,-104.0,105.0,-125.0,-125.0,-125.0,105.0,0.0,0.0
NAQ - Critérium National - Mont de marsan - Plateau C,2025-11-29,SEN Men 94,VATAN Luca,91.55,-112.0,-115.0,115.0,140.0,145.0,-150.0,115.0,145.0,260.0
NAQ - Critérium National - Mont de marsan - Plateau C,2025-11-29,U20 Women 53,ACINHO Estelle,52.3,60.0,64.0,67.0,-75.0,75.0,-79.0,67.0,75.0,142.0
NAQ - Critérium National - Mont de marsan - Plateau C,2025-11-29,SEN Women 69,PASTA Jennifer,65.45,66.0,68.0,70.0,88.0,91.0,-93.0,70.0,91.0,161.0
NAQ - Critérium National - Mont de marsan - Plateau C,2025-11-29,SEN Women 69,DEMERET Laura,68.1,55.0,59.0,63.0,73.0,76.0,-80.0,63.0,76.0,139.0
NAQ - Critérium National - Mont de marsan - Plateau C,2025-11-29,U20 Women 53,ACINHO Estelle,52.3,60.0,64.0,67.0,-75.0,75.0,-79.0,67.0,75.0,142.0
NAQ - Critérium National - Mont de marsan - Plateau C,2025-11-29,SEN Women 69,PASTA Jennifer,65.45,66.0,68.0,70.0,88.0,91.0,-93.0,70.0,91.0,161.0
NAQ - Critérium National - Mont de marsan - Plateau C,2025-11-29,SEN Women 69,DEMERET Laura,68.1,55.0,59.0,63.0,73.0,76.0,-80.0,63.0,76.0,139.0
NAQ - Critérium National - Mont de marsan - Plateau C,2025-11-29,U13 Women 35,CHAUTAIN Alice,34.7,18.0,19.0,20.0,24.0,26.0,27.0,20.0,27.0,47.0
NAQ - Critérium National - Mont de marsan - Plateau C,2025-11-29,U13 Women 35,CHAUTAIN Alice,34.7,18.0,19.0,20.0,24.0,26.0,27.0,20.0,27.0,47.0
NAQ - Critérium National - Mont de marsan - Plateau C,2025-11-29,U15 Women 69,FAURE Eglantine,67.1,42.0,45.0,-47.0,-51.0,51.0,54.0,45.0,54.0,99.0
NAQ - Critérium National - Mont de marsan - Plateau C,2025-11-29,U17 Women 44,MONNET-BESSON Lisa,43.1,30.0,33.0,-36.0,40.0,-43.0,44.0,33.0,44.0,77.0
NAQ - Critérium National - Mont de marsan - Plateau C,2025-11-29,U17 Women 53,MAILLARD Victoria,53.0,-38.0,38.0,-41.0,42.0,45.0,-50.0,38.0,45.0,83.0
NAQ - Critérium National - Mont de marsan - Plateau C,2025-11-29,U17 Women 58,BESLAY DE USATORRE Lou-anne,55.2,-43.0,44.0,49.0,58.0,-63.0,63.0,49.0,63.0,112.0
NAQ - Critérium National - Mont de marsan - Plateau C,2025-11-29,U17 Women 58,GODELLE Clara,58.0,42.0,46.0,48.0,52.0,-56.0,-56.0,48.0,52.0,100.0
NAQ - Critérium National - Mont de marsan - Plateau C,2025-11-29,U17 Women 63,SUEUR Lily,60.0,54.0,57.0,60.0,67.0,-70.0,-71.0,60.0,67.0,127.0
NAQ - Critérium National - Mont de marsan - Plateau C,2025-11-29,U20 Women 53,MOREL-BIRON Justine,51.8,59.0,-62.0,62.0,76.0,-78.0,-78.0,62.0,76.0,138.0
NAQ - Critérium National - Mont de marsan - Plateau C,2025-11-29,U15 Women 69,FAURE Eglantine,67.1,42.0,45.0,-47.0,-51.0,51.0,54.0,45.0,54.0,99.0
NAQ - Critérium National - Mont de marsan - Plateau C,2025-11-29,U17 Women 44,MONNET-BESSON Lisa,43.1,30.0,33.0,-36.0,40.0,-43.0,44.0,33.0,44.0,77.0
NAQ - Critérium National - Mont de marsan - Plateau C,2025-11-29,U17 Women 53,MAILLARD Victoria,53.0,-38.0,38.0,-41.0,42.0,45.0,-50.0,38.0,45.0,83.0
NAQ - Critérium National - Mont de marsan - Plateau C,2025-11-29,U17 Women 58,BESLAY DE USATORRE Lou-anne,55.2,-43.0,44.0,49.0,58.0,-63.0,63.0,49.0,63.0,112.0
NAQ - Critérium National - Mont de marsan - Plateau C,2025-11-29,U17 Women 58,GODELLE Clara,58.0,42.0,46.0,48.0,52.0,-56.0,-56.0,48.0,52.0,100.0
NAQ - Critérium National - Mont de marsan - Plateau C,2025-11-29,U17 Women 63,SUEUR Lily,60.0,54.0,57.0,60.0,67.0,-70.0,-71.0,60.0,67.0,127.0
NAQ - Critérium National - Mont de marsan - Plateau C,2025-11-29,U20 Women 53,MOREL-BIRON Justine,51.8,59.0,-62.0,62.0,76.0,-78.0,-78.0,62.0,76.0,138.0
NAQ - Critérium National - Mont de marsan - Plateau C,2025-11-29,U15 Men 65,ECKMANN Gael,62.1,70.0,75.0,-80.0,82.0,90.0,-95.0,75.0,90.0,165.0
NAQ - Critérium National - Mont de marsan - Plateau C,2025-11-29,U17 Men 60,NAUDIN Gabriel,58.8,65.0,-68.0,68.0,81.0,83.0,85.0,68.0,85.0,153.0
NAQ - Critérium National - Mont de marsan - Plateau C,2025-11-29,U17 Men 79,BETTIOL Kyliann,75.9,82.0,86.0,90.0,100.0,105.0,110.0,90.0,110.0,200.0
NAQ - Critérium National - Mont de marsan - Plateau C,2025-11-29,U17 Men 79,SERULLAZ Maxime,78.1,63.0,67.0,-71.0,82.0,-86.0,-90.0,67.0,82.0,149.0
NAQ - Critérium National - Mont de marsan - Plateau C,2025-11-29,U17 Men 88,PAPA Maximilien,85.4,-78.0,-78.0,-80.0,95.0,101.0,-106.0,0.0,101.0,0.0
NAQ - Critérium National - Mont de marsan - Plateau C,2025-11-29,U17 Men 94,PASTOR Romain,90.9,95.0,-99.0,101.0,120.0,125.0,-130.0,101.0,125.0,226.0
NAQ - Critérium National - Mont de marsan - Plateau C,2025-11-29,U20 Men 79,HELENA Baptiste,77.4,85.0,-90.0,-90.0,110.0,115.0,-118.0,85.0,115.0,200.0
NAQ - Critérium National - Mont de marsan - Plateau C,2025-11-29,U15 Men 65,ECKMANN Gael,62.1,70.0,75.0,-80.0,82.0,90.0,-95.0,75.0,90.0,165.0
NAQ - Critérium National - Mont de marsan - Plateau C,2025-11-29,U17 Men 60,NAUDIN Gabriel,58.8,65.0,-68.0,68.0,81.0,83.0,85.0,68.0,85.0,153.0
NAQ - Critérium National - Mont de marsan - Plateau C,2025-11-29,U17 Men 79,BETTIOL Kyliann,75.9,82.0,86.0,90.0,100.0,105.0,110.0,90.0,110.0,200.0
NAQ - Critérium National - Mont de marsan - Plateau C,2025-11-29,U17 Men 79,SERULLAZ Maxime,78.1,63.0,67.0,-71.0,82.0,-86.0,-90.0,67.0,82.0,149.0
NAQ - Critérium National - Mont de marsan - Plateau C,2025-11-29,U17 Men 88,PAPA Maximilien,85.4,-78.0,-78.0,-80.0,95.0,101.0,-106.0,0.0,101.0,0.0
NAQ - Critérium National - Mont de marsan - Plateau C,2025-11-29,U17 Men 94,PASTOR Romain,90.9,95.0,-99.0,101.0,120.0,125.0,-130.0,101.0,125.0,226.0
NAQ - Critérium National - Mont de marsan - Plateau C,2025-11-29,U20 Men 79,HELENA Baptiste,77.4,85.0,-90.0,-90.0,110.0,115.0,-118.0,85.0,115.0,200.0
NAQ - Critérium National - Mont de marsan - Plateau C,2025-11-29,U10 Women ,LAPAIX Keyla,50.0,17.0,19.0,21.0,20.0,22.0,24.0,21.0,24.0,45.0
NAQ - Critérium National - Mont de marsan - Plateau C,2025-11-29,U13 Women 44,QUEMENER Elyne,40.4,20.0,22.0,24.0,28.0,30.0,32.0,24.0,32.0,56.0
NAQ - Critérium National - Mont de marsan - Plateau C,2025-11-29,U13 Women 53,MENGUY-GODEFROY Chloé,53.0,33.0,35.0,37.0,43.0,-45.0,45.0,37.0,45.0,82.0
NAQ - Critérium National - Mont de marsan - Plateau C,2025-11-29,U13 Men 47,HOYOUX Naël,46.5,33.0,35.0,37.0,43.0,-45.0,45.0,37.0,45.0,82.0
NAQ - Critérium National - Mont de marsan - Plateau C,2025-11-29,U10 Women ,LAPAIX Keyla,50.0,17.0,19.0,21.0,20.0,22.0,24.0,21.0,24.0,45.0
NAQ - Critérium National - Mont de marsan - Plateau C,2025-11-29,U13 Women 44,QUEMENER Elyne,40.4,20.0,22.0,24.0,28.0,30.0,32.0,24.0,32.0,56.0
NAQ - Critérium National - Mont de marsan - Plateau C,2025-11-29,U13 Women 53,MENGUY-GODEFROY Chloé,53.0,33.0,35.0,37.0,43.0,-45.0,45.0,37.0,45.0,82.0
NAQ - Critérium National - Mont de marsan - Plateau C,2025-11-29,U13 Men 47,HOYOUX Naël,46.5,33.0,35.0,37.0,43.0,-45.0,45.0,37.0,45.0,82.0
NAQ - Critérium National - Mont de marsan - Plateau C,2025-11-29,U15 Men 52,CORMONT Enzo,48.4,38.0,41.0,-43.0,47.0,50.0,52.0,41.0,52.0,93.0
NAQ - Critérium National - Mont de marsan - Plateau C,2025-11-29,U15 Men 52,SAUVAGE Robin,51.8,37.0,40.0,41.0,45.0,-48.0,48.0,41.0,48.0,89.0
NAQ - Critérium National - Mont de marsan - Plateau C,2025-11-29,U15 Men 56,VICHON Ethan,55.25,54.0,-57.0,-57.0,65.0,-69.0,70.0,54.0,70.0,124.0
NAQ - Critérium National - Mont de marsan - Plateau C,2025-11-29,U17 Men 65,THOMAS Titouan,64.6,60.0,64.0,67.0,-90.0,90.0,-0.0,67.0,90.0,157.0
NAQ - Critérium National - Mont de marsan - Plateau C,2025-11-29,U20 Men 79,MENNECART Louka,72.2,80.0,84.0,-88.0,104.0,108.0,112.0,84.0,112.0,196.0
NAQ - Critérium National - Mont de marsan - Plateau C,2025-11-29,U20 Men 88,YRIS Noah,81.0,-88.0,-90.0,-90.0,-0.0,-0.0,-0.0,0.0,0.0,0.0
NAQ - Critérium National - Mont de marsan - Plateau C,2025-11-29,SEN Men 79,LOCQUENEUX Charles,78.5,-110.0,110.0,112.0,-148.0,-148.0,148.0,112.0,148.0,260.0
NAQ - Critérium National - Mont de marsan - Plateau C,2025-11-29,SEN Men 110,LE GALL Matthieu,99.15,103.0,108.0,-113.0,-133.0,-133.0,133.0,108.0,133.0,241.0
NAQ - Critérium National - Mont de marsan - Plateau C,2025-11-29,SEN Men 110,WRIGHT George,98.9,-118.0,-118.0,-121.0,-0.0,-0.0,-0.0,0.0,0.0,0.0
NAQ - Critérium National - Mont de marsan - Plateau C,2025-11-29,U15 Men 52,CORMONT Enzo,48.4,38.0,41.0,-43.0,47.0,50.0,52.0,41.0,52.0,93.0
NAQ - Critérium National - Mont de marsan - Plateau C,2025-11-29,U15 Men 52,SAUVAGE Robin,51.8,37.0,40.0,41.0,45.0,-48.0,48.0,41.0,48.0,89.0
NAQ - Critérium National - Mont de marsan - Plateau C,2025-11-29,U15 Men 56,VICHON Ethan,55.25,54.0,-57.0,-57.0,65.0,-69.0,70.0,54.0,70.0,124.0
NAQ - Critérium National - Mont de marsan - Plateau C,2025-11-29,U17 Men 65,THOMAS Titouan,64.6,60.0,64.0,67.0,-90.0,90.0,-0.0,67.0,90.0,157.0
NAQ - Critérium National - Mont de marsan - Plateau C,2025-11-29,U20 Men 79,MENNECART Louka,72.2,80.0,84.0,-88.0,104.0,108.0,112.0,84.0,112.0,196.0
NAQ - Critérium National - Mont de marsan - Plateau C,2025-11-29,U20 Men 88,YRIS Noah,81.0,-88.0,-90.0,-90.0,-0.0,-0.0,-0.0,0.0,0.0,0.0
NAQ - Critérium National - Mont de marsan - Plateau C,2025-11-29,SEN Men 79,LOCQUENEUX Charles,78.5,-110.0,110.0,112.0,-148.0,-148.0,148.0,112.0,148.0,260.0
NAQ - Critérium National - Mont de marsan - Plateau C,2025-11-29,SEN Men 110,LE GALL Matthieu,99.15,103.0,108.0,-113.0,-133.0,-133.0,133.0,108.0,133.0,241.0
NAQ - Critérium National - Mont de marsan - Plateau C,2025-11-29,SEN Men 110,WRIGHT George,98.9,-118.0,-118.0,-121.0,-0.0,-0.0,-0.0,0.0,0.0,0.0
NAQ - Critérium National - Mont de marsan - Plateau C,2025-11-29,SEN Women 53,CHUI Lynn,52.0,59.0,-61.0,-61.0,71.0,73.0,75.0,59.0,75.0,134.0
NAQ - Critérium National - Mont de marsan - Plateau C,2025-11-29,SEN Women 58,POURRE Adeline,57.8,-68.0,70.0,72.0,87.0,90.0,-92.0,72.0,90.0,162.0
NAQ - Critérium National - Mont de marsan - Plateau C,2025-11-29,SEN Women 58,GLAIZE Aurore,55.8,48.0,50.0,-52.0,58.0,61.0,-63.0,50.0,61.0,111.0
NAQ - Critérium National - Mont de marsan - Plateau C,2025-11-29,SEN Women 63,PERRIN Marion,62.7,80.0,85.0,-87.0,98.0,103.0,106.0,85.0,106.0,191.0
NAQ - Critérium National - Mont de marsan - Plateau C,2025-11-29,SEN Women 63,RAMEZ Charlotte,62.3,-70.0,70.0,-73.0,84.0,-87.0,-87.0,70.0,84.0,154.0
NAQ - Critérium National - Mont de marsan - Plateau C,2025-11-29,SEN Women 63,CHAPELLE Celia,62.2,-63.0,63.0,-66.0,83.0,-86.0,-86.0,63.0,83.0,146.0
NAQ - Critérium National - Mont de marsan - Plateau C,2025-11-29,SEN Women 63,SIVASOTHEY Eunice agnes,62.7,61.0,-64.0,-64.0,-75.0,78.0,-81.0,61.0,78.0,139.0
NAQ - Critérium National - Mont de marsan - Plateau C,2025-11-29,SEN Women 63,CHASSIN Cécilia,62.1,55.0,58.0,61.0,68.0,-71.0,-71.0,61.0,68.0,129.0
NAQ - Critérium National - Mont de marsan - Plateau C,2025-11-29,SEN Women 63,TAIMOURI Sara,58.85,59.0,-61.0,-61.0,-70.0,-72.0,-72.0,59.0,0.0,0.0
NAQ - Critérium National - Mont de marsan - Plateau C,2025-11-29,SEN Women 63,PANN Nina,62.9,-73.0,-73.0,-73.0,84.0,87.0,90.0,0.0,90.0,0.0
NAQ - Critérium National - Mont de marsan - Plateau C,2025-11-29,SEN Women 69,JAHIER Camille,66.25,70.0,-73.0,76.0,80.0,-85.0,85.0,76.0,85.0,161.0
NAQ - Critérium National - Mont de marsan - Plateau C,2025-11-29,SEN Women 69,HERPSONT HORRILLO Louise,66.95,65.0,-68.0,-68.0,85.0,90.0,-93.0,65.0,90.0,155.0
NAQ - Critérium National - Mont de marsan - Plateau C,2025-11-29,SEN Women 69,BUFFET Milene,67.55,-61.0,61.0,-65.0,76.0,-79.0,-80.0,61.0,76.0,137.0
NAQ - Critérium National - Mont de marsan - Plateau C,2025-11-29,SEN Women 69,BADOCCHI Ada,68.1,52.0,55.0,58.0,72.0,75.0,-78.0,58.0,75.0,133.0
NAQ - Critérium National - Mont de marsan - Plateau C,2025-11-29,SEN Women 77,DUMUR Armony,74.45,-78.0,78.0,-84.0,100.0,105.0,110.0,78.0,110.0,188.0
NAQ - Critérium National - Mont de marsan - Plateau C,2025-11-29,SEN Women 77,PEREIRA Camille,70.2,68.0,-71.0,-71.0,-80.0,-80.0,80.0,68.0,80.0,148.0
NAQ - Critérium National - Mont de marsan - Plateau C,2025-11-29,SEN Women 77,MAKOWSKI Eugénie,76.2,65.0,-68.0,-68.0,-88.0,88.0,-94.0,65.0,88.0,153.0
NAQ - Critérium National - Mont de marsan - Plateau C,2025-11-29,SEN Women 77,MOUCHET Alix,70.85,60.0,-65.0,-65.0,-70.0,-70.0,-72.0,60.0,0.0,0.0
NAQ - Critérium National - Mont de marsan - Plateau C,2025-11-29,SEN Women 53,CHUI Lynn,52.0,59.0,-61.0,-61.0,71.0,73.0,75.0,59.0,75.0,134.0
NAQ - Critérium National - Mont de marsan - Plateau C,2025-11-29,SEN Women 58,POURRE Adeline,57.8,-68.0,70.0,72.0,87.0,90.0,-92.0,72.0,90.0,162.0
NAQ - Critérium National - Mont de marsan - Plateau C,2025-11-29,SEN Women 58,GLAIZE Aurore,55.8,48.0,50.0,-52.0,58.0,61.0,-63.0,50.0,61.0,111.0
NAQ - Critérium National - Mont de marsan - Plateau C,2025-11-29,SEN Women 63,PERRIN Marion,62.7,80.0,85.0,-87.0,98.0,103.0,106.0,85.0,106.0,191.0
NAQ - Critérium National - Mont de marsan - Plateau C,2025-11-29,SEN Women 63,RAMEZ Charlotte,62.3,-70.0,70.0,-73.0,84.0,-87.0,-87.0,70.0,84.0,154.0
NAQ - Critérium National - Mont de marsan - Plateau C,2025-11-29,SEN Women 63,CHAPELLE Celia,62.2,-63.0,63.0,-66.0,83.0,-86.0,-86.0,63.0,83.0,146.0
NAQ - Critérium National - Mont de marsan - Plateau C,2025-11-29,SEN Women 63,SIVASOTHEY Eunice agnes,62.7,61.0,-64.0,-64.0,-75.0,78.0,-81.0,61.0,78.0,139.0
NAQ - Critérium National - Mont de marsan - Plateau C,2025-11-29,SEN Women 63,CHASSIN Cécilia,62.1,55.0,58.0,61.0,68.0,-71.0,-71.0,61.0,68.0,129.0
NAQ - Critérium National - Mont de marsan - Plateau C,2025-11-29,SEN Women 63,TAIMOURI Sara,58.85,59.0,-61.0,-61.0,-70.0,-72.0,-72.0,59.0,0.0,0.0
NAQ - Critérium National - Mont de marsan - Plateau C,2025-11-29,SEN Women 63,PANN Nina,62.9,-73.0,-73.0,-73.0,84.0,87.0,90.0,0.0,90.0,0.0
NAQ - Critérium National - Mont de marsan - Plateau C,2025-11-29,SEN Women 69,JAHIER Camille,66.25,70.0,-73.0,76.0,80.0,-85.0,85.0,76.0,85.0,161.0
NAQ - Critérium National - Mont de marsan - Plateau C,2025-11-29,SEN Women 69,HERPSONT HORRILLO Louise,66.95,65.0,-68.0,-68.0,85.0,90.0,-93.0,65.0,90.0,155.0
NAQ - Critérium National - Mont de marsan - Plateau C,2025-11-29,SEN Women 69,BUFFET Milene,67.55,-61.0,61.0,-65.0,76.0,-79.0,-80.0,61.0,76.0,137.0
NAQ - Critérium National - Mont de marsan - Plateau C,2025-11-29,SEN Women 69,BADOCCHI Ada,68.1,52.0,55.0,58.0,72.0,75.0,-78.0,58.0,75.0,133.0
NAQ - Critérium National - Mont de marsan - Plateau C,2025-11-29,SEN Women 77,DUMUR Armony,74.45,-78.0,78.0,-84.0,100.0,105.0,110.0,78.0,110.0,188.0
NAQ - Critérium National - Mont de marsan - Plateau C,2025-11-29,SEN Women 77,PEREIRA Camille,70.2,68.0,-71.0,-71.0,-80.0,-80.0,80.0,68.0,80.0,148.0
NAQ - Critérium National - Mont de marsan - Plateau C,2025-11-29,SEN Women 77,MAKOWSKI Eugénie,76.2,65.0,-68.0,-68.0,-88.0,88.0,-94.0,65.0,88.0,153.0
NAQ - Critérium National - Mont de marsan - Plateau C,2025-11-29,SEN Women 77,MOUCHET Alix,70.85,60.0,-65.0,-65.0,-70.0,-70.0,-72.0,60.0,0.0,0.0
NAQ - Critérium National - Mont de marsan - Plateau C,2025-11-29,SEN Men 60,BEKKAR Ayoub,59.8,-90.0,-90.0,-90.0,45.0,46.0,47.0,0.0,47.0,0.0
NAQ - Critérium National - Mont de marsan - Plateau C,2025-11-29,SEN Men 71,AMADOU Alexis,70.9,104.0,-108.0,108.0,140.0,-0.0,-0.0,108.0,140.0,248.0
NAQ - Critérium National - Mont de marsan - Plateau C,2025-11-29,SEN Men 71,PAUL Jill,70.5,99.0,-129.0,-129.0,148.0,-0.0,-0.0,99.0,148.0,247.0
NAQ - Critérium National - Mont de marsan - Plateau C,2025-11-29,SEN Men 71,COTTEREAU Antoine,70.9,95.0,-100.0,-100.0,118.0,-123.0,-123.0,95.0,118.0,213.0
NAQ - Critérium National - Mont de marsan - Plateau C,2025-11-29,SEN Men 79,FAUCHER Camille,79.0,115.0,118.0,-121.0,-142.0,142.0,-0.0,118.0,142.0,260.0
NAQ - Critérium National - Mont de marsan - Plateau C,2025-11-29,SEN Men 79,CAUPENNE Benjamin,79.0,-105.0,105.0,-115.0,-142.0,142.0,-150.0,105.0,142.0,247.0
NAQ - Critérium National - Mont de marsan - Plateau C,2025-11-29,SEN Men 79,CABEL Killian,77.0,-106.0,106.0,-111.0,-131.0,-131.0,-131.0,106.0,0.0,0.0
NAQ - Critérium National - Mont de marsan - Plateau C,2025-11-29,SEN Men 79,DORSEY Oscar,77.4,-106.0,-106.0,-106.0,125.0,134.0,-140.0,0.0,134.0,0.0
NAQ - Critérium National - Mont de marsan - Plateau C,2025-11-29,SEN Men 88,NGOUANOM NZALI Jeremie junior,88.0,130.0,135.0,-0.0,160.0,170.0,-0.0,135.0,170.0,305.0
NAQ - Critérium National - Mont de marsan - Plateau C,2025-11-29,SEN Men 88,GONZAGUE-MOLONGO Elisée,84.7,110.0,115.0,-118.0,-141.0,141.0,-150.0,115.0,141.0,256.0
NAQ - Critérium National - Mont de marsan - Plateau C,2025-11-29,SEN Men 88,CAUPENNE Carl,81.5,-104.0,-104.0,-104.0,-125.0,125.0,-0.0,0.0,125.0,0.0
NAQ - Critérium National - Mont de marsan - Plateau C,2025-11-29,SEN Men 94,BALIAN Stéphane,92.4,125.0,130.0,-135.0,155.0,-163.0,170.0,130.0,170.0,300.0
NAQ - Critérium National - Mont de marsan - Plateau C,2025-11-29,SEN Men 94,CARLIER Damien,93.4,128.0,-133.0,-133.0,157.0,-0.0,-0.0,128.0,157.0,285.0
NAQ - Critérium National - Mont de marsan - Plateau C,2025-11-29,SEN Men 94,LARROQUE Jeremy,93.0,108.0,111.0,-115.0,-149.0,150.0,153.0,111.0,153.0,264.0
NAQ - Critérium National - Mont de marsan - Plateau C,2025-11-29,SEN Men 94,TANG Mathieu,92.3,-100.0,100.0,-110.0,135.0,-140.0,-140.0,100.0,135.0,235.0
NAQ - Critérium National - Mont de marsan - Plateau C,2025-11-29,SEN Men 94,COSTA Mickael,91.9,-113.0,-113.0,-120.0,-141.0,-141.0,-142.0,0.0,0.0,0.0
NAQ - Critérium National - Mont de marsan - Plateau C,2025-11-29,SEN Men 94,DELIVRY Marc,92.7,-120.0,-120.0,-120.0,140.0,-143.0,-143.0,0.0,140.0,0.0
NAQ - Critérium National - Mont de marsan - Plateau C,2025-11-29,SEN Men >110,KAMDEM Vassili,128.0,107.0,-111.0,-113.0,-140.0,-0.0,-0.0,107.0,0.0,0.0
NAQ - Critérium National - Mont de marsan - Plateau C,2025-11-29,SEN Men 60,BEKKAR Ayoub,59.8,-90.0,-90.0,-90.0,45.0,46.0,47.0,0.0,47.0,0.0
NAQ - Critérium National - Mont de marsan - Plateau C,2025-11-29,SEN Men 71,AMADOU Alexis,70.9,104.0,-108.0,108.0,140.0,-0.0,-0.0,108.0,140.0,248.0
NAQ - Critérium National - Mont de marsan - Plateau C,2025-11-29,SEN Men 71,PAUL Jill,70.5,99.0,-129.0,-129.0,148.0,-0.0,-0.0,99.0,148.0,247.0
NAQ - Critérium National - Mont de marsan - Plateau C,2025-11-29,SEN Men 71,COTTEREAU Antoine,70.9,95.0,-100.0,-100.0,118.0,-123.0,-123.0,95.0,118.0,213.0
NAQ - Critérium National - Mont de marsan - Plateau C,2025-11-29,SEN Men 79,FAUCHER Camille,79.0,115.0,118.0,-121.0,-142.0,142.0,-0.0,118.0,142.0,260.0
NAQ - Critérium National - Mont de marsan - Plateau C,2025-11-29,SEN Men 79,CAUPENNE Benjamin,79.0,-105.0,105.0,-115.0,-142.0,142.0,-150.0,105.0,142.0,247.0
NAQ - Critérium National - Mont de marsan - Plateau C,2025-11-29,SEN Men 79,CABEL Killian,77.0,-106.0,106.0,-111.0,-131.0,-131.0,-131.0,106.0,0.0,0.0
NAQ - Critérium National - Mont de marsan - Plateau C,2025-11-29,SEN Men 79,DORSEY Oscar,77.4,-106.0,-106.0,-106.0,125.0,134.0,-140.0,0.0,134.0,0.0
NAQ - Critérium National - Mont de marsan - Plateau C,2025-11-29,SEN Men 88,NGOUANOM NZALI Jeremie junior,88.0,130.0,135.0,-0.0,160.0,170.0,-0.0,135.0,170.0,305.0
NAQ - Critérium National - Mont de marsan - Plateau C,2025-11-29,SEN Men 88,GONZAGUE-MOLONGO Elisée,84.7,110.0,115.0,-118.0,-141.0,141.0,-150.0,115.0,141.0,256.0
NAQ - Critérium National - Mont de marsan - Plateau C,2025-11-29,SEN Men 88,CAUPENNE Carl,81.5,-104.0,-104.0,-104.0,-125.0,125.0,-0.0,0.0,125.0,0.0
NAQ - Critérium National - Mont de marsan - Plateau C,2025-11-29,SEN Men 94,BALIAN Stéphane,92.4,125.0,130.0,-135.0,155.0,-163.0,170.0,130.0,170.0,300.0
NAQ - Critérium National - Mont de marsan - Plateau C,2025-11-29,SEN Men 94,CARLIER Damien,93.4,128.0,-133.0,-133.0,157.0,-0.0,-0.0,128.0,157.0,285.0
NAQ - Critérium National - Mont de marsan - Plateau C,2025-11-29,SEN Men 94,LARROQUE Jeremy,93.0,108.0,111.0,-115.0,-149.0,150.0,153.0,111.0,153.0,264.0
NAQ - Critérium National - Mont de marsan - Plateau C,2025-11-29,SEN Men 94,TANG Mathieu,92.3,-100.0,100.0,-110.0,135.0,-140.0,-140.0,100.0,135.0,235.0
NAQ - Critérium National - Mont de marsan - Plateau C,2025-11-29,SEN Men 94,COSTA Mickael,91.9,-113.0,-113.0,-120.0,-141.0,-141.0,-142.0,0.0,0.0,0.0
NAQ - Critérium National - Mont de marsan - Plateau C,2025-11-29,SEN Men 94,DELIVRY Marc,92.7,-120.0,-120.0,-120.0,140.0,-143.0,-143.0,0.0,140.0,0.0
NAQ - Critérium National - Mont de marsan - Plateau C,2025-11-29,SEN Men >110,KAMDEM Vassili,128.0,107.0,-111.0,-113.0,-140.0,-0.0,-0.0,107.0,0.0,0.0
NAQ - Critérium National - Mont de marsan - Plateau C,2025-11-29,U20 Men 60,DELAMOTTE Lukas,59.75,94.0,-99.0,99.0,111.0,-116.0,117.0,99.0,117.0,216.0
NAQ - Critérium National - Mont de marsan - Plateau C,2025-11-29,U20 Men 110,LE PIOLET Manoa,105.0,140.0,145.0,-150.0,163.0,168.0,172.0,145.0,172.0,317.0
NAQ - Critérium National - Mont de marsan - Plateau C,2025-11-29,SEN Men 79,COMBEAU Victor,76.45,85.0,95.0,100.0,-130.0,-130.0,130.0,100.0,130.0,230.0
NAQ - Critérium National - Mont de marsan - Plateau C,2025-11-29,SEN Men 88,TRUSSART Benjamin,87.2,93.0,-97.0,-97.0,130.0,135.0,-140.0,93.0,135.0,228.0
NAQ - Critérium National - Mont de marsan - Plateau C,2025-11-29,SEN Men 94,BOIS Armand,93.2,120.0,124.0,128.0,152.0,157.0,-163.0,128.0,157.0,285.0
NAQ - Critérium National - Mont de marsan - Plateau C,2025-11-29,SEN Men 94,NEMERY Lylian,93.0,115.0,121.0,-126.0,140.0,145.0,-151.0,121.0,145.0,266.0
NAQ - Critérium National - Mont de marsan - Plateau C,2025-11-29,SEN Men >110,FERRE Benjamin,112.85,160.0,163.0,-165.0,205.0,208.0,211.0,163.0,211.0,374.0
NAQ - Critérium National - Mont de marsan - Plateau C,2025-11-29,U20 Men 60,DELAMOTTE Lukas,59.75,94.0,-99.0,99.0,111.0,-116.0,117.0,99.0,117.0,216.0
NAQ - Critérium National - Mont de marsan - Plateau C,2025-11-29,U20 Men 110,LE PIOLET Manoa,105.0,140.0,145.0,-150.0,163.0,168.0,172.0,145.0,172.0,317.0
NAQ - Critérium National - Mont de marsan - Plateau C,2025-11-29,SEN Men 79,COMBEAU Victor,76.45,85.0,95.0,100.0,-130.0,-130.0,130.0,100.0,130.0,230.0
NAQ - Critérium National - Mont de marsan - Plateau C,2025-11-29,SEN Men 88,TRUSSART Benjamin,87.2,93.0,-97.0,-97.0,130.0,135.0,-140.0,93.0,135.0,228.0
NAQ - Critérium National - Mont de marsan - Plateau C,2025-11-29,SEN Men 94,BOIS Armand,93.2,120.0,124.0,128.0,152.0,157.0,-163.0,128.0,157.0,285.0
NAQ - Critérium National - Mont de marsan - Plateau C,2025-11-29,SEN Men 94,NEMERY Lylian,93.0,115.0,121.0,-126.0,140.0,145.0,-151.0,121.0,145.0,266.0
NAQ - Critérium National - Mont de marsan - Plateau C,2025-11-29,SEN Men >110,FERRE Benjamin,112.85,160.0,163.0,-165.0,205.0,208.0,211.0,163.0,211.0,374.0
NAQ - Critérium National - Mont de marsan - Plateau C,2025-11-29,U20 Women 58,HANOCQUE Astrid,56.65,67.0,-70.0,-70.0,82.0,-85.0,-85.0,67.0,82.0,149.0
NAQ - Critérium National - Mont de marsan - Plateau C,2025-11-29,U20 Women 63,LEMÉ Youna,59.7,70.0,-0.0,-0.0,90.0,93.0,95.0,70.0,95.0,165.0
NAQ - Critérium National - Mont de marsan - Plateau C,2025-11-29,SEN Women 69,MICHEL Maelyn,63.3,93.0,-97.0,-97.0,112.0,-117.0,117.0,93.0,117.0,210.0
NAQ - Critérium National - Mont de marsan - Plateau C,2025-11-29,SEN Women 69,GOMIS Clarisse,68.4,75.0,80.0,-83.0,100.0,105.0,-108.0,80.0,105.0,185.0
NAQ - Critérium National - Mont de marsan - Plateau C,2025-11-29,SEN Women 69,MURER Carla,68.9,-78.0,80.0,-83.0,94.0,98.0,102.0,80.0,102.0,182.0
NAQ - Critérium National - Mont de marsan - Plateau C,2025-11-29,U20 Women 58,HANOCQUE Astrid,56.65,67.0,-70.0,-70.0,82.0,-85.0,-85.0,67.0,82.0,149.0
NAQ - Critérium National - Mont de marsan - Plateau C,2025-11-29,U20 Women 63,LEMÉ Youna,59.7,70.0,-0.0,-0.0,90.0,93.0,95.0,70.0,95.0,165.0
NAQ - Critérium National - Mont de marsan - Plateau C,2025-11-29,SEN Women 69,MICHEL Maelyn,63.3,93.0,-97.0,-97.0,112.0,-117.0,117.0,93.0,117.0,210.0
NAQ - Critérium National - Mont de marsan - Plateau C,2025-11-29,SEN Women 69,GOMIS Clarisse,68.4,75.0,80.0,-83.0,100.0,105.0,-108.0,80.0,105.0,185.0
NAQ - Critérium National - Mont de marsan - Plateau C,2025-11-29,SEN Women 69,MURER Carla,68.9,-78.0,80.0,-83.0,94.0,98.0,102.0,80.0,102.0,182.0
NAQ - Critérium National - Mont de marsan - Plateau C,2025-11-29,U15 Men 52,DOS SANTOS Paolo,49.3,48.0,-53.0,-53.0,52.0,58.0,62.0,48.0,62.0,110.0
NAQ - Critérium National - Mont de marsan - Plateau C,2025-11-29,U15 Men 56,LEGOUX Jules,55.9,-52.0,-52.0,52.0,64.0,67.0,70.0,52.0,70.0,122.0
NAQ - Critérium National - Mont de marsan - Plateau C,2025-11-29,U20 Men 79,CARCANO Tom,72.1,95.0,-100.0,-101.0,120.0,125.0,-128.0,95.0,125.0,220.0
NAQ - Critérium National - Mont de marsan - Plateau C,2025-11-29,U20 Men 79,PERIARD-LOHNER Leo,75.4,95.0,100.0,-105.0,120.0,125.0,-130.0,100.0,125.0,225.0
NAQ - Critérium National - Mont de marsan - Plateau C,2025-11-29,SEN Men 65,SAINT LEUX Maxence,63.8,-90.0,90.0,92.0,117.0,-120.0,-120.0,92.0,117.0,209.0
NAQ - Critérium National - Mont de marsan - Plateau C,2025-11-29,SEN Men 79,SINGER Marc,77.8,113.0,117.0,-120.0,143.0,147.0,150.0,117.0,150.0,267.0
NAQ - Critérium National - Mont de marsan - Plateau C,2025-11-29,SEN Men 110,THOMASSON Yann,96.1,153.0,-158.0,-158.0,178.0,-183.0,-183.0,153.0,178.0,331.0
NAQ - Critérium National - Mont de marsan - Plateau C,2025-11-29,SEN Men 110,VAUTARD Brandon,104.4,130.0,136.0,-140.0,171.0,181.0,190.0,136.0,190.0,326.0
NAQ - Critérium National - Mont de marsan - Plateau C,2025-11-29,SEN Men 110,FLAUS Dylan,100.1,135.0,140.0,-144.0,167.0,-172.0,172.0,140.0,172.0,312.0
NAQ - Critérium National - Mont de marsan - Plateau C,2025-11-29,U15 Men 52,DOS SANTOS Paolo,49.3,48.0,-53.0,-53.0,52.0,58.0,62.0,48.0,62.0,110.0
NAQ - Critérium National - Mont de marsan - Plateau C,2025-11-29,U15 Men 56,LEGOUX Jules,55.9,-52.0,-52.0,52.0,64.0,67.0,70.0,52.0,70.0,122.0
NAQ - Critérium National - Mont de marsan - Plateau C,2025-11-29,U20 Men 79,CARCANO Tom,72.1,95.0,-100.0,-101.0,120.0,125.0,-128.0,95.0,125.0,220.0
NAQ - Critérium National - Mont de marsan - Plateau C,2025-11-29,U20 Men 79,PERIARD-LOHNER Leo,75.4,95.0,100.0,-105.0,120.0,125.0,-130.0,100.0,125.0,225.0
NAQ - Critérium National - Mont de marsan - Plateau C,2025-11-29,SEN Men 65,SAINT LEUX Maxence,63.8,-90.0,90.0,92.0,117.0,-120.0,-120.0,92.0,117.0,209.0
NAQ - Critérium National - Mont de marsan - Plateau C,2025-11-29,SEN Men 79,SINGER Marc,77.8,113.0,117.0,-120.0,143.0,147.0,150.0,117.0,150.0,267.0
NAQ - Critérium National - Mont de marsan - Plateau C,2025-11-29,SEN Men 110,THOMASSON Yann,96.1,153.0,-158.0,-158.0,178.0,-183.0,-183.0,153.0,178.0,331.0
NAQ - Critérium National - Mont de marsan - Plateau C,2025-11-29,SEN Men 110,VAUTARD Brandon,104.4,130.0,136.0,-140.0,171.0,181.0,190.0,136.0,190.0,326.0
NAQ - Critérium National - Mont de marsan - Plateau C,2025-11-29,SEN Men 110,FLAUS Dylan,100.1,135.0,140.0,-144.0,167.0,-172.0,172.0,140.0,172.0,312.0
NAQ - Critérium National - Mont de marsan - Plateau C,2025-11-29,U10 Men ,ERNAULT BOULÉ Manoa,31.0,18.0,-19.0,19.0,24.0,25.0,27.0,19.0,27.0,46.0
NAQ - Critérium National - Mont de marsan - Plateau C,2025-11-29,U10 Men ,CLEMENT Ethan,30.3,14.0,15.0,17.0,18.0,20.0,22.0,17.0,22.0,39.0
NAQ - Critérium National - Mont de marsan - Plateau C,2025-11-29,U13 Men 36,MADELEINE Giulian,31.3,13.0,14.0,-16.0,20.0,-22.0,-22.0,14.0,20.0,34.0
NAQ - Critérium National - Mont de marsan - Plateau C,2025-11-29,U13 Men 52,BEZZICHERI Paul,50.4,9.0,10.0,11.0,12.0,14.0,16.0,11.0,16.0,27.0
NAQ - Critérium National - Mont de marsan - Plateau C,2025-11-29,U10 Women ,GOUGET Charlie,23.7,6.0,8.0,-9.0,8.0,10.0,11.0,8.0,11.0,19.0
NAQ - Critérium National - Mont de marsan - Plateau C,2025-11-29,U13 Women 40,ERNAULT BOULÉ Mélyne,38.3,22.0,24.0,-25.0,31.0,33.0,35.0,24.0,35.0,59.0
NAQ - Critérium National - Mont de marsan - Plateau C,2025-11-29,U13 Women 48,FERNAND Lou,46.3,21.0,-23.0,23.0,30.0,32.0,34.0,23.0,34.0,57.0
NAQ - Critérium National - Mont de marsan - Plateau C,2025-11-29,U13 Women >63,FATTOUM Mayssa,68.55,22.0,23.0,-25.0,28.0,30.0,-32.0,23.0,30.0,53.0
NAQ - Critérium National - Mont de marsan - Plateau C,2025-11-29,U10 Men ,ERNAULT BOULÉ Manoa,31.0,18.0,-19.0,19.0,24.0,25.0,27.0,19.0,27.0,46.0
NAQ - Critérium National - Mont de marsan - Plateau C,2025-11-29,U10 Men ,CLEMENT Ethan,30.3,14.0,15.0,17.0,18.0,20.0,22.0,17.0,22.0,39.0
NAQ - Critérium National - Mont de marsan - Plateau C,2025-11-29,U13 Men 36,MADELEINE Giulian,31.3,13.0,14.0,-16.0,20.0,-22.0,-22.0,14.0,20.0,34.0
NAQ - Critérium National - Mont de marsan - Plateau C,2025-11-29,U13 Men 52,BEZZICHERI Paul,50.4,9.0,10.0,11.0,12.0,14.0,16.0,11.0,16.0,27.0
NAQ - Critérium National - Mont de marsan - Plateau C,2025-11-29,U10 Women ,GOUGET Charlie,23.7,6.0,8.0,-9.0,8.0,10.0,11.0,8.0,11.0,19.0
NAQ - Critérium National - Mont de marsan - Plateau C,2025-11-29,U13 Women 40,ERNAULT BOULÉ Mélyne,38.3,22.0,24.0,-25.0,31.0,33.0,35.0,24.0,35.0,59.0
NAQ - Critérium National - Mont de marsan - Plateau C,2025-11-29,U13 Women 48,FERNAND Lou,46.3,21.0,-23.0,23.0,30.0,32.0,34.0,23.0,34.0,57.0
NAQ - Critérium National - Mont de marsan - Plateau C,2025-11-29,U13 Women >63,FATTOUM Mayssa,68.55,22.0,23.0,-25.0,28.0,30.0,-32.0,23.0,30.0,53.0
NAQ - Critérium National - Mont de marsan - Plateau C,2025-11-29,U15 Women 58,AMELINE Inès,55.6,54.0,-57.0,57.0,-64.0,64.0,-67.0,57.0,64.0,121.0
NAQ - Critérium National - Mont de marsan - Plateau C,2025-11-29,U17 Women 53,GUILMAU Prune,52.3,50.0,52.0,-54.0,63.0,66.0,68.0,52.0,68.0,120.0
NAQ - Critérium National - Mont de marsan - Plateau C,2025-11-29,U17 Women 63,LEON Charline,60.7,59.0,62.0,-64.0,70.0,74.0,-76.0,62.0,74.0,136.0
NAQ - Critérium National - Mont de marsan - Plateau C,2025-11-29,U20 Women 69,EAST Pia,68.8,64.0,-67.0,67.0,76.0,80.0,-84.0,67.0,80.0,147.0
NAQ - Critérium National - Mont de marsan - Plateau C,2025-11-29,U20 Women 69,PAWLAK Chloé,68.9,55.0,58.0,60.0,68.0,71.0,74.0,60.0,74.0,134.0
NAQ - Critérium National - Mont de marsan - Plateau C,2025-11-29,U20 Women 77,CHAVEROCHE Lisa,76.5,53.0,55.0,-58.0,72.0,75.0,-78.0,55.0,75.0,130.0
NAQ - Critérium National - Mont de marsan - Plateau C,2025-11-29,SEN Women 63,BRASSART Alyssa,60.3,65.0,68.0,-70.0,82.0,-85.0,-88.0,68.0,82.0,150.0
NAQ - Critérium National - Mont de marsan - Plateau C,2025-11-29,U15 Women 58,AMELINE Inès,55.6,54.0,-57.0,57.0,-64.0,64.0,-67.0,57.0,64.0,121.0
NAQ - Critérium National - Mont de marsan - Plateau C,2025-11-29,U17 Women 53,GUILMAU Prune,52.3,50.0,52.0,-54.0,63.0,66.0,68.0,52.0,68.0,120.0
NAQ - Critérium National - Mont de marsan - Plateau C,2025-11-29,U17 Women 63,LEON Charline,60.7,59.0,62.0,-64.0,70.0,74.0,-76.0,62.0,74.0,136.0
NAQ - Critérium National - Mont de marsan - Plateau C,2025-11-29,U20 Women 69,EAST Pia,68.8,64.0,-67.0,67.0,76.0,80.0,-84.0,67.0,80.0,147.0
NAQ - Critérium National - Mont de marsan - Plateau C,2025-11-29,U20 Women 69,PAWLAK Chloé,68.9,55.0,58.0,60.0,68.0,71.0,74.0,60.0,74.0,134.0
NAQ - Critérium National - Mont de marsan - Plateau C,2025-11-29,U20 Women 77,CHAVEROCHE Lisa,76.5,53.0,55.0,-58.0,72.0,75.0,-78.0,55.0,75.0,130.0
NAQ - Critérium National - Mont de marsan - Plateau C,2025-11-29,SEN Women 63,BRASSART Alyssa,60.3,65.0,68.0,-70.0,82.0,-85.0,-88.0,68.0,82.0,150.0
NAQ - Critérium National - Mont de marsan - Plateau C,2025-11-29,U20 Men 65,LEURY Timothee,61.55,-68.0,68.0,72.0,96.0,101.0,103.0,72.0,103.0,175.0
NAQ - Critérium National - Mont de marsan - Plateau C,2025-11-29,U20 Men 79,MARIE Tom,71.6,78.0,82.0,-86.0,98.0,102.0,-105.0,82.0,102.0,184.0
NAQ - Critérium National - Mont de marsan - Plateau C,2025-11-29,SEN Men 79,RENAUX Alan,78.45,105.0,108.0,-110.0,125.0,-129.0,-129.0,108.0,125.0,233.0
NAQ - Critérium National - Mont de marsan - Plateau C,2025-11-29,SEN Men 79,HAREL Allan,78.4,-92.0,96.0,-100.0,120.0,125.0,-130.0,96.0,125.0,221.0
NAQ - Critérium National - Mont de marsan - Plateau C,2025-11-29,SEN Men 79,GAY Ludovic,78.65,105.0,110.0,113.0,-142.0,-147.0,-147.0,113.0,0.0,0.0
NAQ - Critérium National - Mont de marsan - Plateau C,2025-11-29,SEN Men 88,JOLY Billy,87.45,105.0,110.0,-113.0,135.0,141.0,-146.0,110.0,141.0,251.0
NAQ - Critérium National - Mont de marsan - Plateau C,2025-11-29,SEN Men 110,LECLOUAREC Mathis,99.7,110.0,-115.0,-115.0,-140.0,140.0,-145.0,110.0,140.0,250.0
NAQ - Critérium National - Mont de marsan - Plateau C,2025-11-29,U20 Men 65,LEURY Timothee,61.55,-68.0,68.0,72.0,96.0,101.0,103.0,72.0,103.0,175.0
NAQ - Critérium National - Mont de marsan - Plateau C,2025-11-29,U20 Men 79,MARIE Tom,71.6,78.0,82.0,-86.0,98.0,102.0,-105.0,82.0,102.0,184.0
NAQ - Critérium National - Mont de marsan - Plateau C,2025-11-29,SEN Men 79,RENAUX Alan,78.45,105.0,108.0,-110.0,125.0,-129.0,-129.0,108.0,125.0,233.0
NAQ - Critérium National - Mont de marsan - Plateau C,2025-11-29,SEN Men 79,HAREL Allan,78.4,-92.0,96.0,-100.0,120.0,125.0,-130.0,96.0,125.0,221.0
NAQ - Critérium National - Mont de marsan - Plateau C,2025-11-29,SEN Men 79,GAY Ludovic,78.65,105.0,110.0,113.0,-142.0,-147.0,-147.0,113.0,0.0,0.0
NAQ - Critérium National - Mont de marsan - Plateau C,2025-11-29,SEN Men 88,JOLY Billy,87.45,105.0,110.0,-113.0,135.0,141.0,-146.0,110.0,141.0,251.0
NAQ - Critérium National - Mont de marsan - Plateau C,2025-11-29,SEN Men 110,LECLOUAREC Mathis,99.7,110.0,-115.0,-115.0,-140.0,140.0,-145.0,110.0,140.0,250.0
NAQ - Critérium National - Mont de marsan - Plateau C,2025-11-29,U13 Women 53,ALVES Susie,51.15,16.0,18.0,20.0,20.0,22.0,24.0,20.0,24.0,44.0
NAQ - Critérium National - Mont de marsan - Plateau C,2025-11-29,U13 Women 58,MARGUERAT Mila,54.15,36.0,38.0,40.0,50.0,52.0,54.0,40.0,54.0,94.0
NAQ - Critérium National - Mont de marsan - Plateau C,2025-11-29,U13 Women 63,VENTUROLI Caly,60.15,21.0,23.0,25.0,30.0,32.0,34.0,25.0,34.0,59.0
NAQ - Critérium National - Mont de marsan - Plateau C,2025-11-29,U13 Men 36,KOSMAL Stanislas,30.75,14.0,16.0,-18.0,17.0,19.0,21.0,16.0,21.0,37.0
NAQ - Critérium National - Mont de marsan - Plateau C,2025-11-29,U13 Men 42,CORNEFERT Liam,40.1,22.0,24.0,-25.0,26.0,28.0,30.0,24.0,30.0,54.0
NAQ - Critérium National - Mont de marsan - Plateau C,2025-11-29,U13 Men 42,MINOT Gabin,37.4,17.0,18.0,-20.0,16.0,18.0,20.0,18.0,20.0,38.0
NAQ - Critérium National - Mont de marsan - Plateau C,2025-11-29,U13 Men 47,SAINT LEUX Nicolas,44.4,-17.0,-17.0,17.0,20.0,22.0,24.0,17.0,24.0,41.0
NAQ - Critérium National - Mont de marsan - Plateau C,2025-11-29,U13 Men 52,BARSEGHYAN David,48.2,10.0,12.0,14.0,12.0,14.0,16.0,14.0,16.0,30.0
NAQ - Critérium National - Mont de marsan - Plateau C,2025-11-29,U13 Women 53,ALVES Susie,51.15,16.0,18.0,20.0,20.0,22.0,24.0,20.0,24.0,44.0
NAQ - Critérium National - Mont de marsan - Plateau C,2025-11-29,U13 Women 58,MARGUERAT Mila,54.15,36.0,38.0,40.0,50.0,52.0,54.0,40.0,54.0,94.0
NAQ - Critérium National - Mont de marsan - Plateau C,2025-11-29,U13 Women 63,VENTUROLI Caly,60.15,21.0,23.0,25.0,30.0,32.0,34.0,25.0,34.0,59.0
NAQ - Critérium National - Mont de marsan - Plateau C,2025-11-29,U13 Men 36,KOSMAL Stanislas,30.75,14.0,16.0,-18.0,17.0,19.0,21.0,16.0,21.0,37.0
NAQ - Critérium National - Mont de marsan - Plateau C,2025-11-29,U13 Men 42,CORNEFERT Liam,40.1,22.0,24.0,-25.0,26.0,28.0,30.0,24.0,30.0,54.0
NAQ - Critérium National - Mont de marsan - Plateau C,2025-11-29,U13 Men 42,MINOT Gabin,37.4,17.0,18.0,-20.0,16.0,18.0,20.0,18.0,20.0,38.0
NAQ - Critérium National - Mont de marsan - Plateau C,2025-11-29,U13 Men 47,SAINT LEUX Nicolas,44.4,-17.0,-17.0,17.0,20.0,22.0,24.0,17.0,24.0,41.0
NAQ - Critérium National - Mont de marsan - Plateau C,2025-11-29,U13 Men 52,BARSEGHYAN David,48.2,10.0,12.0,14.0,12.0,14.0,16.0,14.0,16.0,30.0
NAQ - Critérium National - Mont de marsan - Plateau C,2025-11-29,U15 Women 44,AKOUH Assia,43.6,-28.0,28.0,30.0,40.0,43.0,-45.0,30.0,43.0,73.0
NAQ - Critérium National - Mont de marsan - Plateau C,2025-11-29,U17 Women 48,FORTIN Camille,46.0,33.0,37.0,-40.0,44.0,47.0,50.0,37.0,50.0,87.0
NAQ - Critérium National - Mont de marsan - Plateau C,2025-11-29,U17 Women 53,BOYER Camille,50.5,40.0,42.0,43.0,53.0,56.0,58.0,43.0,58.0,101.0
NAQ - Critérium National - Mont de marsan - Plateau C,2025-11-29,U20 Women 53,RIO Oceane,52.6,-44.0,44.0,-48.0,-57.0,57.0,-60.0,44.0,57.0,101.0
NAQ - Critérium National - Mont de marsan - Plateau C,2025-11-29,U20 Women 58,SAOUT Ainoa,57.6,58.0,61.0,64.0,77.0,80.0,82.0,64.0,82.0,146.0
NAQ - Critérium National - Mont de marsan - Plateau C,2025-11-29,U20 Women 69,QUERE Eloïse,69.0,62.0,-65.0,65.0,75.0,78.0,-80.0,65.0,78.0,143.0
NAQ - Critérium National - Mont de marsan - Plateau C,2025-11-29,SEN Women 53,BIGOT Inès,52.1,60.0,62.0,63.0,-72.0,72.0,-75.0,63.0,72.0,135.0
NAQ - Critérium National - Mont de marsan - Plateau C,2025-11-29,SEN Women 53,PERVIER Raphaelle,52.0,57.0,-62.0,-62.0,65.0,-70.0,-73.0,57.0,65.0,122.0
NAQ - Critérium National - Mont de marsan - Plateau C,2025-11-29,SEN Women 63,LE GOFF Marine,60.7,62.0,65.0,-68.0,84.0,-89.0,89.0,65.0,89.0,154.0
NAQ - Critérium National - Mont de marsan - Plateau C,2025-11-29,SEN Women 69,GARRIC Juliette,64.4,68.0,-73.0,75.0,88.0,93.0,96.0,75.0,96.0,171.0
NAQ - Critérium National - Mont de marsan - Plateau C,2025-11-29,SEN Women 86,LOUISON TANGUY Céline,78.7,77.0,81.0,-84.0,100.0,107.0,112.0,81.0,112.0,193.0
NAQ - Critérium National - Mont de marsan - Plateau C,2025-11-29,U15 Women 44,AKOUH Assia,43.6,-28.0,28.0,30.0,40.0,43.0,-45.0,30.0,43.0,73.0
NAQ - Critérium National - Mont de marsan - Plateau C,2025-11-29,U17 Women 48,FORTIN Camille,46.0,33.0,37.0,-40.0,44.0,47.0,50.0,37.0,50.0,87.0
NAQ - Critérium National - Mont de marsan - Plateau C,2025-11-29,U17 Women 53,BOYER Camille,50.5,40.0,42.0,43.0,53.0,56.0,58.0,43.0,58.0,101.0
NAQ - Critérium National - Mont de marsan - Plateau C,2025-11-29,U20 Women 53,RIO Oceane,52.6,-44.0,44.0,-48.0,-57.0,57.0,-60.0,44.0,57.0,101.0
NAQ - Critérium National - Mont de marsan - Plateau C,2025-11-29,U20 Women 58,SAOUT Ainoa,57.6,58.0,61.0,64.0,77.0,80.0,82.0,64.0,82.0,146.0
NAQ - Critérium National - Mont de marsan - Plateau C,2025-11-29,U20 Women 69,QUERE Eloïse,69.0,62.0,-65.0,65.0,75.0,78.0,-80.0,65.0,78.0,143.0
NAQ - Critérium National - Mont de marsan - Plateau C,2025-11-29,SEN Women 53,BIGOT Inès,52.1,60.0,62.0,63.0,-72.0,72.0,-75.0,63.0,72.0,135.0
NAQ - Critérium National - Mont de marsan - Plateau C,2025-11-29,SEN Women 53,PERVIER Raphaelle,52.0,57.0,-62.0,-62.0,65.0,-70.0,-73.0,57.0,65.0,122.0
NAQ - Critérium National - Mont de marsan - Plateau C,2025-11-29,SEN Women 63,LE GOFF Marine,60.7,62.0,65.0,-68.0,84.0,-89.0,89.0,65.0,89.0,154.0
NAQ - Critérium National - Mont de marsan - Plateau C,2025-11-29,SEN Women 69,GARRIC Juliette,64.4,68.0,-73.0,75.0,88.0,93.0,96.0,75.0,96.0,171.0
NAQ - Critérium National - Mont de marsan - Plateau C,2025-11-29,SEN Women 86,LOUISON TANGUY Céline,78.7,77.0,81.0,-84.0,100.0,107.0,112.0,81.0,112.0,193.0
NAQ - Critérium National - Mont de marsan - Plateau C,2025-11-29,U20 Women 77,M'VOUMINI Jeffy,74.0,55.0,58.0,-60.0,70.0,-73.0,-75.0,58.0,70.0,128.0
NAQ - Critérium National - Mont de marsan - Plateau C,2025-11-29,SEN Women 63,COGNARD Lise,62.4,68.0,71.0,-73.0,83.0,85.0,87.0,71.0,87.0,158.0
NAQ - Critérium National - Mont de marsan - Plateau C,2025-11-29,SEN Women 86,CREGUT DUPONT Léa,84.4,-80.0,-80.0,-80.0,96.0,-100.0,-100.0,0.0,96.0,0.0
NAQ - Critérium National - Mont de marsan - Plateau C,2025-11-29,SEN Women >86,LINGUET Ingrid,100.8,70.0,-73.0,75.0,90.0,93.0,96.0,75.0,96.0,171.0
NAQ - Critérium National - Mont de marsan - Plateau C,2025-11-29,U20 Women 77,M'VOUMINI Jeffy,74.0,55.0,58.0,-60.0,70.0,-73.0,-75.0,58.0,70.0,128.0
NAQ - Critérium National - Mont de marsan - Plateau C,2025-11-29,SEN Women 63,COGNARD Lise,62.4,68.0,71.0,-73.0,83.0,85.0,87.0,71.0,87.0,158.0
NAQ - Critérium National - Mont de marsan - Plateau C,2025-11-29,SEN Women 86,CREGUT DUPONT Léa,84.4,-80.0,-80.0,-80.0,96.0,-100.0,-100.0,0.0,96.0,0.0
NAQ - Critérium National - Mont de marsan - Plateau C,2025-11-29,SEN Women >86,LINGUET Ingrid,100.8,70.0,-73.0,75.0,90.0,93.0,96.0,75.0,96.0,171.0
NAQ - Critérium National - Mont de marsan - Plateau C,2025-11-29,U20 Men 79,ROUGE Hugo,76.8,98.0,102.0,-104.0,127.0,131.0,-134.0,102.0,131.0,233.0
NAQ - Critérium National - Mont de marsan - Plateau C,2025-11-29,SEN Men 71,RODRIGUEZ Nicolas,70.5,94.0,-97.0,-98.0,125.0,-132.0,-132.0,94.0,125.0,219.0
NAQ - Critérium National - Mont de marsan - Plateau C,2025-11-29,SEN Men 79,DUDOGNON Arthur,78.0,115.0,-120.0,120.0,140.0,145.0,-150.0,120.0,145.0,265.0
NAQ - Critérium National - Mont de marsan - Plateau C,2025-11-29,SEN Men 79,MEYNIEL Bastien,75.2,95.0,100.0,-105.0,115.0,-122.0,127.0,100.0,127.0,227.0
NAQ - Critérium National - Mont de marsan - Plateau C,2025-11-29,SEN Men 88,COSTENOBLE Thadde,87.9,107.0,-112.0,-112.0,133.0,137.0,140.0,107.0,140.0,247.0
NAQ - Critérium National - Mont de marsan - Plateau C,2025-11-29,SEN Men 94,DJALAB Brahim,93.4,110.0,-115.0,-115.0,140.0,-150.0,-150.0,110.0,140.0,250.0
NAQ - Critérium National - Mont de marsan - Plateau C,2025-11-29,U20 Men 79,ROUGE Hugo,76.8,98.0,102.0,-104.0,127.0,131.0,-134.0,102.0,131.0,233.0
NAQ - Critérium National - Mont de marsan - Plateau C,2025-11-29,SEN Men 71,RODRIGUEZ Nicolas,70.5,94.0,-97.0,-98.0,125.0,-132.0,-132.0,94.0,125.0,219.0
NAQ - Critérium National - Mont de marsan - Plateau C,2025-11-29,SEN Men 79,DUDOGNON Arthur,78.0,115.0,-120.0,120.0,140.0,145.0,-150.0,120.0,145.0,265.0
NAQ - Critérium National - Mont de marsan - Plateau C,2025-11-29,SEN Men 79,MEYNIEL Bastien,75.2,95.0,100.0,-105.0,115.0,-122.0,127.0,100.0,127.0,227.0
NAQ - Critérium National - Mont de marsan - Plateau C,2025-11-29,SEN Men 88,COSTENOBLE Thadde,87.9,107.0,-112.0,-112.0,133.0,137.0,140.0,107.0,140.0,247.0
NAQ - Critérium National - Mont de marsan - Plateau C,2025-11-29,SEN Men 94,DJALAB Brahim,93.4,110.0,-115.0,-115.0,140.0,-150.0,-150.0,110.0,140.0,250.0
NAQ - Critérium National - Mont de marsan - Plateau C,2025-11-29,U17 Men 65,SEGURA Johan,63.78,66.0,70.0,73.0,-84.0,87.0,90.0,73.0,90.0,163.0
NAQ - Critérium National - Mont de marsan - Plateau C,2025-11-29,U17 Men 71,SALVATICI Lucio,68.64,-67.0,67.0,70.0,96.0,100.0,-102.0,70.0,100.0,170.0
NAQ - Critérium National - Mont de marsan - Plateau C,2025-11-29,U20 Men 71,MAGGIO Aaron,68.19,100.0,105.0,107.0,123.0,127.0,-131.0,107.0,127.0,234.0
NAQ - Critérium National - Mont de marsan - Plateau C,2025-11-29,U20 Men 71,REY Lucas,66.3,90.0,94.0,-98.0,113.0,-116.0,-116.0,94.0,113.0,207.0
NAQ - Critérium National - Mont de marsan - Plateau C,2025-11-29,SEN Men 71,SEGURA ARBOLEDA Jophser ivan,70.48,80.0,-85.0,-85.0,100.0,-105.0,-105.0,80.0,100.0,180.0
NAQ - Critérium National - Mont de marsan - Plateau C,2025-11-29,SEN Men 79,AGUILERA Marc,78.9,105.0,110.0,-115.0,140.0,150.0,-152.0,110.0,150.0,260.0
NAQ - Critérium National - Mont de marsan - Plateau C,2025-11-29,SEN Men 79,MOLESTI Alexandre,78.25,105.0,110.0,-115.0,135.0,-143.0,-150.0,110.0,135.0,245.0
NAQ - Critérium National - Mont de marsan - Plateau C,2025-11-29,SEN Men 79,BELLOT Maxime,78.5,-100.0,-100.0,105.0,128.0,-132.0,132.0,105.0,132.0,237.0
NAQ - Critérium National - Mont de marsan - Plateau C,2025-11-29,SEN Men 79,PRECLOUX Matys,78.22,98.0,102.0,-106.0,125.0,-130.0,-131.0,102.0,125.0,227.0
NAQ - Critérium National - Mont de marsan - Plateau C,2025-11-29,U17 Men 65,SEGURA Johan,63.78,66.0,70.0,73.0,-84.0,87.0,90.0,73.0,90.0,163.0
NAQ - Critérium National - Mont de marsan - Plateau C,2025-11-29,U17 Men 71,SALVATICI Lucio,68.64,-67.0,67.0,70.0,96.0,100.0,-102.0,70.0,100.0,170.0
NAQ - Critérium National - Mont de marsan - Plateau C,2025-11-29,U20 Men 71,MAGGIO Aaron,68.19,100.0,105.0,107.0,123.0,127.0,-131.0,107.0,127.0,234.0
NAQ - Critérium National - Mont de marsan - Plateau C,2025-11-29,U20 Men 71,REY Lucas,66.3,90.0,94.0,-98.0,113.0,-116.0,-116.0,94.0,113.0,207.0
NAQ - Critérium National - Mont de marsan - Plateau C,2025-11-29,SEN Men 71,SEGURA ARBOLEDA Jophser ivan,70.48,80.0,-85.0,-85.0,100.0,-105.0,-105.0,80.0,100.0,180.0
NAQ - Critérium National - Mont de marsan - Plateau C,2025-11-29,SEN Men 79,AGUILERA Marc,78.9,105.0,110.0,-115.0,140.0,150.0,-152.0,110.0,150.0,260.0
NAQ - Critérium National - Mont de marsan - Plateau C,2025-11-29,SEN Men 79,MOLESTI Alexandre,78.25,105.0,110.0,-115.0,135.0,-143.0,-150.0,110.0,135.0,245.0
NAQ - Critérium National - Mont de marsan - Plateau C,2025-11-29,SEN Men 79,BELLOT Maxime,78.5,-100.0,-100.0,105.0,128.0,-132.0,132.0,105.0,132.0,237.0
NAQ - Critérium National - Mont de marsan - Plateau C,2025-11-29,SEN Men 79,PRECLOUX Matys,78.22,98.0,102.0,-106.0,125.0,-130.0,-131.0,102.0,125.0,227.0
NAQ - Critérium National - Mont de marsan - Plateau C,2025-11-29,U20 Women 63,RAYNAUD Laura,63.0,65.0,68.0,-70.0,80.0,84.0,-87.0,68.0,84.0,152.0
NAQ - Critérium National - Mont de marsan - Plateau C,2025-11-29,U20 Women 63,EYMERY Margot,62.0,53.0,-56.0,56.0,65.0,68.0,-71.0,56.0,68.0,124.0
NAQ - Critérium National - Mont de marsan - Plateau C,2025-11-29,U20 Women 69,MASSON Lilou,67.95,62.0,64.0,66.0,76.0,79.0,82.0,66.0,82.0,148.0
NAQ - Critérium National - Mont de marsan - Plateau C,2025-11-29,SEN Women 48,PEETERS Emilie,46.43,52.0,-54.0,-54.0,64.0,-66.0,-67.0,52.0,64.0,116.0
NAQ - Critérium National - Mont de marsan - Plateau C,2025-11-29,SEN Women 58,SCICCHITANO Emma,57.4,70.0,-74.0,-74.0,86.0,89.0,-91.0,70.0,89.0,159.0
NAQ - Critérium National - Mont de marsan - Plateau C,2025-11-29,SEN Women 58,HUND Delphine,55.9,52.0,56.0,-60.0,68.0,-71.0,-73.0,56.0,68.0,124.0
NAQ - Critérium National - Mont de marsan - Plateau C,2025-11-29,SEN Women 69,IBRAHIM Hachimia,68.25,40.0,45.0,-48.0,60.0,65.0,-69.0,45.0,65.0,110.0
NAQ - Critérium National - Mont de marsan - Plateau C,2025-11-29,SEN Women 77,DEVOS Maureen,74.77,63.0,65.0,-70.0,76.0,81.0,-84.0,65.0,81.0,146.0
NAQ - Critérium National - Mont de marsan - Plateau C,2025-11-29,SEN Women 86,BAILLY Emma,77.8,70.0,73.0,-75.0,90.0,-95.0,-95.0,73.0,90.0,163.0
NAQ - Critérium National - Mont de marsan - Plateau C,2025-11-29,U20 Women 63,RAYNAUD Laura,63.0,65.0,68.0,-70.0,80.0,84.0,-87.0,68.0,84.0,152.0
NAQ - Critérium National - Mont de marsan - Plateau C,2025-11-29,U20 Women 63,EYMERY Margot,62.0,53.0,-56.0,56.0,65.0,68.0,-71.0,56.0,68.0,124.0
NAQ - Critérium National - Mont de marsan - Plateau C,2025-11-29,U20 Women 69,MASSON Lilou,67.95,62.0,64.0,66.0,76.0,79.0,82.0,66.0,82.0,148.0
NAQ - Critérium National - Mont de marsan - Plateau C,2025-11-29,SEN Women 48,PEETERS Emilie,46.43,52.0,-54.0,-54.0,64.0,-66.0,-67.0,52.0,64.0,116.0
NAQ - Critérium National - Mont de marsan - Plateau C,2025-11-29,SEN Women 58,SCICCHITANO Emma,57.4,70.0,-74.0,-74.0,86.0,89.0,-91.0,70.0,89.0,159.0
NAQ - Critérium National - Mont de marsan - Plateau C,2025-11-29,SEN Women 58,HUND Delphine,55.9,52.0,56.0,-60.0,68.0,-71.0,-73.0,56.0,68.0,124.0
NAQ - Critérium National - Mont de marsan - Plateau C,2025-11-29,SEN Women 69,IBRAHIM Hachimia,68.25,40.0,45.0,-48.0,60.0,65.0,-69.0,45.0,65.0,110.0
NAQ - Critérium National - Mont de marsan - Plateau C,2025-11-29,SEN Women 77,DEVOS Maureen,74.77,63.0,65.0,-70.0,76.0,81.0,-84.0,65.0,81.0,146.0
NAQ - Critérium National - Mont de marsan - Plateau C,2025-11-29,SEN Women 86,BAILLY Emma,77.8,70.0,73.0,-75.0,90.0,-95.0,-95.0,73.0,90.0,163.0
NAQ - Critérium National - Mont de marsan - Plateau C,2025-11-29,U15 Women 48,BESANCENOT Juliette,46.9,39.0,41.0,43.0,50.0,53.0,55.0,43.0,55.0,98.0
NAQ - Critérium National - Mont de marsan - Plateau C,2025-11-29,U15 Women 53,TREVILLOT Jeanne,52.2,46.0,50.0,-53.0,56.0,60.0,-64.0,50.0,60.0,110.0
NAQ - Critérium National - Mont de marsan - Plateau C,2025-11-29,U17 Women 44,DUCHAUFFOUR Rose,43.6,33.0,36.0,-38.0,47.0,50.0,-52.0,36.0,50.0,86.0
NAQ - Critérium National - Mont de marsan - Plateau C,2025-11-29,U17 Women 69,ROUSSEL Naomie,67.1,58.0,61.0,63.0,72.0,76.0,-80.0,63.0,76.0,139.0
NAQ - Critérium National - Mont de marsan - Plateau C,2025-11-29,SEN Women 58,GROBOTEK MOUROT Delphine,56.2,58.0,61.0,-63.0,75.0,78.0,81.0,61.0,81.0,142.0
NAQ - Critérium National - Mont de marsan - Plateau C,2025-11-29,SEN Women 58,GORGES Armelle,55.25,59.0,62.0,66.0,70.0,-74.0,-75.0,66.0,70.0,136.0
NAQ - Critérium National - Mont de marsan - Plateau C,2025-11-29,SEN Women 63,SCHNELLER Justine,63.0,59.0,64.0,68.0,77.0,82.0,86.0,68.0,86.0,154.0
NAQ - Critérium National - Mont de marsan - Plateau C,2025-11-29,U15 Women 48,BESANCENOT Juliette,46.9,39.0,41.0,43.0,50.0,53.0,55.0,43.0,55.0,98.0
NAQ - Critérium National - Mont de marsan - Plateau C,2025-11-29,U15 Women 53,TREVILLOT Jeanne,52.2,46.0,50.0,-53.0,56.0,60.0,-64.0,50.0,60.0,110.0
NAQ - Critérium National - Mont de marsan - Plateau C,2025-11-29,U17 Women 44,DUCHAUFFOUR Rose,43.6,33.0,36.0,-38.0,47.0,50.0,-52.0,36.0,50.0,86.0
NAQ - Critérium National - Mont de marsan - Plateau C,2025-11-29,U17 Women 69,ROUSSEL Naomie,67.1,58.0,61.0,63.0,72.0,76.0,-80.0,63.0,76.0,139.0
NAQ - Critérium National - Mont de marsan - Plateau C,2025-11-29,SEN Women 58,GROBOTEK MOUROT Delphine,56.2,58.0,61.0,-63.0,75.0,78.0,81.0,61.0,81.0,142.0
NAQ - Critérium National - Mont de marsan - Plateau C,2025-11-29,SEN Women 58,GORGES Armelle,55.25,59.0,62.0,66.0,70.0,-74.0,-75.0,66.0,70.0,136.0
NAQ - Critérium National - Mont de marsan - Plateau C,2025-11-29,SEN Women 63,SCHNELLER Justine,63.0,59.0,64.0,68.0,77.0,82.0,86.0,68.0,86.0,154.0
NAQ - Critérium National - Mont de marsan - Plateau C,2025-11-29,U13 Men 36,CAUPENNE GRZESIAK Constant,27.7,16.0,18.0,20.0,22.0,24.0,26.0,20.0,26.0,46.0
NAQ - Critérium National - Mont de marsan - Plateau C,2025-11-29,U13 Men 36,CAUPENNE GRZESIAK Constant,27.7,16.0,18.0,20.0,22.0,24.0,26.0,20.0,26.0,46.0
NAQ - Critérium National - Mont de marsan - Plateau C,2025-11-29,U15 Men 52,LAPIERRE Louis,51.28,41.0,43.0,44.0,52.0,55.0,58.0,44.0,58.0,102.0
NAQ - Critérium National - Mont de marsan - Plateau C,2025-11-29,U15 Men 56,ALLA Bilal,53.07,40.0,-43.0,-43.0,50.0,53.0,55.0,40.0,55.0,95.0
NAQ - Critérium National - Mont de marsan - Plateau C,2025-11-29,U17 Men 56,GRANGER Lucas,55.7,77.0,80.0,83.0,90.0,95.0,-99.0,83.0,95.0,178.0
NAQ - Critérium National - Mont de marsan - Plateau C,2025-11-29,U17 Men 65,BELLIER--BARREAU Mathis,64.95,70.0,-73.0,73.0,80.0,84.0,-90.0,73.0,84.0,157.0
NAQ - Critérium National - Mont de marsan - Plateau C,2025-11-29,U17 Men 79,NORMAND Enzo,74.91,95.0,98.0,101.0,110.0,115.0,118.0,101.0,118.0,219.0
NAQ - Critérium National - Mont de marsan - Plateau C,2025-11-29,U17 Men 88,LEGEAY Jean,85.39,80.0,-83.0,-84.0,100.0,-105.0,-105.0,80.0,100.0,180.0
NAQ - Critérium National - Mont de marsan - Plateau C,2025-11-29,U20 Men 79,HUBERT JOUBERT Arthur,77.79,-78.0,-78.0,-78.0,-0.0,-0.0,-0.0,0.0,0.0,0.0
NAQ - Critérium National - Mont de marsan - Plateau C,2025-11-29,U20 Men 88,ROGUET Thomas,88.0,98.0,101.0,104.0,124.0,127.0,-130.0,104.0,127.0,231.0
NAQ - Critérium National - Mont de marsan - Plateau C,2025-11-29,U15 Men 52,LAPIERRE Louis,51.28,41.0,43.0,44.0,52.0,55.0,58.0,44.0,58.0,102.0
NAQ - Critérium National - Mont de marsan - Plateau C,2025-11-29,U15 Men 56,ALLA Bilal,53.07,40.0,-43.0,-43.0,50.0,53.0,55.0,40.0,55.0,95.0
NAQ - Critérium National - Mont de marsan - Plateau C,2025-11-29,U17 Men 56,GRANGER Lucas,55.7,77.0,80.0,83.0,90.0,95.0,-99.0,83.0,95.0,178.0
NAQ - Critérium National - Mont de marsan - Plateau C,2025-11-29,U17 Men 65,BELLIER--BARREAU Mathis,64.95,70.0,-73.0,73.0,80.0,84.0,-90.0,73.0,84.0,157.0
NAQ - Critérium National - Mont de marsan - Plateau C,2025-11-29,U17 Men 79,NORMAND Enzo,74.91,95.0,98.0,101.0,110.0,115.0,118.0,101.0,118.0,219.0
NAQ - Critérium National - Mont de marsan - Plateau C,2025-11-29,U17 Men 88,LEGEAY Jean,85.39,80.0,-83.0,-84.0,100.0,-105.0,-105.0,80.0,100.0,180.0
NAQ - Critérium National - Mont de marsan - Plateau C,2025-11-29,U20 Men 79,HUBERT JOUBERT Arthur,77.79,-78.0,-78.0,-78.0,-0.0,-0.0,-0.0,0.0,0.0,0.0
NAQ - Critérium National - Mont de marsan - Plateau C,2025-11-29,U20 Men 88,ROGUET Thomas,88.0,98.0,101.0,104.0,124.0,127.0,-130.0,104.0,127.0,231.0
NAQ - Critérium National - Mont de marsan - Plateau C,2025-11-29,U17 Men 79,DORIDOT Mathis,77.34,73.0,-76.0,-76.0,97.0,-100.0,-100.0,73.0,97.0,170.0
NAQ - Critérium National - Mont de marsan - Plateau C,2025-11-29,SEN Men 60,CADIEU Clement,58.29,85.0,89.0,-91.0,90.0,95.0,-0.0,89.0,95.0,184.0
NAQ - Critérium National - Mont de marsan - Plateau C,2025-11-29,SEN Men 65,BEUGLER Maiky,64.09,95.0,100.0,102.0,120.0,127.0,-0.0,102.0,127.0,229.0
NAQ - Critérium National - Mont de marsan - Plateau C,2025-11-29,SEN Men 79,MIEGEBIELLE Victor,73.49,105.0,-110.0,-110.0,132.0,-138.0,-138.0,105.0,132.0,237.0
NAQ - Critérium National - Mont de marsan - Plateau C,2025-11-29,SEN Men 79,LEBOUCHER Léo,77.86,-104.0,106.0,-110.0,131.0,-0.0,-0.0,106.0,131.0,237.0
NAQ - Critérium National - Mont de marsan - Plateau C,2025-11-29,SEN Men 79,QUINIOU Maxime,77.59,90.0,95.0,102.0,-117.0,122.0,125.0,102.0,125.0,227.0
NAQ - Critérium National - Mont de marsan - Plateau C,2025-11-29,SEN Men 94,TONDEUX Vianney,90.75,93.0,98.0,103.0,133.0,138.0,-143.0,103.0,138.0,241.0
NAQ - Critérium National - Mont de marsan - Plateau C,2025-11-29,SEN Men 110,HAISSANT Alexandre,105.78,116.0,120.0,124.0,-147.0,-147.0,-147.0,124.0,0.0,0.0
NAQ - Critérium National - Mont de marsan - Plateau C,2025-11-29,U17 Men 79,DORIDOT Mathis,77.34,73.0,-76.0,-76.0,97.0,-100.0,-100.0,73.0,97.0,170.0
NAQ - Critérium National - Mont de marsan - Plateau C,2025-11-29,SEN Men 60,CADIEU Clement,58.29,85.0,89.0,-91.0,90.0,95.0,-0.0,89.0,95.0,184.0
NAQ - Critérium National - Mont de marsan - Plateau C,2025-11-29,SEN Men 65,BEUGLER Maiky,64.09,95.0,100.0,102.0,120.0,127.0,-0.0,102.0,127.0,229.0
NAQ - Critérium National - Mont de marsan - Plateau C,2025-11-29,SEN Men 79,MIEGEBIELLE Victor,73.49,105.0,-110.0,-110.0,132.0,-138.0,-138.0,105.0,132.0,237.0
NAQ - Critérium National - Mont de marsan - Plateau C,2025-11-29,SEN Men 79,LEBOUCHER Léo,77.86,-104.0,106.0,-110.0,131.0,-0.0,-0.0,106.0,131.0,237.0
NAQ - Critérium National - Mont de marsan - Plateau C,2025-11-29,SEN Men 79,QUINIOU Maxime,77.59,90.0,95.0,102.0,-117.0,122.0,125.0,102.0,125.0,227.0
NAQ - Critérium National - Mont de marsan - Plateau C,2025-11-29,SEN Men 94,TONDEUX Vianney,90.75,93.0,98.0,103.0,133.0,138.0,-143.0,103.0,138.0,241.0
NAQ - Critérium National - Mont de marsan - Plateau C,2025-11-29,SEN Men 110,HAISSANT Alexandre,105.78,116.0,120.0,124.0,-147.0,-147.0,-147.0,124.0,0.0,0.0
NAQ - Critérium National - Mont de marsan - Plateau C,2025-11-29,U17 Women 48,FERRAND COGNON Lyna,48.0,33.0,-36.0,-36.0,-43.0,43.0,46.0,33.0,46.0,79.0
NAQ - Critérium National - Mont de marsan - Plateau C,2025-11-29,U17 Women >77,GLASSIER Barbara,134.89,40.0,43.0,45.0,55.0,58.0,60.0,45.0,60.0,105.0
NAQ - Critérium National - Mont de marsan - Plateau C,2025-11-29,U20 Women 58,GARNIER Camille,58.0,43.0,-46.0,46.0,54.0,56.0,58.0,46.0,58.0,104.0
NAQ - Critérium National - Mont de marsan - Plateau C,2025-11-29,U20 Women >86,COGNON Loubna,97.36,68.0,-71.0,-72.0,90.0,-95.0,-95.0,68.0,90.0,158.0
NAQ - Critérium National - Mont de marsan - Plateau C,2025-11-29,SEN Women 58,HERVAULT Jeanne,57.14,-70.0,70.0,72.0,85.0,90.0,-0.0,72.0,90.0,162.0
NAQ - Critérium National - Mont de marsan - Plateau C,2025-11-29,SEN Women 58,TRIMECH Nourhene,56.37,60.0,64.0,-66.0,80.0,-84.0,84.0,64.0,84.0,148.0
NAQ - Critérium National - Mont de marsan - Plateau C,2025-11-29,SEN Women 58,LUCAS Carla,57.14,65.0,-68.0,-70.0,72.0,-78.0,-78.0,65.0,72.0,137.0
NAQ - Critérium National - Mont de marsan - Plateau C,2025-11-29,SEN Women 58,BILLON Anaelle,58.0,63.0,-65.0,-66.0,-85.0,-85.0,-85.0,63.0,0.0,0.0
NAQ - Critérium National - Mont de marsan - Plateau C,2025-11-29,SEN Women 63,BARROCHE Clemence,60.83,-53.0,53.0,56.0,70.0,75.0,-78.0,56.0,75.0,131.0
NAQ - Critérium National - Mont de marsan - Plateau C,2025-11-29,SEN Women 63,PRIOUZEAU Florine,62.32,-65.0,65.0,-69.0,-81.0,-81.0,-83.0,65.0,0.0,0.0
NAQ - Critérium National - Mont de marsan - Plateau C,2025-11-29,SEN Women 77,CHOYER Anissa,72.63,63.0,-65.0,65.0,-83.0,83.0,-85.0,65.0,83.0,148.0
NAQ - Critérium National - Mont de marsan - Plateau C,2025-11-29,U17 Women 48,FERRAND COGNON Lyna,48.0,33.0,-36.0,-36.0,-43.0,43.0,46.0,33.0,46.0,79.0
NAQ - Critérium National - Mont de marsan - Plateau C,2025-11-29,U17 Women >77,GLASSIER Barbara,134.89,40.0,43.0,45.0,55.0,58.0,60.0,45.0,60.0,105.0
NAQ - Critérium National - Mont de marsan - Plateau C,2025-11-29,U20 Women 58,GARNIER Camille,58.0,43.0,-46.0,46.0,54.0,56.0,58.0,46.0,58.0,104.0
NAQ - Critérium National - Mont de marsan - Plateau C,2025-11-29,U20 Women >86,COGNON Loubna,97.36,68.0,-71.0,-72.0,90.0,-95.0,-95.0,68.0,90.0,158.0
NAQ - Critérium National - Mont de marsan - Plateau C,2025-11-29,SEN Women 58,HERVAULT Jeanne,57.14,-70.0,70.0,72.0,85.0,90.0,-0.0,72.0,90.0,162.0
NAQ - Critérium National - Mont de marsan - Plateau C,2025-11-29,SEN Women 58,TRIMECH Nourhene,56.37,60.0,64.0,-66.0,80.0,-84.0,84.0,64.0,84.0,148.0
NAQ - Critérium National - Mont de marsan - Plateau C,2025-11-29,SEN Women 58,LUCAS Carla,57.14,65.0,-68.0,-70.0,72.0,-78.0,-78.0,65.0,72.0,137.0
NAQ - Critérium National - Mont de marsan - Plateau C,2025-11-29,SEN Women 58,BILLON Anaelle,58.0,63.0,-65.0,-66.0,-85.0,-85.0,-85.0,63.0,0.0,0.0
NAQ - Critérium National - Mont de marsan - Plateau C,2025-11-29,SEN Women 63,BARROCHE Clemence,60.83,-53.0,53.0,56.0,70.0,75.0,-78.0,56.0,75.0,131.0
NAQ - Critérium National - Mont de marsan - Plateau C,2025-11-29,SEN Women 63,PRIOUZEAU Florine,62.32,-65.0,65.0,-69.0,-81.0,-81.0,-83.0,65.0,0.0,0.0
NAQ - Critérium National - Mont de marsan - Plateau C,2025-11-29,SEN Women 77,CHOYER Anissa,72.63,63.0,-65.0,65.0,-83.0,83.0,-85.0,65.0,83.0,148.0
NAQ - Critérium National - Mont de marsan - Plateau C,2025-11-29,U15 Men 56,BOUCKÉ Luc,54.08,45.0,48.0,-0.0,62.0,65.0,68.0,48.0,68.0,116.0
NAQ - Critérium National - Mont de marsan - Plateau C,2025-11-29,U15 Men 56,LUTUN Nathan,52.44,35.0,38.0,40.0,46.0,50.0,52.0,40.0,52.0,92.0
NAQ - Critérium National - Mont de marsan - Plateau C,2025-11-29,U15 Men 56,WADOUX WIEL Adam,52.95,32.0,35.0,-39.0,48.0,51.0,-54.0,35.0,51.0,86.0
NAQ - Critérium National - Mont de marsan - Plateau C,2025-11-29,U15 Men 60,DESCHRYVER Oscar,59.1,47.0,-50.0,52.0,63.0,70.0,-72.0,52.0,70.0,122.0
NAQ - Critérium National - Mont de marsan - Plateau C,2025-11-29,U15 Men 79,ALLAYS RAMACKERS Enguerrand,73.38,79.0,83.0,86.0,95.0,100.0,-103.0,86.0,100.0,186.0
NAQ - Critérium National - Mont de marsan - Plateau C,2025-11-29,U17 Men 60,BOUKHARTA Zakaria,58.62,68.0,71.0,-73.0,78.0,83.0,-85.0,71.0,83.0,154.0
NAQ - Critérium National - Mont de marsan - Plateau C,2025-11-29,U17 Men 65,HUYGHE Clément,62.24,65.0,68.0,-72.0,82.0,89.0,-90.0,68.0,89.0,157.0
NAQ - Critérium National - Mont de marsan - Plateau C,2025-11-29,U17 Men 71,BOCKSTAL Aaron,69.95,60.0,64.0,-66.0,-80.0,80.0,84.0,64.0,84.0,148.0
NAQ - Critérium National - Mont de marsan - Plateau C,2025-11-29,U17 Men 79,DESCHRYVER Arthur,76.06,83.0,87.0,-90.0,110.0,118.0,-125.0,87.0,118.0,205.0
NAQ - Critérium National - Mont de marsan - Plateau C,2025-11-29,U20 Men 60,DA ROSA SIMOES Bernardo,59.2,70.0,-76.0,-76.0,-92.0,-92.0,92.0,70.0,92.0,162.0
NAQ - Critérium National - Mont de marsan - Plateau C,2025-11-29,U20 Men 65,DEHANE Raphael,60.75,-65.0,65.0,68.0,90.0,96.0,-98.0,68.0,96.0,164.0
NAQ - Critérium National - Mont de marsan - Plateau C,2025-11-29,U20 Men 79,DUFOUR Quentin,77.89,95.0,98.0,-101.0,-113.0,113.0,-117.0,98.0,113.0,211.0
NAQ - Critérium National - Mont de marsan - Plateau C,2025-11-29,U20 Men 79,GELE Ulysse,76.36,87.0,-91.0,94.0,105.0,110.0,-117.0,94.0,110.0,204.0
NAQ - Critérium National - Mont de marsan - Plateau C,2025-11-29,U20 Men 79,FAUVARQUE Kiliane,76.2,79.0,82.0,84.0,98.0,-102.0,105.0,84.0,105.0,189.0
NAQ - Critérium National - Mont de marsan - Plateau C,2025-11-29,U20 Men 79,PRUVOST Luc,78.85,72.0,-75.0,-78.0,105.0,108.0,-112.0,72.0,108.0,180.0
NAQ - Critérium National - Mont de marsan - Plateau C,2025-11-29,U15 Men 56,BOUCKÉ Luc,54.08,45.0,48.0,-0.0,62.0,65.0,68.0,48.0,68.0,116.0
NAQ - Critérium National - Mont de marsan - Plateau C,2025-11-29,U15 Men 56,LUTUN Nathan,52.44,35.0,38.0,40.0,46.0,50.0,52.0,40.0,52.0,92.0
NAQ - Critérium National - Mont de marsan - Plateau C,2025-11-29,U15 Men 56,WADOUX WIEL Adam,52.95,32.0,35.0,-39.0,48.0,51.0,-54.0,35.0,51.0,86.0
NAQ - Critérium National - Mont de marsan - Plateau C,2025-11-29,U15 Men 60,DESCHRYVER Oscar,59.1,47.0,-50.0,52.0,63.0,70.0,-72.0,52.0,70.0,122.0
NAQ - Critérium National - Mont de marsan - Plateau C,2025-11-29,U15 Men 79,ALLAYS RAMACKERS Enguerrand,73.38,79.0,83.0,86.0,95.0,100.0,-103.0,86.0,100.0,186.0
NAQ - Critérium National - Mont de marsan - Plateau C,2025-11-29,U17 Men 60,BOUKHARTA Zakaria,58.62,68.0,71.0,-73.0,78.0,83.0,-85.0,71.0,83.0,154.0
NAQ - Critérium National - Mont de marsan - Plateau C,2025-11-29,U17 Men 65,HUYGHE Clément,62.24,65.0,68.0,-72.0,82.0,89.0,-90.0,68.0,89.0,157.0
NAQ - Critérium National - Mont de marsan - Plateau C,2025-11-29,U17 Men 71,BOCKSTAL Aaron,69.95,60.0,64.0,-66.0,-80.0,80.0,84.0,64.0,84.0,148.0
NAQ - Critérium National - Mont de marsan - Plateau C,2025-11-29,U17 Men 79,DESCHRYVER Arthur,76.06,83.0,87.0,-90.0,110.0,118.0,-125.0,87.0,118.0,205.0
NAQ - Critérium National - Mont de marsan - Plateau C,2025-11-29,U20 Men 60,DA ROSA SIMOES Bernardo,59.2,70.0,-76.0,-76.0,-92.0,-92.0,92.0,70.0,92.0,162.0
NAQ - Critérium National - Mont de marsan - Plateau C,2025-11-29,U20 Men 65,DEHANE Raphael,60.75,-65.0,65.0,68.0,90.0,96.0,-98.0,68.0,96.0,164.0
NAQ - Critérium National - Mont de marsan - Plateau C,2025-11-29,U20 Men 79,DUFOUR Quentin,77.89,95.0,98.0,-101.0,-113.0,113.0,-117.0,98.0,113.0,211.0
NAQ - Critérium National - Mont de marsan - Plateau C,2025-11-29,U20 Men 79,GELE Ulysse,76.36,87.0,-91.0,94.0,105.0,110.0,-117.0,94.0,110.0,204.0
NAQ - Critérium National - Mont de marsan - Plateau C,2025-11-29,U20 Men 79,FAUVARQUE Kiliane,76.2,79.0,82.0,84.0,98.0,-102.0,105.0,84.0,105.0,189.0
NAQ - Critérium National - Mont de marsan - Plateau C,2025-11-29,U20 Men 79,PRUVOST Luc,78.85,72.0,-75.0,-78.0,105.0,108.0,-112.0,72.0,108.0,180.0
NAQ - Critérium National - Mont de marsan - Plateau C,2025-11-29,U20 Women 53,PHAM Lee na,52.33,62.0,-66.0,-67.0,76.0,81.0,-85.0,62.0,81.0,143.0
NAQ - Critérium National - Mont de marsan - Plateau C,2025-11-29,U20 Women 58,EL KORRICHI Aisha,58.0,-50.0,-50.0,-0.0,-0.0,-0.0,-0.0,0.0,0.0,0.0
NAQ - Critérium National - Mont de marsan - Plateau C,2025-11-29,U20 Women 58,ROUSSEL Julie,55.82,-67.0,-0.0,-0.0,-0.0,-0.0,-0.0,0.0,0.0,0.0
NAQ - Critérium National - Mont de marsan - Plateau C,2025-11-29,U20 Women 63,RICHEZ Albane,60.42,50.0,-53.0,-53.0,62.0,-66.0,-66.0,50.0,62.0,112.0
NAQ - Critérium National - Mont de marsan - Plateau C,2025-11-29,U20 Women 69,"NSEGMA Danielle, maelle",68.88,-60.0,60.0,-62.0,70.0,-76.0,-76.0,60.0,70.0,130.0
NAQ - Critérium National - Mont de marsan - Plateau C,2025-11-29,U20 Women 69,FONTENELLE Lea,68.61,53.0,-56.0,56.0,63.0,67.0,-70.0,56.0,67.0,123.0
NAQ - Critérium National - Mont de marsan - Plateau C,2025-11-29,U20 Women 77,HELMLINGER Tess,72.15,65.0,-68.0,68.0,75.0,80.0,-85.0,68.0,80.0,148.0
NAQ - Critérium National - Mont de marsan - Plateau C,2025-11-29,U20 Women >86,JAN Manon,114.96,-60.0,60.0,-65.0,80.0,85.0,-88.0,60.0,85.0,145.0
NAQ - Critérium National - Mont de marsan - Plateau C,2025-11-29,SEN Women 53,SAINT MAXENT Manon,52.62,65.0,70.0,-72.0,80.0,85.0,-90.0,70.0,85.0,155.0
NAQ - Critérium National - Mont de marsan - Plateau C,2025-11-29,SEN Women 53,MATHUREL Kalia,50.34,52.0,55.0,57.0,63.0,67.0,-70.0,57.0,67.0,124.0
NAQ - Critérium National - Mont de marsan - Plateau C,2025-11-29,SEN Women 53,ESTEOULLE Chloë,52.54,52.0,-55.0,-56.0,64.0,67.0,-70.0,52.0,67.0,119.0
NAQ - Critérium National - Mont de marsan - Plateau C,2025-11-29,SEN Women 58,LECLERCQ Elixane,57.98,57.0,61.0,64.0,76.0,-80.0,84.0,64.0,84.0,148.0
NAQ - Critérium National - Mont de marsan - Plateau C,2025-11-29,SEN Women 63,BACQUAERT Marie,62.35,60.0,64.0,-67.0,78.0,82.0,-86.0,64.0,82.0,146.0
NAQ - Critérium National - Mont de marsan - Plateau C,2025-11-29,SEN Women 69,GROSJEAN Caroline,67.76,-65.0,-65.0,65.0,-82.0,82.0,-86.0,65.0,82.0,147.0
NAQ - Critérium National - Mont de marsan - Plateau C,2025-11-29,U20 Women 53,PHAM Lee na,52.33,62.0,-66.0,-67.0,76.0,81.0,-85.0,62.0,81.0,143.0
NAQ - Critérium National - Mont de marsan - Plateau C,2025-11-29,U20 Women 58,EL KORRICHI Aisha,58.0,-50.0,-50.0,-0.0,-0.0,-0.0,-0.0,0.0,0.0,0.0
NAQ - Critérium National - Mont de marsan - Plateau C,2025-11-29,U20 Women 58,ROUSSEL Julie,55.82,-67.0,-0.0,-0.0,-0.0,-0.0,-0.0,0.0,0.0,0.0
NAQ - Critérium National - Mont de marsan - Plateau C,2025-11-29,U20 Women 63,RICHEZ Albane,60.42,50.0,-53.0,-53.0,62.0,-66.0,-66.0,50.0,62.0,112.0
NAQ - Critérium National - Mont de marsan - Plateau C,2025-11-29,U20 Women 69,"NSEGMA Danielle, maelle",68.88,-60.0,60.0,-62.0,70.0,-76.0,-76.0,60.0,70.0,130.0
NAQ - Critérium National - Mont de marsan - Plateau C,2025-11-29,U20 Women 69,FONTENELLE Lea,68.61,53.0,-56.0,56.0,63.0,67.0,-70.0,56.0,67.0,123.0
NAQ - Critérium National - Mont de marsan - Plateau C,2025-11-29,U20 Women 77,HELMLINGER Tess,72.15,65.0,-68.0,68.0,75.0,80.0,-85.0,68.0,80.0,148.0
NAQ - Critérium National - Mont de marsan - Plateau C,2025-11-29,U20 Women >86,JAN Manon,114.96,-60.0,60.0,-65.0,80.0,85.0,-88.0,60.0,85.0,145.0
NAQ - Critérium National - Mont de marsan - Plateau C,2025-11-29,SEN Women 53,SAINT MAXENT Manon,52.62,65.0,70.0,-72.0,80.0,85.0,-90.0,70.0,85.0,155.0
NAQ - Critérium National - Mont de marsan - Plateau C,2025-11-29,SEN Women 53,MATHUREL Kalia,50.34,52.0,55.0,57.0,63.0,67.0,-70.0,57.0,67.0,124.0
NAQ - Critérium National - Mont de marsan - Plateau C,2025-11-29,SEN Women 53,ESTEOULLE Chloë,52.54,52.0,-55.0,-56.0,64.0,67.0,-70.0,52.0,67.0,119.0
NAQ - Critérium National - Mont de marsan - Plateau C,2025-11-29,SEN Women 58,LECLERCQ Elixane,57.98,57.0,61.0,64.0,76.0,-80.0,84.0,64.0,84.0,148.0
NAQ - Critérium National - Mont de marsan - Plateau C,2025-11-29,SEN Women 63,BACQUAERT Marie,62.35,60.0,64.0,-67.0,78.0,82.0,-86.0,64.0,82.0,146.0
NAQ - Critérium National - Mont de marsan - Plateau C,2025-11-29,SEN Women 69,GROSJEAN Caroline,67.76,-65.0,-65.0,65.0,-82.0,82.0,-86.0,65.0,82.0,147.0
NAQ - Critérium National - Mont de marsan - Plateau C,2025-11-29,SEN Men 60,BARTHELEMY Florent,57.75,72.0,-76.0,-76.0,102.0,-106.0,106.0,72.0,106.0,178.0
NAQ - Critérium National - Mont de marsan - Plateau C,2025-11-29,SEN Men 71,SOM Hanzo,69.4,-105.0,-105.0,105.0,-132.0,132.0,-142.0,105.0,132.0,237.0
NAQ - Critérium National - Mont de marsan - Plateau C,2025-11-29,SEN Men 71,GATNER Arthur,70.08,95.0,98.0,-100.0,-122.0,122.0,-128.0,98.0,122.0,220.0
NAQ - Critérium National - Mont de marsan - Plateau C,2025-11-29,SEN Men 71,ALINANT Sebastien,65.92,88.0,91.0,94.0,113.0,-117.0,-117.0,94.0,113.0,207.0
NAQ - Critérium National - Mont de marsan - Plateau C,2025-11-29,SEN Men 79,FOURNIER Hugo,71.46,100.0,-104.0,105.0,120.0,125.0,-130.0,105.0,125.0,230.0
NAQ - Critérium National - Mont de marsan - Plateau C,2025-11-29,SEN Men 79,DUPONT Maxence,75.92,98.0,102.0,106.0,118.0,123.0,127.0,106.0,127.0,233.0
NAQ - Critérium National - Mont de marsan - Plateau C,2025-11-29,SEN Men 79,BAKHOUY Mehdi,78.55,-98.0,100.0,-105.0,130.0,-137.0,137.0,100.0,137.0,237.0
NAQ - Critérium National - Mont de marsan - Plateau C,2025-11-29,SEN Men 79,MOULRONT Hugo,74.24,95.0,-100.0,-101.0,113.0,117.0,-121.0,95.0,117.0,212.0
NAQ - Critérium National - Mont de marsan - Plateau C,2025-11-29,SEN Men 88,BACQUAERT Rémi,81.9,105.0,109.0,-113.0,135.0,140.0,-145.0,109.0,140.0,249.0
NAQ - Critérium National - Mont de marsan - Plateau C,2025-11-29,SEN Men 88,RAIMONDI Matteo,86.0,-108.0,-110.0,-111.0,-0.0,-0.0,-0.0,0.0,0.0,0.0
NAQ - Critérium National - Mont de marsan - Plateau C,2025-11-29,SEN Men 94,FONTENELLE Vincent,93.0,120.0,-125.0,125.0,150.0,-160.0,-0.0,125.0,150.0,275.0
NAQ - Critérium National - Mont de marsan - Plateau C,2025-11-29,SEN Men 110,DJASSIDJI Willy,95.52,-115.0,120.0,-125.0,145.0,-152.0,-153.0,120.0,145.0,265.0
NAQ - Critérium National - Mont de marsan - Plateau C,2025-11-29,SEN Men 110,MICHEL Arthur,109.18,122.0,127.0,130.0,141.0,-146.0,-0.0,130.0,141.0,271.0
NAQ - Critérium National - Mont de marsan - Plateau C,2025-11-29,SEN Men 60,BARTHELEMY Florent,57.75,72.0,-76.0,-76.0,102.0,-106.0,106.0,72.0,106.0,178.0
NAQ - Critérium National - Mont de marsan - Plateau C,2025-11-29,SEN Men 71,SOM Hanzo,69.4,-105.0,-105.0,105.0,-132.0,132.0,-142.0,105.0,132.0,237.0
NAQ - Critérium National - Mont de marsan - Plateau C,2025-11-29,SEN Men 71,GATNER Arthur,70.08,95.0,98.0,-100.0,-122.0,122.0,-128.0,98.0,122.0,220.0
NAQ - Critérium National - Mont de marsan - Plateau C,2025-11-29,SEN Men 71,ALINANT Sebastien,65.92,88.0,91.0,94.0,113.0,-117.0,-117.0,94.0,113.0,207.0
NAQ - Critérium National - Mont de marsan - Plateau C,2025-11-29,SEN Men 79,FOURNIER Hugo,71.46,100.0,-104.0,105.0,120.0,125.0,-130.0,105.0,125.0,230.0
NAQ - Critérium National - Mont de marsan - Plateau C,2025-11-29,SEN Men 79,DUPONT Maxence,75.92,98.0,102.0,106.0,118.0,123.0,127.0,106.0,127.0,233.0
NAQ - Critérium National - Mont de marsan - Plateau C,2025-11-29,SEN Men 79,BAKHOUY Mehdi,78.55,-98.0,100.0,-105.0,130.0,-137.0,137.0,100.0,137.0,237.0
NAQ - Critérium National - Mont de marsan - Plateau C,2025-11-29,SEN Men 79,MOULRONT Hugo,74.24,95.0,-100.0,-101.0,113.0,117.0,-121.0,95.0,117.0,212.0
NAQ - Critérium National - Mont de marsan - Plateau C,2025-11-29,SEN Men 88,BACQUAERT Rémi,81.9,105.0,109.0,-113.0,135.0,140.0,-145.0,109.0,140.0,249.0
NAQ - Critérium National - Mont de marsan - Plateau C,2025-11-29,SEN Men 88,RAIMONDI Matteo,86.0,-108.0,-110.0,-111.0,-0.0,-0.0,-0.0,0.0,0.0,0.0
NAQ - Critérium National - Mont de marsan - Plateau C,2025-11-29,SEN Men 94,FONTENELLE Vincent,93.0,120.0,-125.0,125.0,150.0,-160.0,-0.0,125.0,150.0,275.0
NAQ - Critérium National - Mont de marsan - Plateau C,2025-11-29,SEN Men 110,DJASSIDJI Willy,95.52,-115.0,120.0,-125.0,145.0,-152.0,-153.0,120.0,145.0,265.0
NAQ - Critérium National - Mont de marsan - Plateau C,2025-11-29,SEN Men 110,MICHEL Arthur,109.18,122.0,127.0,130.0,141.0,-146.0,-0.0,130.0,141.0,271.0
NAQ - Critérium National - Mont de marsan - Plateau C,2025-11-29,U15 Women 48,FERRANDIN Camille,46.96,25.0,27.0,-29.0,32.0,34.0,-36.0,27.0,34.0,61.0
NAQ - Critérium National - Mont de marsan - Plateau C,2025-11-29,U15 Women 58,VILFEU Inaia,57.65,41.0,43.0,-45.0,49.0,52.0,-55.0,43.0,52.0,95.0
NAQ - Critérium National - Mont de marsan - Plateau C,2025-11-29,U15 Women 63,FERRE Roxane,63.0,40.0,42.0,44.0,38.0,41.0,-43.0,44.0,41.0,85.0
NAQ - Critérium National - Mont de marsan - Plateau C,2025-11-29,U15 Women >69,LECHAT Apoline,81.35,40.0,42.0,44.0,52.0,55.0,57.0,44.0,57.0,101.0
NAQ - Critérium National - Mont de marsan - Plateau C,2025-11-29,U15 Women 48,FERRANDIN Camille,46.96,25.0,27.0,-29.0,32.0,34.0,-36.0,27.0,34.0,61.0
NAQ - Critérium National - Mont de marsan - Plateau C,2025-11-29,U15 Women 58,VILFEU Inaia,57.65,41.0,43.0,-45.0,49.0,52.0,-55.0,43.0,52.0,95.0
NAQ - Critérium National - Mont de marsan - Plateau C,2025-11-29,U15 Women 63,FERRE Roxane,63.0,40.0,42.0,44.0,38.0,41.0,-43.0,44.0,41.0,85.0
NAQ - Critérium National - Mont de marsan - Plateau C,2025-11-29,U15 Women >69,LECHAT Apoline,81.35,40.0,42.0,44.0,52.0,55.0,57.0,44.0,57.0,101.0
NAQ - Critérium National - Mont de marsan - Plateau C,2025-11-29,U10 Men ,PRUDHOMME Simeon,37.44,12.0,13.0,14.0,17.0,18.0,20.0,14.0,20.0,34.0
NAQ - Critérium National - Mont de marsan - Plateau C,2025-11-29,U10 Men ,MEZIERE Angel,29.79,8.0,9.0,10.0,14.0,15.0,16.0,10.0,16.0,26.0
NAQ - Critérium National - Mont de marsan - Plateau C,2025-11-29,U10 Men ,THOMAIN Calixte,29.2,7.0,8.0,9.0,13.0,-14.0,14.0,9.0,14.0,23.0
NAQ - Critérium National - Mont de marsan - Plateau C,2025-11-29,U13 Men 36,DAMENE Nadir,32.2,10.0,12.0,-14.0,10.0,12.0,14.0,12.0,14.0,26.0
NAQ - Critérium National - Mont de marsan - Plateau C,2025-11-29,U13 Men 42,LECHAT Thibaut,39.55,17.0,18.0,19.0,25.0,27.0,29.0,19.0,29.0,48.0
NAQ - Critérium National - Mont de marsan - Plateau C,2025-11-29,U13 Men 42,PIAU Hylanis,39.24,17.0,18.0,-19.0,22.0,24.0,26.0,18.0,26.0,44.0
NAQ - Critérium National - Mont de marsan - Plateau C,2025-11-29,U13 Men 52,LAPIERRE Robin,52.0,29.0,31.0,33.0,-39.0,39.0,41.0,33.0,41.0,74.0
NAQ - Critérium National - Mont de marsan - Plateau C,2025-11-29,U13 Men 60,BURON Shawn,58.9,-25.0,25.0,27.0,30.0,32.0,34.0,27.0,34.0,61.0
NAQ - Critérium National - Mont de marsan - Plateau C,2025-11-29,U13 Men 65,MEDARD Lorenzo,60.65,26.0,28.0,30.0,36.0,38.0,40.0,30.0,40.0,70.0
NAQ - Critérium National - Mont de marsan - Plateau C,2025-11-29,U13 Women 35,FERRAND COGNON Kali,30.49,15.0,17.0,19.0,21.0,-23.0,23.0,19.0,23.0,42.0
NAQ - Critérium National - Mont de marsan - Plateau C,2025-11-29,U13 Women 63,GLASSIER Maude,62.02,23.0,25.0,27.0,30.0,32.0,34.0,27.0,34.0,61.0
NAQ - Critérium National - Mont de marsan - Plateau C,2025-11-29,U13 Women >63,FOURNIER Alice,64.98,32.0,34.0,36.0,40.0,42.0,44.0,36.0,44.0,80.0
NAQ - Critérium National - Mont de marsan - Plateau C,2025-11-29,U13 Women >63,LOMBARD Elodie,77.44,25.0,27.0,29.0,30.0,-32.0,32.0,29.0,32.0,61.0
NAQ - Critérium National - Mont de marsan - Plateau C,2025-11-29,U13 Women >63,BOUSSION Abby,70.9,-22.0,22.0,-24.0,26.0,28.0,30.0,22.0,30.0,52.0
NAQ - Critérium National - Mont de marsan - Plateau C,2025-11-29,U10 Men ,PRUDHOMME Simeon,37.44,12.0,13.0,14.0,17.0,18.0,20.0,14.0,20.0,34.0
NAQ - Critérium National - Mont de marsan - Plateau C,2025-11-29,U10 Men ,MEZIERE Angel,29.79,8.0,9.0,10.0,14.0,15.0,16.0,10.0,16.0,26.0
NAQ - Critérium National - Mont de marsan - Plateau C,2025-11-29,U10 Men ,THOMAIN Calixte,29.2,7.0,8.0,9.0,13.0,-14.0,14.0,9.0,14.0,23.0
NAQ - Critérium National - Mont de marsan - Plateau C,2025-11-29,U13 Men 36,DAMENE Nadir,32.2,10.0,12.0,-14.0,10.0,12.0,14.0,12.0,14.0,26.0
NAQ - Critérium National - Mont de marsan - Plateau C,2025-11-29,U13 Men 42,LECHAT Thibaut,39.55,17.0,18.0,19.0,25.0,27.0,29.0,19.0,29.0,48.0
NAQ - Critérium National - Mont de marsan - Plateau C,2025-11-29,U13 Men 42,PIAU Hylanis,39.24,17.0,18.0,-19.0,22.0,24.0,26.0,18.0,26.0,44.0
NAQ - Critérium National - Mont de marsan - Plateau C,2025-11-29,U13 Men 52,LAPIERRE Robin,52.0,29.0,31.0,33.0,-39.0,39.0,41.0,33.0,41.0,74.0
NAQ - Critérium National - Mont de marsan - Plateau C,2025-11-29,U13 Men 60,BURON Shawn,58.9,-25.0,25.0,27.0,30.0,32.0,34.0,27.0,34.0,61.0
NAQ - Critérium National - Mont de marsan - Plateau C,2025-11-29,U13 Men 65,MEDARD Lorenzo,60.65,26.0,28.0,30.0,36.0,38.0,40.0,30.0,40.0,70.0
NAQ - Critérium National - Mont de marsan - Plateau C,2025-11-29,U13 Women 35,FERRAND COGNON Kali,30.49,15.0,17.0,19.0,21.0,-23.0,23.0,19.0,23.0,42.0
NAQ - Critérium National - Mont de marsan - Plateau C,2025-11-29,U13 Women 63,GLASSIER Maude,62.02,23.0,25.0,27.0,30.0,32.0,34.0,27.0,34.0,61.0
NAQ - Critérium National - Mont de marsan - Plateau C,2025-11-29,U13 Women >63,FOURNIER Alice,64.98,32.0,34.0,36.0,40.0,42.0,44.0,36.0,44.0,80.0
NAQ - Critérium National - Mont de marsan - Plateau C,2025-11-29,U13 Women >63,LOMBARD Elodie,77.44,25.0,27.0,29.0,30.0,-32.0,32.0,29.0,32.0,61.0
NAQ - Critérium National - Mont de marsan - Plateau C,2025-11-29,U13 Women >63,BOUSSION Abby,70.9,-22.0,22.0,-24.0,26.0,28.0,30.0,22.0,30.0,52.0
