meet,date,age_category,lifter,body_weight_(kg),snatch_lift_1,snatch_lift_2,snatch_lift_3,c&j_lift_1,c&j_lift_2,c&j_lift_3,best_snatch,best_c&j,total
"The 2023 Nike North American Open Finals, powered by Rogue",2023-12-10,Open Men's +109kg,Aaron Williams,176.75,-175,-178,178,220,229,-238,178,229,407
"The 2023 Nike North American Open Finals, powered by Rogue",2023-12-10,Open Men's +109kg,Jacob Herbert,165.4,151,158,163,185,191,-195,163,191,354
"The 2023 Nike North American Open Finals, powered by Rogue",2023-12-10,Open Men's 102kg,Ryan Sester,101.83,155,160,-165,190,-200,-205,160,190,350
"The 2023 Nike North American Open Finals, powered by Rogue",2023-12-10,Open Men's 109kg,Drake Thompson,107.53,149,155,161,-185,186,-192,161,186,347
"The 2023 Nike North American Open Finals, powered by Rogue",2023-12-10,Open Men's +109kg,Cesar Flores,158.7,148,-152,-153,192,196,-200,148,196,344
"The 2023 Nike North American Open Finals, powered by Rogue",2023-12-10,Open Men's +109kg,Dimitri Albury,180.1,-146,146,-151,-192,192,197,146,197,343
"The 2023 Nike North American Open Finals, powered by Rogue",2023-12-10,Open Men's 109kg,Xavier Borde,109,143,148,152,180,-188,188,152,188,340
"The 2023 Nike North American Open Finals, powered by Rogue",2023-12-10,Open Men's +109kg,Matthew Naugle,127.35,152,-156,-156,183,-188,188,152,188,340
"The 2023 Nike North American Open Finals, powered by Rogue",2023-12-09,Open Men's 96kg,Daniel Dodd,95.27,143,-148,148,182,-188,190,148,190,338
"The 2023 Nike North American Open Finals, powered by Rogue",2023-12-10,Open Men's +109kg,Zachary Huse,118.75,140,144,-148,185,-190,193,144,193,337
"The 2023 Nike North American Open Finals, powered by Rogue",2023-12-09,Open Men's 96kg,Chrisanto D'Agostino,95.8,147,-151,-152,178,184,189,147,189,336
"The 2023 Nike North American Open Finals, powered by Rogue",2023-12-10,Open Men's +109kg,Michael Bloomfield,133.8,142,148,153,175,183,-193,153,183,336
"The 2023 Nike North American Open Finals, powered by Rogue",2023-12-09,Open Men's 96kg,Layne Palm,95.86,150,-153,153,-180,182,-187,153,182,335
"The 2023 Nike North American Open Finals, powered by Rogue",2023-12-10,Open Men's 109kg,James Tice,109,145,150,-156,173,-178,182,150,182,332
"The 2023 Nike North American Open Finals, powered by Rogue",2023-12-10,Open Men's 102kg,Caleb Weakland,101.3,139,144,150,-173,175,180,150,180,330
"The 2023 Nike North American Open Finals, powered by Rogue",2023-12-09,Open Men's 96kg,Benson Robles,95.78,142,-147,-148,180,188,-195,142,188,330
"The 2023 Nike North American Open Finals, powered by Rogue",2023-12-10,Open Men's +109kg,Sung An,128.65,140,145,-150,-182,184,-191,145,184,329
"The 2023 Nike North American Open Finals, powered by Rogue",2023-12-10,Open Men's 109kg,Colin Reis,107.45,137,-142,142,178,183,187,142,187,329
"The 2023 Nike North American Open Finals, powered by Rogue",2023-12-10,Men's Masters (35-39) +109kg,Thomas Duer,110.2,142,147,-151,172,-177,180,147,180,327
"The 2023 Nike North American Open Finals, powered by Rogue",2023-12-10,Open Men's 109kg,Jacob Mattrella,105.5,-142,142,-148,180,185,-191,142,185,327
"The 2023 Nike North American Open Finals, powered by Rogue",2023-12-10,Open Men's 102kg,Alexander Chiang,101.66,140,-144,145,180,-185,-185,145,180,325
"The 2023 Nike North American Open Finals, powered by Rogue",2023-12-09,Open Men's 96kg,Beau Brown,95.99,-143,144,-148,177,181,-187,144,181,325
"The 2023 Nike North American Open Finals, powered by Rogue",2023-12-10,Open Men's +109kg,David Jorge,119.8,143,-150,150,173,-182,-183,150,173,323
"The 2023 Nike North American Open Finals, powered by Rogue",2023-12-10,Open Men's 102kg,John Hosler,99.75,140,144,-147,172,177,-182,144,177,321
"The 2023 Nike North American Open Finals, powered by Rogue",2023-12-08,Open Men's 81kg,Edward Ginnan,81,-141,141,-146,180,-185,-185,141,180,321
"The 2023 Nike North American Open Finals, powered by Rogue",2023-12-10,Open Men's 102kg,Joshua Magee,98.63,150,-155,-156,170,-177,-178,150,170,320
"The 2023 Nike North American Open Finals, powered by Rogue",2023-12-09,Open Men's 89kg,Jonathan Morrow,88.45,141,145,-149,-170,171,175,145,175,320
"The 2023 Nike North American Open Finals, powered by Rogue",2023-12-09,Open Men's 89kg,Will Easley,88.95,136,-141,-143,177,-183,183,136,183,319
"The 2023 Nike North American Open Finals, powered by Rogue",2023-12-09,Open Men's 96kg,Jaimerius Williams,93.03,143,-149,151,163,-173,-176,151,163,314
"The 2023 Nike North American Open Finals, powered by Rogue",2023-12-09,Men's 16-17 Age Group 89kg,Kyle Martin Jr.,87.85,137,143,-149,170,-178,-180,143,170,313
"The 2023 Nike North American Open Finals, powered by Rogue",2023-12-09,Open Men's 96kg,Jimmy Marquez,95.22,-136,136,138,175,-180,-180,138,175,313
"The 2023 Nike North American Open Finals, powered by Rogue",2023-12-10,Open Men's +109kg,Jean Laguerre Jr.,137.85,-135,135,-140,170,175,-182,135,175,310
"The 2023 Nike North American Open Finals, powered by Rogue",2023-12-09,Open Men's 96kg,Huntington Hayes,94.69,-134,134,140,160,165,170,140,170,310
"The 2023 Nike North American Open Finals, powered by Rogue",2023-12-10,Open Men's 102kg,Ryan Helton,100.72,130,-135,135,173,-177,-177,135,173,308
"The 2023 Nike North American Open Finals, powered by Rogue",2023-12-09,Open Men's 89kg,Robert Durant,88.15,130,135,-140,167,-172,173,135,173,308
"The 2023 Nike North American Open Finals, powered by Rogue",2023-12-10,Open Men's 109kg,Benjamin Brancaleon,105.4,133,140,145,-163,163,-170,145,163,308
"The 2023 Nike North American Open Finals, powered by Rogue",2023-12-09,Open Men's 89kg,Zackary Burks,87.9,130,133,135,165,169,172,135,172,307
"The 2023 Nike North American Open Finals, powered by Rogue",2023-12-10,Open Men's 102kg,Adam White,100.93,-130,130,137,170,-175,-175,137,170,307
"The 2023 Nike North American Open Finals, powered by Rogue",2023-12-08,Open Men's 81kg,Troy Fries,80.81,130,135,-138,167,172,-176,135,172,307
"The 2023 Nike North American Open Finals, powered by Rogue",2023-12-10,Open Men's 109kg,Andrew Guevara,107.25,137,-140,-140,170,-176,-176,137,170,307
"The 2023 Nike North American Open Finals, powered by Rogue",2023-12-08,Open Men's 81kg,Hutton Boles,79.87,131,-136,139,160,164,167,139,167,306
"The 2023 Nike North American Open Finals, powered by Rogue",2023-12-10,Open Men's 109kg,Mike Fleming,108.1,131,135,-140,157,163,170,135,170,305
"The 2023 Nike North American Open Finals, powered by Rogue",2023-12-10,Open Men's 109kg,Patrick Whitmore,108.25,133,-137,-137,165,169,172,133,172,305
"The 2023 Nike North American Open Finals, powered by Rogue",2023-12-10,Open Men's 102kg,Jacob Rebman,101.85,122,128,134,170,-176,-177,134,170,304
"The 2023 Nike North American Open Finals, powered by Rogue",2023-12-10,Open Men's +109kg,Dylan Douglass,124.95,118,123,-130,172,-176,180,123,180,303
"The 2023 Nike North American Open Finals, powered by Rogue",2023-12-10,Open Men's 102kg,Charles Shervheim,100.7,119,124,128,168,175,-182,128,175,303
"The 2023 Nike North American Open Finals, powered by Rogue",2023-12-10,Men's Masters (35-39) 102kg,Caleb Johnson,101.64,132,-136,138,165,-170,-171,138,165,303
"The 2023 Nike North American Open Finals, powered by Rogue",2023-12-09,Open Men's 96kg,Noah Bradley,94.58,124,128,133,160,170,-172,133,170,303
"The 2023 Nike North American Open Finals, powered by Rogue",2023-12-10,Open Men's 109kg,Jabo Nguyen,108.4,130,-135,-135,172,-182,-185,130,172,302
"The 2023 Nike North American Open Finals, powered by Rogue",2023-12-10,Open Men's 109kg,David Moehling,104.4,130,135,-137,165,-170,-170,135,165,300
"The 2023 Nike North American Open Finals, powered by Rogue",2023-12-10,Open Men's 109kg,Denali Scoular,108.15,122,127,-132,168,-173,173,127,173,300
"The 2023 Nike North American Open Finals, powered by Rogue",2023-12-09,Open Men's 89kg,George Upmeyer,89,130,135,-140,160,-165,165,135,165,300
"The 2023 Nike North American Open Finals, powered by Rogue",2023-12-10,Open Men's 102kg,Scott Harris,101.15,127,-132,135,165,-172,-175,135,165,300
"The 2023 Nike North American Open Finals, powered by Rogue",2023-12-10,Open Men's 109kg,Mike Swift,107.95,125,132,137,-162,162,-170,137,162,299
"The 2023 Nike North American Open Finals, powered by Rogue",2023-12-09,Open Men's 89kg,Wyatt Coffey,88.25,135,-139,-142,-162,163,-170,135,163,298
"The 2023 Nike North American Open Finals, powered by Rogue",2023-12-10,Open Men's 102kg,Joshua Mayhew,101.18,123,-127,128,165,170,-175,128,170,298
"The 2023 Nike North American Open Finals, powered by Rogue",2023-12-10,Open Men's 109kg,Kincaid Young,108.85,125,129,-133,-168,169,-179,129,169,298
"The 2023 Nike North American Open Finals, powered by Rogue",2023-12-10,Open Men's +109kg,Chris Garvey,124.65,128,-133,-133,165,170,-175,128,170,298
"The 2023 Nike North American Open Finals, powered by Rogue",2023-12-09,Open Men's 96kg,Gladimy Coffy,95.69,132,-137,-137,-165,165,-170,132,165,297
"The 2023 Nike North American Open Finals, powered by Rogue",2023-12-09,Open Men's 96kg,Chase Durham,95.01,-131,131,-136,161,165,-170,131,165,296
"The 2023 Nike North American Open Finals, powered by Rogue",2023-12-10,Open Men's 102kg,Trevor Scantling,99.1,130,-134,-136,160,163,166,130,166,296
"The 2023 Nike North American Open Finals, powered by Rogue",2023-12-10,Open Men's 109kg,Devon Kell,107.2,131,-136,-137,165,-170,-170,131,165,296
"The 2023 Nike North American Open Finals, powered by Rogue",2023-12-10,Open Men's +109kg,Jake Anderson,126.35,130,135,-140,155,161,-165,135,161,296
"The 2023 Nike North American Open Finals, powered by Rogue",2023-12-09,Open Men's 89kg,Lucas Zelehowsky,86.6,125,129,133,155,-162,162,133,162,295
"The 2023 Nike North American Open Finals, powered by Rogue",2023-12-10,Open Men's 109kg,Ajeet Seenivasan,108.15,125,130,-134,155,160,165,130,165,295
"The 2023 Nike North American Open Finals, powered by Rogue",2023-12-10,Open Men's 102kg,Mason Whitehead,97.57,125,-130,-130,165,170,-175,125,170,295
"The 2023 Nike North American Open Finals, powered by Rogue",2023-12-08,Open Men's 81kg,Conner Popielarz,80.54,127,-131,-131,163,168,-173,127,168,295
"The 2023 Nike North American Open Finals, powered by Rogue",2023-12-09,Open Men's 89kg,Spencer Green,86.7,125,129,-133,160,166,-171,129,166,295
"The 2023 Nike North American Open Finals, powered by Rogue",2023-12-09,Men's Masters (35-39) 96kg,Christopher Branam,95.72,124,128,132,158,-162,162,132,162,294
"The 2023 Nike North American Open Finals, powered by Rogue",2023-12-09,Open Men's 96kg,Andrew Gilcrest,94.28,127,-132,132,157,162,-167,132,162,294
"The 2023 Nike North American Open Finals, powered by Rogue",2023-12-09,Open Men's 89kg,Dominique Laster,83.2,130,135,-140,158,-163,-165,135,158,293
"The 2023 Nike North American Open Finals, powered by Rogue",2023-12-10,Open Men's 102kg,Jacob Tegeler,100.8,124,129,-133,158,163,-168,129,163,292
"The 2023 Nike North American Open Finals, powered by Rogue",2023-12-09,Open Men's 96kg,Alexander Connery,95.46,127,132,-136,-160,160,-168,132,160,292
"The 2023 Nike North American Open Finals, powered by Rogue",2023-12-09,Open Men's 96kg,Michael Sin,95.7,-126,-126,126,161,166,-170,126,166,292
"The 2023 Nike North American Open Finals, powered by Rogue",2023-12-08,Open Men's 81kg,Marc Marquez,81,125,-130,130,162,-166,-167,130,162,292
"The 2023 Nike North American Open Finals, powered by Rogue",2023-12-09,Open Men's 96kg,Deivy De La Hoz,95.67,132,136,-140,155,-160,-162,136,155,291
"The 2023 Nike North American Open Finals, powered by Rogue",2023-12-09,Open Men's 89kg,Grant Pierson,88.6,125,129,-133,155,161,-164,129,161,290
"The 2023 Nike North American Open Finals, powered by Rogue",2023-12-09,Men's Masters (35-39) 96kg,Jabari Prince,94.23,-125,125,-130,155,-161,165,125,165,290
"The 2023 Nike North American Open Finals, powered by Rogue",2023-12-08,Open Men's 81kg,George Averitt,80.37,-122,124,128,-160,160,-169,128,160,288
"The 2023 Nike North American Open Finals, powered by Rogue",2023-12-09,Open Men's 96kg,Nathan Prokop,94.63,123,-128,-128,161,165,-170,123,165,288
"The 2023 Nike North American Open Finals, powered by Rogue",2023-12-10,Open Men's 109kg,Bronson Mintun,108.45,-130,133,-138,150,155,-163,133,155,288
"The 2023 Nike North American Open Finals, powered by Rogue",2023-12-09,Open Men's 89kg,Nathan Moore,86.8,123,128,-133,160,-167,-167,128,160,288
"The 2023 Nike North American Open Finals, powered by Rogue",2023-12-10,Open Men's 102kg,Alex Casey III,101.55,-125,-125,125,155,162,-168,125,162,287
"The 2023 Nike North American Open Finals, powered by Rogue",2023-12-10,Men's Masters (35-39) +109kg,Timothy Clouatre,119.95,120,125,130,150,-157,157,130,157,287
"The 2023 Nike North American Open Finals, powered by Rogue",2023-12-09,Open Men's 96kg,Cameron Fyffe,93.63,124,128,132,-154,154,-159,132,154,286
"The 2023 Nike North American Open Finals, powered by Rogue",2023-12-09,Open Men's 89kg,Anthony DeCristofaro,88.4,125,-128,128,154,158,-162,128,158,286
"The 2023 Nike North American Open Finals, powered by Rogue",2023-12-09,Men's 16-17 Age Group 96kg,Lawrence Hooper,95.15,120,125,129,145,151,157,129,157,286
"The 2023 Nike North American Open Finals, powered by Rogue",2023-12-10,Men's Masters (35-39) 109kg,Ryan Hansen,107.81,125,-130,-131,-160,160,-171,125,160,285
"The 2023 Nike North American Open Finals, powered by Rogue",2023-12-10,Men's Masters (35-39) 109kg,Albert Chun,107.3,120,-124,125,-160,160,-164,125,160,285
"The 2023 Nike North American Open Finals, powered by Rogue",2023-12-09,Open Men's 89kg,Kaison Uehara,88.45,-115,118,121,158,-161,163,121,163,284
"The 2023 Nike North American Open Finals, powered by Rogue",2023-12-09,Open Men's 89kg,James Battaglia,88.7,112,-117,118,160,166,-172,118,166,284
"The 2023 Nike North American Open Finals, powered by Rogue",2023-12-10,Men's Masters (35-39) 109kg,Aaron Torres,108.95,121,-125,-125,-153,155,163,121,163,284
"The 2023 Nike North American Open Finals, powered by Rogue",2023-12-09,Open Men's 89kg,Dakota Hooper,88.3,-116,117,-121,164,-173,-174,117,164,281
"The 2023 Nike North American Open Finals, powered by Rogue",2023-12-09,Open Men's 89kg,KEVIN FRAME,87.95,-125,-125,125,151,156,-160,125,156,281
"The 2023 Nike North American Open Finals, powered by Rogue",2023-12-09,Men's Masters (35-39) 89kg,Joseph Cosenza,85.75,120,-125,125,149,-155,155,125,155,280
"The 2023 Nike North American Open Finals, powered by Rogue",2023-12-09,Open Men's 89kg,Arron Tate,88,120,-124,125,-152,155,-160,125,155,280
"The 2023 Nike North American Open Finals, powered by Rogue",2023-12-10,Open Men's 102kg,Grant Reed,97.8,122,-127,-127,156,-161,-162,122,156,278
"The 2023 Nike North American Open Finals, powered by Rogue",2023-12-08,Open Men's 73kg,Morgan Rummel,72.4,120,123,126,-148,149,152,126,152,278
"The 2023 Nike North American Open Finals, powered by Rogue",2023-12-09,Open Men's 89kg,Thomas Brown,88.4,118,122,-130,151,156,-160,122,156,278
"The 2023 Nike North American Open Finals, powered by Rogue",2023-12-08,Open Men's 81kg,Trevor Owens,80.42,119,123,-126,155,-160,-162,123,155,278
"The 2023 Nike North American Open Finals, powered by Rogue",2023-12-09,Open Men's 89kg,Matthew Bernier,87.9,120,124,-129,153,-157,-158,124,153,277
"The 2023 Nike North American Open Finals, powered by Rogue",2023-12-10,Men's Masters (35-39) +109kg,Keith Hicks,123.25,124,-127,127,150,-155,-155,127,150,277
"The 2023 Nike North American Open Finals, powered by Rogue",2023-12-10,Open Men's 109kg,Will Said,105.6,-125,-125,125,-152,-152,152,125,152,277
"The 2023 Nike North American Open Finals, powered by Rogue",2023-12-09,Open Men's 89kg,Maximilian Califf,88.65,116,-121,-121,155,160,-165,116,160,276
"The 2023 Nike North American Open Finals, powered by Rogue",2023-12-08,Open Men's 81kg,Joseph Axtell,81,-120,120,-125,150,155,-160,120,155,275
"The 2023 Nike North American Open Finals, powered by Rogue",2023-12-10,Men's Masters (40-44) +109kg,Matthew Boyd,139.8,-125,125,-130,150,-155,-155,125,150,275
"The 2023 Nike North American Open Finals, powered by Rogue",2023-12-10,Men's Masters (40-44) 109kg,John Smith,106.6,117,124,-130,145,151,-156,124,151,275
"The 2023 Nike North American Open Finals, powered by Rogue",2023-12-08,Open Men's 81kg,Jack Walbye,80.35,115,120,123,147,-152,152,123,152,275
"The 2023 Nike North American Open Finals, powered by Rogue",2023-12-08,Open Men's 81kg,Tyree Harris II,80.4,117,121,-125,146,153,-160,121,153,274
"The 2023 Nike North American Open Finals, powered by Rogue",2023-12-10,Men's Masters (35-39) +109kg,Matthew Adamcheck,118.05,110,115,120,150,153,0,120,153,273
"The 2023 Nike North American Open Finals, powered by Rogue",2023-12-08,Open Men's 73kg,Jacob OConnor,72.2,117,120,-123,148,152,-157,120,152,272
"The 2023 Nike North American Open Finals, powered by Rogue",2023-12-10,Men's Masters (35-39) +109kg,Francisco Barrios,124.1,117,-123,-124,149,-155,155,117,155,272
"The 2023 Nike North American Open Finals, powered by Rogue",2023-12-08,Men's 16-17 Age Group 73kg,Ryan McDonald,72.25,-115,115,119,148,152,-160,119,152,271
"The 2023 Nike North American Open Finals, powered by Rogue",2023-12-08,Open Men's 81kg,Andrew Malec,80.6,-121,-121,123,-145,-146,147,123,147,270
"The 2023 Nike North American Open Finals, powered by Rogue",2023-12-08,Open Men's 81kg,Javan Freyenberger,80.7,116,120,123,142,147,-152,123,147,270
"The 2023 Nike North American Open Finals, powered by Rogue",2023-12-07,Open Men's 61kg,gabe chhum,60.8,117,-122,125,145,-150,-152,125,145,270
"The 2023 Nike North American Open Finals, powered by Rogue",2023-12-08,Open Men's 81kg,Thomas Bednar,80.66,122,-125,-125,147,-152,-155,122,147,269
"The 2023 Nike North American Open Finals, powered by Rogue",2023-12-08,Open Men's 81kg,Primo Murillo,80.7,110,114,118,143,150,-157,118,150,268
"The 2023 Nike North American Open Finals, powered by Rogue",2023-12-08,Open Men's 81kg,Ryan Walsh,80.7,117,121,-124,-145,145,-147,121,145,266
"The 2023 Nike North American Open Finals, powered by Rogue",2023-12-10,Men's Masters (40-44) +109kg,Brandon Davis,113.25,115,120,123,143,-148,-150,123,143,266
"The 2023 Nike North American Open Finals, powered by Rogue",2023-12-09,Open Men's 89kg,Joseph Gomez,86.6,-117,117,121,145,-150,-150,121,145,266
"The 2023 Nike North American Open Finals, powered by Rogue",2023-12-10,Men's 16-17 Age Group +102kg,Junius Fullard,110,110,115,120,140,145,-151,120,145,265
"The 2023 Nike North American Open Finals, powered by Rogue",2023-12-08,Open Men's 81kg,Benjamin Gabriel,79.85,-112,115,-118,150,-156,-156,115,150,265
"The 2023 Nike North American Open Finals, powered by Rogue",2023-12-08,Open Men's 81kg,Jack Buis,78.6,110,-114,115,143,149,-155,115,149,264
"The 2023 Nike North American Open Finals, powered by Rogue",2023-12-08,Open Men's 73kg,Ethan Bowen,72.75,110,115,-120,145,148,-152,115,148,263
"The 2023 Nike North American Open Finals, powered by Rogue",2023-12-10,Men's Masters (35-39) 102kg,Stephen Butcher,102,107,114,120,135,143,-150,120,143,263
"The 2023 Nike North American Open Finals, powered by Rogue",2023-12-08,Open Men's 81kg,Cory Ebert,80.25,110,113,-115,145,-150,150,113,150,263
"The 2023 Nike North American Open Finals, powered by Rogue",2023-12-10,Men's Masters (40-44) +109kg,Gavin Hough,132,113,118,-121,145,-150,-151,118,145,263
"The 2023 Nike North American Open Finals, powered by Rogue",2023-12-08,Open Men's 81kg,Alexander Souvall,80.75,114,118,-122,143,-148,-148,118,143,261
"The 2023 Nike North American Open Finals, powered by Rogue",2023-12-08,Open Men's 81kg,Garrett Hess,80.3,117,-121,-122,140,-144,144,117,144,261
"The 2023 Nike North American Open Finals, powered by Rogue",2023-12-08,Men's Masters (35-39) 81kg,Domenic Aversa,80.45,113,116,118,-143,143,-147,118,143,261
"The 2023 Nike North American Open Finals, powered by Rogue",2023-12-08,Open Men's 73kg,Samuel McGinnity,73,111,-113,-113,150,-157,-161,111,150,261
"The 2023 Nike North American Open Finals, powered by Rogue",2023-12-08,Men's 16-17 Age Group 81kg,Kale Bunce,76.5,112,116,118,136,141,-146,118,141,259
"The 2023 Nike North American Open Finals, powered by Rogue",2023-12-08,Open Men's 81kg,Jose Barajas,78.95,-112,-113,113,145,-149,-154,113,145,258
"The 2023 Nike North American Open Finals, powered by Rogue",2023-12-07,Open Men's 67kg,Evan Fukuhara,66.37,111,-116,-116,141,-144,145,111,145,256
"The 2023 Nike North American Open Finals, powered by Rogue",2023-12-08,Men's Masters (35-39) 81kg,Timothy Walker,80.7,111,-115,-115,145,-150,-150,111,145,256
"The 2023 Nike North American Open Finals, powered by Rogue",2023-12-08,Open Men's 73kg,Greg Cook,73,114,117,120,131,136,-140,120,136,256
"The 2023 Nike North American Open Finals, powered by Rogue",2023-12-08,Men's Masters (35-39) 81kg,John Gilleland,80.75,114,-116,-116,-141,-141,141,114,141,255
"The 2023 Nike North American Open Finals, powered by Rogue",2023-12-10,Men's Masters (35-39) +109kg,Pablo Castillo,139.75,105,110,-115,-145,-145,145,110,145,255
"The 2023 Nike North American Open Finals, powered by Rogue",2023-12-08,Open Men's 73kg,Concepcion Cruz-Rodriguez,72.15,108,112,-116,139,-143,143,112,143,255
"The 2023 Nike North American Open Finals, powered by Rogue",2023-12-08,Open Men's 73kg,Cory O'Connor,72.05,110,-113,-115,140,145,-150,110,145,255
"The 2023 Nike North American Open Finals, powered by Rogue",2023-12-09,Men's Masters (35-39) 89kg,Jacob Elder,84.9,105,110,-115,145,-150,-150,110,145,255
"The 2023 Nike North American Open Finals, powered by Rogue",2023-12-09,Men's Masters (35-39) 89kg,Michael Espinosa,87.1,109,116,-122,133,138,-141,116,138,254
"The 2023 Nike North American Open Finals, powered by Rogue",2023-12-09,Men's Masters (35-39) 89kg,Justin Tebedo,88.65,109,-112,-115,135,-140,143,109,143,252
"The 2023 Nike North American Open Finals, powered by Rogue",2023-12-09,Men's 16-17 Age Group 89kg,Ethan Janssen,86.95,108,112,115,-130,130,137,115,137,252
"The 2023 Nike North American Open Finals, powered by Rogue",2023-12-10,Men's 16-17 Age Group 102kg,nathan varney,96.7,102,-107,-107,133,140,150,102,150,252
"The 2023 Nike North American Open Finals, powered by Rogue",2023-12-10,Men's Masters (40-44) 102kg,Jordan Jacobs,100.15,-110,110,-115,140,-147,-154,110,140,250
"The 2023 Nike North American Open Finals, powered by Rogue",2023-12-08,Open Men's 73kg,Nathan Gonzaga,71.9,102,105,110,135,140,-145,110,140,250
"The 2023 Nike North American Open Finals, powered by Rogue",2023-12-10,Men's Masters (40-44) +109kg,Aaron Scott,135.85,110,115,-119,130,134,-138,115,134,249
"The 2023 Nike North American Open Finals, powered by Rogue",2023-12-08,Men's Masters (35-39) 81kg,David Young,81,114,-118,-119,-134,134,-140,114,134,248
"The 2023 Nike North American Open Finals, powered by Rogue",2023-12-08,Men's 16-17 Age Group 73kg,Kevin Hill,72.65,106,110,-113,138,-141,-142,110,138,248
"The 2023 Nike North American Open Finals, powered by Rogue",2023-12-08,Open Men's 73kg,Jacob Flores,72.6,-102,103,108,135,139,-143,108,139,247
"The 2023 Nike North American Open Finals, powered by Rogue",2023-12-08,Open Men's 73kg,Jonathan Hayes,72.65,-108,108,-111,135,139,-143,108,139,247
"The 2023 Nike North American Open Finals, powered by Rogue",2023-12-10,Men's Masters (35-39) 102kg,Jose Cruz Richardson,101.15,110,114,-117,123,127,133,114,133,247
"The 2023 Nike North American Open Finals, powered by Rogue",2023-12-08,Open Men's 73kg,Noah Ranno,72.55,106,-110,-112,136,140,-145,106,140,246
"The 2023 Nike North American Open Finals, powered by Rogue",2023-12-08,Open Men's 73kg,Ross Twanmoh,72.55,106,-109,-110,135,140,-143,106,140,246
"The 2023 Nike North American Open Finals, powered by Rogue",2023-12-08,Open Men's 73kg,Justin Barber,70.7,108,112,-115,128,133,-138,112,133,245
"The 2023 Nike North American Open Finals, powered by Rogue",2023-12-10,Men's Masters (50-54) +109kg,Gregory Vallee,113.9,95,-98,102,130,136,142,102,142,244
"The 2023 Nike North American Open Finals, powered by Rogue",2023-12-08,Open Men's 73kg,alec coulter,72.95,104,110,-116,134,-141,-144,110,134,244
"The 2023 Nike North American Open Finals, powered by Rogue",2023-12-10,Men's Masters (40-44) 109kg,Charlie Spry,108.45,100,105,-109,130,-135,139,105,139,244
"The 2023 Nike North American Open Finals, powered by Rogue",2023-12-08,Men's Masters (40-44) 81kg,juan leo baltierra,79.9,108,-112,-112,130,135,-140,108,135,243
"The 2023 Nike North American Open Finals, powered by Rogue",2023-12-10,Men's Masters (40-44) 109kg,Brandon Duffner,105.95,104,108,-114,130,135,-140,108,135,243
"The 2023 Nike North American Open Finals, powered by Rogue",2023-12-07,Open Men's 67kg,Jeffrey Suarez,66.56,-105,-105,106,135,-140,-142,106,135,241
"The 2023 Nike North American Open Finals, powered by Rogue",2023-12-08,Open Men's 73kg,Stewart Ragan,73,105,108,-111,124,128,132,108,132,240
"The 2023 Nike North American Open Finals, powered by Rogue",2023-12-07,Open Men's 67kg,Angelo Kelly,67,99,-102,-103,-135,-138,141,99,141,240
"The 2023 Nike North American Open Finals, powered by Rogue",2023-12-08,Open Men's 73kg,Jacob Lynch,71,96,99,-103,135,140,-145,99,140,239
"The 2023 Nike North American Open Finals, powered by Rogue",2023-12-07,Open Men's 67kg,Ruchit Patel,65.6,-102,103,107,-132,132,-136,107,132,239
"The 2023 Nike North American Open Finals, powered by Rogue",2023-12-09,Men's Masters (40-44) 89kg,William Bromley,88.35,100,104,-108,130,134,-139,104,134,238
"The 2023 Nike North American Open Finals, powered by Rogue",2023-12-08,Men's Masters (40-44) 81kg,Timothy Johnson,78.25,102,105,107,125,130,-134,107,130,237
"The 2023 Nike North American Open Finals, powered by Rogue",2023-12-07,Open Men's 67kg,Christopher Camenares,65.47,100,105,-109,125,-130,132,105,132,237
"The 2023 Nike North American Open Finals, powered by Rogue",2023-12-08,Open Men's 73kg,Jacob Cadieux,72.05,101,105,-108,127,132,-134,105,132,237
"The 2023 Nike North American Open Finals, powered by Rogue",2023-12-09,Men's Masters (35-39) 89kg,Gregory Malnassy,89,96,-100,104,-128,128,132,104,132,236
"The 2023 Nike North American Open Finals, powered by Rogue",2023-12-09,Men's Masters (55-59) 96kg,Robert Arroyo,93.06,103,106,108,-123,125,128,108,128,236
"The 2023 Nike North American Open Finals, powered by Rogue",2023-12-08,Open Men's 73kg,Jason Ryu,72.15,98,-102,102,-134,-134,134,102,134,236
"The 2023 Nike North American Open Finals, powered by Rogue",2023-12-09,Men's 16-17 Age Group 89kg,Dylan Satkunam,84.8,98,-102,-103,128,131,138,98,138,236
"The 2023 Nike North American Open Finals, powered by Rogue",2023-12-10,Men's Masters (50-54) +109kg,Charles Arcario,109.75,105,-110,-110,-130,130,-135,105,130,235
"The 2023 Nike North American Open Finals, powered by Rogue",2023-12-07,Open Men's 67kg,Evan Gehret,66.06,102,106,108,126,-131,-131,108,126,234
"The 2023 Nike North American Open Finals, powered by Rogue",2023-12-08,Open Men's 73kg,Chase Dolfi,73,103,106,-109,125,128,-131,106,128,234
"The 2023 Nike North American Open Finals, powered by Rogue",2023-12-09,Men's Masters (35-39) 89kg,cameron williams,84.8,-106,106,-109,124,128,-130,106,128,234
"The 2023 Nike North American Open Finals, powered by Rogue",2023-12-08,Men's Masters (35-39) 73kg,Steve Yanda,72.9,100,104,-106,125,130,-135,104,130,234
"The 2023 Nike North American Open Finals, powered by Rogue",2023-12-08,Men's 16-17 Age Group 81kg,Joshua Canet,77,-103,103,108,125,-130,-132,108,125,233
"The 2023 Nike North American Open Finals, powered by Rogue",2023-12-08,Men's Masters (40-44) 81kg,Tim Geiman,81,95,100,-106,125,-130,133,100,133,233
"The 2023 Nike North American Open Finals, powered by Rogue",2023-12-10,Open Women's 87kg,Sarah Barnett,86.3,98,101,-103,126,130,132,101,132,233
"The 2023 Nike North American Open Finals, powered by Rogue",2023-12-09,Men's Masters (40-44) 89kg,Jonathan Halbreich,85.24,100,-104,104,120,-125,128,104,128,232
"The 2023 Nike North American Open Finals, powered by Rogue",2023-12-08,Men's Masters (35-39) 73kg,Moses Corbell,71.9,-98,98,101,124,-128,131,101,131,232
"The 2023 Nike North American Open Finals, powered by Rogue",2023-12-10,Open Women's 87kg,Kayla Kass,82.38,99,102,-105,122,126,130,102,130,232
"The 2023 Nike North American Open Finals, powered by Rogue",2023-12-09,Men's Masters (35-39) 89kg,Nicholas Lee,85.9,-98,98,102,125,129,-133,102,129,231
"The 2023 Nike North American Open Finals, powered by Rogue",2023-12-09,Men's Masters (40-44) 96kg,Matthew Kaplan,95.7,94,98,-101,129,133,-137,98,133,231
"The 2023 Nike North American Open Finals, powered by Rogue",2023-12-10,Open Women's +87kg,Caitlin Thilges,138.85,85,-90,90,130,132,140,90,140,230
"The 2023 Nike North American Open Finals, powered by Rogue",2023-12-10,Men's Masters (35-39) 102kg,Craig Cirillo,100.65,94,98,-102,122,127,132,98,132,230
"The 2023 Nike North American Open Finals, powered by Rogue",2023-12-09,Men's Masters (35-39) 89kg,Zachary Leach,87.69,96,-100,102,122,128,-130,102,128,230
"The 2023 Nike North American Open Finals, powered by Rogue",2023-12-09,Men's 16-17 Age Group 89kg,Isaque Costa,88.21,-100,100,105,124,-128,-128,105,124,229
"The 2023 Nike North American Open Finals, powered by Rogue",2023-12-08,Men's Masters (35-39) 73kg,onan marroquin,72.3,93,97,101,123,127,-131,101,127,228
"The 2023 Nike North American Open Finals, powered by Rogue",2023-12-08,Open Men's 73kg,Martin Glenn-Adams,71.4,98,-102,-103,125,130,-135,98,130,228
"The 2023 Nike North American Open Finals, powered by Rogue",2023-12-09,Open Women's 76kg,Estelle Rohr,73.65,93,96,100,122,-126,127,100,127,227
"The 2023 Nike North American Open Finals, powered by Rogue",2023-12-09,Open Women's 76kg,Mariah Park,75.8,95,100,-102,123,-126,127,100,127,227
"The 2023 Nike North American Open Finals, powered by Rogue",2023-12-08,Men's Masters (35-39) 81kg,Telesforo Dacanay,80,-96,-96,96,-125,125,130,96,130,226
"The 2023 Nike North American Open Finals, powered by Rogue",2023-12-09,Men's Masters (45-49) 96kg,Kurby Brown Jr,95.02,-93,93,100,120,-123,125,100,125,225
"The 2023 Nike North American Open Finals, powered by Rogue",2023-12-10,Men's Masters (50-54) +109kg,Anthony Walker,115.05,95,99,-103,126,-132,-132,99,126,225
"The 2023 Nike North American Open Finals, powered by Rogue",2023-12-09,Men's 14-15 Age Group 89kg,Jeremy Gillihan,87.84,97,-100,100,120,125,-130,100,125,225
"The 2023 Nike North American Open Finals, powered by Rogue",2023-12-08,Men's 14-15 Age Group 73kg,Roy  Maher,71.3,95,100,-103,125,-134,-134,100,125,225
"The 2023 Nike North American Open Finals, powered by Rogue",2023-12-09,Men's 16-17 Age Group 96kg,Edward Quillin,93.77,98,104,-111,120,-127,-131,104,120,224
"The 2023 Nike North American Open Finals, powered by Rogue",2023-12-10,Men's Masters (45-49) 102kg,Jonathan Herrera,98.95,95,100,-105,115,123,-130,100,123,223
"The 2023 Nike North American Open Finals, powered by Rogue",2023-12-08,Men's Masters (35-39) 81kg,Chris Funderburk,80.75,95,98,100,115,120,123,100,123,223
"The 2023 Nike North American Open Finals, powered by Rogue",2023-12-08,Men's Masters (35-39) 81kg,Erlando James Abilo,77.95,86,89,91,123,127,131,91,131,222
"The 2023 Nike North American Open Finals, powered by Rogue",2023-12-10,Open Women's +87kg,Katlin Kallmeyer,124.05,92,-96,96,125,-130,-130,96,125,221
"The 2023 Nike North American Open Finals, powered by Rogue",2023-12-09,Men's Masters (40-44) 89kg,Datton Nguyen,85.35,100,-105,-105,-120,120,-129,100,120,220
"The 2023 Nike North American Open Finals, powered by Rogue",2023-12-07,Open Men's 67kg,Romeo Thompson,66.49,100,-104,-106,120,-124,-124,100,120,220
"The 2023 Nike North American Open Finals, powered by Rogue",2023-12-08,Men's 14-15 Age Group 81kg,Rucker Johnson,76.5,-91,91,95,115,120,125,95,125,220
"The 2023 Nike North American Open Finals, powered by Rogue",2023-12-08,Men's Masters (40-44) 73kg,Carlos Hernandez,72.9,93,97,100,-110,111,119,100,119,219
"The 2023 Nike North American Open Finals, powered by Rogue",2023-12-10,Open Women's +87kg,Stephanie Gousse,99.95,93,96,-100,117,-122,123,96,123,219
"The 2023 Nike North American Open Finals, powered by Rogue",2023-12-10,Open Women's 87kg,Victoria Jefferson,83.69,88,92,96,114,118,122,96,122,218
"The 2023 Nike North American Open Finals, powered by Rogue",2023-12-08,Men's Masters (35-39) 73kg,Benjamin Cockshott,69.45,90,95,-100,113,118,122,95,122,217
"The 2023 Nike North American Open Finals, powered by Rogue",2023-12-08,Men's 14-15 Age Group 81kg,Tevin Austell,79.85,-96,96,-100,116,121,-126,96,121,217
"The 2023 Nike North American Open Finals, powered by Rogue",2023-12-09,Men's Masters (50-54) 96kg,Robert Fezza,94.47,85,90,94,115,120,123,94,123,217
"The 2023 Nike North American Open Finals, powered by Rogue",2023-12-10,Open Women's 81kg,Lily Turner,80.2,-92,96,-100,111,115,120,96,120,216
"The 2023 Nike North American Open Finals, powered by Rogue",2023-12-08,Men's 16-17 Age Group 73kg,Kieven Fischer,71.8,93,-99,-100,115,-122,122,93,122,215
"The 2023 Nike North American Open Finals, powered by Rogue",2023-12-08,Men's 16-17 Age Group 81kg,Owen Jones,79.85,91,94,97,-117,117,-121,97,117,214
"The 2023 Nike North American Open Finals, powered by Rogue",2023-12-10,Open Women's 81kg,Shala Giardini,80.75,96,-100,-101,117,-121,-121,96,117,213
"The 2023 Nike North American Open Finals, powered by Rogue",2023-12-09,Open Women's 76kg,Darci Molina,74.9,88,91,95,114,118,-121,95,118,213
"The 2023 Nike North American Open Finals, powered by Rogue",2023-12-10,Women's Masters (35-39) +87kg,Emily Rodriguez,110.45,90,94,98,115,-120,-120,98,115,213
"The 2023 Nike North American Open Finals, powered by Rogue",2023-12-09,Open Women's 76kg,Alexa Snyder,74.55,89,92,95,116,-119,-120,95,116,211
"The 2023 Nike North American Open Finals, powered by Rogue",2023-12-08,Men's Masters (35-39) 81kg,Justin Flores,80.2,90,-95,95,115,-120,-123,95,115,210
"The 2023 Nike North American Open Finals, powered by Rogue",2023-12-09,Men's Masters (40-44) 89kg,Ryan Bock,88.92,-92,93,97,113,-117,-118,97,113,210
"The 2023 Nike North American Open Finals, powered by Rogue",2023-12-09,Open Women's 76kg,Jordyn Bush,71.3,88,92,95,108,112,115,95,115,210
"The 2023 Nike North American Open Finals, powered by Rogue",2023-12-07,Men's 16-17 Age Group 67kg,Angel Quintero,66.1,90,94,-97,110,115,-120,94,115,209
"The 2023 Nike North American Open Finals, powered by Rogue",2023-12-09,Open Women's 64kg,Danielle Gunnin,60.83,93,-96,-96,110,115,-120,93,115,208
"The 2023 Nike North American Open Finals, powered by Rogue",2023-12-09,Open Women's 76kg,Shay Carlock,75.15,87,-90,90,110,114,117,90,117,207
"The 2023 Nike North American Open Finals, powered by Rogue",2023-12-09,Men's Masters (45-49) 96kg,Jeven Sloan,89.27,-82,-84,85,117,121,-124,85,121,206
"The 2023 Nike North American Open Finals, powered by Rogue",2023-12-07,Men's 16-17 Age Group 67kg,Lincoln Dana,64.55,91,-96,-96,115,-125,-125,91,115,206
"The 2023 Nike North American Open Finals, powered by Rogue",2023-12-09,Open Women's 76kg,Amerie Daniels,73.2,84,-87,-87,118,122,-125,84,122,206
"The 2023 Nike North American Open Finals, powered by Rogue",2023-12-07,Open Men's 61kg,Braden Winslow,60.4,91,96,-100,-110,-110,110,96,110,206
"The 2023 Nike North American Open Finals, powered by Rogue",2023-12-09,Open Men's 89kg,Thomas Smalley,86.56,-90,90,-94,-115,115,-120,90,115,205
"The 2023 Nike North American Open Finals, powered by Rogue",2023-12-09,Open Women's 76kg,Marina Tuono,75.5,85,89,-93,110,115,-120,89,115,204
"The 2023 Nike North American Open Finals, powered by Rogue",2023-12-07,Men's 16-17 Age Group 67kg,William Draper,65.3,86,-89,-89,114,118,-122,86,118,204
"The 2023 Nike North American Open Finals, powered by Rogue",2023-12-09,Open Women's 64kg,Shelby Pflug,63.8,88,-91,-92,112,116,-121,88,116,204
"The 2023 Nike North American Open Finals, powered by Rogue",2023-12-07,Men's Masters (50-54) 67kg,Brad Baldwin,66.25,90,94,-97,110,-114,-114,94,110,204
"The 2023 Nike North American Open Finals, powered by Rogue",2023-12-08,Men's Masters (40-44) 81kg,Danny Ear,74.7,-85,85,-88,110,114,118,85,118,203
"The 2023 Nike North American Open Finals, powered by Rogue",2023-12-08,Men's Masters (45-49) 81kg,Fred Macaraeg,79,85,88,-92,105,110,115,88,115,203
"The 2023 Nike North American Open Finals, powered by Rogue",2023-12-08,Men's 14-15 Age Group 73kg,Robert Whitlock,71.3,-80,81,85,110,115,118,85,118,203
"The 2023 Nike North American Open Finals, powered by Rogue",2023-12-09,Open Women's 71kg,Nicole Caamano,70.15,90,93,-96,110,-114,-115,93,110,203
"The 2023 Nike North American Open Finals, powered by Rogue",2023-12-10,Open Women's 87kg,Julie Brown,83.17,90,93,-97,109,-114,-118,93,109,202
"The 2023 Nike North American Open Finals, powered by Rogue",2023-12-09,Open Women's 64kg,Rebecca Rouse,63.12,-88,88,91,108,110,-112,91,110,201
"The 2023 Nike North American Open Finals, powered by Rogue",2023-12-09,Open Women's 76kg,Kat Carter,74.55,83,87,-90,110,114,-117,87,114,201
"The 2023 Nike North American Open Finals, powered by Rogue",2023-12-08,Open Women's 59kg,Charley Leonard,58.8,81,83,86,-110,110,114,86,114,200
"The 2023 Nike North American Open Finals, powered by Rogue",2023-12-08,Men's Masters (45-49) 81kg,Cory Aun,74.25,85,-90,-90,110,115,-120,85,115,200
"The 2023 Nike North American Open Finals, powered by Rogue",2023-12-08,Men's 14-15 Age Group 73kg,Gabriel Couilloud,72.6,86,89,-92,106,111,-115,89,111,200
"The 2023 Nike North American Open Finals, powered by Rogue",2023-12-10,Open Women's 87kg,Laura Barito,84.3,83,86,89,105,108,111,89,111,200
"The 2023 Nike North American Open Finals, powered by Rogue",2023-12-10,Open Women's 87kg,Brittany Latham,86.54,-80,80,84,112,116,-121,84,116,200
"The 2023 Nike North American Open Finals, powered by Rogue",2023-12-09,Open Women's 71kg,Sophia DiGregorio,69.4,86,89,92,-105,105,108,92,108,200
"The 2023 Nike North American Open Finals, powered by Rogue",2023-12-10,Open Women's 81kg,Harley Creech,80.6,88,-92,-93,111,-116,-117,88,111,199
"The 2023 Nike North American Open Finals, powered by Rogue",2023-12-08,Men's Masters (45-49) 81kg,Douglas Desatnik,78.5,80,83,-86,111,116,-121,83,116,199
"The 2023 Nike North American Open Finals, powered by Rogue",2023-12-07,Men's 16-17 Age Group 61kg,Taveon Sanders,60.85,-85,85,87,105,109,112,87,112,199
"The 2023 Nike North American Open Finals, powered by Rogue",2023-12-07,Men's 14-15 Age Group 61kg,Daniel Marquez,61,84,87,-90,108,112,-120,87,112,199
"The 2023 Nike North American Open Finals, powered by Rogue",2023-12-09,Open Women's 71kg,Victoria Fries,70.8,-86,86,89,109,-113,-113,89,109,198
"The 2023 Nike North American Open Finals, powered by Rogue",2023-12-10,Open Women's +87kg,Madison Atwood,96.5,81,85,-91,102,107,112,85,112,197
"The 2023 Nike North American Open Finals, powered by Rogue",2023-12-09,Open Women's 71kg,Addie Anderson,67.8,-84,84,-90,108,113,-117,84,113,197
"The 2023 Nike North American Open Finals, powered by Rogue",2023-12-10,Open Women's +87kg,Jamelle Apolinar,120.65,75,81,86,100,110,-115,86,110,196
"The 2023 Nike North American Open Finals, powered by Rogue",2023-12-09,Open Women's 71kg,Donisha Traver,69.1,87,89,-92,107,-111,-112,89,107,196
"The 2023 Nike North American Open Finals, powered by Rogue",2023-12-09,Men's Masters (55-59) 89kg,Robert O'Day,86.5,80,83,86,-101,101,110,86,110,196
"The 2023 Nike North American Open Finals, powered by Rogue",2023-12-10,Open Women's +87kg,LeKiesha White,94.25,81,84,-86,-112,112,-116,84,112,196
"The 2023 Nike North American Open Finals, powered by Rogue",2023-12-09,Open Women's 71kg,Ava Biesterfeld,69,86,89,-92,106,-110,-112,89,106,195
"The 2023 Nike North American Open Finals, powered by Rogue",2023-12-08,Open Women's 59kg,Miranda Ulrey,58.6,88,-91,-93,102,105,107,88,107,195
"The 2023 Nike North American Open Finals, powered by Rogue",2023-12-09,Men's Masters (50-54) 96kg,Matthew Sipos,95.6,85,-89,-90,110,-115,-115,85,110,195
"The 2023 Nike North American Open Finals, powered by Rogue",2023-12-09,Open Women's 76kg,Victoria Caruso,73.92,72,76,80,105,110,115,80,115,195
"The 2023 Nike North American Open Finals, powered by Rogue",2023-12-09,Open Women's 71kg,Nairobi Romero,69.1,83,85,87,108,-112,-115,87,108,195
"The 2023 Nike North American Open Finals, powered by Rogue",2023-12-09,Open Women's 64kg,Siera Schuster,63.25,83,-86,87,104,108,-111,87,108,195
"The 2023 Nike North American Open Finals, powered by Rogue",2023-12-07,Men's 16-17 Age Group 67kg,jace fox,64.8,80,84,88,-101,101,106,88,106,194
"The 2023 Nike North American Open Finals, powered by Rogue",2023-12-10,Open Women's 81kg,Halle Kotchman,79.95,88,92,-96,98,102,-108,92,102,194
"The 2023 Nike North American Open Finals, powered by Rogue",2023-12-09,Open Women's 76kg,Analise Kirby,73.4,80,-84,84,105,110,-114,84,110,194
"The 2023 Nike North American Open Finals, powered by Rogue",2023-12-09,Open Women's 76kg,Deborah Doran,74.4,79,82,85,104,109,-113,85,109,194
"The 2023 Nike North American Open Finals, powered by Rogue",2023-12-09,Open Women's 64kg,haley trinh,63.63,81,84,-87,105,109,-112,84,109,193
"The 2023 Nike North American Open Finals, powered by Rogue",2023-12-10,Open Women's 87kg,Haley McDaniel,86.08,-85,85,-90,105,108,-111,85,108,193
"The 2023 Nike North American Open Finals, powered by Rogue",2023-12-09,Open Women's 76kg,Alyssa Ballard,75.3,83,85,-88,108,-110,-110,85,108,193
"The 2023 Nike North American Open Finals, powered by Rogue",2023-12-09,Open Women's 71kg,Emma Hester,70.85,78,82,85,102,105,108,85,108,193
"The 2023 Nike North American Open Finals, powered by Rogue",2023-12-09,Open Women's 64kg,Jamie Hegg,62.91,83,-86,86,-107,107,-112,86,107,193
"The 2023 Nike North American Open Finals, powered by Rogue",2023-12-08,Men's Masters (45-49) 81kg,Greg Karas,80.7,82,85,-88,105,108,-110,85,108,193
"The 2023 Nike North American Open Finals, powered by Rogue",2023-12-09,Open Women's 64kg,Monica Knowlton,63.3,80,83,-86,-110,110,-115,83,110,193
"The 2023 Nike North American Open Finals, powered by Rogue",2023-12-09,Open Women's 64kg,Lily Damron,61.5,78,81,-83,-106,107,111,81,111,192
"The 2023 Nike North American Open Finals, powered by Rogue",2023-12-07,Men's Masters (45-49) 67kg,Martin Palma,66.55,-86,-86,86,105,-109,0,86,105,191
"The 2023 Nike North American Open Finals, powered by Rogue",2023-12-07,Men's 16-17 Age Group 55kg,Michael Ziss,53.85,80,-84,84,98,102,107,84,107,191
"The 2023 Nike North American Open Finals, powered by Rogue",2023-12-07,Men's 14-15 Age Group 67kg,Haston Hill,65.95,-75,75,81,-105,105,110,81,110,191
"The 2023 Nike North American Open Finals, powered by Rogue",2023-12-09,Open Women's 71kg,Michelle Yiznitsky,69.2,76,79,-82,104,108,112,79,112,191
"The 2023 Nike North American Open Finals, powered by Rogue",2023-12-09,Open Women's 71kg,Bailey Ebben,68.3,80,-84,-85,110,-114,-115,80,110,190
"The 2023 Nike North American Open Finals, powered by Rogue",2023-12-09,Open Women's 64kg,Nadia Yangui,64,81,84,-87,106,-109,-110,84,106,190
"The 2023 Nike North American Open Finals, powered by Rogue",2023-12-09,Open Women's 71kg,Allie Jarvis,69.6,84,87,90,100,-105,-105,90,100,190
"The 2023 Nike North American Open Finals, powered by Rogue",2023-12-09,Open Women's 71kg,Lily Farmer,65.1,-80,80,-83,105,110,-114,80,110,190
"The 2023 Nike North American Open Finals, powered by Rogue",2023-12-08,Men's Masters (40-44) 73kg,Lionel Bravo,73,78,-81,-81,107,-110,111,78,111,189
"The 2023 Nike North American Open Finals, powered by Rogue",2023-12-09,Open Women's 76kg,Heather Mentone,73.05,81,84,-86,102,105,-108,84,105,189
"The 2023 Nike North American Open Finals, powered by Rogue",2023-12-10,Open Women's +87kg,Jennifer Galemmo,105.5,88,-91,-93,101,-107,-107,88,101,189
"The 2023 Nike North American Open Finals, powered by Rogue",2023-12-09,Open Women's 76kg,Brianna Chu,73.15,79,82,-87,99,-103,106,82,106,188
"The 2023 Nike North American Open Finals, powered by Rogue",2023-12-08,Open Women's 59kg,Kailey Papas,58.65,81,84,-86,-100,100,104,84,104,188
"The 2023 Nike North American Open Finals, powered by Rogue",2023-12-09,Open Women's 76kg,Ashlie Pankonin,74.01,79,-82,84,100,103,-106,84,103,187
"The 2023 Nike North American Open Finals, powered by Rogue",2023-12-08,Men's 16-17 Age Group 73kg,David Evans,73,82,87,90,97,-104,-110,90,97,187
"The 2023 Nike North American Open Finals, powered by Rogue",2023-12-10,Open Women's 81kg,Brittany Landers,80.75,77,-80,80,107,-110,-110,80,107,187
"The 2023 Nike North American Open Finals, powered by Rogue",2023-12-10,Open Women's 81kg,Erin Patchey,78.05,80,85,-89,-101,102,-108,85,102,187
"The 2023 Nike North American Open Finals, powered by Rogue",2023-12-09,Open Women's 71kg,Ireland Colson,70.2,81,83,-85,101,104,-106,83,104,187
"The 2023 Nike North American Open Finals, powered by Rogue",2023-12-10,Open Women's 81kg,Kiara Earle,80.05,82,-85,-87,105,-108,-108,82,105,187
"The 2023 Nike North American Open Finals, powered by Rogue",2023-12-09,Women's Masters (35-39) 76kg,Meghan Karlik,75.45,80,-83,-83,107,-110,-110,80,107,187
"The 2023 Nike North American Open Finals, powered by Rogue",2023-12-09,Open Women's 64kg,Nicole Rucker,63.05,-78,78,-80,102,105,108,78,108,186
"The 2023 Nike North American Open Finals, powered by Rogue",2023-12-07,Open Women's 55kg,Asia Gonzalez,54.04,80,83,-85,100,103,-105,83,103,186
"The 2023 Nike North American Open Finals, powered by Rogue",2023-12-09,Open Women's 71kg,Cristine Schiavello,69.7,81,83,-85,100,103,-104,83,103,186
"The 2023 Nike North American Open Finals, powered by Rogue",2023-12-10,Women's Masters (35-39) 81kg,Teresa Kiel,80.95,-84,84,-87,102,-106,-107,84,102,186
"The 2023 Nike North American Open Finals, powered by Rogue",2023-12-09,Open Women's 76kg,Tyra Kinloch-Bailey,71.9,80,-83,83,-100,100,103,83,103,186
"The 2023 Nike North American Open Finals, powered by Rogue",2023-12-09,Open Women's 71kg,Jessica Jones,70.6,71,73,75,105,110,-112,75,110,185
"The 2023 Nike North American Open Finals, powered by Rogue",2023-12-08,Open Women's 71kg,Gretchen Stolte,66.25,78,-81,83,98,102,-105,83,102,185
"The 2023 Nike North American Open Finals, powered by Rogue",2023-12-07,Open Women's 55kg,Leila Cook,55,80,-82,-82,105,-107,-107,80,105,185
"The 2023 Nike North American Open Finals, powered by Rogue",2023-12-10,Open Women's 87kg,Grace Bustamante,85.77,-82,-82,82,100,103,-106,82,103,185
"The 2023 Nike North American Open Finals, powered by Rogue",2023-12-09,Women's Masters (35-39) 71kg,Samantha Kuhles,70.4,80,82,84,98,101,0,84,101,185
"The 2023 Nike North American Open Finals, powered by Rogue",2023-12-09,Open Women's 76kg,Ariah Groves,75.85,81,-85,-85,103,-110,-110,81,103,184
"The 2023 Nike North American Open Finals, powered by Rogue",2023-12-07,Men's 16-17 Age Group 67kg,Caden Yacavone,65.1,81,-84,84,94,-98,100,84,100,184
"The 2023 Nike North American Open Finals, powered by Rogue",2023-12-08,Men's Masters (50-54) 81kg,Darren Scott,79.6,74,77,-80,104,107,-110,77,107,184
"The 2023 Nike North American Open Finals, powered by Rogue",2023-12-10,Open Women's 81kg,Sydney Collins,80.5,77,81,-85,95,99,103,81,103,184
"The 2023 Nike North American Open Finals, powered by Rogue",2023-12-09,Open Women's 76kg,Alicia Fernandez,74.85,78,81,84,100,-103,-106,84,100,184
"The 2023 Nike North American Open Finals, powered by Rogue",2023-12-07,Men's 16-17 Age Group 55kg,Sebastian Rose,54.65,-78,78,-81,102,106,-110,78,106,184
"The 2023 Nike North American Open Finals, powered by Rogue",2023-12-09,Open Women's 76kg,Erica Laraine Sergeant,75.67,78,82,-85,-98,99,102,82,102,184
"The 2023 Nike North American Open Finals, powered by Rogue",2023-12-07,Men's 16-17 Age Group 67kg,Harrison Phelps,62.65,74,78,82,98,102,-106,82,102,184
"The 2023 Nike North American Open Finals, powered by Rogue",2023-12-09,Open Women's 71kg,Julia Daniel,69.45,80,83,86,98,-102,-102,86,98,184
"The 2023 Nike North American Open Finals, powered by Rogue",2023-12-09,Open Women's 64kg,Madeline Storms,64,78,-82,82,98,102,-105,82,102,184
"The 2023 Nike North American Open Finals, powered by Rogue",2023-12-08,Open Women's 59kg,Katie Jones,58.9,-80,80,-82,103,-107,-108,80,103,183
"The 2023 Nike North American Open Finals, powered by Rogue",2023-12-09,Open Women's 71kg,Aleigh Moore,69.9,78,-81,-82,105,-108,-108,78,105,183
"The 2023 Nike North American Open Finals, powered by Rogue",2023-12-08,Men's Masters (50-54) 81kg,Rustico Mirasol,77.8,77,-82,-82,100,106,-111,77,106,183
"The 2023 Nike North American Open Finals, powered by Rogue",2023-12-09,Open Women's 71kg,Natalie Hart,68,70,73,76,100,106,-112,76,106,182
"The 2023 Nike North American Open Finals, powered by Rogue",2023-12-09,Open Women's 76kg,Jamie Maffeo,73.05,80,83,86,93,96,-100,86,96,182
"The 2023 Nike North American Open Finals, powered by Rogue",2023-12-07,Men's 16-17 Age Group 67kg,Josh Alper,63.95,-83,83,-86,99,-102,-103,83,99,182
"The 2023 Nike North American Open Finals, powered by Rogue",2023-12-10,Open Women's 81kg,Morgan Johnson,78.05,82,85,-88,93,-97,97,85,97,182
"The 2023 Nike North American Open Finals, powered by Rogue",2023-12-09,Open Women's 64kg,Haylie Helbig,63.65,74,77,80,102,-105,-107,80,102,182
"The 2023 Nike North American Open Finals, powered by Rogue",2023-12-09,Open Women's 76kg,SOPHIA McClendon,74.95,72,75,77,100,103,105,77,105,182
"The 2023 Nike North American Open Finals, powered by Rogue",2023-12-09,Open Women's 71kg,Rachel Clemmer,70.15,78,82,-85,100,-104,-104,82,100,182
"The 2023 Nike North American Open Finals, powered by Rogue",2023-12-09,Open Women's 76kg,Carly Puzacke,74.15,82,-84,-84,-100,100,-103,82,100,182
"The 2023 Nike North American Open Finals, powered by Rogue",2023-12-10,Women's Masters (35-39) +87kg,Amanda Roberts,95.05,77,-81,-81,-104,105,-108,77,105,182
"The 2023 Nike North American Open Finals, powered by Rogue",2023-12-09,Open Women's 76kg,Megan Brasee,75.52,80,-84,-85,97,101,-105,80,101,181
"The 2023 Nike North American Open Finals, powered by Rogue",2023-12-10,Women's Masters (35-39) +87kg,Jennifer Tobeson,114.75,70,74,78,93,98,103,78,103,181
"The 2023 Nike North American Open Finals, powered by Rogue",2023-12-07,Men's 14-15 Age Group 67kg,Israel Alvarez,62.65,75,78,-81,98,103,-107,78,103,181
"The 2023 Nike North American Open Finals, powered by Rogue",2023-12-09,Open Women's 76kg,Ruby Shepard,76,-76,76,79,98,-102,102,79,102,181
"The 2023 Nike North American Open Finals, powered by Rogue",2023-12-09,Open Women's 64kg,Kaija Bramwell,62.35,78,-81,-82,97,100,103,78,103,181
"The 2023 Nike North American Open Finals, powered by Rogue",2023-12-09,Women's Masters (35-39) 71kg,Amy Pierce,70.1,77,80,-82,95,99,101,80,101,181
"The 2023 Nike North American Open Finals, powered by Rogue",2023-12-10,Women's Masters (35-39) 87kg,Mary Quigley,82.6,70,73,76,97,101,105,76,105,181
"The 2023 Nike North American Open Finals, powered by Rogue",2023-12-09,Open Women's 71kg,Laura Cochran,68.6,78,82,-86,95,99,-103,82,99,181
"The 2023 Nike North American Open Finals, powered by Rogue",2023-12-10,Open Women's 81kg,Sarah Kajdasz,79.15,-78,-78,78,-100,100,103,78,103,181
"The 2023 Nike North American Open Finals, powered by Rogue",2023-12-08,Open Women's 71kg,Jenesis Fonder,70.37,74,77,80,97,101,-104,80,101,181
"The 2023 Nike North American Open Finals, powered by Rogue",2023-12-07,Men's Masters (40-44) 61kg,Daniel Louie,59.6,-78,80,-85,100,-105,-105,80,100,180
"The 2023 Nike North American Open Finals, powered by Rogue",2023-12-09,Open Women's 76kg,Alexandra Hedges,73.55,74,-78,80,95,100,-105,80,100,180
"The 2023 Nike North American Open Finals, powered by Rogue",2023-12-10,Open Women's 87kg,Stefani Warnick,84.6,82,-85,-85,95,98,-101,82,98,180
"The 2023 Nike North American Open Finals, powered by Rogue",2023-12-08,Open Women's 71kg,Madison Duvall,66.2,74,78,81,93,96,99,81,99,180
"The 2023 Nike North American Open Finals, powered by Rogue",2023-12-09,Open Women's 76kg,Reba Lewis,73.7,-80,-80,80,100,-103,-103,80,100,180
"The 2023 Nike North American Open Finals, powered by Rogue",2023-12-09,Open Women's 76kg,Lucie Gehringer,72.21,-78,78,81,-98,98,-102,81,98,179
"The 2023 Nike North American Open Finals, powered by Rogue",2023-12-09,Open Women's 76kg,Carley Graham,75.83,-79,-79,79,-96,96,100,79,100,179
"The 2023 Nike North American Open Finals, powered by Rogue",2023-12-08,Open Women's 59kg,Jordyn Cooley,58.29,71,74,77,99,102,-105,77,102,179
"The 2023 Nike North American Open Finals, powered by Rogue",2023-12-08,Men's Masters (50-54) 81kg,Anthony McKee,79.55,75,78,-82,95,101,-105,78,101,179
"The 2023 Nike North American Open Finals, powered by Rogue",2023-12-09,Women's Masters (35-39) 71kg,Victoria Chmura,71,78,-81,-81,95,98,101,78,101,179
"The 2023 Nike North American Open Finals, powered by Rogue",2023-12-08,Open Women's 59kg,Laura Caggiano,58.75,81,-84,-84,95,98,-101,81,98,179
"The 2023 Nike North American Open Finals, powered by Rogue",2023-12-09,Women's 16-17 Age Group 71kg,Kimberly Wiese,66.8,76,-79,79,90,95,100,79,100,179
"The 2023 Nike North American Open Finals, powered by Rogue",2023-12-08,Open Women's 64kg,Brianna Leverenz,63.35,78,80,82,94,97,-100,82,97,179
"The 2023 Nike North American Open Finals, powered by Rogue",2023-12-10,Open Women's 81kg,Kelly Slaven,80.15,78,-81,-81,98,-101,101,78,101,179
"The 2023 Nike North American Open Finals, powered by Rogue",2023-12-08,Open Women's 71kg,Alexis Alexander,69.7,71,74,-78,100,105,-111,74,105,179
"The 2023 Nike North American Open Finals, powered by Rogue",2023-12-08,Men's 16-17 Age Group 73kg,Tristan Moeller,71.25,85,-88,88,90,0,0,88,90,178
"The 2023 Nike North American Open Finals, powered by Rogue",2023-12-07,Open Men's 55kg,Chase Zilcosky,55,75,-81,-81,-100,-103,103,75,103,178
"The 2023 Nike North American Open Finals, powered by Rogue",2023-12-08,Open Women's 59kg,Angelina Dabney,59,-78,80,-83,-95,98,-101,80,98,178
"The 2023 Nike North American Open Finals, powered by Rogue",2023-12-08,Women's Masters (40-44) 59kg,Christine Reilly,58.2,76,-79,-81,99,102,-106,76,102,178
"The 2023 Nike North American Open Finals, powered by Rogue",2023-12-07,Open Women's 55kg,Kayla Cocker,55,78,-81,81,97,-101,-101,81,97,178
"The 2023 Nike North American Open Finals, powered by Rogue",2023-12-08,Women's Masters (35-39) 71kg,Carole Nasrallah,70.59,78,81,-83,93,97,-100,81,97,178
"The 2023 Nike North American Open Finals, powered by Rogue",2023-12-09,Open Women's 71kg,Erica Hope,71,77,80,-82,95,98,-100,80,98,178
"The 2023 Nike North American Open Finals, powered by Rogue",2023-12-08,Women's Masters (35-39) 71kg,Melissa Odorisio,69.89,75,78,-81,95,100,-104,78,100,178
"The 2023 Nike North American Open Finals, powered by Rogue",2023-12-10,Men's Masters (60-64) 109kg,Randall Lewis,105.75,77,-80,-81,98,-101,101,77,101,178
"The 2023 Nike North American Open Finals, powered by Rogue",2023-12-09,Open Women's 64kg,Anna Rucker,61.65,74,77,-80,-99,-99,100,77,100,177
"The 2023 Nike North American Open Finals, powered by Rogue",2023-12-09,Women's Masters (35-39) 76kg,Challen Pressley Schleh,74.65,77,-80,-80,97,-100,100,77,100,177
"The 2023 Nike North American Open Finals, powered by Rogue",2023-12-07,Men's 14-15 Age Group 61kg,William Drake,60.5,72,77,-80,90,95,100,77,100,177
"The 2023 Nike North American Open Finals, powered by Rogue",2023-12-10,Women's Masters (40-44) +87kg,Nicole Shipos,112,75,-78,-80,95,98,102,75,102,177
"The 2023 Nike North American Open Finals, powered by Rogue",2023-12-10,Open Women's 81kg,Leanne Watson,78.9,75,78,-80,-99,-99,99,78,99,177
"The 2023 Nike North American Open Finals, powered by Rogue",2023-12-08,Open Women's 71kg,Heather McBride,65,73,77,80,93,96,-100,80,96,176
"The 2023 Nike North American Open Finals, powered by Rogue",2023-12-10,Open Women's +87kg,Jocelyn Ocon,97.55,70,74,77,95,-99,99,77,99,176
"The 2023 Nike North American Open Finals, powered by Rogue",2023-12-09,Open Women's 71kg,Kaitlyn O’Connor,70.15,77,80,-83,-96,-96,96,80,96,176
"The 2023 Nike North American Open Finals, powered by Rogue",2023-12-09,Open Women's 71kg,Alyssa Martinez,70.6,80,-83,-83,-95,-96,96,80,96,176
"The 2023 Nike North American Open Finals, powered by Rogue",2023-12-09,Open Women's 64kg,Morgan Huppenthal,64,71,74,77,95,99,-103,77,99,176
"The 2023 Nike North American Open Finals, powered by Rogue",2023-12-08,Open Women's 59kg,Stephanie Ross,58.73,-72,-72,73,98,-102,103,73,103,176
"The 2023 Nike North American Open Finals, powered by Rogue",2023-12-09,Women's Masters (35-39) 64kg,Christina Richards,63.7,78,-80,-80,98,-101,-103,78,98,176
"The 2023 Nike North American Open Finals, powered by Rogue",2023-12-09,Open Women's 76kg,Crystal Coppersmith,75.25,75,78,81,-95,95,-100,81,95,176
"The 2023 Nike North American Open Finals, powered by Rogue",2023-12-09,Open Women's 64kg,Camille Capeles,63.85,78,-82,-85,98,-101,-101,78,98,176
"The 2023 Nike North American Open Finals, powered by Rogue",2023-12-08,Open Women's 71kg,Alyssa Denno,67.57,75,80,-84,95,-101,-101,80,95,175
"The 2023 Nike North American Open Finals, powered by Rogue",2023-12-07,Open Women's 55kg,Veronica Bagundes,54.95,71,73,-75,99,102,-106,73,102,175
"The 2023 Nike North American Open Finals, powered by Rogue",2023-12-09,Open Women's 76kg,M. Claire Akin,74.6,70,73,-76,94,98,102,73,102,175
"The 2023 Nike North American Open Finals, powered by Rogue",2023-12-07,Men's Masters (40-44) 61kg,Jason Windley,60.9,75,-78,-78,100,-104,-104,75,100,175
"The 2023 Nike North American Open Finals, powered by Rogue",2023-12-08,Open Women's 59kg,Elena Schorr,58,-78,78,-82,97,-99,-99,78,97,175
"The 2023 Nike North American Open Finals, powered by Rogue",2023-12-09,Open Women's 76kg,Brianna Maxwell,74.32,70,74,-78,-100,-101,101,74,101,175
"The 2023 Nike North American Open Finals, powered by Rogue",2023-12-10,Women's Masters (35-39) 81kg,Erin Nelson,78.9,77,-80,-82,97,-101,-102,77,97,174
"The 2023 Nike North American Open Finals, powered by Rogue",2023-12-08,Open Women's 71kg,Olivia Warrington,70,73,76,78,92,94,96,78,96,174
"The 2023 Nike North American Open Finals, powered by Rogue",2023-12-08,Open Women's 71kg,Nicole Bradford,70.25,74,77,-80,94,97,-100,77,97,174
"The 2023 Nike North American Open Finals, powered by Rogue",2023-12-07,Men's 13 Under Age Group 67kg,Dryden Yates,65.7,68,72,76,88,93,98,76,98,174
"The 2023 Nike North American Open Finals, powered by Rogue",2023-12-08,Open Women's 59kg,Georgia Cameron,58.98,73,75,77,93,-97,97,77,97,174
"The 2023 Nike North American Open Finals, powered by Rogue",2023-12-08,Open Women's 71kg,MATTIE FLICKINGER,70.6,-73,73,77,92,96,-103,77,96,173
"The 2023 Nike North American Open Finals, powered by Rogue",2023-12-08,Men's Masters (60-64) 81kg,Scott Obici,80.25,72,-75,76,95,97,-100,76,97,173
"The 2023 Nike North American Open Finals, powered by Rogue",2023-12-08,Women's Masters (35-39) 71kg,Belia rodriguez rivera,70.45,72,-76,76,90,94,97,76,97,173
"The 2023 Nike North American Open Finals, powered by Rogue",2023-12-09,Open Women's 76kg,Karlee Strong,75.15,76,-79,-80,96,-99,-99,76,96,172
"The 2023 Nike North American Open Finals, powered by Rogue",2023-12-09,Open Women's 76kg,Bailee Pharris,75.85,75,78,-81,94,-97,-98,78,94,172
"The 2023 Nike North American Open Finals, powered by Rogue",2023-12-10,Women's Masters (35-39) +87kg,Audrey Hoffmann,112.45,63,66,68,-95,97,104,68,104,172
"The 2023 Nike North American Open Finals, powered by Rogue",2023-12-09,Open Women's 64kg,Katherine Miranda,61.95,73,75,77,91,93,95,77,95,172
"The 2023 Nike North American Open Finals, powered by Rogue",2023-12-08,Open Women's 59kg,Makiyah  Nickerson,58.65,75,80,-84,-92,92,-95,80,92,172
"The 2023 Nike North American Open Finals, powered by Rogue",2023-12-08,Open Women's 64kg,Samantha Ellison,63.3,73,76,-78,95,-100,-101,76,95,171
"The 2023 Nike North American Open Finals, powered by Rogue",2023-12-09,Open Women's 64kg,Jaimee Linehan,64,-76,77,-80,-90,90,94,77,94,171
"The 2023 Nike North American Open Finals, powered by Rogue",2023-12-10,Open Women's 87kg,Colbie Chinowsky,85.78,76,80,-84,91,-94,-95,80,91,171
"The 2023 Nike North American Open Finals, powered by Rogue",2023-12-10,Open Women's 81kg,Chelsey Tharp,80.6,73,76,-80,-95,95,-99,76,95,171
"The 2023 Nike North American Open Finals, powered by Rogue",2023-12-08,Women's 16-17 Age Group 64kg,Devin Welker,63.5,-79,79,-87,-92,-92,92,79,92,171
"The 2023 Nike North American Open Finals, powered by Rogue",2023-12-09,Open Women's 64kg,Erica Sheagley,61.65,75,-77,-77,96,-99,-99,75,96,171
"The 2023 Nike North American Open Finals, powered by Rogue",2023-12-07,Men's 16-17 Age Group 55kg,Michael Tucciarone,55,-70,70,75,95,-100,-100,75,95,170
"The 2023 Nike North American Open Finals, powered by Rogue",2023-12-09,Women's Masters (35-39) 76kg,Carlyn Winston,74.45,69,72,75,89,92,95,75,95,170
"The 2023 Nike North American Open Finals, powered by Rogue",2023-12-08,Open Women's 64kg,Morgan Beattie,60.4,74,77,-80,93,-96,-97,77,93,170
"The 2023 Nike North American Open Finals, powered by Rogue",2023-12-08,Open Women's 59kg,Gwen Rivero,59,71,-74,75,-89,91,95,75,95,170
"The 2023 Nike North American Open Finals, powered by Rogue",2023-12-08,Open Women's 64kg,Jeanna Onishi,62.8,74,-77,77,-92,93,-95,77,93,170
"The 2023 Nike North American Open Finals, powered by Rogue",2023-12-07,Open Women's 59kg,Aysia Hill,58.6,70,73,76,87,91,94,76,94,170
"The 2023 Nike North American Open Finals, powered by Rogue",2023-12-08,Open Women's 59kg,Jessica Rodriguez,58.15,-72,72,75,93,95,-98,75,95,170
"The 2023 Nike North American Open Finals, powered by Rogue",2023-12-09,Women's Masters (40-44) 76kg,Erica Norgren,75.8,77,-80,81,85,-89,89,81,89,170
"The 2023 Nike North American Open Finals, powered by Rogue",2023-12-08,Women's 16-17 Age Group 59kg,Emma Heck,58.83,74,-77,-77,93,96,-99,74,96,170
"The 2023 Nike North American Open Finals, powered by Rogue",2023-12-09,Open Women's 71kg,Tess Bierl,70.85,75,-77,-77,95,-98,-98,75,95,170
"The 2023 Nike North American Open Finals, powered by Rogue",2023-12-08,Open Women's 64kg,Lauren Fuhrman,63.6,-75,-76,76,90,93,-95,76,93,169
"The 2023 Nike North American Open Finals, powered by Rogue",2023-12-07,Men's 14-15 Age Group 61kg,James Lessley,59.93,-74,74,-80,95,-99,-102,74,95,169
"The 2023 Nike North American Open Finals, powered by Rogue",2023-12-07,Men's 16-17 Age Group 67kg,Connor Hwang,66.65,70,-75,76,93,-98,-100,76,93,169
"The 2023 Nike North American Open Finals, powered by Rogue",2023-12-08,Open Women's 64kg,Alicia DiSpaltro,59.45,74,-77,-80,94,-97,-97,74,94,168
"The 2023 Nike North American Open Finals, powered by Rogue",2023-12-09,Open Women's 71kg,Agata Santana,70.25,78,-81,-82,90,-94,-95,78,90,168
"The 2023 Nike North American Open Finals, powered by Rogue",2023-12-08,Women's Masters (35-39) 71kg,Elise Caron,68.29,70,73,76,86,89,92,76,92,168
"The 2023 Nike North American Open Finals, powered by Rogue",2023-12-07,Women's 16-17 Age Group 55kg,Jade Morales,54.82,69,72,75,90,93,-96,75,93,168
"The 2023 Nike North American Open Finals, powered by Rogue",2023-12-08,Open Women's 59kg,Lauren DeLong,58.7,72,-74,-76,95,-98,-99,72,95,167
"The 2023 Nike North American Open Finals, powered by Rogue",2023-12-10,Women's Masters (35-39) +87kg,Megan Haymaker,158.65,69,72,-75,92,95,-98,72,95,167
"The 2023 Nike North American Open Finals, powered by Rogue",2023-12-10,Women's Masters (35-39) 87kg,Rebecca Rivera,84.95,68,71,74,88,92,-95,74,92,166
"The 2023 Nike North American Open Finals, powered by Rogue",2023-12-07,Men's 16-17 Age Group 61kg,Chase Coomer,60.19,68,71,-77,87,90,95,71,95,166
"The 2023 Nike North American Open Finals, powered by Rogue",2023-12-08,Women's 14-15 Age Group 64kg,Autumn Sands,63.05,-70,70,72,88,91,94,72,94,166
"The 2023 Nike North American Open Finals, powered by Rogue",2023-12-08,Open Women's 64kg,Ava Oteri,63.65,64,67,-71,94,-97,99,67,99,166
"The 2023 Nike North American Open Finals, powered by Rogue",2023-12-07,Men's 16-17 Age Group 61kg,Kason Luu,60.48,68,71,-74,90,95,-100,71,95,166
"The 2023 Nike North American Open Finals, powered by Rogue",2023-12-07,Open Women's 55kg,D. Irizarry,54.07,68,71,-75,90,94,-98,71,94,165
"The 2023 Nike North American Open Finals, powered by Rogue",2023-12-09,Open Women's 64kg,Paige Chardavoyne,64,-71,71,-74,94,-98,-98,71,94,165
"The 2023 Nike North American Open Finals, powered by Rogue",2023-12-09,Women's Masters (45-49) 76kg,Amy Hovan,75.35,70,73,-76,-88,89,92,73,92,165
"The 2023 Nike North American Open Finals, powered by Rogue",2023-12-08,Women's Masters (35-39) 71kg,Tracy Chase,67.55,74,-77,77,88,-90,-91,77,88,165
"The 2023 Nike North American Open Finals, powered by Rogue",2023-12-08,Open Women's 59kg,Sarah Wright,57.95,72,75,-77,-90,90,-93,75,90,165
"The 2023 Nike North American Open Finals, powered by Rogue",2023-12-08,Open Women's 64kg,Rebecca Liu,60.85,68,71,74,86,89,91,74,91,165
"The 2023 Nike North American Open Finals, powered by Rogue",2023-12-10,Women's Masters (35-39) 87kg,Olivia Piacentini,84.1,-68,-68,68,89,93,97,68,97,165
"The 2023 Nike North American Open Finals, powered by Rogue",2023-12-10,Women's Masters (35-39) 87kg,Yvgeni Henderson,86.05,70,-73,-73,90,95,-97,70,95,165
"The 2023 Nike North American Open Finals, powered by Rogue",2023-12-08,Women's 16-17 Age Group 71kg,Lillian Spry,67.65,-72,-72,72,92,-96,-97,72,92,164
"The 2023 Nike North American Open Finals, powered by Rogue",2023-12-08,Women's Masters (35-39) 71kg,Lucille Murphy,69.16,70,72,74,89,-92,-92,74,89,163
"The 2023 Nike North American Open Finals, powered by Rogue",2023-12-09,Women's Masters (40-44) 76kg,Kristin Roskowick,76,69,-71,71,89,92,-95,71,92,163
"The 2023 Nike North American Open Finals, powered by Rogue",2023-12-07,Women's 16-17 Age Group 59kg,Jordan Nantz,55.52,67,70,72,85,88,90,72,90,162
"The 2023 Nike North American Open Finals, powered by Rogue",2023-12-08,Women's Masters (35-39) 71kg,Alyssa Kwast,70.08,71,74,-78,82,85,88,74,88,162
"The 2023 Nike North American Open Finals, powered by Rogue",2023-12-08,Men's 13 Under Age Group +73kg,Sidney Porter,102.1,66,-70,71,83,88,91,71,91,162
"The 2023 Nike North American Open Finals, powered by Rogue",2023-12-07,Open Women's 49kg,Kaylin White,48.35,68,71,73,-88,-88,89,73,89,162
"The 2023 Nike North American Open Finals, powered by Rogue",2023-12-10,Women's Masters (40-44) 81kg,Amy Tunis,80.05,-70,70,74,-88,88,-91,74,88,162
"The 2023 Nike North American Open Finals, powered by Rogue",2023-12-10,Women's Masters (45-49) 81kg,Katherine Brown,77.6,65,-69,69,86,89,92,69,92,161
"The 2023 Nike North American Open Finals, powered by Rogue",2023-12-08,Women's 14-15 Age Group 64kg,Brooke Buzzell,62.05,65,68,-70,89,93,-94,68,93,161
"The 2023 Nike North American Open Finals, powered by Rogue",2023-12-10,Women's Masters (35-39) +87kg,Melissa Boguslawski,93.4,63,-67,68,88,91,93,68,93,161
"The 2023 Nike North American Open Finals, powered by Rogue",2023-12-07,Open Women's 55kg,Sharon Tran,54.75,66,69,72,-88,89,-91,72,89,161
"The 2023 Nike North American Open Finals, powered by Rogue",2023-12-08,Women's Masters (40-44) 71kg,Kris Gonzalez,70.09,66,68,-70,-89,89,92,68,92,160
"The 2023 Nike North American Open Finals, powered by Rogue",2023-12-08,Women's Masters (35-39) 71kg,Courtney Shoemaker,67.85,72,75,-78,85,-90,-92,75,85,160
"The 2023 Nike North American Open Finals, powered by Rogue",2023-12-10,Women's Masters (35-39) +87kg,Lillian Glueck,101.6,67,-70,70,86,89,-92,70,89,159
"The 2023 Nike North American Open Finals, powered by Rogue",2023-12-10,Women's 14-15 Age Group +76kg,Reese Butler,90.8,66,-71,-71,85,89,93,66,93,159
"The 2023 Nike North American Open Finals, powered by Rogue",2023-12-07,Women's Masters (35-39) 59kg,Karina Velez,58.25,68,71,75,80,84,-89,75,84,159
"The 2023 Nike North American Open Finals, powered by Rogue",2023-12-07,Open Women's 55kg,Katherine Lee,54.6,68,-71,71,85,-88,88,71,88,159
"The 2023 Nike North American Open Finals, powered by Rogue",2023-12-07,Women's Masters (35-39) 55kg,Elaine Kempf,54.66,64,67,-70,89,92,-95,67,92,159
"The 2023 Nike North American Open Finals, powered by Rogue",2023-12-08,Women's 16-17 Age Group 64kg,Addison Smith,63,73,75,-77,84,-87,-87,75,84,159
"The 2023 Nike North American Open Finals, powered by Rogue",2023-12-08,Women's Masters (35-39) 64kg,Stephanie Jefferson,64,70,-74,-74,88,-92,-94,70,88,158
"The 2023 Nike North American Open Finals, powered by Rogue",2023-12-10,Women's 16-17 Age Group +81kg,Ansley Amore,99.7,70,-74,-74,-88,88,-92,70,88,158
"The 2023 Nike North American Open Finals, powered by Rogue",2023-12-08,Women's Masters (35-39) 71kg,Lauryn Ginsburg,68.72,65,68,-71,90,-93,-93,68,90,158
"The 2023 Nike North American Open Finals, powered by Rogue",2023-12-09,Women's 14-15 Age Group +76kg,Kaia Jacobs,101,68,-70,70,85,88,-90,70,88,158
"The 2023 Nike North American Open Finals, powered by Rogue",2023-12-10,Women's Masters (35-39) 87kg,Felicia Sifers,84.25,-63,63,-67,-94,-94,94,63,94,157
"The 2023 Nike North American Open Finals, powered by Rogue",2023-12-08,Women's 14-15 Age Group 64kg,Adelyn Jones,61.1,61,65,-69,84,88,91,65,91,156
"The 2023 Nike North American Open Finals, powered by Rogue",2023-12-08,Open Women's 59kg,Zoe Pasetsky,58.34,-68,68,-70,82,85,88,68,88,156
"The 2023 Nike North American Open Finals, powered by Rogue",2023-12-07,Open Women's 55kg,Olivia Duran,54.01,69,-72,-72,87,-91,-94,69,87,156
"The 2023 Nike North American Open Finals, powered by Rogue",2023-12-08,Women's 16-17 Age Group 71kg,Ayla Sevilleno,70,-65,65,68,84,-87,87,68,87,155
"The 2023 Nike North American Open Finals, powered by Rogue",2023-12-07,Open Women's 59kg,Daniele Beeler,59,66,69,-72,86,-89,-92,69,86,155
"The 2023 Nike North American Open Finals, powered by Rogue",2023-12-07,Men's 14-15 Age Group 55kg,Desmond Myles,54.45,60,64,67,80,84,88,67,88,155
"The 2023 Nike North American Open Finals, powered by Rogue",2023-12-07,Men's 14-15 Age Group 61kg,Maddux Hernandez,59.31,63,66,68,83,86,-90,68,86,154
"The 2023 Nike North American Open Finals, powered by Rogue",2023-12-07,Men's 16-17 Age Group 61kg,Davontai Bell,60.98,-70,70,-73,78,-83,84,70,84,154
"The 2023 Nike North American Open Finals, powered by Rogue",2023-12-07,Open Women's 49kg,Rachel Conaway,48.6,62,65,68,83,86,-89,68,86,154
"The 2023 Nike North American Open Finals, powered by Rogue",2023-12-10,Women's Masters (35-39) 81kg,Catharine Messersmith,80.15,70,-74,74,80,-85,-86,74,80,154
"The 2023 Nike North American Open Finals, powered by Rogue",2023-12-09,Women's Masters (35-39) 76kg,Sarah Arnett,73.75,-65,68,-72,85,-89,-90,68,85,153
"The 2023 Nike North American Open Finals, powered by Rogue",2023-12-10,Women's Masters (40-44) +87kg,Marjorie Gottier,136.45,66,69,73,75,80,-84,73,80,153
"The 2023 Nike North American Open Finals, powered by Rogue",2023-12-08,Women's 16-17 Age Group 64kg,Alexa  Woodman ,63.45,62,65,67,81,84,86,67,86,153
"The 2023 Nike North American Open Finals, powered by Rogue",2023-12-08,Men's Masters (55-59) 73kg,Tom Cadden,71.6,-68,68,-71,82,85,-88,68,85,153
"The 2023 Nike North American Open Finals, powered by Rogue",2023-12-08,Women's Masters (40-44) 71kg,Jamie Boulos,66.82,64,-67,-68,83,86,89,64,89,153
"The 2023 Nike North American Open Finals, powered by Rogue",2023-12-08,Women's Masters (35-39) 71kg,Sarah Emmert,69.4,65,68,-71,79,82,84,68,84,152
"The 2023 Nike North American Open Finals, powered by Rogue",2023-12-07,Men's 14-15 Age Group 61kg,Lawson Berardi,60.63,68,70,-72,78,-81,82,70,82,152
"The 2023 Nike North American Open Finals, powered by Rogue",2023-12-09,Women's Masters (40-44) 81kg,Tanya Watson,77.15,65,68,-71,81,84,-86,68,84,152
"The 2023 Nike North American Open Finals, powered by Rogue",2023-12-07,Open Women's 59kg,Cari Griffin,58.4,63,-66,67,81,-84,85,67,85,152
"The 2023 Nike North American Open Finals, powered by Rogue",2023-12-09,Women's Masters (40-44) 76kg,Katherine Cirone,74.39,60,63,-65,85,88,-91,63,88,151
"The 2023 Nike North American Open Finals, powered by Rogue",2023-12-07,Open Women's 49kg,Ryan Metzger,49,62,65,-68,80,83,86,65,86,151
"The 2023 Nike North American Open Finals, powered by Rogue",2023-12-08,Women's 16-17 Age Group 71kg,Ameli Patrick,70.62,57,60,64,81,-84,86,64,86,150
"The 2023 Nike North American Open Finals, powered by Rogue",2023-12-09,Women's Masters (35-39) 76kg,Keri Lindquist,76,66,-69,-70,-80,80,84,66,84,150
"The 2023 Nike North American Open Finals, powered by Rogue",2023-12-07,Open Women's 55kg,Lacey Fema,54.66,62,-64,65,82,-84,85,65,85,150
"The 2023 Nike North American Open Finals, powered by Rogue",2023-12-07,Women's Masters (35-39) 55kg,Lindsey Knight,54.42,63,66,69,81,-85,-87,69,81,150
"The 2023 Nike North American Open Finals, powered by Rogue",2023-12-08,Women's Masters (35-39) 64kg,Michelle Wagner,64,-64,64,67,81,-83,83,67,83,150
"The 2023 Nike North American Open Finals, powered by Rogue",2023-12-07,Women's 16-17 Age Group 49kg,Marena Morales,48.8,62,64,66,80,82,84,66,84,150
"The 2023 Nike North American Open Finals, powered by Rogue",2023-12-08,Women's Masters (35-39) 71kg,Jocilyn Girouard,71,63,66,69,77,81,-85,69,81,150
"The 2023 Nike North American Open Finals, powered by Rogue",2023-12-07,Men's 16-17 Age Group 55kg,Nicolas Martinez,54.7,-61,61,64,80,84,86,64,86,150
"The 2023 Nike North American Open Finals, powered by Rogue",2023-12-10,Women's Masters (35-39) +87kg,Megan Wood,126.65,64,67,-70,83,0,0,67,83,150
"The 2023 Nike North American Open Finals, powered by Rogue",2023-12-08,Open Women's 64kg,Emily Prostko,61.4,-67,67,-71,-83,-83,83,67,83,150
"The 2023 Nike North American Open Finals, powered by Rogue",2023-12-09,Women's Masters (40-44) 81kg,Jennifer Miller,79.25,62,64,-66,80,83,86,64,86,150
"The 2023 Nike North American Open Finals, powered by Rogue",2023-12-07,Open Women's 55kg,Stephanie Kennedy,53.52,64,-68,-70,85,-88,-88,64,85,149
"The 2023 Nike North American Open Finals, powered by Rogue",2023-12-09,Women's Masters (35-39) 81kg,Riki Napiorkowski,80.75,65,68,-71,77,81,-83,68,81,149
"The 2023 Nike North American Open Finals, powered by Rogue",2023-12-09,Women's 16-17 Age Group 76kg,Hayden Brandon,74.82,65,-69,-70,79,-84,84,65,84,149
"The 2023 Nike North American Open Finals, powered by Rogue",2023-12-08,Women's Masters (45-49) 64kg,Jennifer Frati,62,58,-62,62,81,84,87,62,87,149
"The 2023 Nike North American Open Finals, powered by Rogue",2023-12-08,Women's Masters (40-44) 71kg,Kelly DeLear,66.69,64,67,70,79,-84,-84,70,79,149
"The 2023 Nike North American Open Finals, powered by Rogue",2023-12-10,Women's Masters (35-39) +87kg,Elyce Gilliand,111.35,61,64,66,83,-86,-86,66,83,149
"The 2023 Nike North American Open Finals, powered by Rogue",2023-12-10,Women's Masters (35-39) 87kg,Abby Boon,85.4,62,65,67,77,81,-83,67,81,148
"The 2023 Nike North American Open Finals, powered by Rogue",2023-12-07,Women's Masters (35-39) 59kg,Jessi Oehler,58.45,66,-68,-69,80,82,-84,66,82,148
"The 2023 Nike North American Open Finals, powered by Rogue",2023-12-07,Women's Masters (35-39) 55kg,Nikole Such,54.45,61,-63,64,81,84,-87,64,84,148
"The 2023 Nike North American Open Finals, powered by Rogue",2023-12-08,Men's Masters (65-69) 81kg,hank berger,79.25,59,61,-64,82,84,87,61,87,148
"The 2023 Nike North American Open Finals, powered by Rogue",2023-12-10,Women's Masters (40-44) +87kg,Amanda Cann,93.25,58,62,66,77,82,-88,66,82,148
"The 2023 Nike North American Open Finals, powered by Rogue",2023-12-08,Women's 13 Under Age Group +64kg,Ireland Manor,64.8,59,62,65,75,79,83,65,83,148
"The 2023 Nike North American Open Finals, powered by Rogue",2023-12-08,Women's Masters (35-39) 71kg,Laurel Smoak,69.6,65,68,-70,75,79,-82,68,79,147
"The 2023 Nike North American Open Finals, powered by Rogue",2023-12-09,Women's Masters (35-39) 81kg,Jaclyn Bosworth,79.35,58,61,-64,81,85,-89,61,85,146
"The 2023 Nike North American Open Finals, powered by Rogue",2023-12-08,Women's Masters (40-44) 71kg,Mary Chatriwala,71,60,63,-65,77,-80,83,63,83,146
"The 2023 Nike North American Open Finals, powered by Rogue",2023-12-09,Women's Masters (40-44) 76kg,Sarah Welsh,73.72,59,-61,62,84,-86,-87,62,84,146
"The 2023 Nike North American Open Finals, powered by Rogue",2023-12-08,Women's 16-17 Age Group 76kg,Ella Crane,73.01,65,68,-70,78,-81,-81,68,78,146
"The 2023 Nike North American Open Finals, powered by Rogue",2023-12-07,Women's Masters (35-39) 59kg,Elaine Tsay,55.85,66,-69,69,77,-80,-80,69,77,146
"The 2023 Nike North American Open Finals, powered by Rogue",2023-12-08,Women's Masters (40-44) 71kg,Heather Zrebiec,65.9,56,59,63,78,-82,83,63,83,146
"The 2023 Nike North American Open Finals, powered by Rogue",2023-12-09,Women's Masters (35-39) 76kg,Angelica Rosales,75.3,-63,63,-66,-80,-83,83,63,83,146
"The 2023 Nike North American Open Finals, powered by Rogue",2023-12-08,Women's 16-17 Age Group 64kg,Nia Black,61.45,62,65,68,76,-78,78,68,78,146
"The 2023 Nike North American Open Finals, powered by Rogue",2023-12-10,Women's Masters (50-54) +87kg,Kristina Teel,103.65,60,-63,63,75,78,82,63,82,145
"The 2023 Nike North American Open Finals, powered by Rogue",2023-12-07,Women's 16-17 Age Group 55kg,Gracie Rice,54.68,-62,-62,62,81,-83,83,62,83,145
"The 2023 Nike North American Open Finals, powered by Rogue",2023-12-09,Women's Masters (35-39) 81kg,Marie McNair,77.04,62,64,66,79,-82,-82,66,79,145
"The 2023 Nike North American Open Finals, powered by Rogue",2023-12-07,Women's Masters (35-39) 59kg,Crystal Wrubel,58.6,65,-67,67,-75,75,78,67,78,145
"The 2023 Nike North American Open Finals, powered by Rogue",2023-12-07,Women's 16-17 Age Group 49kg,Laney Yost,48.9,63,65,-68,-75,75,80,65,80,145
"The 2023 Nike North American Open Finals, powered by Rogue",2023-12-09,Women's 16-17 Age Group 81kg,Raven Lovencin,78.15,-61,61,65,75,80,-85,65,80,145
"The 2023 Nike North American Open Finals, powered by Rogue",2023-12-08,Women's 16-17 Age Group 64kg,Leyla Sakrisson,63.05,59,62,-65,76,79,82,62,82,144
"The 2023 Nike North American Open Finals, powered by Rogue",2023-12-08,Women's Masters (35-39) 64kg,Kara Keith,62.2,59,61,-63,-78,79,83,61,83,144
"The 2023 Nike North American Open Finals, powered by Rogue",2023-12-08,Women's Masters (45-49) 71kg,A. Isabelle Miller,70.89,60,63,67,73,77,-80,67,77,144
"The 2023 Nike North American Open Finals, powered by Rogue",2023-12-07,Men's 14-15 Age Group 67kg,Rowdy Cearley,61.4,60,-62,62,79,82,-84,62,82,144
"The 2023 Nike North American Open Finals, powered by Rogue",2023-12-09,Women's Masters (40-44) 76kg,Selena Cearley,75.9,63,-65,-65,75,78,81,63,81,144
"The 2023 Nike North American Open Finals, powered by Rogue",2023-12-09,Women's Masters (45-49) 81kg,Cara Phillips,78.3,61,-64,64,75,80,-86,64,80,144
"The 2023 Nike North American Open Finals, powered by Rogue",2023-12-08,Women's Masters (35-39) 64kg,Kate Painter,63.45,62,-65,-65,77,79,82,62,82,144
"The 2023 Nike North American Open Finals, powered by Rogue",2023-12-09,Women's 14-15 Age Group 76kg,Addison Bell,75.88,-65,65,68,76,-82,0,68,76,144
"The 2023 Nike North American Open Finals, powered by Rogue",2023-12-08,Women's Masters (45-49) 64kg,Valerie Greenslade,63.3,63,65,-67,73,76,78,65,78,143
"The 2023 Nike North American Open Finals, powered by Rogue",2023-12-10,Women's Masters (35-39) 87kg,Erin Mena,84.7,-56,56,59,-82,83,-86,59,83,142
"The 2023 Nike North American Open Finals, powered by Rogue",2023-12-08,Women's Masters (35-39) 64kg,Olga Pisarskiy,61.9,62,-65,-65,80,-83,-85,62,80,142
"The 2023 Nike North American Open Finals, powered by Rogue",2023-12-08,Women's Masters (40-44) 64kg,Jessica Cummings,63.8,-65,67,-70,-73,-75,75,67,75,142
"The 2023 Nike North American Open Finals, powered by Rogue",2023-12-08,Women's Masters (35-39) 71kg,Andrea Wilson,65.35,59,62,-65,-77,77,80,62,80,142
"The 2023 Nike North American Open Finals, powered by Rogue",2023-12-07,Women's 16-17 Age Group 49kg,Brynn Cupp,47.95,-63,-63,63,77,79,-83,63,79,142
"The 2023 Nike North American Open Finals, powered by Rogue",2023-12-08,Women's Masters (45-49) 71kg,Jessica Johns-Green,69.95,57,60,63,75,-78,79,63,79,142
"The 2023 Nike North American Open Finals, powered by Rogue",2023-12-08,Women's 13 Under Age Group +64kg,Chassity Del Balso,66.98,55,58,61,72,77,81,61,81,142
"The 2023 Nike North American Open Finals, powered by Rogue",2023-12-07,Women's Masters (35-39) 55kg,Angie Monterroso,54.29,60,-62,62,77,80,-82,62,80,142
"The 2023 Nike North American Open Finals, powered by Rogue",2023-12-08,Women's 13 Under Age Group 64kg,Gianna Van Hofwegen,61.25,58,60,62,74,77,80,62,80,142
"The 2023 Nike North American Open Finals, powered by Rogue",2023-12-08,Women's Masters (35-39) 76kg,Ibis Loya Aguirre,73.66,62,65,-68,76,-79,-80,65,76,141
"The 2023 Nike North American Open Finals, powered by Rogue",2023-12-07,Women's 16-17 Age Group 55kg,Ayana Parker,55,-62,62,-65,79,-82,-83,62,79,141
"The 2023 Nike North American Open Finals, powered by Rogue",2023-12-08,Women's 16-17 Age Group 64kg,Leann Freeman,62.85,63,-66,-67,75,78,-80,63,78,141
"The 2023 Nike North American Open Finals, powered by Rogue",2023-12-07,Men's 16-17 Age Group 55kg,jordan castro,54.3,61,64,-67,-75,-77,77,64,77,141
"The 2023 Nike North American Open Finals, powered by Rogue",2023-12-10,Women's Masters (35-39) +87kg,Elizabeth Paller,99.94,50,53,-56,81,85,88,53,88,141
"The 2023 Nike North American Open Finals, powered by Rogue",2023-12-08,Open Women's 64kg,Samantha Love,63.85,60,63,65,74,-76,76,65,76,141
"The 2023 Nike North American Open Finals, powered by Rogue",2023-12-08,Women's Masters (35-39) 64kg,Michelle Woogen,62.1,58,61,63,71,74,77,63,77,140
"The 2023 Nike North American Open Finals, powered by Rogue",2023-12-07,Men's 13 Under Age Group 67kg,Keegan McHale,65.95,51,54,-57,76,81,86,54,86,140
"The 2023 Nike North American Open Finals, powered by Rogue",2023-12-08,Women's Masters (35-39) 71kg,Jana Whiteaker,68.43,-59,-60,60,75,80,-87,60,80,140
"The 2023 Nike North American Open Finals, powered by Rogue",2023-12-08,Women's 16-17 Age Group 64kg,Summer de la Cruz,63.55,57,60,-63,74,78,80,60,80,140
"The 2023 Nike North American Open Finals, powered by Rogue",2023-12-07,Women's Masters (35-39) 49kg,Jennifer Fullhart,48.95,57,59,-61,77,-80,80,59,80,139
"The 2023 Nike North American Open Finals, powered by Rogue",2023-12-07,Women's Masters (35-39) 55kg,Lisa Guadagnolo,53.88,58,60,63,-76,76,-79,63,76,139
"The 2023 Nike North American Open Finals, powered by Rogue",2023-12-09,Women's Masters (35-39) 76kg,Amanda Scrementi,73.13,59,-62,62,71,74,77,62,77,139
"The 2023 Nike North American Open Finals, powered by Rogue",2023-12-07,Open Women's 45kg,Virginie Beljour,45,61,-64,-65,78,-82,-85,61,78,139
"The 2023 Nike North American Open Finals, powered by Rogue",2023-12-10,Women's Masters (35-39) 87kg,Lindsay Watson,84.9,58,-61,61,70,74,78,61,78,139
"The 2023 Nike North American Open Finals, powered by Rogue",2023-12-07,Men's 13 Under Age Group 67kg,Nathanael Maher,66.5,59,62,-65,68,73,77,62,77,139
"The 2023 Nike North American Open Finals, powered by Rogue",2023-12-09,Women's Masters (45-49) 87kg,Shelley Gast,81.5,57,60,63,75,-80,-80,63,75,138
"The 2023 Nike North American Open Finals, powered by Rogue",2023-12-08,Women's 14-15 Age Group 64kg,Zoe Rangel,63.9,58,60,-63,72,75,77,60,77,137
"The 2023 Nike North American Open Finals, powered by Rogue",2023-12-10,Women's Masters (45-49) +87kg,Kelli Wells,131.52,58,60,62,72,-75,75,62,75,137
"The 2023 Nike North American Open Finals, powered by Rogue",2023-12-07,Women's 16-17 Age Group 55kg,Paula Mogollon,54.17,57,-60,60,74,77,-80,60,77,137
"The 2023 Nike North American Open Finals, powered by Rogue",2023-12-08,Women's Masters (45-49) 71kg,Angela Weidman,69.16,55,58,60,70,74,77,60,77,137
"The 2023 Nike North American Open Finals, powered by Rogue",2023-12-07,Women's Masters (40-44) 49kg,April Noska,49,60,-62,-62,-77,-77,77,60,77,137
"The 2023 Nike North American Open Finals, powered by Rogue",2023-12-08,Women's Masters (50-54) 64kg,Michelle Picking,62.15,-61,-61,62,71,74,-76,62,74,136
"The 2023 Nike North American Open Finals, powered by Rogue",2023-12-09,Women's Masters (35-39) 76kg,Kathleen Marquez,73.99,55,58,60,74,76,-78,60,76,136
"The 2023 Nike North American Open Finals, powered by Rogue",2023-12-09,Women's Masters (40-44) 76kg,maria shesiuk,73.55,52,55,58,70,74,78,58,78,136
"The 2023 Nike North American Open Finals, powered by Rogue",2023-12-10,Women's Masters (45-49) +87kg,Delores Hill,92.55,55,58,61,69,72,75,61,75,136
"The 2023 Nike North American Open Finals, powered by Rogue",2023-12-07,Open Women's 49kg,Alexis Figurski,48.65,58,61,-63,75,-80,-80,61,75,136
"The 2023 Nike North American Open Finals, powered by Rogue",2023-12-08,Women's Masters (40-44) 71kg,Ashlee Edwards,70.29,61,-63,-64,-75,75,-77,61,75,136
"The 2023 Nike North American Open Finals, powered by Rogue",2023-12-08,Women's Masters (35-39) 71kg,Nicole Trimble,69.08,56,59,62,74,-77,-78,62,74,136
"The 2023 Nike North American Open Finals, powered by Rogue",2023-12-10,Women's Masters (35-39) +87kg,Christina Brockington,145,53,57,-60,75,79,-83,57,79,136
"The 2023 Nike North American Open Finals, powered by Rogue",2023-12-07,Open Women's 49kg,Lucy Nguyen,49,56,-59,59,-76,77,-80,59,77,136
"The 2023 Nike North American Open Finals, powered by Rogue",2023-12-09,Women's Masters (50-54) 76kg,Elisa Leporini,72.79,56,59,61,71,-73,74,61,74,135
"The 2023 Nike North American Open Finals, powered by Rogue",2023-12-07,Women's Masters (35-39) 59kg,Lauren Abadie,56.8,57,-60,60,-65,75,-80,60,75,135
"The 2023 Nike North American Open Finals, powered by Rogue",2023-12-08,Women's Masters (35-39) 64kg,Amanda Whiting,63,51,54,57,75,78,-81,57,78,135
"The 2023 Nike North American Open Finals, powered by Rogue",2023-12-07,Women's 14-15 Age Group 55kg,Lilla Heath,55,59,-62,62,68,72,-75,62,72,134
"The 2023 Nike North American Open Finals, powered by Rogue",2023-12-10,Women's Masters (40-44) +87kg,Natasha Wunderlich,111.82,-57,57,-59,77,-81,-83,57,77,134
"The 2023 Nike North American Open Finals, powered by Rogue",2023-12-08,Women's Masters (35-39) 76kg,Alba Fortuna,74.12,58,60,-62,71,74,-77,60,74,134
"The 2023 Nike North American Open Finals, powered by Rogue",2023-12-10,Women's Masters (35-39) +87kg,Nicole Jokola,100.32,-55,55,58,-74,75,-78,58,75,133
"The 2023 Nike North American Open Finals, powered by Rogue",2023-12-07,Women's Masters (35-39) 59kg,Dana Kelly,57.5,54,56,58,71,73,75,58,75,133
"The 2023 Nike North American Open Finals, powered by Rogue",2023-12-08,Women's Masters (40-44) 71kg,Elizabeth Skwarecki,68.71,56,59,-62,-72,73,-75,59,73,132
"The 2023 Nike North American Open Finals, powered by Rogue",2023-12-08,Women's Masters (40-44) 64kg,Kathleen Black,62.3,57,-59,-60,-74,-75,75,57,75,132
"The 2023 Nike North American Open Finals, powered by Rogue",2023-12-07,Open Women's 45kg,Amerie Timmons,44.85,53,56,58,70,74,-77,58,74,132
"The 2023 Nike North American Open Finals, powered by Rogue",2023-12-09,Women's Masters (35-39) 76kg,Natalie Frey,74.2,56,-58,58,74,-76,-76,58,74,132
"The 2023 Nike North American Open Finals, powered by Rogue",2023-12-07,Open Women's 49kg,Amanda Serapiglia,48.9,56,59,-62,-70,70,73,59,73,132
"The 2023 Nike North American Open Finals, powered by Rogue",2023-12-08,Women's Masters (40-44) 71kg,Elizabeth Wenzel,69.96,-60,60,-62,69,71,-73,60,71,131
"The 2023 Nike North American Open Finals, powered by Rogue",2023-12-09,Women's Masters (40-44) 87kg,Vladislava Davydova,83.75,52,55,58,68,70,73,58,73,131
"The 2023 Nike North American Open Finals, powered by Rogue",2023-12-08,Women's Masters (35-39) 71kg,Claire Ungashick,70.82,56,59,61,67,-70,70,61,70,131
"The 2023 Nike North American Open Finals, powered by Rogue",2023-12-07,Open Women's 49kg,Aria Zayed,49,54,56,58,68,70,72,58,72,130
"The 2023 Nike North American Open Finals, powered by Rogue",2023-12-09,Women's Masters (35-39) 76kg,Stormy Weather,73.8,56,-58,60,65,68,70,60,70,130
"The 2023 Nike North American Open Finals, powered by Rogue",2023-12-07,Women's Masters (35-39) 49kg,Nile Franklin,48.6,-58,58,-61,72,-75,-76,58,72,130
"The 2023 Nike North American Open Finals, powered by Rogue",2023-12-08,Women's Masters (35-39) 71kg,Audrey Tancini,70.59,55,-60,60,70,-75,-75,60,70,130
"The 2023 Nike North American Open Finals, powered by Rogue",2023-12-07,Women's 14-15 Age Group 55kg,Mahealani Mason,53.6,54,56,58,64,69,72,58,72,130
"The 2023 Nike North American Open Finals, powered by Rogue",2023-12-08,Women's Masters (40-44) 71kg,Sandra Paladino,67.56,52,55,58,66,69,72,58,72,130
"The 2023 Nike North American Open Finals, powered by Rogue",2023-12-08,Women's Masters (40-44) 64kg,Amanda Dziawura,62.8,54,56,-58,68,71,73,56,73,129
"The 2023 Nike North American Open Finals, powered by Rogue",2023-12-07,Open Women's 45kg,Sarah Morris,44.95,-54,54,57,72,-76,-76,57,72,129
"The 2023 Nike North American Open Finals, powered by Rogue",2023-12-07,Women's Masters (45-49) 59kg,Jara MacDermott,56.15,52,54,56,70,73,-75,56,73,129
"The 2023 Nike North American Open Finals, powered by Rogue",2023-12-07,Women's 14-15 Age Group 59kg,Jordan Schwenneker,56.37,54,57,-60,66,69,72,57,72,129
"The 2023 Nike North American Open Finals, powered by Rogue",2023-12-07,Open Women's 49kg,Cheryl D. Capadocia,49,51,54,57,68,72,-75,57,72,129
"The 2023 Nike North American Open Finals, powered by Rogue",2023-12-10,Women's Masters (45-49) 87kg,Elizabeth Korchnak,85.15,55,57,-59,70,72,-74,57,72,129
"The 2023 Nike North American Open Finals, powered by Rogue",2023-12-07,Men's 13 Under Age Group 61kg,Cody Anderson,57.19,52,-55,-55,68,72,76,52,76,128
"The 2023 Nike North American Open Finals, powered by Rogue",2023-12-07,Open Women's 49kg,Juliana Flynn,48.85,-57,-57,57,68,71,-74,57,71,128
"The 2023 Nike North American Open Finals, powered by Rogue",2023-12-09,Women's Masters (55-59) 76kg,Larisa Miranda,75,53,-58,58,65,70,-75,58,70,128
"The 2023 Nike North American Open Finals, powered by Rogue",2023-12-07,Women's 16-17 Age Group 55kg,Sophia Milian,53.41,52,55,-58,70,73,-76,55,73,128
"The 2023 Nike North American Open Finals, powered by Rogue",2023-12-07,Women's Masters (45-49) 64kg,Jessica King,63.3,50,53,56,66,69,72,56,72,128
"The 2023 Nike North American Open Finals, powered by Rogue",2023-12-07,Women's Masters (35-39) 55kg,Gabriela Delgadillo Sarabia,49.7,53,-56,-56,-73,75,-78,53,75,128
"The 2023 Nike North American Open Finals, powered by Rogue",2023-12-10,Women's Masters (40-44) +87kg,Annette Smith,122.2,52,-54,55,67,70,72,55,72,127
"The 2023 Nike North American Open Finals, powered by Rogue",2023-12-09,Women's Masters (35-39) 76kg,Tracy Wong,75.1,-53,53,56,68,71,-74,56,71,127
"The 2023 Nike North American Open Finals, powered by Rogue",2023-12-07,Women's 14-15 Age Group 59kg,Brooklynn Hoover,57.7,54,-57,57,64,67,70,57,70,127
"The 2023 Nike North American Open Finals, powered by Rogue",2023-12-07,Open Women's 49kg,tiffany leung,48.4,-57,57,-60,70,-73,-73,57,70,127
"The 2023 Nike North American Open Finals, powered by Rogue",2023-12-07,Women's Masters (35-39) 59kg,Rachel Bryla,58.95,52,-54,-54,72,75,-78,52,75,127
"The 2023 Nike North American Open Finals, powered by Rogue",2023-12-08,Women's Masters (35-39) 64kg,Erin Madden,62.45,55,57,-59,68,70,0,57,70,127
"The 2023 Nike North American Open Finals, powered by Rogue",2023-12-07,Women's 16-17 Age Group 55kg,Eva Young,54.46,52,55,58,69,-72,-73,58,69,127
"The 2023 Nike North American Open Finals, powered by Rogue",2023-12-07,Women's 16-17 Age Group 59kg,Chloe Merritt,57.75,52,55,57,65,70,-72,57,70,127
"The 2023 Nike North American Open Finals, powered by Rogue",2023-12-09,Women's Masters (50-54) 76kg,Loretta Scott,76,53,55,-57,-72,72,-75,55,72,127
"The 2023 Nike North American Open Finals, powered by Rogue",2023-12-07,Open Women's 49kg,Kaitlin Lacey,48.2,55,-58,-60,72,-76,-76,55,72,127
"The 2023 Nike North American Open Finals, powered by Rogue",2023-12-08,Women's Masters (40-44) 64kg,Courtney Ihlenfeld,63.35,56,-59,-59,68,70,-72,56,70,126
"The 2023 Nike North American Open Finals, powered by Rogue",2023-12-09,Women's Masters (35-39) 71kg,Ashley Burnell,71,53,55,58,68,-71,-71,58,68,126
"The 2023 Nike North American Open Finals, powered by Rogue",2023-12-07,Women's Masters (45-49) 59kg,pamela gagnon,56.15,-50,53,-57,67,70,73,53,73,126
"The 2023 Nike North American Open Finals, powered by Rogue",2023-12-07,Women's 16-17 Age Group 59kg,Eleanor Otis,57.7,53,56,58,68,-72,-73,58,68,126
"The 2023 Nike North American Open Finals, powered by Rogue",2023-12-10,Women's Masters (45-49) 87kg,Lindsay Pitzer,85.05,52,55,60,66,-70,-70,60,66,126
"The 2023 Nike North American Open Finals, powered by Rogue",2023-12-08,Women's 16-17 Age Group 64kg,Wynter Montgomery,61.9,51,53,55,65,68,71,55,71,126
"The 2023 Nike North American Open Finals, powered by Rogue",2023-12-07,Women's 16-17 Age Group 59kg,Alessandra Arias,55.75,-50,53,56,70,-73,-73,56,70,126
"The 2023 Nike North American Open Finals, powered by Rogue",2023-12-10,Women's Masters (55-59) +87kg,pamela brooks,106.82,45,48,50,68,72,75,50,75,125
"The 2023 Nike North American Open Finals, powered by Rogue",2023-12-09,Women's Masters (35-39) 76kg,Alaina Prewitt,75,50,52,54,68,71,-73,54,71,125
"The 2023 Nike North American Open Finals, powered by Rogue",2023-12-08,Women's Masters (35-39) 71kg,Katelyn Tkacik,68.72,50,53,55,65,70,-74,55,70,125
"The 2023 Nike North American Open Finals, powered by Rogue",2023-12-07,Women's 16-17 Age Group 59kg,Kawena Mason,56.04,53,55,57,61,64,67,57,67,124
"The 2023 Nike North American Open Finals, powered by Rogue",2023-12-08,Women's 14-15 Age Group 64kg,Allie Nichols,63.4,47,50,-53,68,71,74,50,74,124
"The 2023 Nike North American Open Finals, powered by Rogue",2023-12-10,Women's Masters (40-44) 87kg,Sara Soto,86.1,-53,53,-57,64,68,71,53,71,124
"The 2023 Nike North American Open Finals, powered by Rogue",2023-12-07,Women's Masters (40-44) 59kg,Erica Chard,58.85,54,55,-57,67,69,-70,55,69,124
"The 2023 Nike North American Open Finals, powered by Rogue",2023-12-08,Women's Masters (40-44) 71kg,Karen O'Donnell,69.64,50,-53,53,68,71,-74,53,71,124
"The 2023 Nike North American Open Finals, powered by Rogue",2023-12-07,Women's 13 Under Age Group 55kg,Maryam Grafton,54.17,-50,50,54,-65,65,70,54,70,124
"The 2023 Nike North American Open Finals, powered by Rogue",2023-12-08,Women's Masters (35-39) 71kg,Laura Dionisio,67,51,54,-57,64,67,70,54,70,124
"The 2023 Nike North American Open Finals, powered by Rogue",2023-12-07,Women's Masters (40-44) 59kg,Stephanie Geer,58.05,53,-55,55,65,-67,68,55,68,123
"The 2023 Nike North American Open Finals, powered by Rogue",2023-12-09,Women's Masters (35-39) 76kg,Katie Koontz,74.55,-55,55,-58,68,-71,-71,55,68,123
"The 2023 Nike North American Open Finals, powered by Rogue",2023-12-07,Women's Masters (50-54) 55kg,Rosanna Sansone,54.38,50,53,-56,70,-74,-74,53,70,123
"The 2023 Nike North American Open Finals, powered by Rogue",2023-12-08,Women's 14-15 Age Group 64kg,Samantha Goodman,62.65,54,-57,57,66,-69,-69,57,66,123
"The 2023 Nike North American Open Finals, powered by Rogue",2023-12-07,Women's 14-15 Age Group 49kg,Amelia Phillips,48.35,-52,52,-54,66,71,-74,52,71,123
"The 2023 Nike North American Open Finals, powered by Rogue",2023-12-07,Women's Masters (35-39) 59kg,Megan Patton,56.2,50,-53,-53,70,73,-75,50,73,123
"The 2023 Nike North American Open Finals, powered by Rogue",2023-12-07,Women's Masters (35-39) 55kg,Erin Thomson,53.3,50,52,54,64,66,68,54,68,122
"The 2023 Nike North American Open Finals, powered by Rogue",2023-12-07,Men's 13 Under Age Group 61kg,Noah Booth,60.73,46,47,51,65,68,71,51,71,122
"The 2023 Nike North American Open Finals, powered by Rogue",2023-12-08,Women's Masters (40-44) 64kg,Jenny King ,62.75,48,51,54,57,61,68,54,68,122
"The 2023 Nike North American Open Finals, powered by Rogue",2023-12-09,Women's Masters (35-39) 76kg,Raquel Barreto,71.55,53,56,-58,58,62,66,56,66,122
"The 2023 Nike North American Open Finals, powered by Rogue",2023-12-08,Women's Masters (45-49) 71kg,Samantha Artiga,65.9,52,54,56,63,66,-69,56,66,122
"The 2023 Nike North American Open Finals, powered by Rogue",2023-12-09,Women's Masters (40-44) 81kg,TIA VANCE,77.1,53,-55,-56,66,69,-71,53,69,122
"The 2023 Nike North American Open Finals, powered by Rogue",2023-12-10,Women's Masters (40-44) +87kg,Tacora Beasley,103.8,52,55,-59,63,-66,66,55,66,121
"The 2023 Nike North American Open Finals, powered by Rogue",2023-12-08,Women's 13 Under Age Group 64kg,Hadley Parsons,61.1,47,50,53,64,-68,68,53,68,121
"The 2023 Nike North American Open Finals, powered by Rogue",2023-12-07,Women's 16-17 Age Group 55kg,HarleyJane Carter,53.1,50,53,-56,66,68,-70,53,68,121
"The 2023 Nike North American Open Finals, powered by Rogue",2023-12-08,Women's 14-15 Age Group 71kg,Stevie Majoros,67.16,47,-50,50,66,70,-73,50,70,120
"The 2023 Nike North American Open Finals, powered by Rogue",2023-12-07,Women's Masters (50-54) 59kg,Tiffany Redwine,58.9,50,52,-54,65,-68,68,52,68,120
"The 2023 Nike North American Open Finals, powered by Rogue",2023-12-08,Women's Masters (40-44) 64kg,Kristin  Leet,61.3,52,-55,55,-65,65,-67,55,65,120
"The 2023 Nike North American Open Finals, powered by Rogue",2023-12-08,Women's Masters (40-44) 71kg,Debra Woods,65.95,55,-57,-57,65,-68,-68,55,65,120
"The 2023 Nike North American Open Finals, powered by Rogue",2023-12-08,Women's Masters (60-64) 64kg,Kelly Garber,64,51,53,-55,-64,64,67,53,67,120
"The 2023 Nike North American Open Finals, powered by Rogue",2023-12-07,Women's Masters (40-44) 59kg,Lynnette Hull,58.05,50,-52,-52,70,-74,-74,50,70,120
"The 2023 Nike North American Open Finals, powered by Rogue",2023-12-07,Women's 16-17 Age Group 59kg,Lize Buitendach,55.54,50,53,-55,62,64,66,53,66,119
"The 2023 Nike North American Open Finals, powered by Rogue",2023-12-07,Women's 16-17 Age Group 55kg,Jaycee  Cobb ,53.15,48,-51,53,-66,-66,66,53,66,119
"The 2023 Nike North American Open Finals, powered by Rogue",2023-12-07,Women's Masters (40-44) 55kg,Denee Wolf,54.77,45,48,51,65,68,-71,51,68,119
"The 2023 Nike North American Open Finals, powered by Rogue",2023-12-07,Women's 13 Under Age Group 64kg,Abigail Prichard,59.35,52,-55,-55,63,-67,67,52,67,119
"The 2023 Nike North American Open Finals, powered by Rogue",2023-12-09,Women's Masters (40-44) 76kg,Hanna Estevez,76.01,51,-54,-54,65,68,-71,51,68,119
"The 2023 Nike North American Open Finals, powered by Rogue",2023-12-10,Men's Masters (80+) 102kg,Richard Sipos,100.25,47,50,52,63,66,-68,52,66,118
"The 2023 Nike North American Open Finals, powered by Rogue",2023-12-09,Women's Masters (40-44) 81kg,Deborah Fountain,76.45,-55,-55,55,63,-67,-67,55,63,118
"The 2023 Nike North American Open Finals, powered by Rogue",2023-12-07,Women's Masters (45-49) 55kg,Lauren Storck,52.91,50,-52,-54,-66,66,68,50,68,118
"The 2023 Nike North American Open Finals, powered by Rogue",2023-12-07,Women's Masters (40-44) 55kg,Karen Agena,54.09,-47,47,49,67,69,-71,49,69,118
"The 2023 Nike North American Open Finals, powered by Rogue",2023-12-07,Women's Masters (45-49) 59kg,Moira Fauth,58.9,44,47,50,65,68,-71,50,68,118
"The 2023 Nike North American Open Finals, powered by Rogue",2023-12-08,Women's Masters (40-44) 71kg,Anne Powell,69.37,47,50,52,63,66,-69,52,66,118
"The 2023 Nike North American Open Finals, powered by Rogue",2023-12-08,Women's 13 Under Age Group +64kg,Alyssa Hines,65.46,51,-53,-55,61,64,66,51,66,117
"The 2023 Nike North American Open Finals, powered by Rogue",2023-12-08,Women's Masters (35-39) 64kg,Jessica Cruse,63.4,49,52,-55,-62,62,65,52,65,117
"The 2023 Nike North American Open Finals, powered by Rogue",2023-12-07,Women's Masters (35-39) 59kg,Tiffany Black,56.05,-54,-55,55,59,62,-65,55,62,117
"The 2023 Nike North American Open Finals, powered by Rogue",2023-12-07,Women's Masters (40-44) 59kg,Nicki Ingram,58.2,-50,50,-53,66,-71,-72,50,66,116
"The 2023 Nike North American Open Finals, powered by Rogue",2023-12-07,Women's 16-17 Age Group 59kg,Adrienne Li,55.82,-49,50,53,60,63,-66,53,63,116
"The 2023 Nike North American Open Finals, powered by Rogue",2023-12-10,Women's Masters (65-69) 87kg,Deborah Strobel,84.3,45,-48,-48,65,68,71,45,71,116
"The 2023 Nike North American Open Finals, powered by Rogue",2023-12-08,Women's Masters (40-44) 64kg,Clementina Russo,63,-45,45,47,68,-70,-70,47,68,115
"The 2023 Nike North American Open Finals, powered by Rogue",2023-12-07,Women's Masters (40-44) 45kg,Melissa Sue Jutras Kamphake,45,50,-52,52,60,63,-65,52,63,115
"The 2023 Nike North American Open Finals, powered by Rogue",2023-12-07,Women's Masters (35-39) 59kg,Isabella Tadique,57.8,47,50,52,57,60,63,52,63,115
"The 2023 Nike North American Open Finals, powered by Rogue",2023-12-07,Women's Masters (35-39) 59kg,Laura Kaveney,57.3,45,48,-50,60,64,67,48,67,115
"The 2023 Nike North American Open Finals, powered by Rogue",2023-12-08,Women's Masters (40-44) 71kg,Allyson Cochran,67.64,52,55,-58,60,-63,-63,55,60,115
"The 2023 Nike North American Open Finals, powered by Rogue",2023-12-07,Women's 16-17 Age Group 49kg,Ireland OBrien,49,52,55,-58,59,-62,-62,55,59,114
"The 2023 Nike North American Open Finals, powered by Rogue",2023-12-07,Open Women's 49kg,Sally French,46.85,47,49,51,63,-66,-69,51,63,114
"The 2023 Nike North American Open Finals, powered by Rogue",2023-12-07,Women's Masters (40-44) 59kg,Mischa Jemionek,57.55,44,47,49,61,63,65,49,65,114
"The 2023 Nike North American Open Finals, powered by Rogue",2023-12-09,Women's Masters (50-54) 76kg,Lisa Talcott,74.2,-53,53,-55,58,61,-65,53,61,114
"The 2023 Nike North American Open Finals, powered by Rogue",2023-12-08,Women's Masters (45-49) 71kg,Pennye Stansel,71,46,-48,48,-66,66,-69,48,66,114
"The 2023 Nike North American Open Finals, powered by Rogue",2023-12-08,Women's Masters (35-39) 71kg,Christina Barajas,65.45,-50,50,-52,60,63,-65,50,63,113
"The 2023 Nike North American Open Finals, powered by Rogue",2023-12-09,Women's Masters (45-49) 76kg,Heather Krause,72.4,48,50,52,55,58,61,52,61,113
"The 2023 Nike North American Open Finals, powered by Rogue",2023-12-07,Women's 13 Under Age Group 59kg,Alexandra Hamilton,55.72,48,51,53,60,-63,-63,53,60,113
"The 2023 Nike North American Open Finals, powered by Rogue",2023-12-07,Women's Masters (40-44) 55kg,ALEXANDRIA Zikoyanis,55,47,49,-51,63,-66,-66,49,63,112
"The 2023 Nike North American Open Finals, powered by Rogue",2023-12-07,Women's 14-15 Age Group 59kg,Lucy Korn,58.65,45,47,49,57,60,63,49,63,112
"The 2023 Nike North American Open Finals, powered by Rogue",2023-12-08,Men's 13 Under Age Group 73kg,Aidan Curry,69.55,47,50,-53,59,62,-65,50,62,112
"The 2023 Nike North American Open Finals, powered by Rogue",2023-12-07,Women's Masters (45-49) 59kg,Catherine Galli,58.25,48,50,52,-57,57,60,52,60,112
"The 2023 Nike North American Open Finals, powered by Rogue",2023-12-09,Men's Masters (80+) 96kg,Barry Lewis,90.84,45,48,50,58,62,-65,50,62,112
"The 2023 Nike North American Open Finals, powered by Rogue",2023-12-07,Women's 16-17 Age Group 45kg,Isabella Rice,44.75,45,-47,48,60,-63,63,48,63,111
"The 2023 Nike North American Open Finals, powered by Rogue",2023-12-08,Women's 13 Under Age Group +64kg,Fiona Paul,64.55,-45,45,49,57,62,-64,49,62,111
"The 2023 Nike North American Open Finals, powered by Rogue",2023-12-07,Women's Masters (35-39) 59kg,Kimmy Fung,55.34,51,-53,-53,57,60,-63,51,60,111
"The 2023 Nike North American Open Finals, powered by Rogue",2023-12-08,Women's 13 Under Age Group +64kg,Andie Kephart,90.21,47,49,51,58,-60,60,51,60,111
"The 2023 Nike North American Open Finals, powered by Rogue",2023-12-07,Women's 16-17 Age Group 49kg,Ashley Aun,48.65,45,-49,-49,62,66,-70,45,66,111
"The 2023 Nike North American Open Finals, powered by Rogue",2023-12-07,Women's Masters (40-44) 59kg,Desiree Gonzalez,58.7,48,50,-52,58,61,-63,50,61,111
"The 2023 Nike North American Open Finals, powered by Rogue",2023-12-07,Women's 14-15 Age Group 55kg,Piper Jones,49.75,44,46,48,60,62,63,48,63,111
"The 2023 Nike North American Open Finals, powered by Rogue",2023-12-07,Women's Masters (40-44) 55kg,Sabrina Liu,51.47,46,48,-50,58,62,-64,48,62,110
"The 2023 Nike North American Open Finals, powered by Rogue",2023-12-08,Women's Masters (35-39) 64kg,Jennifer Fite,63.75,-45,-45,45,61,63,65,45,65,110
"The 2023 Nike North American Open Finals, powered by Rogue",2023-12-07,Women's Masters (40-44) 59kg,Bianca Leone,57.9,48,50,52,58,-61,-61,52,58,110
"The 2023 Nike North American Open Finals, powered by Rogue",2023-12-08,Women's Masters (55-59) 71kg,Sheryl Soule,68.27,44,-47,47,56,-60,62,47,62,109
"The 2023 Nike North American Open Finals, powered by Rogue",2023-12-07,Men's 13 Under Age Group 67kg,Taylor Page,66.1,40,44,49,53,57,60,49,60,109
"The 2023 Nike North American Open Finals, powered by Rogue",2023-12-07,Women's 14-15 Age Group 55kg,Sunrise de la Cruz,54.35,42,45,48,55,58,61,48,61,109
"The 2023 Nike North American Open Finals, powered by Rogue",2023-12-07,Women's 16-17 Age Group 45kg,haley earnest,44.4,42,45,-48,-62,63,-66,45,63,108
"The 2023 Nike North American Open Finals, powered by Rogue",2023-12-09,Women's Masters (55-59) 87kg,Leanda Bevans,83.35,45,48,-51,-60,-60,60,48,60,108
"The 2023 Nike North American Open Finals, powered by Rogue",2023-12-08,Women's Masters (50-54) 64kg,Lauren Herrmann,61.45,42,-45,-45,62,65,-68,42,65,107
"The 2023 Nike North American Open Finals, powered by Rogue",2023-12-07,Women's Masters (35-39) 55kg,Jennifer Moberly,52.15,-40,40,43,60,62,64,43,64,107
"The 2023 Nike North American Open Finals, powered by Rogue",2023-12-07,Women's 14-15 Age Group 55kg,Ellen Lehman,53.12,44,48,-51,53,-56,58,48,58,106
"The 2023 Nike North American Open Finals, powered by Rogue",2023-12-08,Women's Masters (50-54) 64kg,Melanie Lendis,61.1,45,47,-49,56,-59,59,47,59,106
"The 2023 Nike North American Open Finals, powered by Rogue",2023-12-08,Women's 13 Under Age Group +64kg,Olivia Blatt,70.13,38,42,45,50,55,60,45,60,105
"The 2023 Nike North American Open Finals, powered by Rogue",2023-12-07,Women's 14-15 Age Group 55kg,Emaan Qayyum,53.72,39,41,44,53,57,60,44,60,104
"The 2023 Nike North American Open Finals, powered by Rogue",2023-12-08,Women's Masters (50-54) 71kg,Tatiana Nikitina,68.13,42,44,46,56,58,-61,46,58,104
"The 2023 Nike North American Open Finals, powered by Rogue",2023-12-07,Women's 16-17 Age Group 55kg,Luna Perez,52.42,46,49,-51,-55,55,-58,49,55,104
"The 2023 Nike North American Open Finals, powered by Rogue",2023-12-07,Women's Masters (40-44) 59kg,Annelisa Pessetto,57.55,39,-43,44,55,59,-61,44,59,103
"The 2023 Nike North American Open Finals, powered by Rogue",2023-12-07,Men's 13 Under Age Group 49kg,Weston McGrath,46.05,42,44,-46,53,56,58,44,58,102
"The 2023 Nike North American Open Finals, powered by Rogue",2023-12-07,Women's 16-17 Age Group 49kg,Ella Gamache,48.95,43,45,-47,57,-60,-60,45,57,102
"The 2023 Nike North American Open Finals, powered by Rogue",2023-12-07,Women's Masters (45-49) 49kg,Laura Woodward,48.3,38,41,-43,55,58,61,41,61,102
"The 2023 Nike North American Open Finals, powered by Rogue",2023-12-07,Women's Masters (45-49) 59kg,Shannon Strzynski,58.45,43,45,47,53,55,-57,47,55,102
"The 2023 Nike North American Open Finals, powered by Rogue",2023-12-09,Women's Masters (40-44) 76kg,Renee Michelle Burnette,71.35,40,42,44,52,56,-60,44,56,100
"The 2023 Nike North American Open Finals, powered by Rogue",2023-12-07,Women's 13 Under Age Group 49kg,Allison Avalos,48.35,40,-45,45,45,50,55,45,55,100
"The 2023 Nike North American Open Finals, powered by Rogue",2023-12-07,Women's 14-15 Age Group 49kg,Lyla Sharp,47.8,42,-44,44,52,55,-57,44,55,99
"The 2023 Nike North American Open Finals, powered by Rogue",2023-12-07,Women's 14-15 Age Group 55kg,Mia Murphy,52.8,40,42,-44,52,54,56,42,56,98
"The 2023 Nike North American Open Finals, powered by Rogue",2023-12-07,Women's Masters (40-44) 55kg,Liz Waddell,52.43,40,43,-45,47,50,55,43,55,98
"The 2023 Nike North American Open Finals, powered by Rogue",2023-12-07,Women's 16-17 Age Group 49kg,Gabrielle Gutierrez,46.15,-41,-42,42,54,56,-60,42,56,98
"The 2023 Nike North American Open Finals, powered by Rogue",2023-12-07,Women's 14-15 Age Group 49kg,Nora Paoloni,47.8,-40,40,42,51,54,56,42,56,98
"The 2023 Nike North American Open Finals, powered by Rogue",2023-12-07,Women's Masters (40-44) 55kg,Joanne Sanders,54.61,-40,40,-43,52,55,57,40,57,97
"The 2023 Nike North American Open Finals, powered by Rogue",2023-12-07,Women's 14-15 Age Group 55kg,Emily Paoloni,54.24,-43,-43,44,50,-53,53,44,53,97
"The 2023 Nike North American Open Finals, powered by Rogue",2023-12-07,Women's 13 Under Age Group 55kg,Reece Robinson,53.26,38,40,-43,51,54,57,40,57,97
"The 2023 Nike North American Open Finals, powered by Rogue",2023-12-08,Women's Masters (50-54) 71kg,Jennifer Powers,68.87,40,42,44,46,49,52,44,52,96
"The 2023 Nike North American Open Finals, powered by Rogue",2023-12-07,Women's 14-15 Age Group 49kg,Maya Litt,48.5,42,-44,-44,52,54,-56,42,54,96
"The 2023 Nike North American Open Finals, powered by Rogue",2023-12-07,Women's 13 Under Age Group 45kg,Kaya Malia Henn,44.7,35,37,39,50,53,56,39,56,95
"The 2023 Nike North American Open Finals, powered by Rogue",2023-12-07,Men's 13 Under Age Group 55kg,Korban Alderman,52.9,36,38,41,45,48,53,41,53,94
"The 2023 Nike North American Open Finals, powered by Rogue",2023-12-07,Women's 14-15 Age Group 49kg,Ivy Weiss,47.4,38,40,-42,48,51,53,40,53,93
"The 2023 Nike North American Open Finals, powered by Rogue",2023-12-07,Women's 14-15 Age Group 55kg,Desirae Phoenix,52.21,40,-42,-42,53,-56,-57,40,53,93
"The 2023 Nike North American Open Finals, powered by Rogue",2023-12-09,Women's Masters (55-59) 76kg,Vicki Myers,72.45,36,39,-42,48,51,54,39,54,93
"The 2023 Nike North American Open Finals, powered by Rogue",2023-12-07,Women's 16-17 Age Group 49kg,Kendall Williams,45.75,-40,-40,40,51,53,-55,40,53,93
"The 2023 Nike North American Open Finals, powered by Rogue",2023-12-09,Women's Masters (60-64) 81kg,Margaret binzer,78.25,35,38,-41,50,53,55,38,55,93
"The 2023 Nike North American Open Finals, powered by Rogue",2023-12-07,Men's 13 Under Age Group 49kg,Ezekiel Macias,48.65,36,38,41,46,48,51,41,51,92
"The 2023 Nike North American Open Finals, powered by Rogue",2023-12-07,Women's Masters (60-64) 49kg,Lauren Goldenberg,48.65,38,40,-42,50,-52,52,40,52,92
"The 2023 Nike North American Open Finals, powered by Rogue",2023-12-07,Men's 13 Under Age Group 55kg,Neil Fountain,51.5,33,36,40,43,47,52,40,52,92
"The 2023 Nike North American Open Finals, powered by Rogue",2023-12-07,Women's 16-17 Age Group 45kg,Alani Rose,42.05,-40,-40,40,48,51,-54,40,51,91
"The 2023 Nike North American Open Finals, powered by Rogue",2023-12-07,Women's 14-15 Age Group 49kg,Ansley Ebert,47.15,36,38,40,45,49,-51,40,49,89
"The 2023 Nike North American Open Finals, powered by Rogue",2023-12-07,Women's 13 Under Age Group 59kg,Grace Gibson,57.63,36,38,40,43,46,49,40,49,89
"The 2023 Nike North American Open Finals, powered by Rogue",2023-12-07,Men's 13 Under Age Group 49kg,Parker Nilson,48.65,33,35,37,45,48,51,37,51,88
"The 2023 Nike North American Open Finals, powered by Rogue",2023-12-08,Women's Masters (55-59) 71kg,Helen Shiver,66.72,35,38,40,45,48,-50,40,48,88
"The 2023 Nike North American Open Finals, powered by Rogue",2023-12-07,Women's Masters (50-54) 59kg,Wendi Lubinus,57.7,38,-41,-41,-50,50,-53,38,50,88
"The 2023 Nike North American Open Finals, powered by Rogue",2023-12-09,Women's Masters (65-69) 76kg,DOLORES TRIVIZ,76,40,-42,-42,48,-51,-52,40,48,88
"The 2023 Nike North American Open Finals, powered by Rogue",2023-12-07,Men's 13 Under Age Group 55kg,Mateo Zikoyanis,52,-35,35,38,46,49,-51,38,49,87
"The 2023 Nike North American Open Finals, powered by Rogue",2023-12-07,Women's 16-17 Age Group 45kg,Mackenzie  Carlson,43.35,33,-35,-36,46,49,53,33,53,86
"The 2023 Nike North American Open Finals, powered by Rogue",2023-12-07,Women's 13 Under Age Group 55kg,Danika Lorenzo,52.73,30,33,36,45,48,50,36,50,86
"The 2023 Nike North American Open Finals, powered by Rogue",2023-12-07,Women's Masters (60-64) 49kg,Beth Lamoreaux,48.6,34,36,-38,-47,47,-50,36,47,83
"The 2023 Nike North American Open Finals, powered by Rogue",2023-12-07,Women's 13 Under Age Group 45kg,Danielle Do,44.45,32,35,-38,40,44,48,35,48,83
"The 2023 Nike North American Open Finals, powered by Rogue",2023-12-07,Women's 14-15 Age Group 40kg,Jasmin Trinh,39.1,34,-37,37,-43,43,-45,37,43,80
"The 2023 Nike North American Open Finals, powered by Rogue",2023-12-08,Women's Masters (55-59) 64kg,Deanna Johnson,60.8,-34,34,36,41,-44,44,36,44,80
"The 2023 Nike North American Open Finals, powered by Rogue",2023-12-10,Women's Masters (60-64) 87kg,Doncella Young,83.85,32,34,36,40,43,-46,36,43,79
"The 2023 Nike North American Open Finals, powered by Rogue",2023-12-07,Men's 13 Under Age Group 44kg,Jordan Hernandez,41.4,29,31,34,39,42,45,34,45,79
"The 2023 Nike North American Open Finals, powered by Rogue",2023-12-07,Women's 13 Under Age Group 36kg,Annalee Seek,35.1,29,32,-35,38,43,45,32,45,77
"The 2023 Nike North American Open Finals, powered by Rogue",2023-12-07,Women's Masters (60-64) 59kg,Kellie Moylan,58.65,31,33,-36,41,43,-46,33,43,76
"The 2023 Nike North American Open Finals, powered by Rogue",2023-12-07,Women's Masters (55-59) 49kg,Akiko Stojek,48.95,32,34,-36,-42,42,-44,34,42,76
"The 2023 Nike North American Open Finals, powered by Rogue",2023-12-07,Men's 13 Under Age Group 44kg,Archer Praetorius,41.5,28,31,34,35,38,40,34,40,74
"The 2023 Nike North American Open Finals, powered by Rogue",2023-12-07,Women's 13 Under Age Group 45kg,Sofia Giron,43.95,28,30,32,36,39,-42,32,39,71
"The 2023 Nike North American Open Finals, powered by Rogue",2023-12-07,Women's 13 Under Age Group 36kg,Lila Mangan,35.25,28,30,-32,38,41,-44,30,41,71
"The 2023 Nike North American Open Finals, powered by Rogue",2023-12-07,Men's 13 Under Age Group 55kg,Kellan Brown,49.75,27,29,-32,33,36,40,29,40,69
"The 2023 Nike North American Open Finals, powered by Rogue",2023-12-08,Women's Masters (65-69) 64kg,Carrie Thompson,61.5,28,30,-32,35,-37,38,30,38,68
"The 2023 Nike North American Open Finals, powered by Rogue",2023-12-07,Men's 13 Under Age Group 36kg,Maui Mason,34.45,27,-29,29,33,36,38,29,38,67
"The 2023 Nike North American Open Finals, powered by Rogue",2023-12-07,Women's 14-15 Age Group 36kg,TIERANY LALLY,32.85,27,-29,30,33,35,-36,30,35,65
"The 2023 Nike North American Open Finals, powered by Rogue",2023-12-07,Men's 13 Under Age Group 39kg,Kayden Doherty,38.3,23,25,26,32,34,36,26,36,62
"The 2023 Nike North American Open Finals, powered by Rogue",2023-12-07,Women's Masters (70-74) 55kg,Susan Gunther,53.21,23,25,-26,-32,32,35,25,35,60
"The 2023 Nike North American Open Finals, powered by Rogue",2023-12-07,Women's 13 Under Age Group 45kg,Ava Gibson,40.85,-23,-23,24,34,-36,-36,24,34,58
"The 2023 Nike North American Open Finals, powered by Rogue",2023-12-07,Women's Masters (70-74) 59kg,Marcy Seymour,55.64,22,24,25,29,-32,32,25,32,57
"The 2023 Nike North American Open Finals, powered by Rogue",2023-12-07,Men's 13 Under Age Group 39kg,Anthony Poulos,37.3,22,-24,24,30,32,-34,24,32,56
"The 2023 Nike North American Open Finals, powered by Rogue",2023-12-07,Women's 13 Under Age Group 40kg,Stella Robles-Pimentel,39.9,20,22,-27,28,-30,30,22,30,52
"The 2023 Nike North American Open Finals, powered by Rogue",2023-12-07,Men's 13 Under Age Group 32kg,David Grafton,30.55,20,22,-24,-28,28,-31,22,28,50
"The 2023 Nike North American Open Finals, powered by Rogue",2023-12-07,Women's 13 Under Age Group 30kg,Layla Johnson,29.2,18,20,-21,27,29,-31,20,29,49
"The 2023 Nike North American Open Finals, powered by Rogue",2023-12-07,Men's 13 Under Age Group 32kg,Jaxson Lessley,31.35,18,20,-23,24,26,-28,20,26,46
"The 2023 Nike North American Open Finals, powered by Rogue",2023-12-08,Women's Masters (35-39) 71kg,Derien Pratt,70.46,52,-55,-55,-68,-69,-69,52,0,0
"The 2023 Nike North American Open Finals, powered by Rogue",2023-12-07,Women's 13 Under Age Group 30kg,Rayya Howard,22.15,20,22,-23,-27,-28,-28,22,0,0
"The 2023 Nike North American Open Finals, powered by Rogue",2023-12-10,Open Women's 87kg,Emily Kessler-Lewis,85.81,82,-85,-85,0,0,0,82,0,0
"The 2023 Nike North American Open Finals, powered by Rogue",2023-12-09,Open Women's 64kg,Nicole Citera-Juarez,61.4,-71,71,-74,-100,-101,-101,71,0,0
"The 2023 Nike North American Open Finals, powered by Rogue",2023-12-09,Women's Masters (35-39) 76kg,Angelica Christopher,74.44,-79,79,81,-93,0,0,81,0,0
"The 2023 Nike North American Open Finals, powered by Rogue",2023-12-08,Open Men's 73kg,Andrew Raudabaugh,72.6,-107,-107,-108,132,137,-142,0,137,0
"The 2023 Nike North American Open Finals, powered by Rogue",2023-12-07,Women's Masters (35-39) 59kg,Rebecca Chow,58.95,-50,-50,-50,-65,65,67,0,67,0
"The 2023 Nike North American Open Finals, powered by Rogue",2023-12-08,Men's 16-17 Age Group 73kg,Thomas Kniss,69.45,-84,-84,-85,113,-117,-117,0,113,0
"The 2023 Nike North American Open Finals, powered by Rogue",2023-12-07,Men's 16-17 Age Group 49kg,Jagarii Gardner,48.85,70,74,77,-95,-95,-95,77,0,0
"The 2023 Nike North American Open Finals, powered by Rogue",2023-12-08,Women's Masters (40-44) 64kg,Julie Mizak,63.6,61,-64,64,-81,-81,-81,64,0,0
"The 2023 Nike North American Open Finals, powered by Rogue",2023-12-09,Open Women's 64kg,Lisa Ho,62.8,-78,79,-82,-102,-104,-105,79,0,0
"The 2023 Nike North American Open Finals, powered by Rogue",2023-12-09,Women's Masters (35-39) 64kg,Melissa Suarez,64,75,-78,-79,-95,-95,-96,75,0,0
"The 2023 Nike North American Open Finals, powered by Rogue",2023-12-08,Women's Masters (40-44) 64kg,Molly Dorrance,61.45,-44,-44,-44,60,-62,-62,0,60,0
"The 2023 Nike North American Open Finals, powered by Rogue",2023-12-08,Men's 13 Under Age Group +73kg,Asher Fountain,74.35,63,66,70,-82,-83,-83,70,0,0
"The 2023 Nike North American Open Finals, powered by Rogue",2023-12-07,Women's 16-17 Age Group 55kg,Liliana Eastes,53.67,45,-50,50,-61,-63,-63,50,0,0
"The 2023 Nike North American Open Finals, powered by Rogue",2023-12-09,Open Men's 89kg,Kenneth Ordway,85.5,125,-130,-132,-153,-153,-154,125,0,0
"The 2023 Nike North American Open Finals, powered by Rogue",2023-12-10,Men's Masters (35-39) 109kg,Daniel Russell,109,125,-130,-130,-155,0,0,125,0,0
"The 2023 Nike North American Open Finals, powered by Rogue",2023-12-09,Open Men's 96kg,Mason Palmer,89.98,-132,-133,-133,161,-165,-167,0,161,0
"The 2023 Nike North American Open Finals, powered by Rogue",2023-12-09,Open Men's 96kg,Colby Mapps,93.47,126,-131,-132,-153,-157,-158,126,0,0
"The 2023 Nike North American Open Finals, powered by Rogue",2023-12-09,Men's Masters (35-39) 89kg,David Bray,88.85,-125,-125,-126,-146,-148,-148,0,0,0
"The 2023 Nike North American Open Finals, powered by Rogue",2023-12-08,Women's Masters (35-39) 71kg,Chelsea Rebholz,66.62,61,63,-65,-75,-76,-77,63,0,0
"The 2023 Nike North American Open Finals, powered by Rogue",2023-12-09,Open Men's 89kg,Luke MacLennan,89,140,-145,-145,-180,-180,-183,140,0,0
"The 2023 Nike North American Open Finals, powered by Rogue",2023-12-09,Men's Masters (35-39) 89kg,Chris Wong,88.8,-95,-100,-100,-128,-129,-129,0,0,0
"The 2023 Nike North American Open Finals, powered by Rogue",2023-12-09,Open Women's 64kg,Taylor Lucas,64,-91,-92,-93,0,0,0,0,0,0
"The 2023 Nike North American Open Finals, powered by Rogue",2023-12-07,Open Men's 67kg,Dominik Polverini,66.8,-113,-113,-113,-143,-144,146,0,146,0
"The 2023 Nike North American Open Finals, powered by Rogue",2023-12-09,Open Women's 64kg,Janelle Shafer,63.63,-88,-88,-88,108,111,-115,0,111,0
"The 2023 Nike North American Open Finals, powered by Rogue",2023-12-07,Men's 16-17 Age Group 61kg,Jaden Youmans,59.5,-73,-74,-74,-84,85,-87,0,85,0
"The 2023 Nike North American Open Finals, powered by Rogue",2023-12-08,Men's 16-17 Age Group 73kg,Colin Manning,72.7,112,116,-120,-139,-139,-139,116,0,0
"The 2023 Nike North American Open Finals, powered by Rogue",2023-12-09,Open Men's 89kg,Brandon Victorian,88.55,146,-151,-151,-185,-185,-185,146,0,0
"The 2023 Nike North American Open Finals, powered by Rogue",2023-12-08,Open Women's 59kg,Erin Huss,58.37,73,-75,-76,-91,-91,-92,73,0,0
"The 2023 Nike North American Open Finals, powered by Rogue",2023-12-10,Open Men's 109kg,Kenderic McMillian,106.4,125,130,-135,-165,-165,-165,130,0,0
"The 2023 Nike North American Open Finals, powered by Rogue",2023-12-09,Women's Masters (35-39) 76kg,Carly Best,75.2,75,-78,78,-102,-102,-102,78,0,0
"The 2023 Nike North American Open Finals, powered by Rogue",2023-12-08,Open Women's 59kg,Leigh-Ann Trepanier,57.9,-81,-81,-82,102,-105,106,0,106,0
"The 2023 Nike North American Open Finals, powered by Rogue",2023-12-10,Open Women's +87kg,Carly Lansley,117.65,83,-86,86,-105,-105,-105,86,0,0
"The 2023 Nike North American Open Finals, powered by Rogue",2023-12-09,Open Women's 76kg,Kristina Robinson,71.95,84,-87,-87,-108,-109,-109,84,0,0
"The 2023 Nike North American Open Finals, powered by Rogue",2023-12-07,Men's 16-17 Age Group 67kg,evan bond,65.15,-84,-84,-84,100,-102,-102,0,100,0
"The 2023 Nike North American Open Finals, powered by Rogue",2023-12-10,Open Women's 87kg,Kelsey Koontz,87,82,-86,-86,-103,-103,-105,82,0,0
"The 2023 Nike North American Open Finals, powered by Rogue",2023-12-10,Open Women's 81kg,Anna McElderry,81,-99,-100,-100,118,-121,121,0,121,0
"The 2023 Nike North American Open Finals, powered by Rogue",2023-12-10,Women's Masters (40-44) +87kg,Monica Tokarsky,99.02,-56,-56,-56,63,-66,66,0,66,0
"The 2023 Nike North American Open Finals, powered by Rogue",2023-12-08,Women's Masters (40-44) 64kg,Jessica Taylor,63.8,-56,-56,-56,-62,62,65,0,65,0
"The 2023 Nike North American Open Finals, powered by Rogue",2023-12-07,Men's 14-15 Age Group 67kg,Carter Sing,66.9,-95,-95,-96,-110,110,0,0,110,0
"The 2023 Nike North American Open Finals, powered by Rogue",2023-12-10,Men's Masters (35-39) +109kg,Kyle Wilp,141.1,-128,-128,-130,170,-181,-182,0,170,0
"The 2023 Nike North American Open Finals, powered by Rogue",2023-12-07,Women's 16-17 Age Group 59kg,Emily Green,58.15,-63,-63,-63,75,77,-80,0,77,0
"The 2023 Nike North American Open Finals, powered by Rogue",2023-12-09,Open Men's 89kg,Phillip Ragan,87.85,-127,-128,-130,162,-165,-167,0,162,0
"The 2023 Nike North American Open Finals, powered by Rogue",2023-12-08,Men's Masters (35-39) 81kg,Alexander Arquilla,81,116,-120,120,-150,-150,-150,120,0,0
"The 2023 Nike North American Open Finals, powered by Rogue",2023-12-07,Open Women's 55kg,Allison Handel,55,74,77,-80,-94,-96,-96,77,0,0
"The 2023 Nike North American Open Finals, powered by Rogue",2023-12-10,Open Men's 102kg,evan reinhart,98.16,-132,-132,-135,-165,167,-170,0,167,0
"The 2023 Nike North American Open Finals, powered by Rogue",2023-12-07,Women's 14-15 Age Group 45kg,Jaedyn Orton,45,-55,-55,-55,-76,-76,0,0,0,0
"The 2023 Nike North American Open Finals, powered by Rogue",2023-12-08,Men's Masters (35-39) 73kg,Willie Day,73,-115,-115,-115,143,147,-151,0,147,0
"The 2023 Nike North American Open Finals, powered by Rogue",2023-12-08,Open Men's 73kg,STEVEN MARCUS,72.1,-102,-102,102,-133,-134,-138,102,0,0
"The 2023 Nike North American Open Finals, powered by Rogue",2023-12-09,Men's Masters (35-39) 89kg,Cody Limas,87.9,-115,-116,-116,0,0,0,0,0,0
"The 2023 Nike North American Open Finals, powered by Rogue",2023-12-08,Open Men's 73kg,Mateo Montelongo,72.8,-107,-107,-107,130,-136,-136,0,130,0
"The 2023 Nike North American Open Finals, powered by Rogue",2023-12-09,Open Women's 64kg,carly audia,63.93,90,-95,95,-110,-111,-111,95,0,0
"The 2023 Nike North American Open Finals, powered by Rogue",2023-12-09,Open Men's 96kg,Michael Tancini,93.42,-130,-130,-130,-162,0,0,0,0,0
"The 2023 Nike North American Open Finals, powered by Rogue",2023-12-09,Open Women's 71kg,Meredith Alwine,70.55,102,-105,-105,-134,-138,-138,102,0,0
"The 2023 Nike North American Open Finals, powered by Rogue",2023-12-09,Open Men's 96kg,Tyler Siefke,91.81,125,-128,-131,-170,-170,-170,125,0,0
"The 2023 Nike North American Open Finals, powered by Rogue",2023-12-09,Open Men's 96kg,John Setting,95.33,-141,-142,-142,0,0,0,0,0,0
"The 2023 Nike North American Open Finals, powered by Rogue",2023-12-08,Open Men's 81kg,Connor Houghton,80.54,-121,-122,-122,152,-157,-157,0,152,0
"The 2023 Nike North American Open Finals, powered by Rogue",2023-12-08,Open Women's 59kg,Monica Parucho,59,67,-70,70,-90,-91,-91,70,0,0
"The 2023 Nike North American Open Finals, powered by Rogue",2023-12-10,Open Women's +87kg,Katherine Ford,97.4,-83,-84,-84,103,107,-111,0,107,0
"The 2023 Nike North American Open Finals, powered by Rogue",2023-12-08,Women's 16-17 Age Group 64kg,Peyton Muth,63.7,64,-67,-67,-82,-83,-83,64,0,0
"The 2023 Nike North American Open Finals, powered by Rogue",2023-12-09,Open Women's 64kg,Brie Gomez,63.85,-83,-85,-85,-91,91,94,0,94,0
"The 2023 Nike North American Open Finals, powered by Rogue",2023-12-10,Women's Masters (50-54) +87kg,Tracy Harris,97.81,-55,-55,-55,72,-73,-78,0,72,0
"The 2023 Nike North American Open Finals, powered by Rogue",2023-12-07,Women's Masters (65-69) 49kg,Linda Foess,48,-23,23,-24,-27,-27,-27,23,0,0
"The 2023 Nike North American Open Finals, powered by Rogue",2023-12-07,Men's 16-17 Age Group 61kg,Henry Ludbrook,60.85,-85,85,-90,-106,-108,-109,85,0,0
"The 2023 Nike North American Open Finals, powered by Rogue",2023-12-08,Open Women's 71kg,Kayli Kullos,70.05,-74,-74,-74,95,-100,100,0,100,0
"The 2023 Nike North American Open Finals, powered by Rogue",2023-12-07,Open Women's 55kg,Sayuri Yoshimura,54.79,-64,-65,-65,80,-83,-83,0,80,0
