meet,date,age_category,lifter,body_weight_(kg),snatch_lift_1,snatch_lift_2,snatch_lift_3,c&j_lift_1,c&j_lift_2,c&j_lift_3,best_snatch,best_c&j,total
"The 2024 Nike North American Open Finals, powered by Rogue",2024-12-05,Open Men's 109kg,Xavier Borde,108.8,152,-157,158,195,201,207,158,207,365
"The 2024 Nike North American Open Finals, powered by Rogue",2024-12-05,Open Men's +109kg,Cesar Flores,159.06,148,152,156,193,-197,200,156,200,356
"The 2024 Nike North American Open Finals, powered by Rogue",2024-12-05,Open Men's 109kg,Russell Bowman,104.99,150,155,-160,188,196,-201,155,196,351
"The 2024 Nike North American Open Finals, powered by Rogue",2024-12-05,Open Men's +109kg,Kaleb Wendricks,160,-144,144,148,186,192,197,148,197,345
"The 2024 Nike North American Open Finals, powered by Rogue",2024-12-05,Open Men's +109kg,Dimitri Albury,161.9,-141,142,-148,188,194,203,142,203,345
"The 2024 Nike North American Open Finals, powered by Rogue",2024-12-05,Open Men's +109kg,Matthew Naugle,130.53,-152,-152,152,188,192,-196,152,192,344
"The 2024 Nike North American Open Finals, powered by Rogue",2024-12-05,Open Men's +109kg,Kyle Schulman,120.76,142,147,150,185,191,-195,150,191,341
"The 2024 Nike North American Open Finals, powered by Rogue",2024-12-05,Open Men's 96kg,Chrisanto D'Agostino,95.95,148,153,-158,183,-188,-190,153,183,336
"The 2024 Nike North American Open Finals, powered by Rogue",2024-12-05,Open Men's +109kg,Zachary Huse,129.85,-142,-142,142,188,193,-200,142,193,335
"The 2024 Nike North American Open Finals, powered by Rogue",2024-12-05,Open Men's 109kg,James Tice,108.99,144,149,-156,-175,179,185,149,185,334
"The 2024 Nike North American Open Finals, powered by Rogue",2024-12-05,Open Men's 102kg,Joshua Magee,101.73,150,155,-160,177,-182,-185,155,177,332
"The 2024 Nike North American Open Finals, powered by Rogue",2024-12-05,Open Men's +109kg,Jacob Brenza,128.13,-138,141,146,178,-182,183,146,183,329
"The 2024 Nike North American Open Finals, powered by Rogue",2024-12-05,Open Men's 89kg,Caleb Goodman,85.61,-136,136,-141,179,187,192,136,192,328
"The 2024 Nike North American Open Finals, powered by Rogue",2024-12-05,Open Men's 96kg,Layne Palm,95.91,-145,145,149,177,-181,-183,149,177,326
"The 2024 Nike North American Open Finals, powered by Rogue",2024-12-05,Open Men's 102kg,Benson Robles,100.21,138,142,146,180,-187,-187,146,180,326
"The 2024 Nike North American Open Finals, powered by Rogue",2024-12-05,Open Men's 109kg,Christopher Marquez,107.11,140,145,-150,-170,173,181,145,181,326
"The 2024 Nike North American Open Finals, powered by Rogue",2024-12-05,Open Men's 96kg,Tyler Schade,95.74,-137,137,-141,181,-187,187,137,187,324
"The 2024 Nike North American Open Finals, powered by Rogue",2024-12-05,Open Men's 96kg,Jaimerius Williams,93.63,148,-153,-157,175,-182,-184,148,175,323
"The 2024 Nike North American Open Finals, powered by Rogue",2024-12-05,Junior Men's 96kg,Yomar Andres Lopez Cameron,94.95,135,140,145,161,168,175,145,175,320
"The 2024 Nike North American Open Finals, powered by Rogue",2024-12-05,Open Men's 96kg,Luke MacLennan,96,-140,140,-145,-175,180,-184,140,180,320
"The 2024 Nike North American Open Finals, powered by Rogue",2024-12-05,Open Men's 102kg,Charles Shervheim,101.6,125,131,136,178,184,-191,136,184,320
"The 2024 Nike North American Open Finals, powered by Rogue",2024-12-05,Open Men's +109kg,carlos gonzalez,147.35,130,135,-138,172,180,-185,135,180,315
"The 2024 Nike North American Open Finals, powered by Rogue",2024-12-05,Junior Men's 109kg,Colin Reis,107.82,135,140,-145,-172,174,-182,140,174,314
"The 2024 Nike North American Open Finals, powered by Rogue",2024-12-05,Open Men's 81kg,Troy Fries,80.5,135,139,-142,170,-175,175,139,175,314
"The 2024 Nike North American Open Finals, powered by Rogue",2024-12-05,Open Men's 96kg,Will Easley,95.86,-135,-136,137,177,-182,-184,137,177,314
"The 2024 Nike North American Open Finals, powered by Rogue",2024-12-05,Open Men's 81kg,Timur Kusov,80.7,138,142,-145,170,-175,-175,142,170,312
"The 2024 Nike North American Open Finals, powered by Rogue",2024-12-05,Open Men's 109kg,Andrew Guevara,105.37,136,138,-140,168,174,-178,138,174,312
"The 2024 Nike North American Open Finals, powered by Rogue",2024-12-05,Open Men's 96kg,Jimmy Marquez,94.74,130,136,-140,170,175,-180,136,175,311
"The 2024 Nike North American Open Finals, powered by Rogue",2024-12-05,Open Men's +109kg,Dustin Baranowski,116.67,130,135,140,160,165,170,140,170,310
"The 2024 Nike North American Open Finals, powered by Rogue",2024-12-05,Open Men's +109kg,Jabo Nguyen,121,130,-135,-135,180,-185,-186,130,180,310
"The 2024 Nike North American Open Finals, powered by Rogue",2024-12-05,Men's 16-17 Age Group 81kg,Ryan McDonald,80.62,132,136,-140,167,172,-179,136,172,308
"The 2024 Nike North American Open Finals, powered by Rogue",2024-12-05,Open Men's 89kg,Wyatt Coffey,88.42,135,-140,-142,-168,169,173,135,173,308
"The 2024 Nike North American Open Finals, powered by Rogue",2024-12-05,Junior Men's 89kg,Kyle Martin Jr.,89,136,-141,141,166,-171,-171,141,166,307
"The 2024 Nike North American Open Finals, powered by Rogue",2024-12-05,Open Men's 96kg,Adam White,96,-135,135,-140,160,168,172,135,172,307
"The 2024 Nike North American Open Finals, powered by Rogue",2024-12-05,Men's Masters (35-39) 109kg,Daniel Russell,109,-130,131,135,160,166,170,135,170,305
"The 2024 Nike North American Open Finals, powered by Rogue",2024-12-05,Open Men's 109kg,Jacob Cluff,107.98,130,-134,-136,-170,170,175,130,175,305
"The 2024 Nike North American Open Finals, powered by Rogue",2024-12-05,Junior Men's 96kg,Colby Mapps,92.7,130,135,-140,160,-165,167,135,167,302
"The 2024 Nike North American Open Finals, powered by Rogue",2024-12-05,Men's Masters (35-39) 96kg,Brian Smarsh,95.91,135,-140,-140,166,-170,-172,135,166,301
"The 2024 Nike North American Open Finals, powered by Rogue",2024-12-05,Open Men's 102kg,Jordan Berroteran,101.57,-135,-135,135,166,-172,-175,135,166,301
"The 2024 Nike North American Open Finals, powered by Rogue",2024-12-05,Open Men's 89kg,Conner Sparks,84.5,125,128,-131,160,165,172,128,172,300
"The 2024 Nike North American Open Finals, powered by Rogue",2024-12-05,Open Men's 102kg,Michael Banks,100.7,135,-140,-143,165,-171,-175,135,165,300
"The 2024 Nike North American Open Finals, powered by Rogue",2024-12-05,Open Men's 109kg,Denali Scoular,108.74,-130,130,-135,170,-175,-177,130,170,300
"The 2024 Nike North American Open Finals, powered by Rogue",2024-12-05,Open Men's 102kg,Cameron Fyffe,99.65,133,137,-142,160,-171,-171,137,160,297
"The 2024 Nike North American Open Finals, powered by Rogue",2024-12-05,Junior Men's 89kg,Calvin Lackey,88.17,118,121,126,159,165,170,126,170,296
"The 2024 Nike North American Open Finals, powered by Rogue",2024-12-05,Open Men's 89kg,Dominique Laster,87.47,134,-137,138,158,-163,-164,138,158,296
"The 2024 Nike North American Open Finals, powered by Rogue",2024-12-05,Open Men's 96kg,Teddy Perez,94.36,128,131,-134,165,-169,-170,131,165,296
"The 2024 Nike North American Open Finals, powered by Rogue",2024-12-05,Open Men's 102kg,Scott Harris,99.68,130,-135,-135,166,-171,-172,130,166,296
"The 2024 Nike North American Open Finals, powered by Rogue",2024-12-05,Junior Men's 89kg,CJ Fernandez,85.12,125,-132,132,150,-157,163,132,163,295
"The 2024 Nike North American Open Finals, powered by Rogue",2024-12-05,Men's Masters (35-39) 109kg,Mateo Villa,108.51,128,133,-138,-160,-161,162,133,162,295
"The 2024 Nike North American Open Finals, powered by Rogue",2024-12-05,Open Men's 89kg,Jacob Marks,88.51,131,-135,135,155,160,-164,135,160,295
"The 2024 Nike North American Open Finals, powered by Rogue",2024-12-05,Open Men's 96kg,Justin Perry,95.97,-125,125,130,155,160,165,130,165,295
"The 2024 Nike North American Open Finals, powered by Rogue",2024-12-05,Men's Masters (35-39) +109kg,Norman Carreiro,110.03,127,132,-137,157,162,-168,132,162,294
"The 2024 Nike North American Open Finals, powered by Rogue",2024-12-05,Junior Men's 89kg,Samuel Wainwright,87.05,124,130,-133,-158,158,163,130,163,293
"The 2024 Nike North American Open Finals, powered by Rogue",2024-12-05,Open Men's 102kg,Jason Pendergraph,101.34,124,128,-132,160,165,-169,128,165,293
"The 2024 Nike North American Open Finals, powered by Rogue",2024-12-05,Junior Men's 102kg,William Wainwright,97.88,120,-125,-127,160,166,172,120,172,292
"The 2024 Nike North American Open Finals, powered by Rogue",2024-12-05,Open Men's 89kg,Valera ` Djaghouri,88.37,-127,128,-132,158,163,-168,128,163,291
"The 2024 Nike North American Open Finals, powered by Rogue",2024-12-05,Men's Masters (35-39) 96kg,Jabari Prince,94.96,120,125,-130,-154,155,165,125,165,290
"The 2024 Nike North American Open Finals, powered by Rogue",2024-12-05,Men's Masters (35-39) +109kg,Kyle Wilp,140.45,115,120,-126,161,-162,170,120,170,290
"The 2024 Nike North American Open Finals, powered by Rogue",2024-12-05,Open Men's 89kg,Dakota Hooper,87.8,115,118,-121,162,167,172,118,172,290
"The 2024 Nike North American Open Finals, powered by Rogue",2024-12-05,Open Men's 89kg,Nicolas Munro,88.52,-125,125,-129,165,-170,-172,125,165,290
"The 2024 Nike North American Open Finals, powered by Rogue",2024-12-05,Junior Men's 96kg,Jackson  Leonard,90.92,115,120,125,152,159,164,125,164,289
"The 2024 Nike North American Open Finals, powered by Rogue",2024-12-05,Junior Men's 96kg,Spencer Dent,94.32,-129,129,-143,153,159,-165,129,159,288
"The 2024 Nike North American Open Finals, powered by Rogue",2024-12-05,Open Men's 73kg,Marc Marquez,72.46,123,127,-131,153,157,161,127,161,288
"The 2024 Nike North American Open Finals, powered by Rogue",2024-12-05,Open Men's 102kg, Luke Shamberger,98.68,131,136,140,148,-153,-156,140,148,288
"The 2024 Nike North American Open Finals, powered by Rogue",2024-12-05,Junior Men's 89kg,Michael Davidge,88.93,120,125,130,147,152,157,130,157,287
"The 2024 Nike North American Open Finals, powered by Rogue",2024-12-05,Open Men's 96kg,Chase Durham,94.9,127,130,-135,-155,-157,157,130,157,287
"The 2024 Nike North American Open Finals, powered by Rogue",2024-12-05,Men's Masters (40-44) +109kg,Gavin Hough,136.71,112,117,122,144,151,160,122,160,282
"The 2024 Nike North American Open Finals, powered by Rogue",2024-12-05,Men's Masters (45-49) 102kg,Jason Dinius,101.65,120,125,-129,145,151,156,125,156,281
"The 2024 Nike North American Open Finals, powered by Rogue",2024-12-05,Open Men's 89kg,Jacob Johnsson,87.33,124,-128,129,145,152,-161,129,152,281
"The 2024 Nike North American Open Finals, powered by Rogue",2024-12-05,Men's Masters (35-39) 96kg,David Bray,95.83,-127,127,-132,148,153,-156,127,153,280
"The 2024 Nike North American Open Finals, powered by Rogue",2024-12-05,Open Men's 81kg,Trevor Owens,80.18,120,125,-132,-155,155,-165,125,155,280
"The 2024 Nike North American Open Finals, powered by Rogue",2024-12-05,Open Men's 96kg,William Palumbo,96,118,-123,-125,161,-165,-166,118,161,279
"The 2024 Nike North American Open Finals, powered by Rogue",2024-12-05,Men's Masters (40-44) 89kg,John Gilleland,89,125,-128,128,150,-157,-157,128,150,278
"The 2024 Nike North American Open Finals, powered by Rogue",2024-12-05,Open Men's 81kg,Connor Houghton,80.86,119,123,-126,-155,155,-160,123,155,278
"The 2024 Nike North American Open Finals, powered by Rogue",2024-12-05,Junior Men's 73kg,Dominik Polverini,70.96,118,-122,125,148,152,-156,125,152,277
"The 2024 Nike North American Open Finals, powered by Rogue",2024-12-05,Open Men's 81kg,Cameron Lee,80.99,117,122,-125,147,152,155,122,155,277
"The 2024 Nike North American Open Finals, powered by Rogue",2024-12-05,Open Men's 96kg,Alexander Connery,95.68,-125,-126,126,-150,150,-160,126,150,276
"The 2024 Nike North American Open Finals, powered by Rogue",2024-12-05,Junior Men's +109kg,Manuel Kimmons,160.94,120,-125,-128,140,146,155,120,155,275
"The 2024 Nike North American Open Finals, powered by Rogue",2024-12-05,Open Men's 81kg,Brayden Edman,80.88,120,123,-125,148,152,-156,123,152,275
"The 2024 Nike North American Open Finals, powered by Rogue",2024-12-05,Open Men's 81kg,Jeffy Li,80.96,120,123,-126,148,152,-157,123,152,275
"The 2024 Nike North American Open Finals, powered by Rogue",2024-12-05,Junior Men's 81kg,Bryce Eberhardt,80.88,115,118,-123,142,146,155,118,155,273
"The 2024 Nike North American Open Finals, powered by Rogue",2024-12-05,Open Men's 73kg,Kevin Sheehan,71.69,121,126,-131,146,-151,-153,126,146,272
"The 2024 Nike North American Open Finals, powered by Rogue",2024-12-05,Open Men's 73kg,Morgan Rummel,72.98,120,-124,-126,152,-155,-155,120,152,272
"The 2024 Nike North American Open Finals, powered by Rogue",2024-12-05,Men's Masters (40-44) 89kg,Bryann Turner,88.15,110,-115,118,146,152,-157,118,152,270
"The 2024 Nike North American Open Finals, powered by Rogue",2024-12-05,Open Men's 81kg,Christopher Hernandez,80.97,117,118,120,-150,150,-154,120,150,270
"The 2024 Nike North American Open Finals, powered by Rogue",2024-12-05,Open Men's 81kg,Alexander Souvall,80.62,117,120,-122,145,150,-154,120,150,270
"The 2024 Nike North American Open Finals, powered by Rogue",2024-12-05,Open Men's 96kg,James Sayger,95.42,108,111,114,152,156,-159,114,156,270
"The 2024 Nike North American Open Finals, powered by Rogue",2024-12-05,Junior Men's 81kg,Kevin Hill,79.65,114,119,122,142,147,-152,122,147,269
"The 2024 Nike North American Open Finals, powered by Rogue",2024-12-05,Men's 16-17 Age Group +102kg,Jaeden Capito,111.57,117,120,-123,144,-147,147,120,147,267
"The 2024 Nike North American Open Finals, powered by Rogue",2024-12-05,Men's Masters (35-39) +109kg,Pablo Castillo,141.47,-112,112,117,150,-155,-160,117,150,267
"The 2024 Nike North American Open Finals, powered by Rogue",2024-12-05,Men's Masters (40-44) 109kg,Blake Foltz,108.01,113,-117,117,140,145,150,117,150,267
"The 2024 Nike North American Open Finals, powered by Rogue",2024-12-05,Junior Men's 89kg,Malaquias Coronado,86.17,114,118,-122,143,148,-152,118,148,266
"The 2024 Nike North American Open Finals, powered by Rogue",2024-12-05,Men's Masters (40-44) +109kg,Ryan Hansen,110.62,-125,125,-130,140,-155,-160,125,140,265
"The 2024 Nike North American Open Finals, powered by Rogue",2024-12-05,Open Men's 73kg,Andrew Raudabaugh,72.92,110,115,-118,140,145,150,115,150,265
"The 2024 Nike North American Open Finals, powered by Rogue",2024-12-05,Open Men's 81kg,Javan Freyenberger,80.51,-118,118,-122,142,147,-150,118,147,265
"The 2024 Nike North American Open Finals, powered by Rogue",2024-12-05,Men's Masters (35-39) 89kg,Jacob Elder,83.4,113,117,120,-143,144,-148,120,144,264
"The 2024 Nike North American Open Finals, powered by Rogue",2024-12-05,Men's Masters (40-44) 109kg,Jeffrey Gerlach,106.72,107,110,113,143,148,151,113,151,264
"The 2024 Nike North American Open Finals, powered by Rogue",2024-12-05,Open Men's 73kg,Ethan Bowen,72.58,-118,-118,118,146,-151,-152,118,146,264
"The 2024 Nike North American Open Finals, powered by Rogue",2024-12-05,Men's Masters (35-39) 96kg,Justin Frimmel,96,110,-114,-115,145,150,153,110,153,263
"The 2024 Nike North American Open Finals, powered by Rogue",2024-12-05,Men's Masters (35-39) 102kg,Zachary Leach,101.09,108,112,115,140,147,-151,115,147,262
"The 2024 Nike North American Open Finals, powered by Rogue",2024-12-05,Open Men's 89kg,Isaac Cruz,85.72,114,117,120,-140,-140,142,120,142,262
"The 2024 Nike North American Open Finals, powered by Rogue",2024-12-05,Junior Men's 67kg,Logan Lockwood,66.47,110,113,116,143,146,-151,116,146,262
"The 2024 Nike North American Open Finals, powered by Rogue",2024-12-05,Junior Men's 73kg,Nathan Gonzaga,72.3,113,-116,-119,141,145,148,113,148,261
"The 2024 Nike North American Open Finals, powered by Rogue",2024-12-05,Men's Masters (40-44) 81kg,Christopher Douglas,76.09,110,113,116,135,138,140,116,140,256
"The 2024 Nike North American Open Finals, powered by Rogue",2024-12-05,Junior Men's 67kg,Angel Quintero,66.12,-112,112,116,-137,-140,140,116,140,256
"The 2024 Nike North American Open Finals, powered by Rogue",2024-12-05,Junior Men's 81kg,Marcus Sweet,79.77,100,105,110,137,-143,145,110,145,255
"The 2024 Nike North American Open Finals, powered by Rogue",2024-12-05,Men's Masters (35-39) 109kg,Chris Johnson,105.97,110,115,120,130,135,-141,120,135,255
"The 2024 Nike North American Open Finals, powered by Rogue",2024-12-05,Men's 16-17 Age Group 96kg,Holton Lowrie,91.25,110,-114,116,-135,138,-140,116,138,254
"The 2024 Nike North American Open Finals, powered by Rogue",2024-12-05,Men's 16-17 Age Group 81kg,Rucker Johnson,79.81,110,115,-120,138,-143,-144,115,138,253
"The 2024 Nike North American Open Finals, powered by Rogue",2024-12-05,Open Men's 73kg,Cameron Dowling,72.51,105,110,-116,138,143,-150,110,143,253
"The 2024 Nike North American Open Finals, powered by Rogue",2024-12-05,Open Men's 73kg,Martin Glenn-Adams,72.66,112,-116,-116,138,-141,141,112,141,253
"The 2024 Nike North American Open Finals, powered by Rogue",2024-12-05,Men's 14-15 Age Group 81kg,Robert Whitlock,79.93,110,113,-115,140,-145,-145,113,140,253
"The 2024 Nike North American Open Finals, powered by Rogue",2024-12-05,Junior Men's 67kg,Evan Gehret,67,110,114,-117,137,-143,-143,114,137,251
"The 2024 Nike North American Open Finals, powered by Rogue",2024-12-05,Junior Men's 73kg,Romeo Thompson,72.26,113,120,-123,-130,-130,130,120,130,250
"The 2024 Nike North American Open Finals, powered by Rogue",2024-12-05,Men's 16-17 Age Group 73kg,Carter Sing,73,107,111,-115,138,-142,-143,111,138,249
"The 2024 Nike North American Open Finals, powered by Rogue",2024-12-05,Men's 16-17 Age Group 73kg,Roy  Maher,72.32,105,108,-110,137,141,-144,108,141,249
"The 2024 Nike North American Open Finals, powered by Rogue",2024-12-05,Open Men's 73kg,Jacob Flores,72.86,103,106,-109,135,139,143,106,143,249
"The 2024 Nike North American Open Finals, powered by Rogue",2024-12-05,Men's 16-17 Age Group 89kg,Kaden Quick,86.49,101,106,-111,-140,-140,140,106,140,246
"The 2024 Nike North American Open Finals, powered by Rogue",2024-12-05,Men's Masters (35-39) 89kg,Dominic Montoya,88.26,108,-111,-112,138,-142,-143,108,138,246
"The 2024 Nike North American Open Finals, powered by Rogue",2024-12-05,Men's Masters (35-39) 96kg,Oscar Fernandez,95.75,105,-110,111,130,135,-140,111,135,246
"The 2024 Nike North American Open Finals, powered by Rogue",2024-12-05,Men's Masters (35-39) 96kg,Eugene Shem,93.32,100,106,111,135,-140,-140,111,135,246
"The 2024 Nike North American Open Finals, powered by Rogue",2024-12-05,Open Men's 73kg,Cory O'Connor,72.34,103,106,-109,132,137,140,106,140,246
"The 2024 Nike North American Open Finals, powered by Rogue",2024-12-05,Open Men's 73kg,Ross Twanmoh,72.41,106,-110,110,-135,136,-140,110,136,246
"The 2024 Nike North American Open Finals, powered by Rogue",2024-12-05,Junior Men's 73kg,Bobby Hill,71.81,105,-110,110,135,-138,-138,110,135,245
"The 2024 Nike North American Open Finals, powered by Rogue",2024-12-05,Men's 16-17 Age Group 89kg,Owen Jones,87.64,-104,105,110,132,135,-141,110,135,245
"The 2024 Nike North American Open Finals, powered by Rogue",2024-12-05,Men's 16-17 Age Group 102kg,Christian  Figueroa ,99.82,97,101,105,127,133,140,105,140,245
"The 2024 Nike North American Open Finals, powered by Rogue",2024-12-05,Open Men's 67kg,John Ellison,67,107,110,-113,135,-140,-140,110,135,245
"The 2024 Nike North American Open Finals, powered by Rogue",2024-12-05,Junior Men's 73kg,Brendan Giddings,72.39,104,-108,110,134,-139,-141,110,134,244
"The 2024 Nike North American Open Finals, powered by Rogue",2024-12-05,Men's Masters (35-39) 89kg,cameron williams,85.65,106,109,112,128,132,-136,112,132,244
"The 2024 Nike North American Open Finals, powered by Rogue",2024-12-05,Open Men's 73kg,Noah Ranno,72.88,107,-111,111,133,-137,-137,111,133,244
"The 2024 Nike North American Open Finals, powered by Rogue",2024-12-05,Men's Masters (40-44) 73kg,Jesse Vezina,72.76,110,-115,115,128,-135,-136,115,128,243
"The 2024 Nike North American Open Finals, powered by Rogue",2024-12-05,Men's Masters (40-44) 109kg,Daniel Brown,108.16,-102,102,-105,140,-143,-145,102,140,242
"The 2024 Nike North American Open Finals, powered by Rogue",2024-12-05,Open Women's +87kg,Caitlin Thilges,140.61,92,97,100,133,-140,142,100,142,242
"The 2024 Nike North American Open Finals, powered by Rogue",2024-12-05,Open Men's 73kg,Jason Ryu,72.44,101,105,-107,-133,133,137,105,137,242
"The 2024 Nike North American Open Finals, powered by Rogue",2024-12-05,Men's 16-17 Age Group 89kg,Ciprian luna,84.82,103,106,-110,130,135,-140,106,135,241
"The 2024 Nike North American Open Finals, powered by Rogue",2024-12-05,Men's 16-17 Age Group 96kg,Thomas Dubay,94.25,-112,-113,113,128,-136,-138,113,128,241
"The 2024 Nike North American Open Finals, powered by Rogue",2024-12-05,Open Men's 67kg,Christopher Camenares,63.89,102,106,-111,130,135,-140,106,135,241
"The 2024 Nike North American Open Finals, powered by Rogue",2024-12-05,Men's Masters (35-39) 73kg,Joshua Claravall,72.57,100,-104,105,128,132,135,105,135,240
"The 2024 Nike North American Open Finals, powered by Rogue",2024-12-05,Men's Masters (35-39) 81kg,Aaron Denney,79.12,104,107,110,-128,130,-137,110,130,240
"The 2024 Nike North American Open Finals, powered by Rogue",2024-12-05,Men's 16-17 Age Group +102kg,Chase Dooley,120.78,85,92,98,-133,133,141,98,141,239
"The 2024 Nike North American Open Finals, powered by Rogue",2024-12-05,Men's Masters (40-44) 89kg,Jonathan Raymond,87.75,107,-111,-114,132,-135,-136,107,132,239
"The 2024 Nike North American Open Finals, powered by Rogue",2024-12-05,Open Men's 73kg,Samuel Lind,71.33,-95,101,-105,131,135,138,101,138,239
"The 2024 Nike North American Open Finals, powered by Rogue",2024-12-05,Open Men's 67kg,Andre Sanchez,67.05,100,103,-106,130,135,-140,103,135,238
"The 2024 Nike North American Open Finals, powered by Rogue",2024-12-05,Men's 16-17 Age Group 73kg,Bryce Antonelli,71.95,98,102,-105,128,132,135,102,135,237
"The 2024 Nike North American Open Finals, powered by Rogue",2024-12-05,Men's 16-17 Age Group 73kg,Haston Hill,71.92,97,-103,-103,133,138,-143,97,138,235
"The 2024 Nike North American Open Finals, powered by Rogue",2024-12-05,Men's Masters (35-39) 89kg,Bryant Thomas,88.22,105,-108,-108,-130,130,-135,105,130,235
"The 2024 Nike North American Open Finals, powered by Rogue",2024-12-05,Open Men's 61kg,Quinn Kashishian,60.52,102,106,-110,123,128,-133,106,128,234
"The 2024 Nike North American Open Finals, powered by Rogue",2024-12-05,Junior Men's 73kg,Hunter Piasecki,71.22,100,-104,105,123,128,-132,105,128,233
"The 2024 Nike North American Open Finals, powered by Rogue",2024-12-05,Junior Men's 89kg,Rafael Oliver,88.1,103,-107,-111,130,-134,-135,103,130,233
"The 2024 Nike North American Open Finals, powered by Rogue",2024-12-05,Men's 16-17 Age Group 67kg,Daniel Marquez,66.34,-97,97,-103,130,135,-140,97,135,232
"The 2024 Nike North American Open Finals, powered by Rogue",2024-12-05,Men's 16-17 Age Group 102kg,Frank Jimenez,101.86,98,102,106,120,-125,125,106,125,231
"The 2024 Nike North American Open Finals, powered by Rogue",2024-12-05,Men's Masters (40-44) 89kg,Tim Geiman,81.72,95,101,-104,125,-130,130,101,130,231
"The 2024 Nike North American Open Finals, powered by Rogue",2024-12-05,Open Women's 87kg,Victoria Jefferson,82.18,94,97,100,122,126,131,100,131,231
"The 2024 Nike North American Open Finals, powered by Rogue",2024-12-05,Men's Masters (35-39) 89kg,Brian Hernandez,88.12,100,-103,103,-124,124,127,103,127,230
"The 2024 Nike North American Open Finals, powered by Rogue",2024-12-05,Men's Masters (40-44) 102kg,Geoffrey Martin,99.77,98,102,105,-125,-125,125,105,125,230
"The 2024 Nike North American Open Finals, powered by Rogue",2024-12-05,Open Women's 87kg,Juliana Riotto,86.71,98,102,-105,124,128,-132,102,128,230
"The 2024 Nike North American Open Finals, powered by Rogue",2024-12-05,Open Women's 87kg,Lily Turner,83.16,100,102,105,-120,122,125,105,125,230
"The 2024 Nike North American Open Finals, powered by Rogue",2024-12-05,Open Men's 73kg,Eric Chen,72.58,95,100,-105,125,130,-135,100,130,230
"The 2024 Nike North American Open Finals, powered by Rogue",2024-12-05,Junior Men's 73kg,Connor Chan,72.61,-98,98,101,120,125,128,101,128,229
"The 2024 Nike North American Open Finals, powered by Rogue",2024-12-05,Men's 16-17 Age Group 67kg,Nicholas Deshaies,66.33,99,103,-106,117,121,125,103,125,228
"The 2024 Nike North American Open Finals, powered by Rogue",2024-12-05,Men's Masters (35-39) 81kg,David Cormier,80.55,98,-102,103,125,-130,-131,103,125,228
"The 2024 Nike North American Open Finals, powered by Rogue",2024-12-05,Men's Masters (35-39) 89kg,Nicholas Lee,87.45,100,-103,-103,-128,128,-131,100,128,228
"The 2024 Nike North American Open Finals, powered by Rogue",2024-12-05,Men's Masters (35-39) 96kg,Brad Medley,95.49,-98,98,102,-125,126,-130,102,126,228
"The 2024 Nike North American Open Finals, powered by Rogue",2024-12-05,Men's Masters (40-44) 89kg,osagie iyamu,87.8,97,101,-106,120,127,-136,101,127,228
"The 2024 Nike North American Open Finals, powered by Rogue",2024-12-05,Men's Masters (45-49) 102kg,Jonathan Herrera,96.75,94,-100,102,120,126,-133,102,126,228
"The 2024 Nike North American Open Finals, powered by Rogue",2024-12-05,Men's Masters (35-39) 96kg,Kellan Bulman,95.13,-99,-99,99,-126,-126,127,99,127,226
"The 2024 Nike North American Open Finals, powered by Rogue",2024-12-05,Open Women's 81kg,Anna McElderry,80.98,-99,99,-103,122,127,-130,99,127,226
"The 2024 Nike North American Open Finals, powered by Rogue",2024-12-05,Men's Masters (45-49) 89kg,James Braun,82.84,93,96,-100,120,125,130,96,130,226
"The 2024 Nike North American Open Finals, powered by Rogue",2024-12-05,Junior Men's 73kg,James Boesch,72.01,95,98,-103,123,127,-131,98,127,225
"The 2024 Nike North American Open Finals, powered by Rogue",2024-12-05,Men's Masters (40-44) 81kg,Victor Igtiben,78.95,100,-104,-105,125,-127,-127,100,125,225
"The 2024 Nike North American Open Finals, powered by Rogue",2024-12-05,Men's Masters (40-44) 89kg,Michael Burr,88.02,93,97,-100,123,128,-131,97,128,225
"The 2024 Nike North American Open Finals, powered by Rogue",2024-12-05,Open Women's 76kg,Darci Molina,74.67,93,97,100,120,125,-130,100,125,225
"The 2024 Nike North American Open Finals, powered by Rogue",2024-12-05,Men's Masters (35-39) 81kg,Telesforo Dacanay,80.94,95,98,-101,126,-130,-130,98,126,224
"The 2024 Nike North American Open Finals, powered by Rogue",2024-12-05,Men's 16-17 Age Group 67kg,Henry Ludbrook,67,98,-102,-104,125,-131,-131,98,125,223
"The 2024 Nike North American Open Finals, powered by Rogue",2024-12-05,Men's 16-17 Age Group 67kg,Sebastian Stodel,65.99,93,-97,-98,-124,125,130,93,130,223
"The 2024 Nike North American Open Finals, powered by Rogue",2024-12-05,Junior Men's 73kg,Nathan Cohen,72.73,100,103,-106,120,-125,-125,103,120,223
"The 2024 Nike North American Open Finals, powered by Rogue",2024-12-05,Men's 16-17 Age Group 81kg,Damian Guzman,78.48,-102,-103,103,114,-119,120,103,120,223
"The 2024 Nike North American Open Finals, powered by Rogue",2024-12-05,Men's 16-17 Age Group 89kg,Ryan Cunningham,87.81,94,-97,97,117,121,126,97,126,223
"The 2024 Nike North American Open Finals, powered by Rogue",2024-12-05,Men's 16-17 Age Group +102kg,Elijah Rivera,118.61,96,100,-105,-123,123,-127,100,123,223
"The 2024 Nike North American Open Finals, powered by Rogue",2024-12-05,Men's Masters (40-44) 81kg,Brian Leung,78.37,96,-99,99,117,120,123,99,123,222
"The 2024 Nike North American Open Finals, powered by Rogue",2024-12-05,Junior Men's 67kg,Nahshon Paul,66.1,90,95,-102,120,125,-130,95,125,220
"The 2024 Nike North American Open Finals, powered by Rogue",2024-12-05,Men's 16-17 Age Group 67kg,Bryson Brown,61.57,90,94,-99,118,123,126,94,126,220
"The 2024 Nike North American Open Finals, powered by Rogue",2024-12-05,Open Women's 71kg,Estelle Rohr,71,-94,95,-98,120,124,-128,95,124,219
"The 2024 Nike North American Open Finals, powered by Rogue",2024-12-05,Junior Men's 67kg,Antonio Marcus,65.66,-94,96,-98,-120,122,-126,96,122,218
"The 2024 Nike North American Open Finals, powered by Rogue",2024-12-05,Men's 16-17 Age Group 73kg,Gabriel Couilloud,72.7,95,99,-102,116,119,-123,99,119,218
"The 2024 Nike North American Open Finals, powered by Rogue",2024-12-05,Men's Masters (50-54) 89kg,Eugene McDougall,88.82,-95,95,98,116,-119,120,98,120,218
"The 2024 Nike North American Open Finals, powered by Rogue",2024-12-05,Junior Men's 61kg,Samuel Lewis,59.61,86,90,-93,117,123,127,90,127,217
"The 2024 Nike North American Open Finals, powered by Rogue",2024-12-05,Men's Masters (40-44) 96kg,Brandon Hocke,93.15,90,94,-100,118,-122,122,94,122,216
"The 2024 Nike North American Open Finals, powered by Rogue",2024-12-05,Men's 14-15 Age Group 89kg,Evan  Kniss ,87.83,-93,-93,93,118,-123,123,93,123,216
"The 2024 Nike North American Open Finals, powered by Rogue",2024-12-05,Men's Masters (55-59) 102kg,Steve Nicholls,101.09,100,-107,-107,-115,115,-121,100,115,215
"The 2024 Nike North American Open Finals, powered by Rogue",2024-12-05,Open Women's +87kg,Rebecca Walker,98.93,90,-95,-98,118,122,125,90,125,215
"The 2024 Nike North American Open Finals, powered by Rogue",2024-12-05,Open Men's 61kg,Timothy Luistro,60.6,-100,-100,100,-115,115,-118,100,115,215
"The 2024 Nike North American Open Finals, powered by Rogue",2024-12-05,Men's 14-15 Age Group 89kg,Jack Green,85.19,91,94,100,111,115,-118,100,115,215
"The 2024 Nike North American Open Finals, powered by Rogue",2024-12-05,Men's 16-17 Age Group 73kg,Antonino Micela,70.96,80,85,92,110,115,122,92,122,214
"The 2024 Nike North American Open Finals, powered by Rogue",2024-12-05,Men's Masters (45-49) 89kg,Shane Welter,87,-96,96,-100,113,118,-123,96,118,214
"The 2024 Nike North American Open Finals, powered by Rogue",2024-12-05,Men's 16-17 Age Group 81kg,David Evans,80.1,-95,-100,101,112,-120,-120,101,112,213
"The 2024 Nike North American Open Finals, powered by Rogue",2024-12-05,Men's 16-17 Age Group 81kg,Jeremy Gillihan,79.58,93,-98,-98,120,-124,-124,93,120,213
"The 2024 Nike North American Open Finals, powered by Rogue",2024-12-05,Open Women's 81kg,Thea Wall,78.83,93,97,-100,-110,112,116,97,116,213
"The 2024 Nike North American Open Finals, powered by Rogue",2024-12-05,Men's 14-15 Age Group 67kg,Dryden Yates,66.6,94,97,-100,116,-120,0,97,116,213
"The 2024 Nike North American Open Finals, powered by Rogue",2024-12-05,Men's Masters (35-39) 73kg,Marc Tumamak,72.78,-91,91,-94,114,117,121,91,121,212
"The 2024 Nike North American Open Finals, powered by Rogue",2024-12-05,Junior Men's 61kg,Michael Tucciarone,60.58,84,88,92,110,115,120,92,120,212
"The 2024 Nike North American Open Finals, powered by Rogue",2024-12-05,Men's Masters (35-39) 73kg,Jaime Inigo Flor,72.39,90,93,-95,-118,118,-122,93,118,211
"The 2024 Nike North American Open Finals, powered by Rogue",2024-12-05,Open Women's +87kg,Jamelle Apolinar,119.86,82,86,90,-114,117,121,90,121,211
"The 2024 Nike North American Open Finals, powered by Rogue",2024-12-05,Open Women's 71kg,Ava Biesterfeld,71,94,-97,-97,113,116,-118,94,116,210
"The 2024 Nike North American Open Finals, powered by Rogue",2024-12-05,Men's Masters (40-44) 96kg,Jason Bolton,92.78,94,-97,-97,116,-120,-120,94,116,210
"The 2024 Nike North American Open Finals, powered by Rogue",2024-12-05,Men's Masters (50-54) 67kg,Brad Baldwin,65.19,-94,95,-100,114,-118,-118,95,114,209
"The 2024 Nike North American Open Finals, powered by Rogue",2024-12-05,Men's Masters (50-54) 89kg,Robert Malkin,87.22,94,-97,-97,112,115,-118,94,115,209
"The 2024 Nike North American Open Finals, powered by Rogue",2024-12-05,Men's Masters (35-39) 73kg,Jacob Howard,72.71,-90,90,-95,112,118,-124,90,118,208
"The 2024 Nike North American Open Finals, powered by Rogue",2024-12-05,Open Women's 81kg,Harley Creech,80.86,-93,93,-96,110,115,-121,93,115,208
"The 2024 Nike North American Open Finals, powered by Rogue",2024-12-05,Men's 16-17 Age Group 81kg,Lane Stewart,78.27,90,94,-100,-113,-113,113,94,113,207
"The 2024 Nike North American Open Finals, powered by Rogue",2024-12-05,Men's 16-17 Age Group 81kg,Blake Dickison,77.51,81,85,-90,118,-121,121,85,121,206
"The 2024 Nike North American Open Finals, powered by Rogue",2024-12-05,Junior Women's 71kg,Nicole Caamano,69.71,94,-97,-97,112,-116,-117,94,112,206
"The 2024 Nike North American Open Finals, powered by Rogue",2024-12-05,Men's Masters (35-39) 89kg,James Dantoni,83.6,88,92,-96,-114,114,0,92,114,206
"The 2024 Nike North American Open Finals, powered by Rogue",2024-12-05,Open Women's +87kg,Kristen Erickson,99.64,91,95,98,108,-112,-112,98,108,206
"The 2024 Nike North American Open Finals, powered by Rogue",2024-12-05,Junior Men's 61kg,Kaiden Mima,60.84,88,91,94,112,-116,-121,94,112,206
"The 2024 Nike North American Open Finals, powered by Rogue",2024-12-05,Open Women's 76kg,Shay Carlock,74.92,88,91,93,112,-115,-117,93,112,205
"The 2024 Nike North American Open Finals, powered by Rogue",2024-12-05,Open Women's 76kg,Emma Hester,75.85,84,87,90,105,110,115,90,115,205
"The 2024 Nike North American Open Finals, powered by Rogue",2024-12-05,Men's Masters (45-49) 73kg,Sid Florendo,72.3,88,92,-95,109,-112,113,92,113,205
"The 2024 Nike North American Open Finals, powered by Rogue",2024-12-05,Women's Masters (35-39) +87kg,Katelyn Curtis,107.02,-84,84,87,118,-123,-126,87,118,205
"The 2024 Nike North American Open Finals, powered by Rogue",2024-12-05,Open Women's 76kg,Francesca Dooris,73.99,93,96,-99,-106,-107,108,96,108,204
"The 2024 Nike North American Open Finals, powered by Rogue",2024-12-05,Open Women's 81kg,Megan Brasee,80.57,90,-93,-93,105,111,114,90,114,204
"The 2024 Nike North American Open Finals, powered by Rogue",2024-12-05,Junior Women's 71kg,Kailey Papas,67,85,90,93,105,110,-115,93,110,203
"The 2024 Nike North American Open Finals, powered by Rogue",2024-12-05,Junior Women's 87kg,Kaylee Landa,84.28,89,92,94,-109,-109,109,94,109,203
"The 2024 Nike North American Open Finals, powered by Rogue",2024-12-05,Women's Masters (35-39) 71kg,Allie Jarvis,70.55,90,93,-96,106,-109,110,93,110,203
"The 2024 Nike North American Open Finals, powered by Rogue",2024-12-05,Men's Masters (45-49) 81kg,Fred Macaraeg,80.19,85,-88,89,108,111,114,89,114,203
"The 2024 Nike North American Open Finals, powered by Rogue",2024-12-05,Women's Masters (35-39) 87kg,Laura Barito,85.04,84,87,90,106,110,113,90,113,203
"The 2024 Nike North American Open Finals, powered by Rogue",2024-12-05,Men's 16-17 Age Group 73kg,Gavin Beach,67.77,89,-92,94,108,-112,-115,94,108,202
"The 2024 Nike North American Open Finals, powered by Rogue",2024-12-05,Open Women's 64kg,Bryn Odberg,62.25,85,88,91,108,111,-114,91,111,202
"The 2024 Nike North American Open Finals, powered by Rogue",2024-12-05,Women's Masters (40-44) +87kg,Kimberlee Douglas,139.76,84,-88,-88,113,118,-121,84,118,202
"The 2024 Nike North American Open Finals, powered by Rogue",2024-12-05,Men's 14-15 Age Group 67kg,Desmond Myles,65.67,85,90,-95,108,112,-116,90,112,202
"The 2024 Nike North American Open Finals, powered by Rogue",2024-12-05,Junior Women's 76kg,Grace Montgomery,75,-85,85,89,107,-112,112,89,112,201
"The 2024 Nike North American Open Finals, powered by Rogue",2024-12-05,Men's 16-17 Age Group 73kg,Christopher  MCDONALD,70.65,84,-91,91,104,-109,109,91,109,200
"The 2024 Nike North American Open Finals, powered by Rogue",2024-12-05,Open Women's 59kg,Madeline Staniszewski,58.51,87,90,-92,110,-114,-115,90,110,200
"The 2024 Nike North American Open Finals, powered by Rogue",2024-12-05,Open Women's 64kg,Shelby Pflug,64,84,87,-90,105,108,113,87,113,200
"The 2024 Nike North American Open Finals, powered by Rogue",2024-12-05,Open Women's 71kg,Leah Smith,68.52,75,80,85,103,108,115,85,115,200
"The 2024 Nike North American Open Finals, powered by Rogue",2024-12-05,Women's Masters (35-39) +87kg,Deanna McGillivray,97.69,82,85,88,105,109,112,88,112,200
"The 2024 Nike North American Open Finals, powered by Rogue",2024-12-05,Open Women's 71kg,Victoria Fries,70.87,85,-88,-88,107,111,114,85,114,199
"The 2024 Nike North American Open Finals, powered by Rogue",2024-12-05,Men's Masters (40-44) 73kg,Josh Purcell,71.85,85,89,-92,105,107,110,89,110,199
"The 2024 Nike North American Open Finals, powered by Rogue",2024-12-05,Men's 16-17 Age Group 73kg,Alex Rose,72.49,-91,93,-95,100,105,-110,93,105,198
"The 2024 Nike North American Open Finals, powered by Rogue",2024-12-05,Junior Women's 76kg,Kat Carter,71.28,80,83,86,108,112,-116,86,112,198
"The 2024 Nike North American Open Finals, powered by Rogue",2024-12-05,Open Women's 71kg,Erin Amos,71,87,-90,-92,107,111,-115,87,111,198
"The 2024 Nike North American Open Finals, powered by Rogue",2024-12-05,Open Women's 87kg,Julia Ryan,85.15,86,89,-91,-106,106,109,89,109,198
"The 2024 Nike North American Open Finals, powered by Rogue",2024-12-05,Women's Masters (35-39) +87kg,LeKiesha White,97.11,82,-86,86,112,-117,-118,86,112,198
"The 2024 Nike North American Open Finals, powered by Rogue",2024-12-05,Open Women's 64kg,Jamie Hegg,62.99,78,-82,82,109,112,114,82,114,196
"The 2024 Nike North American Open Finals, powered by Rogue",2024-12-05,Open Women's 87kg,Alexandria Fillmore,84.95,88,91,-94,101,-105,105,91,105,196
"The 2024 Nike North American Open Finals, powered by Rogue",2024-12-05,Open Women's 87kg,Kelsey Koontz,86.58,86,89,-91,107,-110,-115,89,107,196
"The 2024 Nike North American Open Finals, powered by Rogue",2024-12-05,Junior Women's +87kg,Madison Atwood,100.42,-82,82,-85,113,-116,-116,82,113,195
"The 2024 Nike North American Open Finals, powered by Rogue",2024-12-05,Men's Masters (40-44) 73kg,Andrew Robinson,71.73,83,85,87,108,-111,-113,87,108,195
"The 2024 Nike North American Open Finals, powered by Rogue",2024-12-05,Open Women's 76kg,Deborah Doran,74.97,80,84,-87,108,111,-114,84,111,195
"The 2024 Nike North American Open Finals, powered by Rogue",2024-12-05,Men's Masters (50-54) 96kg,Christopher Gregg,96,85,-88,88,-107,-107,107,88,107,195
"The 2024 Nike North American Open Finals, powered by Rogue",2024-12-05,Junior Women's +87kg,Lexi Thomas,98.57,73,77,83,105,-110,111,83,111,194
"The 2024 Nike North American Open Finals, powered by Rogue",2024-12-05,Open Women's 71kg,Nairobi Romero,70.6,80,82,84,-110,110,-114,84,110,194
"The 2024 Nike North American Open Finals, powered by Rogue",2024-12-05,Open Women's 87kg,Emily Kessler-Lewis,85.78,85,88,-90,-106,106,-109,88,106,194
"The 2024 Nike North American Open Finals, powered by Rogue",2024-12-05,Men's 16-17 Age Group 61kg,Sebastian Rose,60.4,-83,83,-86,104,106,111,83,111,194
"The 2024 Nike North American Open Finals, powered by Rogue",2024-12-05,Men's 16-17 Age Group 67kg,Kason Luu,65.2,76,79,82,104,108,111,82,111,193
"The 2024 Nike North American Open Finals, powered by Rogue",2024-12-05,Open Women's 64kg,Tiffany Roberts,63.11,83,86,90,103,-107,-108,90,103,193
"The 2024 Nike North American Open Finals, powered by Rogue",2024-12-05,Open Women's 76kg,Brianna Chu,75.52,-83,83,-89,105,110,-114,83,110,193
"The 2024 Nike North American Open Finals, powered by Rogue",2024-12-05,Open Women's 76kg,Heather Mentone,72.14,81,85,-87,101,105,108,85,108,193
"The 2024 Nike North American Open Finals, powered by Rogue",2024-12-05,Men's Masters (45-49) 73kg,Derrick Lee,72.56,-84,-84,85,100,-105,108,85,108,193
"The 2024 Nike North American Open Finals, powered by Rogue",2024-12-05,Open Women's 81kg,Christine Yee,77.71,82,85,87,106,-109,-110,87,106,193
"The 2024 Nike North American Open Finals, powered by Rogue",2024-12-05,Men's Masters (50-54) 73kg,Reginald Mays,72.03,85,88,93,-100,100,-105,93,100,193
"The 2024 Nike North American Open Finals, powered by Rogue",2024-12-05,Men's Masters (50-54) 89kg,david tundel,88.71,82,85,-87,105,108,-111,85,108,193
"The 2024 Nike North American Open Finals, powered by Rogue",2024-12-05,Men's Masters (50-54) 89kg,Greg Karas,87.71,80,83,-85,104,108,110,83,110,193
"The 2024 Nike North American Open Finals, powered by Rogue",2024-12-05,Women's Masters (45-49) 76kg,Robin Leafblad,74.79,78,82,84,104,-108,109,84,109,193
"The 2024 Nike North American Open Finals, powered by Rogue",2024-12-05,Men's 16-17 Age Group 67kg,Harrison Phelps,66.53,-86,-86,86,106,-111,-111,86,106,192
"The 2024 Nike North American Open Finals, powered by Rogue",2024-12-05,Open Women's 71kg,Marina Tuono,69.86,-83,83,86,-105,-106,106,86,106,192
"The 2024 Nike North American Open Finals, powered by Rogue",2024-12-05,Open Women's 81kg,Emily Boyich,78.76,83,-86,-87,-107,-107,109,83,109,192
"The 2024 Nike North American Open Finals, powered by Rogue",2024-12-05,Junior Women's 64kg,Laura Cochran,63.56,79,85,-89,101,-105,106,85,106,191
"The 2024 Nike North American Open Finals, powered by Rogue",2024-12-05,Men's Masters (45-49) 81kg,Jurgen Martens,80.9,82,85,88,103,-107,-110,88,103,191
"The 2024 Nike North American Open Finals, powered by Rogue",2024-12-05,Open Women's 81kg,Sydney Collins,79.84,85,-88,-88,102,106,-109,85,106,191
"The 2024 Nike North American Open Finals, powered by Rogue",2024-12-05,Men's Masters (55-59) 96kg,Troy Stange,94.04,85,-90,-94,100,106,-112,85,106,191
"The 2024 Nike North American Open Finals, powered by Rogue",2024-12-05,Open Women's 87kg,Jenna McClain,86.18,76,80,-84,106,111,-115,80,111,191
"The 2024 Nike North American Open Finals, powered by Rogue",2024-12-05,Open Women's 64kg,Jessica Tatman,63.57,79,82,85,98,102,105,85,105,190
"The 2024 Nike North American Open Finals, powered by Rogue",2024-12-05,Men's Masters (40-44) 67kg,Eric Siegel,66.13,82,-84,-84,108,-111,-111,82,108,190
"The 2024 Nike North American Open Finals, powered by Rogue",2024-12-05,Open Women's 76kg,Ashlie Pankonin,75.17,79,-82,82,104,108,-112,82,108,190
"The 2024 Nike North American Open Finals, powered by Rogue",2024-12-05,Men's Masters (45-49) 67kg,Tony Lau,66.39,81,83,-87,101,107,-117,83,107,190
"The 2024 Nike North American Open Finals, powered by Rogue",2024-12-05,Open Women's 87kg,Haley McDaniel,86.06,83,85,-87,101,105,-107,85,105,190
"The 2024 Nike North American Open Finals, powered by Rogue",2024-12-05,Open Women's +87kg,Trisha Mank,106.52,74,77,79,-108,111,-116,79,111,190
"The 2024 Nike North American Open Finals, powered by Rogue",2024-12-05,Open Women's +87kg,Rachel Brindley,119.78,80,-83,-84,110,-113,-113,80,110,190
"The 2024 Nike North American Open Finals, powered by Rogue",2024-12-05,Junior Women's 76kg,Ruby Shepard,76,82,-85,-85,107,-110,-114,82,107,189
"The 2024 Nike North American Open Finals, powered by Rogue",2024-12-05,Open Women's 71kg,Melody Adair,70.76,-84,84,-87,101,105,-109,84,105,189
"The 2024 Nike North American Open Finals, powered by Rogue",2024-12-05,Open Women's 71kg,Danielle Abusow,69.41,-80,80,83,103,-106,106,83,106,189
"The 2024 Nike North American Open Finals, powered by Rogue",2024-12-05,Men's Masters (40-44) 73kg,Scott Gonzalez,72.66,86,-89,90,99,-102,-102,90,99,189
"The 2024 Nike North American Open Finals, powered by Rogue",2024-12-05,Open Women's +87kg,Carly Lansley,120,84,-87,-88,102,-105,105,84,105,189
"The 2024 Nike North American Open Finals, powered by Rogue",2024-12-05,Men's 14-15 Age Group +89kg,Asher Fountain,91.84,78,83,86,90,98,103,86,103,189
"The 2024 Nike North American Open Finals, powered by Rogue",2024-12-05,Men's Masters (35-39) 67kg,Shamil Parbhoo,64.87,81,84,-86,104,-108,-110,84,104,188
"The 2024 Nike North American Open Finals, powered by Rogue",2024-12-05,Open Women's 71kg,Rachael Skinner,69.28,82,85,87,101,-103,-104,87,101,188
"The 2024 Nike North American Open Finals, powered by Rogue",2024-12-05,Open Women's 71kg,Gretchen Stolte,68.35,79,82,85,99,103,-106,85,103,188
"The 2024 Nike North American Open Finals, powered by Rogue",2024-12-05,Women's Masters (35-39) +87kg,Rebecca Dublin,109.64,78,-81,-81,110,-114,-116,78,110,188
"The 2024 Nike North American Open Finals, powered by Rogue",2024-12-05,Men's 13 Under Age Group 73kg,Spencer Davern,71.8,78,-82,83,-100,100,105,83,105,188
"The 2024 Nike North American Open Finals, powered by Rogue",2024-12-05,Men's 16-17 Age Group 61kg,William Drake,58.87,80,83,-86,95,100,105,83,105,188
"The 2024 Nike North American Open Finals, powered by Rogue",2024-12-05,Men's 16-17 Age Group 67kg,Flynn King,66.28,84,-87,-87,97,100,103,84,103,187
"The 2024 Nike North American Open Finals, powered by Rogue",2024-12-05,Open Women's 59kg,Tiffany Beaupré,58.3,-80,80,-83,104,107,-110,80,107,187
"The 2024 Nike North American Open Finals, powered by Rogue",2024-12-05,Men's Masters (40-44) 73kg,Josue Castaneda Pisano,72.14,-84,84,87,97,100,-105,87,100,187
"The 2024 Nike North American Open Finals, powered by Rogue",2024-12-05,Open Women's 81kg,Megan Kudrick,79.7,-84,85,-88,102,-107,-108,85,102,187
"The 2024 Nike North American Open Finals, powered by Rogue",2024-12-05,Women's Masters (40-44) +87kg,Sarah Tyler,96.66,79,82,85,98,102,-105,85,102,187
"The 2024 Nike North American Open Finals, powered by Rogue",2024-12-05,Women's 16-17 Age Group 76kg,Ella Bays,75.14,78,82,-85,98,99,105,82,105,187
"The 2024 Nike North American Open Finals, powered by Rogue",2024-12-05,Junior Women's 64kg,Anna Rucker,60.29,-78,78,-82,104,108,-111,78,108,186
"The 2024 Nike North American Open Finals, powered by Rogue",2024-12-05,Open Women's 59kg,Leigh-Ann Trepanier,59,78,-81,-82,100,104,108,78,108,186
"The 2024 Nike North American Open Finals, powered by Rogue",2024-12-05,Open Women's 71kg,Melissa Salazar,70.87,78,81,84,98,-101,102,84,102,186
"The 2024 Nike North American Open Finals, powered by Rogue",2024-12-05,Open Women's 87kg,Marion Meunier,81.63,-83,83,-87,-103,103,-108,83,103,186
"The 2024 Nike North American Open Finals, powered by Rogue",2024-12-05,Men's 13 Under Age Group +73kg,Walker Stanley,107.23,74,77,80,103,106,-108,80,106,186
"The 2024 Nike North American Open Finals, powered by Rogue",2024-12-05,Women's 16-17 Age Group 71kg,Brooke Buzzell,70.52,79,-82,82,100,104,-108,82,104,186
"The 2024 Nike North American Open Finals, powered by Rogue",2024-12-05,Junior Women's 59kg,Angelina Dabney,57.19,81,-84,-85,100,-103,104,81,104,185
"The 2024 Nike North American Open Finals, powered by Rogue",2024-12-05,Open Women's 64kg,Erica Sheagley,62.49,-75,75,80,100,105,-110,80,105,185
"The 2024 Nike North American Open Finals, powered by Rogue",2024-12-05,Open Women's 76kg,Analise Kirby,74.53,74,77,80,98,102,105,80,105,185
"The 2024 Nike North American Open Finals, powered by Rogue",2024-12-05,Open Women's 76kg,M. Claire Akin,74.23,74,-79,79,106,-110,-113,79,106,185
"The 2024 Nike North American Open Finals, powered by Rogue",2024-12-05,Open Women's 81kg,Stefani Warnick,80.47,83,86,-88,95,-99,99,86,99,185
"The 2024 Nike North American Open Finals, powered by Rogue",2024-12-05,Open Women's 81kg,Sarah Kajdasz,78.77,80,-84,-84,105,-109,-109,80,105,185
"The 2024 Nike North American Open Finals, powered by Rogue",2024-12-05,Open Men's 55kg,Lourence Cabantog,55,78,82,-87,99,103,-107,82,103,185
"The 2024 Nike North American Open Finals, powered by Rogue",2024-12-05,Open Women's +87kg,Jamie Pearce,93.58,73,77,80,95,100,105,80,105,185
"The 2024 Nike North American Open Finals, powered by Rogue",2024-12-05,Junior Women's 64kg,Makiyah  Nickerson,63.87,84,-88,-88,-100,100,-107,84,100,184
"The 2024 Nike North American Open Finals, powered by Rogue",2024-12-05,Open Women's 64kg,Madison Johnston,62.97,81,-84,-86,-100,100,103,81,103,184
"The 2024 Nike North American Open Finals, powered by Rogue",2024-12-05,Men's Masters (50-54) 89kg,Armando Ordonez,87.64,75,80,84,95,100,-106,84,100,184
"The 2024 Nike North American Open Finals, powered by Rogue",2024-12-05,Women's 14-15 Age Group +76kg,Kaia Jacobs,104.18,78,-81,81,98,-102,103,81,103,184
"The 2024 Nike North American Open Finals, powered by Rogue",2024-12-05,Men's 16-17 Age Group 55kg,Jagarii Gardner,54.01,75,78,-81,95,101,106,78,106,184
"The 2024 Nike North American Open Finals, powered by Rogue",2024-12-05,Men's 16-17 Age Group 73kg,Quinn Corcoran,72.18,83,-87,-88,100,-105,-107,83,100,183
"The 2024 Nike North American Open Finals, powered by Rogue",2024-12-05,Open Women's 59kg,Stephanie Ross,58.74,74,77,80,-102,103,-108,80,103,183
"The 2024 Nike North American Open Finals, powered by Rogue",2024-12-05,Women's Masters (35-39) 81kg,Carly Best,80.5,75,78,-81,100,105,-110,78,105,183
"The 2024 Nike North American Open Finals, powered by Rogue",2024-12-05,Men's Masters (50-54) 89kg,freddie villanueva,86.63,83,-86,86,97,-100,-101,86,97,183
"The 2024 Nike North American Open Finals, powered by Rogue",2024-12-05,Junior Women's 59kg,Issi Massei Agrait Calo,58.57,79,-83,-83,98,101,103,79,103,182
"The 2024 Nike North American Open Finals, powered by Rogue",2024-12-05,Open Women's 59kg,Laura Caggiano,59,81,-84,-84,98,101,-104,81,101,182
"The 2024 Nike North American Open Finals, powered by Rogue",2024-12-05,Men's Masters (45-49) 67kg,Jonathan Willmoth,65.92,-80,80,82,98,-100,100,82,100,182
"The 2024 Nike North American Open Finals, powered by Rogue",2024-12-05,Women's 16-17 Age Group +81kg,Aleah Baron,118.07,70,-74,74,100,105,108,74,108,182
"The 2024 Nike North American Open Finals, powered by Rogue",2024-12-05,Junior Women's 64kg,Kimberly Wiese,62.94,-80,-80,80,94,97,101,80,101,181
"The 2024 Nike North American Open Finals, powered by Rogue",2024-12-05,Open Women's 71kg,Mariah merkle,66.9,75,78,81,97,100,-102,81,100,181
"The 2024 Nike North American Open Finals, powered by Rogue",2024-12-05,Open Women's 71kg,Kayli Kullos,70.82,78,-81,81,100,-104,-105,81,100,181
"The 2024 Nike North American Open Finals, powered by Rogue",2024-12-05,Junior Women's 64kg,Brianna Leverenz,63.43,79,-81,81,99,-102,-102,81,99,180
"The 2024 Nike North American Open Finals, powered by Rogue",2024-12-05,Junior Women's 87kg,Tristain Atwood,85.71,74,-76,-78,100,103,106,74,106,180
"The 2024 Nike North American Open Finals, powered by Rogue",2024-12-05,Open Women's 76kg,Karlie Zumbro,73.89,74,78,81,95,99,-102,81,99,180
"The 2024 Nike North American Open Finals, powered by Rogue",2024-12-05,Men's Masters (50-54) 81kg,Darren Scott,79,71,74,-78,106,-110,-111,74,106,180
"The 2024 Nike North American Open Finals, powered by Rogue",2024-12-05,Men's Masters (55-59) 102kg,Charles Janicki,97.33,75,80,-83,90,95,100,80,100,180
"The 2024 Nike North American Open Finals, powered by Rogue",2024-12-05,Women's 16-17 Age Group 71kg,McKenzie Hatcher,69.94,76,80,85,91,95,-99,85,95,180
"The 2024 Nike North American Open Finals, powered by Rogue",2024-12-05,Women's Masters (35-39) 76kg,Amanda  Feist ,74.95,77,-80,81,-94,95,98,81,98,179
"The 2024 Nike North American Open Finals, powered by Rogue",2024-12-05,Open Women's 76kg,MATTIE FLICKINGER,75.8,77,-80,-82,97,102,-107,77,102,179
"The 2024 Nike North American Open Finals, powered by Rogue",2024-12-05,Open Women's 81kg,Carley Graham,80.75,71,78,81,-98,-98,98,81,98,179
"The 2024 Nike North American Open Finals, powered by Rogue",2024-12-05,Men's 14-15 Age Group 67kg,Preston Sparks,62.06,79,82,-85,93,95,97,82,97,179
"The 2024 Nike North American Open Finals, powered by Rogue",2024-12-05,Open Women's 59kg,Georgia Cameron,58.82,74,77,-80,98,101,-104,77,101,178
"The 2024 Nike North American Open Finals, powered by Rogue",2024-12-05,Open Women's 64kg,Lisa Ho,63.21,77,80,-83,98,-102,-103,80,98,178
"The 2024 Nike North American Open Finals, powered by Rogue",2024-12-05,Open Women's 71kg,Alexis Wolfe,66.3,-76,76,80,95,98,-100,80,98,178
"The 2024 Nike North American Open Finals, powered by Rogue",2024-12-05,Men's Masters (45-49) 81kg,Douglas Desatnik,79.53,65,75,83,95,-105,-107,83,95,178
"The 2024 Nike North American Open Finals, powered by Rogue",2024-12-05,Women's 14-15 Age Group +76kg,Kinsley Rodden,126.61,76,80,82,96,-100,-103,82,96,178
"The 2024 Nike North American Open Finals, powered by Rogue",2024-12-05,Women's 16-17 Age Group +81kg,Ansley Amore,98.26,74,77,80,91,94,98,80,98,178
"The 2024 Nike North American Open Finals, powered by Rogue",2024-12-05,Men's 16-17 Age Group 67kg,Isaiah Cunningham,63.5,70,74,78,-95,95,99,78,99,177
"The 2024 Nike North American Open Finals, powered by Rogue",2024-12-05,Open Women's 64kg,emma sabini,63.35,73,-77,-77,96,100,104,73,104,177
"The 2024 Nike North American Open Finals, powered by Rogue",2024-12-05,Open Women's 64kg,Brittany Panerali,63.28,74,-77,79,95,98,-100,79,98,177
"The 2024 Nike North American Open Finals, powered by Rogue",2024-12-05,Open Women's 64kg,Morgan Beattie,61.78,78,81,84,93,-98,-98,84,93,177
"The 2024 Nike North American Open Finals, powered by Rogue",2024-12-05,Women's Masters (35-39) 76kg,Alisha Thresher,75.68,74,77,80,-95,97,-100,80,97,177
"The 2024 Nike North American Open Finals, powered by Rogue",2024-12-05,Open Women's 76kg,Carly Puzacke,72.68,76,-78,79,-97,98,-101,79,98,177
"The 2024 Nike North American Open Finals, powered by Rogue",2024-12-05,Women's Masters (35-39) 76kg,Jessica Bachkora,74.66,80,-84,-84,97,-99,-100,80,97,177
"The 2024 Nike North American Open Finals, powered by Rogue",2024-12-05,Junior Women's 71kg,Ivy Gunn,69.42,76,78,-82,93,95,98,78,98,176
"The 2024 Nike North American Open Finals, powered by Rogue",2024-12-05,Junior Women's 81kg,Catessa Guadagnoli,76.68,74,78,80,93,96,-100,80,96,176
"The 2024 Nike North American Open Finals, powered by Rogue",2024-12-05,Open Women's 71kg,Alexis Boutchie,70.43,73,77,81,91,-95,95,81,95,176
"The 2024 Nike North American Open Finals, powered by Rogue",2024-12-05,Women's Masters (35-39) 81kg,Faith Cooke,79.54,68,73,75,96,99,101,75,101,176
"The 2024 Nike North American Open Finals, powered by Rogue",2024-12-05,Men's Masters (55-59) 81kg,Gary Alinea,80,78,80,84,-92,92,-94,84,92,176
"The 2024 Nike North American Open Finals, powered by Rogue",2024-12-05,Men's 14-15 Age Group 81kg,Keegan McHale,73.35,71,-75,-76,101,105,-108,71,105,176
"The 2024 Nike North American Open Finals, powered by Rogue",2024-12-05,Open Women's 59kg,Lauren DeLong,58.54,73,-76,-77,98,-101,102,73,102,175
"The 2024 Nike North American Open Finals, powered by Rogue",2024-12-05,Junior Women's 71kg,Gracy Johnson,69.13,72,76,80,86,91,95,80,95,175
"The 2024 Nike North American Open Finals, powered by Rogue",2024-12-05,Open Women's 76kg,Emily Shih,75.77,72,75,78,94,97,-100,78,97,175
"The 2024 Nike North American Open Finals, powered by Rogue",2024-12-05,Men's Masters (60-64) 81kg,Kent Neuerburg,79.23,70,73,-76,98,102,-106,73,102,175
"The 2024 Nike North American Open Finals, powered by Rogue",2024-12-05,Women's Masters (35-39) 64kg,Eve Goldsher,61.54,82,-86,-86,92,-96,-96,82,92,174
"The 2024 Nike North American Open Finals, powered by Rogue",2024-12-05,Women's Masters (35-39) 64kg,Charis Chan,60.92,-79,-79,79,93,95,-97,79,95,174
"The 2024 Nike North American Open Finals, powered by Rogue",2024-12-05,Junior Women's 64kg,Ava Giorgi,63.96,75,78,80,90,93,-96,80,93,173
"The 2024 Nike North American Open Finals, powered by Rogue",2024-12-05,Open Women's 64kg,Yuliana Lopez,64,73,-76,-76,-100,100,-106,73,100,173
"The 2024 Nike North American Open Finals, powered by Rogue",2024-12-05,Open Women's 64kg,Brena Andrews,63.77,75,78,-81,95,-98,-100,78,95,173
"The 2024 Nike North American Open Finals, powered by Rogue",2024-12-05,Open Women's 64kg,anna maguire,63.62,74,77,-80,93,-96,96,77,96,173
"The 2024 Nike North American Open Finals, powered by Rogue",2024-12-05,Open Women's 64kg,Alicia DiSpaltro,62.42,77,-80,80,93,-97,-97,80,93,173
"The 2024 Nike North American Open Finals, powered by Rogue",2024-12-05,Women's Masters (35-39) 59kg,Joelle Emery,59,-78,78,-83,95,-100,-101,78,95,173
"The 2024 Nike North American Open Finals, powered by Rogue",2024-12-05,Open Women's 71kg,Nyah Namisnak,69.52,-78,78,81,88,-91,92,81,92,173
"The 2024 Nike North American Open Finals, powered by Rogue",2024-12-05,Women's Masters (40-44) 59kg,Christine Reilly,58.59,75,-78,-78,-98,-98,98,75,98,173
"The 2024 Nike North American Open Finals, powered by Rogue",2024-12-05,Men's 16-17 Age Group 61kg,Santos Torres,59.82,-75,75,-79,-95,95,98,75,98,173
"The 2024 Nike North American Open Finals, powered by Rogue",2024-12-05,Open Women's 55kg,Alice McBroom,53.72,71,74,77,90,-95,95,77,95,172
"The 2024 Nike North American Open Finals, powered by Rogue",2024-12-05,Open Women's 64kg,Rachel Clemmer,63.61,73,76,-78,91,94,96,76,96,172
"The 2024 Nike North American Open Finals, powered by Rogue",2024-12-05,Women's Masters (35-39) 71kg,Megan Munsell,70.43,-73,73,75,93,-95,97,75,97,172
"The 2024 Nike North American Open Finals, powered by Rogue",2024-12-05,Women's Masters (35-39) 71kg,Karisa Rossman,70.84,76,79,-81,93,-96,-96,79,93,172
"The 2024 Nike North American Open Finals, powered by Rogue",2024-12-05,Women's Masters (35-39) 76kg,Carlyn Winston,74.08,73,76,-79,92,96,-99,76,96,172
"The 2024 Nike North American Open Finals, powered by Rogue",2024-12-05,Open Women's 76kg,Chelsea Nieves,74.67,-78,78,-81,94,-98,-98,78,94,172
"The 2024 Nike North American Open Finals, powered by Rogue",2024-12-05,Women's Masters (35-39) 81kg,Olivia Piacentini,79.74,71,74,-77,89,94,98,74,98,172
"The 2024 Nike North American Open Finals, powered by Rogue",2024-12-05,Women's Masters (35-39) +87kg,Amanda Roberts,97.2,68,72,-76,100,-106,0,72,100,172
"The 2024 Nike North American Open Finals, powered by Rogue",2024-12-05,Women's Masters (40-44) +87kg,Sarah Campos,107.79,69,72,75,93,97,-100,75,97,172
"The 2024 Nike North American Open Finals, powered by Rogue",2024-12-05,Women's Masters (45-49) 81kg,Amy Hovan,77.79,73,76,79,90,93,-96,79,93,172
"The 2024 Nike North American Open Finals, powered by Rogue",2024-12-05,Junior Women's 55kg,Jaycee Mann,53.7,75,-77,78,90,93,-95,78,93,171
"The 2024 Nike North American Open Finals, powered by Rogue",2024-12-05,Open Women's 59kg,Claire Vahary,59,-74,-74,74,94,97,-100,74,97,171
"The 2024 Nike North American Open Finals, powered by Rogue",2024-12-05,Open Women's 64kg,Ava Oteri,63.67,70,-73,74,93,97,-100,74,97,171
"The 2024 Nike North American Open Finals, powered by Rogue",2024-12-05,Women's 16-17 Age Group 71kg,Allison Rebustillo,68.36,-71,71,75,96,-107,-107,75,96,171
"The 2024 Nike North American Open Finals, powered by Rogue",2024-12-05,Open Women's 59kg,Mikerline  Apollon,58.51,69,73,76,-94,94,-97,76,94,170
"The 2024 Nike North American Open Finals, powered by Rogue",2024-12-05,Open Women's 59kg,Jasmine He,59,-69,70,73,89,93,97,73,97,170
"The 2024 Nike North American Open Finals, powered by Rogue",2024-12-05,Open Women's 64kg,Samantha Ellison,63.93,71,74,-77,92,96,-100,74,96,170
"The 2024 Nike North American Open Finals, powered by Rogue",2024-12-05,Men's Masters (40-44) 61kg,Daniel Louie,60.14,75,-80,-82,95,-100,-100,75,95,170
"The 2024 Nike North American Open Finals, powered by Rogue",2024-12-05,Open Women's 71kg,Talley Halvorson,69.27,75,-78,-80,95,-99,-102,75,95,170
"The 2024 Nike North American Open Finals, powered by Rogue",2024-12-05,Women's Masters (35-39) 81kg,Jennifer Gerasimos,79.2,-72,72,-75,90,94,98,72,98,170
"The 2024 Nike North American Open Finals, powered by Rogue",2024-12-05,Women's 14-15 Age Group 64kg,Chassity Del Balso,64,70,-72,72,91,-96,98,72,98,170
"The 2024 Nike North American Open Finals, powered by Rogue",2024-12-05,Women's Masters (40-44) 81kg,Kristin Roskowick,80.07,71,74,-77,92,96,-100,74,96,170
"The 2024 Nike North American Open Finals, powered by Rogue",2024-12-05,Women's 16-17 Age Group 64kg,Autumn Sands,64,72,75,77,-89,90,93,77,93,170
"The 2024 Nike North American Open Finals, powered by Rogue",2024-12-05,Junior Women's 59kg,Alexa  Estevez ,58.22,73,-77,-78,87,92,96,73,96,169
"The 2024 Nike North American Open Finals, powered by Rogue",2024-12-05,Open Women's 64kg,Kha-Nhu Lam,62.47,74,-77,-77,-95,-95,95,74,95,169
"The 2024 Nike North American Open Finals, powered by Rogue",2024-12-05,Women's Masters (40-44) 71kg,LISA BAETE,66.14,70,74,76,86,-91,93,76,93,169
"The 2024 Nike North American Open Finals, powered by Rogue",2024-12-05,Men's 14-15 Age Group 61kg,Jayden Whittaker,59.89,67,71,-73,88,93,98,71,98,169
"The 2024 Nike North American Open Finals, powered by Rogue",2024-12-05,Men's 16-17 Age Group 67kg,Rowdy Cearley,66.73,69,72,75,89,93,-97,75,93,168
"The 2024 Nike North American Open Finals, powered by Rogue",2024-12-05,Junior Women's 59kg,danila tuazon,59,74,78,-81,90,-94,-95,78,90,168
"The 2024 Nike North American Open Finals, powered by Rogue",2024-12-05,Open Women's 64kg,Jeanna Onishi,63.98,74,-77,-77,94,-97,-98,74,94,168
"The 2024 Nike North American Open Finals, powered by Rogue",2024-12-05,Open Women's 71kg,Hayley Bell,70.25,75,-78,-78,93,-96,-96,75,93,168
"The 2024 Nike North American Open Finals, powered by Rogue",2024-12-05,Open Women's 71kg,Alexis Danchak,70.49,68,-72,-74,92,96,100,68,100,168
"The 2024 Nike North American Open Finals, powered by Rogue",2024-12-05,Women's Masters (35-39) 71kg,Tracy Chase,65.93,75,78,-81,87,90,-93,78,90,168
"The 2024 Nike North American Open Finals, powered by Rogue",2024-12-05,Men's Masters (55-59) 73kg,Kevin Dittler,72.95,-78,78,-84,90,-96,-96,78,90,168
"The 2024 Nike North American Open Finals, powered by Rogue",2024-12-05,Women's Masters (35-39) 87kg,Elyssabeth Beers,85.22,73,76,-78,87,90,92,76,92,168
"The 2024 Nike North American Open Finals, powered by Rogue",2024-12-05,Women's Masters (35-39) 87kg,Beth Whaley,87,70,73,-77,95,-100,-102,73,95,168
"The 2024 Nike North American Open Finals, powered by Rogue",2024-12-05,Women's Masters (35-39) 76kg,Kimberly Andrew,74.4,72,75,77,88,90,-94,77,90,167
"The 2024 Nike North American Open Finals, powered by Rogue",2024-12-05,Women's Masters (35-39) +87kg,Jennifer Houghton,92.43,68,72,75,85,89,92,75,92,167
"The 2024 Nike North American Open Finals, powered by Rogue",2024-12-05,Women's 14-15 Age Group 71kg,Gianna Van Hofwegen,66.07,-70,70,73,88,91,94,73,94,167
"The 2024 Nike North American Open Finals, powered by Rogue",2024-12-05,Open Women's 64kg,Juliet Aguilar,63.94,-74,-74,74,-92,92,-96,74,92,166
"The 2024 Nike North American Open Finals, powered by Rogue",2024-12-05,Open Women's 64kg,norelle justice,61.47,71,74,-76,85,89,92,74,92,166
"The 2024 Nike North American Open Finals, powered by Rogue",2024-12-05,Women's 16-17 Age Group 64kg,Emma Heck,62.79,73,-77,-77,93,-97,-97,73,93,166
"The 2024 Nike North American Open Finals, powered by Rogue",2024-12-05,Open Women's 55kg,Kaziah Jones,54.5,-74,74,77,88,-91,-93,77,88,165
"The 2024 Nike North American Open Finals, powered by Rogue",2024-12-05,Open Women's 55kg,Angela Gallegos,54.75,65,-70,70,90,-93,95,70,95,165
"The 2024 Nike North American Open Finals, powered by Rogue",2024-12-05,Junior Women's 64kg,Elouise Schultz,62.68,66,69,72,85,89,93,72,93,165
"The 2024 Nike North American Open Finals, powered by Rogue",2024-12-05,Junior Women's 71kg,Hayden Mentzer,71,64,67,70,88,-92,95,70,95,165
"The 2024 Nike North American Open Finals, powered by Rogue",2024-12-05,Junior Women's 81kg,Rubie Dobbins,77.76,67,71,-77,87,94,-96,71,94,165
"The 2024 Nike North American Open Finals, powered by Rogue",2024-12-05,Open Women's 49kg,Kaylin White,48.63,-68,68,70,90,-94,94,70,94,164
"The 2024 Nike North American Open Finals, powered by Rogue",2024-12-05,Open Women's 55kg,Katherine Lee,54.48,70,73,76,82,85,88,76,88,164
"The 2024 Nike North American Open Finals, powered by Rogue",2024-12-05,Open Women's 59kg,Ana Kelly,59,71,-73,-73,90,93,-95,71,93,164
"The 2024 Nike North American Open Finals, powered by Rogue",2024-12-05,Women's Masters (45-49) +87kg,Chelsea Hopkins,107.02,61,66,69,89,92,95,69,95,164
"The 2024 Nike North American Open Finals, powered by Rogue",2024-12-05,Open Women's 59kg,Jessica Rodriguez,57.97,70,-72,72,91,-94,-94,72,91,163
"The 2024 Nike North American Open Finals, powered by Rogue",2024-12-05,Women's Masters (35-39) 71kg,Lauryn Ginsburg,69.84,-68,69,72,88,91,-94,72,91,163
"The 2024 Nike North American Open Finals, powered by Rogue",2024-12-05,Women's Masters (35-39) 76kg,Lindsay Perrizo,74.57,70,73,-75,85,-89,90,73,90,163
"The 2024 Nike North American Open Finals, powered by Rogue",2024-12-05,Women's Masters (45-49) +87kg,Anna martin,104.16,67,-70,70,89,91,93,70,93,163
"The 2024 Nike North American Open Finals, powered by Rogue",2024-12-05,Men's 14-15 Age Group 61kg,Cody Anderson,59.02,65,68,-72,90,95,-102,68,95,163
"The 2024 Nike North American Open Finals, powered by Rogue",2024-12-05,Junior Women's 76kg,Hayden Brandon,75.17,69,72,-75,-88,90,-94,72,90,162
"The 2024 Nike North American Open Finals, powered by Rogue",2024-12-05,Women's Masters (35-39) 64kg,Elise Caron,63.51,65,68,71,85,88,91,71,91,162
"The 2024 Nike North American Open Finals, powered by Rogue",2024-12-05,Women's Masters (35-39) 71kg,Sara Donis,70.64,69,-72,-74,-92,-93,93,69,93,162
"The 2024 Nike North American Open Finals, powered by Rogue",2024-12-05,Men's Masters (60-64) 89kg,Stephen Powell,87.62,73,75,-77,87,-90,-91,75,87,162
"The 2024 Nike North American Open Finals, powered by Rogue",2024-12-05,Men's Masters (35-39) 55kg,Derick Puff,55,70,73,75,-80,80,86,75,86,161
"The 2024 Nike North American Open Finals, powered by Rogue",2024-12-05,Women's Masters (35-39) 59kg,Tanya LaBell,58.72,67,70,-73,91,-94,-96,70,91,161
"The 2024 Nike North American Open Finals, powered by Rogue",2024-12-05,Women's Masters (35-39) 76kg,Naoko Miyamoto,73.52,65,68,71,87,90,-92,71,90,161
"The 2024 Nike North American Open Finals, powered by Rogue",2024-12-05,Women's Masters (40-44) 87kg,Amanda Cann,86.36,66,70,74,82,87,-90,74,87,161
"The 2024 Nike North American Open Finals, powered by Rogue",2024-12-05,Men's 13 Under Age Group 73kg,Nathanael Maher,71.93,69,72,-75,85,89,-94,72,89,161
"The 2024 Nike North American Open Finals, powered by Rogue",2024-12-05,Junior Women's 64kg,Alexa  Woodman ,62.89,65,68,70,85,88,90,70,90,160
"The 2024 Nike North American Open Finals, powered by Rogue",2024-12-05,Women's Masters (45-49) 71kg,Katherine Brown,70.58,67,70,-72,87,88,90,70,90,160
"The 2024 Nike North American Open Finals, powered by Rogue",2024-12-05,Junior Women's 59kg,Jordan Nantz,57.43,70,-72,72,84,87,-90,72,87,159
"The 2024 Nike North American Open Finals, powered by Rogue",2024-12-05,Women's Masters (35-39) 64kg,Melinda Golden,61.79,70,-72,-73,-88,88,-93,70,88,158
"The 2024 Nike North American Open Finals, powered by Rogue",2024-12-05,Junior Women's 59kg,Alyssa Jordan,59,67,69,-71,82,86,88,69,88,157
"The 2024 Nike North American Open Finals, powered by Rogue",2024-12-05,Women's Masters (35-39) 81kg,Courtney Hanson,79.79,68,-72,72,85,-88,-90,72,85,157
"The 2024 Nike North American Open Finals, powered by Rogue",2024-12-05,Women's Masters (35-39) +87kg,Eunice Rho,89.6,66,68,-71,89,-92,-93,68,89,157
"The 2024 Nike North American Open Finals, powered by Rogue",2024-12-05,Women's Masters (35-39) +87kg,Samantha Chucka,107.66,-67,67,-70,85,-88,90,67,90,157
"The 2024 Nike North American Open Finals, powered by Rogue",2024-12-05,Women's 14-15 Age Group 55kg,Brynn Catalano,53.83,67,70,72,80,85,-88,72,85,157
"The 2024 Nike North American Open Finals, powered by Rogue",2024-12-05,Women's Masters (40-44) 87kg,Amy Tunis,82.8,69,72,-75,85,-88,-89,72,85,157
"The 2024 Nike North American Open Finals, powered by Rogue",2024-12-05,Women's 14-15 Age Group +76kg,Isabella Wray,96.47,64,66,68,82,85,89,68,89,157
"The 2024 Nike North American Open Finals, powered by Rogue",2024-12-05,Women's Masters (45-49) 71kg,Jessica Walters,68.18,67,69,-72,85,88,-90,69,88,157
"The 2024 Nike North American Open Finals, powered by Rogue",2024-12-05,Women's 16-17 Age Group 64kg,Allie Nichols,63.51,64,67,69,85,-88,88,69,88,157
"The 2024 Nike North American Open Finals, powered by Rogue",2024-12-05,Men's 14-15 Age Group 55kg,Andrew Weymer,50.63,65,67,70,82,85,87,70,87,157
"The 2024 Nike North American Open Finals, powered by Rogue",2024-12-05,Junior Women's 71kg,Victoria Carter,70.73,68,-70,70,86,-88,-89,70,86,156
"The 2024 Nike North American Open Finals, powered by Rogue",2024-12-05,Women's Masters (40-44) 64kg,Julie Bachman,63.35,67,69,-71,81,84,87,69,87,156
"The 2024 Nike North American Open Finals, powered by Rogue",2024-12-05,Women's Masters (40-44) 76kg,Selena Cearley,76,67,69,-71,82,-85,87,69,87,156
"The 2024 Nike North American Open Finals, powered by Rogue",2024-12-05,Open Women's 59kg,Monica Parucho,58.88,65,-69,-69,86,90,-93,65,90,155
"The 2024 Nike North American Open Finals, powered by Rogue",2024-12-05,Women's Masters (35-39) 71kg,Desirae Lyall,70.52,63,-66,-68,86,89,92,63,92,155
"The 2024 Nike North American Open Finals, powered by Rogue",2024-12-05,Women's Masters (40-44) 76kg,Stephanie Rosario,73.46,63,66,69,82,86,-91,69,86,155
"The 2024 Nike North American Open Finals, powered by Rogue",2024-12-05,Women's Masters (40-44) 81kg,Julie Felix,78.79,65,68,-70,85,87,-90,68,87,155
"The 2024 Nike North American Open Finals, powered by Rogue",2024-12-05,Women's 14-15 Age Group +76kg,Eva Windsor,102.44,65,70,-75,85,-90,-93,70,85,155
"The 2024 Nike North American Open Finals, powered by Rogue",2024-12-05,Men's 14-15 Age Group 67kg,Matias Navarrete,65.7,-65,65,70,80,85,-91,70,85,155
"The 2024 Nike North American Open Finals, powered by Rogue",2024-12-05,Junior Women's 71kg,Nina Pollack,70.05,63,67,71,83,-87,-89,71,83,154
"The 2024 Nike North American Open Finals, powered by Rogue",2024-12-05,Women's Masters (35-39) 59kg,Ashley Dvorin,58.4,72,-75,-75,-82,82,-85,72,82,154
"The 2024 Nike North American Open Finals, powered by Rogue",2024-12-05,Women's Masters (40-44) 76kg,Cherisse Taylor,75.63,70,-72,-72,80,-83,84,70,84,154
"The 2024 Nike North American Open Finals, powered by Rogue",2024-12-05,Women's Masters (40-44) 81kg,Sarah Welsh,78.88,58,60,63,86,-89,91,63,91,154
"The 2024 Nike North American Open Finals, powered by Rogue",2024-12-05,Women's 14-15 Age Group +76kg,Eleanor Cler,107.2,-65,65,68,83,86,-89,68,86,154
"The 2024 Nike North American Open Finals, powered by Rogue",2024-12-05,Open Women's 55kg,Jenny Hwa,54.84,64,-68,68,-82,82,85,68,85,153
"The 2024 Nike North American Open Finals, powered by Rogue",2024-12-05,Junior Women's 64kg,Taylor Hedke,60.83,63,-67,-67,82,86,90,63,90,153
"The 2024 Nike North American Open Finals, powered by Rogue",2024-12-05,Women's Masters (40-44) 76kg,Katherine Cirone,74.2,65,-68,-69,85,88,-92,65,88,153
"The 2024 Nike North American Open Finals, powered by Rogue",2024-12-05,Women's 14-15 Age Group 64kg,Keilana Brewer,61.57,-65,65,68,79,82,85,68,85,153
"The 2024 Nike North American Open Finals, powered by Rogue",2024-12-05,Open Women's 49kg,Rachel Conaway,49,-65,66,-69,83,-86,86,66,86,152
"The 2024 Nike North American Open Finals, powered by Rogue",2024-12-05,Women's Masters (35-39) 71kg,Jasmine Suguitan,70.69,65,69,-72,83,-87,-89,69,83,152
"The 2024 Nike North American Open Finals, powered by Rogue",2024-12-05,Women's Masters (40-44) 76kg,maria shesiuk,74.46,62,65,-68,83,87,-92,65,87,152
"The 2024 Nike North American Open Finals, powered by Rogue",2024-12-05,Women's Masters (40-44) 81kg,Catharine Messersmith,80,64,70,-73,77,80,82,70,82,152
"The 2024 Nike North American Open Finals, powered by Rogue",2024-12-05,Women's 16-17 Age Group 64kg,Emily Green,63.08,65,-67,68,80,84,-86,68,84,152
"The 2024 Nike North American Open Finals, powered by Rogue",2024-12-05,Women's Masters (45-49) 81kg,Brenda Espinoza,78.84,62,64,-67,82,85,88,64,88,152
"The 2024 Nike North American Open Finals, powered by Rogue",2024-12-05,Women's Masters (45-49) 71kg,DanaMarie Movsessian,69.79,-67,67,69,82,-85,-85,69,82,151
"The 2024 Nike North American Open Finals, powered by Rogue",2024-12-05,Open Women's 45kg,Virginie Beljour,45,60,63,65,81,85,-89,65,85,150
"The 2024 Nike North American Open Finals, powered by Rogue",2024-12-05,Women's Masters (40-44) 81kg,Jennifer Miller,79.51,65,-67,67,80,83,-86,67,83,150
"The 2024 Nike North American Open Finals, powered by Rogue",2024-12-05,Women's Masters (40-44) +87kg,Marjorie Gottier,134.25,65,69,-72,77,81,-85,69,81,150
"The 2024 Nike North American Open Finals, powered by Rogue",2024-12-05,Open Women's 49kg,Lucy Lapane,48.1,64,-66,66,80,83,-86,66,83,149
"The 2024 Nike North American Open Finals, powered by Rogue",2024-12-05,Women's Masters (35-39) 71kg,Crystal Ball,69.98,-61,62,-65,81,84,87,62,87,149
"The 2024 Nike North American Open Finals, powered by Rogue",2024-12-05,Women's Masters (45-49) 64kg,Kat Bogers,63.54,66,-70,-71,79,83,-87,66,83,149
"The 2024 Nike North American Open Finals, powered by Rogue",2024-12-05,Women's 16-17 Age Group 71kg,Wynter Montgomery,66.59,57,60,65,78,81,84,65,84,149
"The 2024 Nike North American Open Finals, powered by Rogue",2024-12-05,Open Women's 55kg,Makayla Cogan,54.97,66,68,-70,77,80,-82,68,80,148
"The 2024 Nike North American Open Finals, powered by Rogue",2024-12-05,Women's Masters (35-39) 55kg,Lindsey Knight,54.68,60,63,65,80,83,-86,65,83,148
"The 2024 Nike North American Open Finals, powered by Rogue",2024-12-05,Men's Masters (60-64) 89kg,William McClure,86.51,-57,58,60,80,85,88,60,88,148
"The 2024 Nike North American Open Finals, powered by Rogue",2024-12-05,Men's 16-17 Age Group 61kg,Jackson Crane,59.04,64,-68,-68,84,-88,-88,64,84,148
"The 2024 Nike North American Open Finals, powered by Rogue",2024-12-05,Open Women's 55kg,Christa Degidio ,54.01,-62,62,65,82,-85,-85,65,82,147
"The 2024 Nike North American Open Finals, powered by Rogue",2024-12-05,Women's Masters (35-39) +87kg,Abby Boon,91.32,65,68,-70,75,79,-82,68,79,147
"The 2024 Nike North American Open Finals, powered by Rogue",2024-12-05,Women's Masters (40-44) 71kg,Amy West,68.68,57,-60,61,78,83,86,61,86,147
"The 2024 Nike North American Open Finals, powered by Rogue",2024-12-05,Women's Masters (40-44) 71kg,Kristina Mohn,69.66,60,63,68,74,79,-87,68,79,147
"The 2024 Nike North American Open Finals, powered by Rogue",2024-12-05,Women's 14-15 Age Group 59kg,Mahealani Mason,58.07,65,67,-70,80,-85,-85,67,80,147
"The 2024 Nike North American Open Finals, powered by Rogue",2024-12-05,Women's 16-17 Age Group 55kg,madeline francescone,52.85,64,-66,-66,79,-82,83,64,83,147
"The 2024 Nike North American Open Finals, powered by Rogue",2024-12-05,Women's Masters (45-49) 87kg,Paula Habel,86.23,59,62,-65,78,82,85,62,85,147
"The 2024 Nike North American Open Finals, powered by Rogue",2024-12-05,Women's 16-17 Age Group 71kg,Samantha Goodman,64.29,60,-63,64,77,80,83,64,83,147
"The 2024 Nike North American Open Finals, powered by Rogue",2024-12-05,Open Women's 59kg,Lindsey Yeom,57.85,-66,66,-69,80,-85,-85,66,80,146
"The 2024 Nike North American Open Finals, powered by Rogue",2024-12-05,Women's Masters (35-39) 71kg,Chelsea Rebholz,67.68,-67,67,-70,79,-82,-82,67,79,146
"The 2024 Nike North American Open Finals, powered by Rogue",2024-12-05,Women's Masters (35-39) +87kg,Elizabeth Hernandez,98.84,61,64,67,65,76,79,67,79,146
"The 2024 Nike North American Open Finals, powered by Rogue",2024-12-05,Women's Masters (40-44) 64kg,Kristin Maselli,63.58,-62,62,-65,78,81,84,62,84,146
"The 2024 Nike North American Open Finals, powered by Rogue",2024-12-05,Women's Masters (40-44) 71kg,Daisy May Gutierrez,68.28,61,64,-66,78,82,-86,64,82,146
"The 2024 Nike North American Open Finals, powered by Rogue",2024-12-05,Women's 16-17 Age Group 59kg,Ayah Muhammad,57.77,59,62,65,75,78,81,65,81,146
"The 2024 Nike North American Open Finals, powered by Rogue",2024-12-05,Women's Masters (45-49) +87kg,Megan Mathias,102.81,63,-65,65,78,-81,81,65,81,146
"The 2024 Nike North American Open Finals, powered by Rogue",2024-12-05,Men's 14-15 Age Group 73kg,Erubey Garcia,73,60,63,65,75,-81,81,65,81,146
"The 2024 Nike North American Open Finals, powered by Rogue",2024-12-05,Open Women's 55kg,Jessica Gianardi,54.26,60,-63,-63,85,-88,-88,60,85,145
"The 2024 Nike North American Open Finals, powered by Rogue",2024-12-05,Junior Women's 64kg,Carli Houston,61.6,65,-67,-67,80,-83,-83,65,80,145
"The 2024 Nike North American Open Finals, powered by Rogue",2024-12-05,Women's Masters (35-39) 59kg,Talia Waugh,57.66,60,63,65,-80,80,-83,65,80,145
"The 2024 Nike North American Open Finals, powered by Rogue",2024-12-05,Women's Masters (35-39) 81kg,Natalie Smith,80.35,64,-67,68,77,-81,-82,68,77,145
"The 2024 Nike North American Open Finals, powered by Rogue",2024-12-05,Women's Masters (35-39) 81kg,Rebecca Murdoch,79.76,60,63,-66,-77,79,82,63,82,145
"The 2024 Nike North American Open Finals, powered by Rogue",2024-12-05,Women's Masters (40-44) 59kg,Colleen Maring,57.24,60,63,-65,78,-81,82,63,82,145
"The 2024 Nike North American Open Finals, powered by Rogue",2024-12-05,Women's Masters (40-44) 81kg,Rachel Reiboldt,80.3,64,-67,-67,81,-84,-85,64,81,145
"The 2024 Nike North American Open Finals, powered by Rogue",2024-12-05,Junior Women's 49kg,Laney Yost,48.9,63,-65,-65,81,-83,-85,63,81,144
"The 2024 Nike North American Open Finals, powered by Rogue",2024-12-05,Open Women's 45kg,Gretchen Villa,44.78,61,64,-66,80,-83,-84,64,80,144
"The 2024 Nike North American Open Finals, powered by Rogue",2024-12-05,Junior Women's 59kg,Kareema Salah,58.26,61,64,-67,80,-85,-85,64,80,144
"The 2024 Nike North American Open Finals, powered by Rogue",2024-12-05,Women's Masters (40-44) 64kg,Flo Ursua,62.13,58,-60,62,79,82,-85,62,82,144
"The 2024 Nike North American Open Finals, powered by Rogue",2024-12-05,Women's Masters (45-49) +87kg,Delores Hill,99.7,62,-65,-66,77,-80,82,62,82,144
"The 2024 Nike North American Open Finals, powered by Rogue",2024-12-05,Women's 16-17 Age Group 81kg,Nevaeh Kellerman,79.58,58,62,65,75,79,-83,65,79,144
"The 2024 Nike North American Open Finals, powered by Rogue",2024-12-05,Junior Women's 55kg,Madi Muse,54.82,-62,62,-65,81,-83,-83,62,81,143
"The 2024 Nike North American Open Finals, powered by Rogue",2024-12-05,Women's Masters (35-39) 81kg,Olga Krzyszton,76.74,60,62,-64,79,81,-83,62,81,143
"The 2024 Nike North American Open Finals, powered by Rogue",2024-12-05,Women's Masters (40-44) 76kg,Kathryn Flores,74.49,62,-65,-65,78,81,-84,62,81,143
"The 2024 Nike North American Open Finals, powered by Rogue",2024-12-05,Women's Masters (40-44) 87kg,Urbana Sepulveda,85.59,60,-63,-63,80,83,-85,60,83,143
"The 2024 Nike North American Open Finals, powered by Rogue",2024-12-05,Women's Masters (35-39) 59kg,Natalie Jean Vezina,58.35,56,59,61,78,-81,81,61,81,142
"The 2024 Nike North American Open Finals, powered by Rogue",2024-12-05,Women's Masters (40-44) 59kg,Lindsey  Kujawski,58.8,59,62,64,78,-81,-83,64,78,142
"The 2024 Nike North American Open Finals, powered by Rogue",2024-12-05,Women's Masters (40-44) 71kg,Julie Mizak,65.41,61,-64,-65,-80,81,-84,61,81,142
"The 2024 Nike North American Open Finals, powered by Rogue",2024-12-05,Women's Masters (40-44) 71kg,Heather Zrebiec,67.22,-62,62,-65,80,-84,-85,62,80,142
"The 2024 Nike North American Open Finals, powered by Rogue",2024-12-05,Women's Masters (40-44) 87kg,Lisa Bagby,83.54,-50,50,53,83,86,89,53,89,142
"The 2024 Nike North American Open Finals, powered by Rogue",2024-12-05,Women's 16-17 Age Group 76kg,Ava Jackson,75.84,58,62,-65,75,80,-83,62,80,142
"The 2024 Nike North American Open Finals, powered by Rogue",2024-12-05,Women's Masters (35-39) 76kg,Kathleen Marquez,72.15,58,60,62,73,76,79,62,79,141
"The 2024 Nike North American Open Finals, powered by Rogue",2024-12-05,Women's Masters (40-44) 71kg,Jessica Cummings,66.93,-68,68,-70,73,-75,-75,68,73,141
"The 2024 Nike North American Open Finals, powered by Rogue",2024-12-05,Men's 14-15 Age Group 61kg,Ashton McAllister,57.28,58,60,-63,75,78,81,60,81,141
"The 2024 Nike North American Open Finals, powered by Rogue",2024-12-05,Women's Masters (35-39) 87kg,Erin Mena,84.15,60,-63,-64,-80,80,-85,60,80,140
"The 2024 Nike North American Open Finals, powered by Rogue",2024-12-05,Women's Masters (45-49) 87kg,Marissa Sterrett,84.63,59,-61,-61,79,-81,81,59,81,140
"The 2024 Nike North American Open Finals, powered by Rogue",2024-12-05,Women's 14-15 Age Group 49kg,Amelia Phillips,48.78,58,60,62,77,-80,-81,62,77,139
"The 2024 Nike North American Open Finals, powered by Rogue",2024-12-05,Women's 14-15 Age Group 55kg,Maryam Grafton,54.69,58,-61,61,75,78,-80,61,78,139
"The 2024 Nike North American Open Finals, powered by Rogue",2024-12-05,Women's 16-17 Age Group 59kg,Eleanor Otis,59,60,63,-66,68,72,76,63,76,139
"The 2024 Nike North American Open Finals, powered by Rogue",2024-12-05,Women's 16-17 Age Group 76kg,Addison Bell,72.01,60,-63,63,73,76,-79,63,76,139
"The 2024 Nike North American Open Finals, powered by Rogue",2024-12-05,Women's 16-17 Age Group 76kg,Penelope Desjardins,71.47,57,60,-63,-79,-79,79,60,79,139
"The 2024 Nike North American Open Finals, powered by Rogue",2024-12-05,Junior Women's 55kg,Caitlyn Ogami,54.5,-60,60,-63,78,-81,-82,60,78,138
"The 2024 Nike North American Open Finals, powered by Rogue",2024-12-05,Open Women's 49kg,Aria Zayed,48.54,61,-63,-63,73,75,77,61,77,138
"The 2024 Nike North American Open Finals, powered by Rogue",2024-12-05,Women's Masters (35-39) 55kg,Amanda Williams,51.71,56,59,62,73,76,-79,62,76,138
"The 2024 Nike North American Open Finals, powered by Rogue",2024-12-05,Women's Masters (35-39) 64kg,Samantha Love,64,59,61,63,73,-75,75,63,75,138
"The 2024 Nike North American Open Finals, powered by Rogue",2024-12-05,Women's Masters (35-39) 81kg,Bethany Farrar,78.69,57,-59,-60,75,78,81,57,81,138
"The 2024 Nike North American Open Finals, powered by Rogue",2024-12-05,Women's 14-15 Age Group 71kg,Chloe Desjardins,68.79,58,61,64,68,71,74,64,74,138
"The 2024 Nike North American Open Finals, powered by Rogue",2024-12-05,Women's 16-17 Age Group 64kg,Alexandra Hibbs,61.43,60,63,-66,72,75,-79,63,75,138
"The 2024 Nike North American Open Finals, powered by Rogue",2024-12-05,Women's 16-17 Age Group 64kg,Melina Rivera,64,57,60,-63,75,78,-81,60,78,138
"The 2024 Nike North American Open Finals, powered by Rogue",2024-12-05,Women's Masters (35-39) 49kg,Lisa Guadagnolo,49,57,60,-62,74,-77,77,60,77,137
"The 2024 Nike North American Open Finals, powered by Rogue",2024-12-05,Women's Masters (35-39) 64kg,Kelly Nichols,63.19,57,59,61,-72,73,76,61,76,137
"The 2024 Nike North American Open Finals, powered by Rogue",2024-12-05,Men's 13 Under Age Group 61kg,Ezekiel Macias,58.59,57,60,-63,70,74,77,60,77,137
"The 2024 Nike North American Open Finals, powered by Rogue",2024-12-05,Men's 14-15 Age Group 61kg,liam gargan,60.55,55,-58,58,73,76,79,58,79,137
"The 2024 Nike North American Open Finals, powered by Rogue",2024-12-05,Junior Women's 49kg,Reagan Best,48.94,-58,58,60,72,-76,76,60,76,136
"The 2024 Nike North American Open Finals, powered by Rogue",2024-12-05,Women's Masters (35-39) 71kg,Ashley Helton,69.68,61,-64,-65,71,75,-78,61,75,136
"The 2024 Nike North American Open Finals, powered by Rogue",2024-12-05,Women's Masters (40-44) 59kg,Libby Elias,58.42,60,62,-65,70,74,-77,62,74,136
"The 2024 Nike North American Open Finals, powered by Rogue",2024-12-05,Men's 16-17 Age Group 49kg,Diego Cordero,48.41,58,-60,-60,70,-75,78,58,78,136
"The 2024 Nike North American Open Finals, powered by Rogue",2024-12-05,Women's Masters (35-39) 55kg,Elaine Tsay,53.57,58,-61,-62,74,77,-81,58,77,135
"The 2024 Nike North American Open Finals, powered by Rogue",2024-12-05,Women's Masters (40-44) 59kg,Natalie Jonsson,58.77,58,-60,60,70,75,-78,60,75,135
"The 2024 Nike North American Open Finals, powered by Rogue",2024-12-05,Women's Masters (40-44) 59kg,Kristin Curd,57.3,54,57,60,75,-79,-80,60,75,135
"The 2024 Nike North American Open Finals, powered by Rogue",2024-12-05,Women's 14-15 Age Group 71kg,Alyssa Hines,70.33,59,-62,62,70,73,-75,62,73,135
"The 2024 Nike North American Open Finals, powered by Rogue",2024-12-05,Women's Masters (40-44) 81kg,Colleen Moon,78.71,50,53,55,75,78,80,55,80,135
"The 2024 Nike North American Open Finals, powered by Rogue",2024-12-05,Women's 14-15 Age Group +76kg,Bristol Dixon,80.68,55,58,61,70,74,-78,61,74,135
"The 2024 Nike North American Open Finals, powered by Rogue",2024-12-05,Women's 16-17 Age Group 59kg,Natalia  Frumker ,57.45,-55,58,-62,69,74,77,58,77,135
"The 2024 Nike North American Open Finals, powered by Rogue",2024-12-05,Women's Masters (35-39) 49kg,Nile Franklin,48.13,57,-60,61,-73,73,-75,61,73,134
"The 2024 Nike North American Open Finals, powered by Rogue",2024-12-05,Women's Masters (40-44) 59kg,Kendele Miyasaki,57.78,55,58,61,69,73,-76,61,73,134
"The 2024 Nike North American Open Finals, powered by Rogue",2024-12-05,Women's Masters (40-44) 71kg,Eun jung Koh,67.54,58,-60,60,70,72,74,60,74,134
"The 2024 Nike North American Open Finals, powered by Rogue",2024-12-05,Women's Masters (40-44) 76kg,Brigitte Bieyro,74.79,58,60,-62,70,72,74,60,74,134
"The 2024 Nike North American Open Finals, powered by Rogue",2024-12-05,Women's 14-15 Age Group 71kg,Stevie Majoros,67.51,54,57,-60,74,77,-80,57,77,134
"The 2024 Nike North American Open Finals, powered by Rogue",2024-12-05,Women's Masters (45-49) 64kg,Crysta Parkin,59.88,56,58,-60,73,76,-80,58,76,134
"The 2024 Nike North American Open Finals, powered by Rogue",2024-12-05,Women's 16-17 Age Group 55kg,Marianna  Marchese,54.04,55,58,-61,68,72,76,58,76,134
"The 2024 Nike North American Open Finals, powered by Rogue",2024-12-05,Women's Masters (35-39) 55kg,Emily Lau,54.72,53,55,57,69,72,76,57,76,133
"The 2024 Nike North American Open Finals, powered by Rogue",2024-12-05,Women's Masters (35-39) 64kg,Amanda York,62.56,58,61,-64,65,69,72,61,72,133
"The 2024 Nike North American Open Finals, powered by Rogue",2024-12-05,Women's Masters (35-39) 87kg,Christina Lam,84.18,55,-58,-58,73,75,78,55,78,133
"The 2024 Nike North American Open Finals, powered by Rogue",2024-12-05,Women's Masters (40-44) 87kg,Jen Segadelli,83.9,-57,57,-62,73,76,-79,57,76,133
"The 2024 Nike North American Open Finals, powered by Rogue",2024-12-05,Men's 13 Under Age Group +73kg,Ryan  Murphy,142.82,50,-53,53,70,75,80,53,80,133
"The 2024 Nike North American Open Finals, powered by Rogue",2024-12-05,Women's 16-17 Age Group 71kg,Anastasia  Jimenez,69.6,-57,-57,57,-73,73,76,57,76,133
"The 2024 Nike North American Open Finals, powered by Rogue",2024-12-05,Women's Masters (35-39) 76kg,brittany venzke,74.92,53,55,57,71,73,75,57,75,132
"The 2024 Nike North American Open Finals, powered by Rogue",2024-12-05,Women's Masters (35-39) +87kg,Sarah Sarff,96.64,60,-63,-64,68,72,-76,60,72,132
"The 2024 Nike North American Open Finals, powered by Rogue",2024-12-05,Women's Masters (40-44) 87kg,Emily Hubbard,82.72,58,-62,-62,70,-73,74,58,74,132
"The 2024 Nike North American Open Finals, powered by Rogue",2024-12-05,Women's Masters (45-49) 64kg,A. Isabelle Miller,63.62,56,-59,61,67,71,-75,61,71,132
"The 2024 Nike North American Open Finals, powered by Rogue",2024-12-05,Women's 16-17 Age Group 59kg,Addison Ruocco,58.02,54,-57,-57,75,78,-81,54,78,132
"The 2024 Nike North American Open Finals, powered by Rogue",2024-12-05,Women's Masters (40-44) 64kg,Shannalyn West,63.81,-58,-58,59,69,-71,72,59,72,131
"The 2024 Nike North American Open Finals, powered by Rogue",2024-12-05,Women's 16-17 Age Group 64kg,Brynli McBride,63.79,55,-58,58,-71,73,-76,58,73,131
"The 2024 Nike North American Open Finals, powered by Rogue",2024-12-05,Women's 16-17 Age Group 71kg,Mya Lagares Cascio,68.37,53,-56,56,-75,75,-78,56,75,131
"The 2024 Nike North American Open Finals, powered by Rogue",2024-12-05,Women's Masters (55-59) 76kg,Vicki Piper,75.75,56,59,61,70,-75,-75,61,70,131
"The 2024 Nike North American Open Finals, powered by Rogue",2024-12-05,Women's Masters (35-39) 49kg,Jacqueline Viola Moulton ,49,57,59,-61,71,-74,0,59,71,130
"The 2024 Nike North American Open Finals, powered by Rogue",2024-12-05,Women's Masters (35-39) 71kg,Martha Crain,68.5,55,-57,-58,70,72,75,55,75,130
"The 2024 Nike North American Open Finals, powered by Rogue",2024-12-05,Women's Masters (35-39) 76kg,Derien Pratt,72.57,53,56,-58,71,74,-77,56,74,130
"The 2024 Nike North American Open Finals, powered by Rogue",2024-12-05,Men's Masters (65-69) 89kg,Douglas Herder,88.01,50,55,-58,70,75,-78,55,75,130
"The 2024 Nike North American Open Finals, powered by Rogue",2024-12-05,Women's 14-15 Age Group 45kg,Jaedyn Orton,45,54,58,-61,72,-76,-76,58,72,130
"The 2024 Nike North American Open Finals, powered by Rogue",2024-12-05,Women's Masters (40-44) 71kg,Kathleen Hafeli,69.98,58,61,-64,69,-72,-72,61,69,130
"The 2024 Nike North American Open Finals, powered by Rogue",2024-12-05,Women's Masters (50-54) 87kg,Elizabeth Korchnak,82.47,54,57,-60,70,73,-75,57,73,130
"The 2024 Nike North American Open Finals, powered by Rogue",2024-12-05,Women's 16-17 Age Group 55kg,Jayleen Sanchez,54.72,53,-55,56,67,70,73,56,73,129
"The 2024 Nike North American Open Finals, powered by Rogue",2024-12-05,Open Women's 49kg,Amanda Serapiglia,48.91,57,-60,-60,71,-74,-74,57,71,128
"The 2024 Nike North American Open Finals, powered by Rogue",2024-12-05,Women's Masters (35-39) 76kg,Jessica Heberlein,74.75,51,53,-55,72,75,-77,53,75,128
"The 2024 Nike North American Open Finals, powered by Rogue",2024-12-05,Women's Masters (40-44) 71kg,Erica Blanton,70.49,56,58,-60,70,-73,-74,58,70,128
"The 2024 Nike North American Open Finals, powered by Rogue",2024-12-05,Women's Masters (40-44) 71kg,Rebekah Horn,67.65,57,60,-63,68,-72,-73,60,68,128
"The 2024 Nike North American Open Finals, powered by Rogue",2024-12-05,Women's Masters (45-49) +87kg,Natasha Wunderlich,103.81,50,53,-57,70,-75,75,53,75,128
"The 2024 Nike North American Open Finals, powered by Rogue",2024-12-05,Women's 16-17 Age Group 76kg,Peyton Gunn,73.38,-57,57,60,68,-70,-70,60,68,128
"The 2024 Nike North American Open Finals, powered by Rogue",2024-12-05,Women's Masters (35-39) 64kg,Anne Core,63.18,52,56,-58,71,-73,0,56,71,127
"The 2024 Nike North American Open Finals, powered by Rogue",2024-12-05,Women's Masters (35-39) 64kg,Ashley Cronin,61.76,49,-52,52,70,-74,75,52,75,127
"The 2024 Nike North American Open Finals, powered by Rogue",2024-12-05,Women's Masters (35-39) 76kg,Kathryn North,75.67,54,57,-60,66,-69,70,57,70,127
"The 2024 Nike North American Open Finals, powered by Rogue",2024-12-05,Women's Masters (40-44) 76kg,Ashley Yates,73.87,55,57,-60,70,-73,-75,57,70,127
"The 2024 Nike North American Open Finals, powered by Rogue",2024-12-05,Women's Masters (50-54) 76kg,Lisa Talcott,75.99,55,58,62,-64,-64,65,62,65,127
"The 2024 Nike North American Open Finals, powered by Rogue",2024-12-05,Women's Masters (35-39) 64kg,Karisa Hoke ,62.43,53,-56,-56,70,73,-76,53,73,126
"The 2024 Nike North American Open Finals, powered by Rogue",2024-12-05,Women's Masters (35-39) 71kg,Casandra Krier,68.46,50,53,-55,67,70,73,53,73,126
"The 2024 Nike North American Open Finals, powered by Rogue",2024-12-05,Men's Masters (80+) 81kg,glenn shull,75.66,53,55,57,65,67,69,57,69,126
"The 2024 Nike North American Open Finals, powered by Rogue",2024-12-05,Women's Masters (40-44) 64kg,Courtney Ihlenfeld,63.51,55,-57,-57,65,68,71,55,71,126
"The 2024 Nike North American Open Finals, powered by Rogue",2024-12-05,Women's 14-15 Age Group +76kg,Kaydence  Moss,98.66,50,53,56,70,-75,-76,56,70,126
"The 2024 Nike North American Open Finals, powered by Rogue",2024-12-05,Women's Masters (40-44) +87kg,Diana Thorne,113.55,51,-53,53,70,73,-76,53,73,126
"The 2024 Nike North American Open Finals, powered by Rogue",2024-12-05,Women's Masters (45-49) 71kg,Jessica King,65.41,52,55,-57,68,71,-74,55,71,126
"The 2024 Nike North American Open Finals, powered by Rogue",2024-12-05,Women's Masters (50-54) 81kg,Nadine Jones,80.85,49,54,-57,62,67,72,54,72,126
"The 2024 Nike North American Open Finals, powered by Rogue",2024-12-05,Women's Masters (35-39) 64kg,Tara Mann,62.81,59,61,-63,-64,64,-66,61,64,125
"The 2024 Nike North American Open Finals, powered by Rogue",2024-12-05,Women's 14-15 Age Group 55kg,Ellen Lehman,54.44,53,56,59,63,66,-70,59,66,125
"The 2024 Nike North American Open Finals, powered by Rogue",2024-12-05,Women's Masters (45-49) 59kg,Vanessa Cabantog,59,57,-59,-60,65,-68,68,57,68,125
"The 2024 Nike North American Open Finals, powered by Rogue",2024-12-05,Women's Masters (45-49) 55kg,Lauren Storck,52.8,48,51,53,65,68,71,53,71,124
"The 2024 Nike North American Open Finals, powered by Rogue",2024-12-05,Women's Masters (45-49) 71kg,Samantha Artiga,69.07,54,56,58,63,66,-69,58,66,124
"The 2024 Nike North American Open Finals, powered by Rogue",2024-12-05,Women's Masters (50-54) 71kg,Christine Moore,67.33,52,55,57,64,67,-69,57,67,124
"The 2024 Nike North American Open Finals, powered by Rogue",2024-12-05,Women's 14-15 Age Group 49kg,Piper Jones,48.42,52,54,-57,-69,69,-72,54,69,123
"The 2024 Nike North American Open Finals, powered by Rogue",2024-12-05,Women's Masters (40-44) 81kg,Meghan Campion,79.88,53,-56,-57,65,-70,70,53,70,123
"The 2024 Nike North American Open Finals, powered by Rogue",2024-12-05,Women's 16-17 Age Group 49kg,Zoey Morelli,48.28,53,-56,57,63,66,-70,57,66,123
"The 2024 Nike North American Open Finals, powered by Rogue",2024-12-05,Women's Masters (45-49) 71kg,Anne Powell,70.04,50,53,55,65,68,-71,55,68,123
"The 2024 Nike North American Open Finals, powered by Rogue",2024-12-05,Women's Masters (45-49) 81kg,Jennifer Valosek,79.59,52,-55,-57,66,69,71,52,71,123
"The 2024 Nike North American Open Finals, powered by Rogue",2024-12-05,Women's Masters (40-44) 87kg,Vladislava Davydova,82.15,55,-58,-58,64,67,-70,55,67,122
"The 2024 Nike North American Open Finals, powered by Rogue",2024-12-05,Women's Masters (45-49) 64kg,Stacy Harrison,63.32,-53,53,55,-64,64,67,55,67,122
"The 2024 Nike North American Open Finals, powered by Rogue",2024-12-05,Women's Masters (50-54) +87kg,Tracy Harris,98.87,-50,50,-53,72,-75,-75,50,72,122
"The 2024 Nike North American Open Finals, powered by Rogue",2024-12-05,Women's 13 Under Age Group 49kg,Reagan Herchold,49,52,55,-57,-65,66,-70,55,66,121
"The 2024 Nike North American Open Finals, powered by Rogue",2024-12-05,Women's 14-15 Age Group 49kg,Kaya Malia Henn,47.87,49,52,54,63,-66,66,54,66,120
"The 2024 Nike North American Open Finals, powered by Rogue",2024-12-05,Women's 14-15 Age Group 76kg,Abigail Wunderlich,72.15,50,-53,54,61,66,-68,54,66,120
"The 2024 Nike North American Open Finals, powered by Rogue",2024-12-05,Women's 14-15 Age Group 76kg,Madeleine Maher,73.99,50,52,-54,-65,65,68,52,68,120
"The 2024 Nike North American Open Finals, powered by Rogue",2024-12-05,Women's 14-15 Age Group 71kg,Payton Kramer,66.84,50,-53,53,62,66,-70,53,66,119
"The 2024 Nike North American Open Finals, powered by Rogue",2024-12-05,Women's Masters (40-44) 81kg,Angie Cornejo,79.33,48,52,-55,58,62,67,52,67,119
"The 2024 Nike North American Open Finals, powered by Rogue",2024-12-05,Women's Masters (35-39) 64kg,Michaela Flaherty,63.31,49,52,-55,63,66,-68,52,66,118
"The 2024 Nike North American Open Finals, powered by Rogue",2024-12-05,Women's Masters (40-44) 49kg,Noelle Sallaz,47.72,49,52,-54,62,64,66,52,66,118
"The 2024 Nike North American Open Finals, powered by Rogue",2024-12-05,Women's Masters (40-44) 76kg,Jamie Ancewicz,74.01,50,-53,-54,65,68,-70,50,68,118
"The 2024 Nike North American Open Finals, powered by Rogue",2024-12-05,Women's 14-15 Age Group 64kg,Delaney Brown,61.93,50,-52,52,60,63,66,52,66,118
"The 2024 Nike North American Open Finals, powered by Rogue",2024-12-05,Men's Masters (70-74) 81kg,Alvin Matthews,80.41,48,50,52,-60,60,65,52,65,117
"The 2024 Nike North American Open Finals, powered by Rogue",2024-12-05,Women's Masters (40-44) 64kg,Janetta Lavender,62.88,47,50,52,-62,62,65,52,65,117
"The 2024 Nike North American Open Finals, powered by Rogue",2024-12-05,Women's Masters (40-44) 71kg,Rachel Jackson,69.1,44,47,-50,63,67,70,47,70,117
"The 2024 Nike North American Open Finals, powered by Rogue",2024-12-05,Women's 16-17 Age Group 59kg,Christabel Lily Graton,57.77,-52,54,-56,63,-66,-69,54,63,117
"The 2024 Nike North American Open Finals, powered by Rogue",2024-12-05,Women's Masters (45-49) 71kg,Gwendolyn Montgomery,70.94,55,57,-59,56,58,60,57,60,117
"The 2024 Nike North American Open Finals, powered by Rogue",2024-12-05,Women's Masters (35-39) 64kg,Lindsey Moynihan,61.75,-46,-47,47,-66,66,69,47,69,116
"The 2024 Nike North American Open Finals, powered by Rogue",2024-12-05,Women's Masters (35-39) 76kg,Amber Lavigne-Bulman,75.34,45,48,-51,64,68,-70,48,68,116
"The 2024 Nike North American Open Finals, powered by Rogue",2024-12-05,Women's Masters (40-44) 55kg,Karen Agena,55,47,-49,49,65,67,-69,49,67,116
"The 2024 Nike North American Open Finals, powered by Rogue",2024-12-05,Women's 14-15 Age Group 55kg,Maya Litt,51.94,-49,-49,49,64,67,-70,49,67,116
"The 2024 Nike North American Open Finals, powered by Rogue",2024-12-05,Women's 14-15 Age Group 64kg,Nicoly Dos santos,60.82,44,-47,50,57,61,66,50,66,116
"The 2024 Nike North American Open Finals, powered by Rogue",2024-12-05,Women's Masters (45-49) 49kg,Heather Thrush,47.85,49,52,-55,61,64,-67,52,64,116
"The 2024 Nike North American Open Finals, powered by Rogue",2024-12-05,Women's 16-17 Age Group 59kg,Jane Levy,58.65,45,47,49,63,-67,67,49,67,116
"The 2024 Nike North American Open Finals, powered by Rogue",2024-12-05,Women's Masters (45-49) 71kg,Kelly Burrows,70.52,50,-52,-52,-66,66,-69,50,66,116
"The 2024 Nike North American Open Finals, powered by Rogue",2024-12-05,Women's Masters (45-49) 76kg,Heather Krause,74.26,50,-52,53,60,63,-65,53,63,116
"The 2024 Nike North American Open Finals, powered by Rogue",2024-12-05,Women's Masters (35-39) 71kg,Ashley Burnell,68.72,50,51,-53,62,64,-66,51,64,115
"The 2024 Nike North American Open Finals, powered by Rogue",2024-12-05,Women's Masters (40-44) 59kg,Rebecca Chow,59,-51,-51,51,64,-67,-67,51,64,115
"The 2024 Nike North American Open Finals, powered by Rogue",2024-12-05,Women's 13 Under Age Group 64kg,Dahlia Sokolow,62.6,48,51,-54,61,64,-68,51,64,115
"The 2024 Nike North American Open Finals, powered by Rogue",2024-12-05,Women's Masters (35-39) 55kg,Alyson Weidmann,53.99,46,48,50,62,64,-69,50,64,114
"The 2024 Nike North American Open Finals, powered by Rogue",2024-12-05,Women's 14-15 Age Group 59kg,Sunrise de la Cruz,58.85,45,48,-51,63,66,-69,48,66,114
"The 2024 Nike North American Open Finals, powered by Rogue",2024-12-05,Women's Masters (40-44) 59kg,ALEXANDRIA Zikoyanis,58.45,-47,48,50,61,63,-65,50,63,113
"The 2024 Nike North American Open Finals, powered by Rogue",2024-12-05,Women's 13 Under Age Group +64kg,Lily Ontiveros,78.7,47,49,51,56,59,62,51,62,113
"The 2024 Nike North American Open Finals, powered by Rogue",2024-12-05,Women's 16-17 Age Group 55kg,Ella Gamache,53.47,45,48,-51,62,65,-67,48,65,113
"The 2024 Nike North American Open Finals, powered by Rogue",2024-12-05,Women's 16-17 Age Group 55kg,Elizabeth Klinge,54.16,50,52,55,55,58,-61,55,58,113
"The 2024 Nike North American Open Finals, powered by Rogue",2024-12-05,Women's Masters (60-64) 81kg,Brandi Herring,79.33,45,-47,47,60,63,65,47,65,112
"The 2024 Nike North American Open Finals, powered by Rogue",2024-12-05,Women's Masters (35-39) 55kg,Amy Livingston,54.94,-46,-46,46,63,-66,66,46,66,112
"The 2024 Nike North American Open Finals, powered by Rogue",2024-12-05,Women's Masters (45-49) 64kg,Genessee Quizon,61.7,47,50,-54,57,61,-65,50,61,111
"The 2024 Nike North American Open Finals, powered by Rogue",2024-12-05,Men's 13 Under Age Group 61kg,Gavin Burrows,57.43,46,48,50,55,58,61,50,61,111
"The 2024 Nike North American Open Finals, powered by Rogue",2024-12-05,Women's Masters (35-39) 64kg,Jessica Cruse,61.69,42,46,49,55,58,61,49,61,110
"The 2024 Nike North American Open Finals, powered by Rogue",2024-12-05,Women's Masters (40-44) 59kg,Desiree Gonzalez,58.49,48,-50,-50,60,62,-64,48,62,110
"The 2024 Nike North American Open Finals, powered by Rogue",2024-12-05,Women's 13 Under Age Group 64kg,Madison Hatcher,64,41,44,47,59,63,-68,47,63,110
"The 2024 Nike North American Open Finals, powered by Rogue",2024-12-05,Women's Masters (55-59) 81kg,Krista Dornbush,78.1,43,45,-47,60,63,65,45,65,110
"The 2024 Nike North American Open Finals, powered by Rogue",2024-12-05,Women's Masters (35-39) 59kg,Meagan Chisholm,58.09,40,43,-45,61,66,-70,43,66,109
"The 2024 Nike North American Open Finals, powered by Rogue",2024-12-05,Women's Masters (40-44) 59kg,Rayna Matsuno,57.69,42,44,-46,-65,65,-68,44,65,109
"The 2024 Nike North American Open Finals, powered by Rogue",2024-12-05,Women's 13 Under Age Group +64kg,Mikaella Bowens,85.31,45,49,-52,57,60,-63,49,60,109
"The 2024 Nike North American Open Finals, powered by Rogue",2024-12-05,Women's Masters (55-59) 76kg,Joanna Mangiante,75.21,43,45,47,61,-63,-64,47,61,108
"The 2024 Nike North American Open Finals, powered by Rogue",2024-12-05,Women's 13 Under Age Group 55kg,Danielle Do,52.8,43,45,47,-57,57,60,47,60,107
"The 2024 Nike North American Open Finals, powered by Rogue",2024-12-05,Women's Masters (55-59) 81kg,Kelley Howell,79.59,43,45,47,57,60,-63,47,60,107
"The 2024 Nike North American Open Finals, powered by Rogue",2024-12-05,Women's 14-15 Age Group 71kg,Ellie Kichler,65.98,46,-50,-53,60,-64,-65,46,60,106
"The 2024 Nike North American Open Finals, powered by Rogue",2024-12-05,Women's 16-17 Age Group 49kg,Areeya Draper,48.94,47,49,-52,55,57,-59,49,57,106
"The 2024 Nike North American Open Finals, powered by Rogue",2024-12-05,Women's Masters (55-59) 59kg,Susannah Perez,58.47,43,47,49,54,57,-60,49,57,106
"The 2024 Nike North American Open Finals, powered by Rogue",2024-12-05,Women's 13 Under Age Group 55kg,Scarlet Ruiz,54.02,41,44,47,50,53,58,47,58,105
"The 2024 Nike North American Open Finals, powered by Rogue",2024-12-05,Women's 16-17 Age Group 49kg,Nora Paoloni,48.5,43,45,-47,57,-60,60,45,60,105
"The 2024 Nike North American Open Finals, powered by Rogue",2024-12-05,Men's 13 Under Age Group 67kg,Neil Fountain,63.98,40,43,45,50,55,60,45,60,105
"The 2024 Nike North American Open Finals, powered by Rogue",2024-12-05,Women's Masters (40-44) 59kg,Molly Dorrance,58.83,42,44,46,58,-61,-61,46,58,104
"The 2024 Nike North American Open Finals, powered by Rogue",2024-12-05,Women's 14-15 Age Group 55kg,Kloe Beardsley,49.1,-41,41,44,-56,56,59,44,59,103
"The 2024 Nike North American Open Finals, powered by Rogue",2024-12-05,Women's 14-15 Age Group 59kg,Reagan Case,58.79,44,46,-48,54,-57,57,46,57,103
"The 2024 Nike North American Open Finals, powered by Rogue",2024-12-05,Women's 16-17 Age Group 45kg,Gabrielle Gutierrez,45,43,46,-50,53,57,-60,46,57,103
"The 2024 Nike North American Open Finals, powered by Rogue",2024-12-05,Women's 14-15 Age Group 55kg,Brinlee Huber,51.81,42,44,46,53,56,-59,46,56,102
"The 2024 Nike North American Open Finals, powered by Rogue",2024-12-05,Women's 16-17 Age Group 49kg,Liliana  Ray,48.66,42,45,-48,53,-56,57,45,57,102
"The 2024 Nike North American Open Finals, powered by Rogue",2024-12-05,Women's 16-17 Age Group 55kg,Makenna Walker,53.97,46,-49,-49,56,-59,-59,46,56,102
"The 2024 Nike North American Open Finals, powered by Rogue",2024-12-05,Women's Masters (50-54) 71kg,Lisa Barrow,68.08,44,46,-47,54,-56,56,46,56,102
"The 2024 Nike North American Open Finals, powered by Rogue",2024-12-05,Women's 13 Under Age Group +64kg,Macie Boast,66.06,-40,40,-44,53,57,61,40,61,101
"The 2024 Nike North American Open Finals, powered by Rogue",2024-12-05,Women's 13 Under Age Group +64kg,Lei Prescott,74.34,39,41,43,52,-54,57,43,57,100
"The 2024 Nike North American Open Finals, powered by Rogue",2024-12-05,Women's Masters (45-49) 71kg,Torie Mathis,68.54,-45,-45,45,55,-61,-62,45,55,100
"The 2024 Nike North American Open Finals, powered by Rogue",2024-12-05,Women's Masters (55-59) 59kg,Susan Gerhard,58.96,42,-45,47,53,-56,-58,47,53,100
"The 2024 Nike North American Open Finals, powered by Rogue",2024-12-05,Women's Masters (60-64) 81kg,Margaret binzer,79.35,39,41,-43,55,-57,57,41,57,98
"The 2024 Nike North American Open Finals, powered by Rogue",2024-12-05,Women's 13 Under Age Group 55kg,Kaiya Blackhurst,49.68,40,42,45,53,-56,-59,45,53,98
"The 2024 Nike North American Open Finals, powered by Rogue",2024-12-05,Women's 14-15 Age Group 49kg,Ivy Weiss,49,41,43,-45,52,55,-58,43,55,98
"The 2024 Nike North American Open Finals, powered by Rogue",2024-12-05,Women's 14-15 Age Group 59kg,Josie Stenstrom,58.05,42,44,-46,51,54,-56,44,54,98
"The 2024 Nike North American Open Finals, powered by Rogue",2024-12-05,Women's 14-15 Age Group 59kg,Emily Paoloni,58.22,42,44,46,52,-55,-56,46,52,98
"The 2024 Nike North American Open Finals, powered by Rogue",2024-12-05,Women's Masters (45-49) 64kg,Shannon Strzynski,63.38,43,45,-47,51,53,-55,45,53,98
"The 2024 Nike North American Open Finals, powered by Rogue",2024-12-05,Women's 14-15 Age Group 55kg,shayla strickland,52.63,-43,43,-49,-54,54,-57,43,54,97
"The 2024 Nike North American Open Finals, powered by Rogue",2024-12-05,Women's Masters (45-49) 55kg,Tovah Kjolsrud,54.45,38,41,-44,52,56,-60,41,56,97
"The 2024 Nike North American Open Finals, powered by Rogue",2024-12-05,Women's Masters (40-44) 49kg,Tiffany Gutknecht,47.06,40,42,44,50,52,-55,44,52,96
"The 2024 Nike North American Open Finals, powered by Rogue",2024-12-05,Women's 13 Under Age Group 64kg,Maddi Landers,61.96,34,36,39,51,54,57,39,57,96
"The 2024 Nike North American Open Finals, powered by Rogue",2024-12-05,Women's 16-17 Age Group 45kg,Alani Rose,41.21,40,-43,44,-48,48,52,44,52,96
"The 2024 Nike North American Open Finals, powered by Rogue",2024-12-05,Women's Masters (50-54) 64kg,Amy Herrera,59.5,40,-42,-44,-55,-55,55,40,55,95
"The 2024 Nike North American Open Finals, powered by Rogue",2024-12-05,Women's 14-15 Age Group 55kg,Zoe Macias,53.43,40,42,-44,52,-55,-55,42,52,94
"The 2024 Nike North American Open Finals, powered by Rogue",2024-12-05,Women's Masters (45-49) 55kg,Krisanne Driscoll,53.75,35,37,40,50,52,54,40,54,94
"The 2024 Nike North American Open Finals, powered by Rogue",2024-12-05,Men's 13 Under Age Group 55kg,Ryland Dutton,50.28,35,38,41,47,-50,53,41,53,94
"The 2024 Nike North American Open Finals, powered by Rogue",2024-12-05,Women's 14-15 Age Group 55kg,Raghad (Ray Ray) Alshwikhat,53.39,33,-36,37,50,53,56,37,56,93
"The 2024 Nike North American Open Finals, powered by Rogue",2024-12-05,Women's Masters (50-54) 59kg,Denise Hopkins,55.29,35,39,42,45,48,51,42,51,93
"The 2024 Nike North American Open Finals, powered by Rogue",2024-12-05,Women's Masters (65-69) 76kg,DOLORES TRIVIZ,73.27,-42,42,-45,-50,-50,50,42,50,92
"The 2024 Nike North American Open Finals, powered by Rogue",2024-12-05,Women's 16-17 Age Group 40kg,Jasmin Trinh,39.42,37,40,-42,47,50,52,40,52,92
"The 2024 Nike North American Open Finals, powered by Rogue",2024-12-05,Women's Masters (45-49) 49kg,Huyen-Lam Nguyen,47.59,43,-45,-46,48,-51,-51,43,48,91
"The 2024 Nike North American Open Finals, powered by Rogue",2024-12-05,Women's 13 Under Age Group 45kg,Sophia Hippelheuser,44.63,39,-41,-41,48,49,51,39,51,90
"The 2024 Nike North American Open Finals, powered by Rogue",2024-12-05,Women's 13 Under Age Group 40kg,Lila Mangan,40,35,37,39,44,47,50,39,50,89
"The 2024 Nike North American Open Finals, powered by Rogue",2024-12-05,Women's Masters (60-64) 81kg,Lenore Grijalva,80.6,36,38,40,48,-52,-52,40,48,88
"The 2024 Nike North American Open Finals, powered by Rogue",2024-12-05,Women's Masters (55-59) 55kg,Suzanne Evans,54.69,37,-39,39,47,49,-51,39,49,88
"The 2024 Nike North American Open Finals, powered by Rogue",2024-12-05,Women's Masters (55-59) 71kg,Vicki Myers,69.77,36,38,40,45,-48,48,40,48,88
"The 2024 Nike North American Open Finals, powered by Rogue",2024-12-05,Women's Masters (60-64) 55kg,Sandra Guterres,54.02,33,-36,36,43,46,50,36,50,86
"The 2024 Nike North American Open Finals, powered by Rogue",2024-12-05,Women's 13 Under Age Group 45kg,Kyla Byron,43.92,35,37,-39,45,47,49,37,49,86
"The 2024 Nike North American Open Finals, powered by Rogue",2024-12-05,Women's 13 Under Age Group +64kg,Hailey Ehlers,65.12,37,39,-41,42,44,46,39,46,85
"The 2024 Nike North American Open Finals, powered by Rogue",2024-12-05,Women's 13 Under Age Group 45kg,Thevini Withana,44.21,35,37,-39,45,47,-50,37,47,84
"The 2024 Nike North American Open Finals, powered by Rogue",2024-12-05,Women's Masters (55-59) 55kg,Beth DiFelice,54.04,36,-38,-39,46,-48,48,36,48,84
"The 2024 Nike North American Open Finals, powered by Rogue",2024-12-05,Women's Masters (60-64) 59kg,Donna Peters,58.85,35,-37,-37,47,-49,-50,35,47,82
"The 2024 Nike North American Open Finals, powered by Rogue",2024-12-05,Women's Masters (60-64) 71kg,Miriam Smith,67.7,34,35,36,43,45,46,36,46,82
"The 2024 Nike North American Open Finals, powered by Rogue",2024-12-05,Women's 13 Under Age Group 55kg,Vivian Murray,52.73,32,34,36,42,44,46,36,46,82
"The 2024 Nike North American Open Finals, powered by Rogue",2024-12-05,Women's Masters (65-69) 87kg,Jaime Gale,84.44,30,-33,33,42,-45,45,33,45,78
"The 2024 Nike North American Open Finals, powered by Rogue",2024-12-05,Women's Masters (60-64) 59kg,Deanna Johnson,56.23,32,34,-35,41,-43,43,34,43,77
"The 2024 Nike North American Open Finals, powered by Rogue",2024-12-05,Women's Masters (60-64) 64kg,Kelly Garber,62.43,35,0,0,42,0,0,35,42,77
"The 2024 Nike North American Open Finals, powered by Rogue",2024-12-05,Women's 16-17 Age Group 40kg,TIERANY LALLY,36.37,34,-37,-37,39,42,-45,34,42,76
"The 2024 Nike North American Open Finals, powered by Rogue",2024-12-05,Men's 13 Under Age Group 36kg,David Grafton,35.09,30,32,34,38,40,42,34,42,76
"The 2024 Nike North American Open Finals, powered by Rogue",2024-12-05,Men's 13 Under Age Group 44kg,Roman Costa,43.17,31,34,35,39,-41,41,35,41,76
"The 2024 Nike North American Open Finals, powered by Rogue",2024-12-05,Women's Masters (50-54) 59kg,Danielle Jorda,57.84,-32,32,-34,40,42,44,32,44,76
"The 2024 Nike North American Open Finals, powered by Rogue",2024-12-05,Women's Masters (60-64) 64kg,Kathy Telfer,61.94,28,30,32,38,40,43,32,43,75
"The 2024 Nike North American Open Finals, powered by Rogue",2024-12-05,Men's Masters (75-79) 55kg,Ronald Johnson,55,31,33,35,35,38,40,35,40,75
"The 2024 Nike North American Open Finals, powered by Rogue",2024-12-05,Women's 13 Under Age Group 40kg,Charlotte Sullivan,40,28,30,32,38,41,43,32,43,75
"The 2024 Nike North American Open Finals, powered by Rogue",2024-12-05,Men's 13 Under Age Group 55kg,Preston  Chatman,52.04,32,-35,-36,36,39,42,32,42,74
"The 2024 Nike North American Open Finals, powered by Rogue",2024-12-05,Men's 13 Under Age Group 44kg,Kayden Doherty,42.14,29,31,-33,40,42,-46,31,42,73
"The 2024 Nike North American Open Finals, powered by Rogue",2024-12-05,Men's 13 Under Age Group 49kg,Hector Garcia,44.32,27,30,32,35,39,41,32,41,73
"The 2024 Nike North American Open Finals, powered by Rogue",2024-12-05,Women's Masters (60-64) 59kg,Jill Schuster ,56.65,28,-30,31,39,-41,-41,31,39,70
"The 2024 Nike North American Open Finals, powered by Rogue",2024-12-05,Women's 13 Under Age Group 45kg,Taylor Fife,43.71,-26,27,30,38,-40,40,30,40,70
"The 2024 Nike North American Open Finals, powered by Rogue",2024-12-05,Women's 13 Under Age Group 36kg,Lilly Mullenaux,34.65,27,29,30,35,37,39,30,39,69
"The 2024 Nike North American Open Finals, powered by Rogue",2024-12-05,Women's 13 Under Age Group 30kg,Rayya Howard,25.16,27,30,31,34,-37,37,31,37,68
"The 2024 Nike North American Open Finals, powered by Rogue",2024-12-05,Women's 13 Under Age Group 55kg,Eesha Pallath,54.14,24,26,28,35,38,40,28,40,68
"The 2024 Nike North American Open Finals, powered by Rogue",2024-12-05,Women's 13 Under Age Group 40kg,Aurora Garland,36.96,25,28,30,32,35,36,30,36,66
"The 2024 Nike North American Open Finals, powered by Rogue",2024-12-05,Men's 13 Under Age Group 44kg,Xander Boese,43.2,24,26,28,34,37,-39,28,37,65
"The 2024 Nike North American Open Finals, powered by Rogue",2024-12-05,Women's 13 Under Age Group 36kg,Layla Johnson,33.41,26,-28,-28,33,35,37,26,37,63
"The 2024 Nike North American Open Finals, powered by Rogue",2024-12-05,Women's 13 Under Age Group 45kg,Paloma Milian,42.37,20,23,26,29,32,35,26,35,61
"The 2024 Nike North American Open Finals, powered by Rogue",2024-12-05,Women's 13 Under Age Group 36kg,Brooklynn Vella,34.73,23,25,-28,-32,32,-36,25,32,57
"The 2024 Nike North American Open Finals, powered by Rogue",2024-12-05,Women's 13 Under Age Group 40kg,Evelyn Otis,38.93,-26,27,-31,-30,-30,30,27,30,57
"The 2024 Nike North American Open Finals, powered by Rogue",2024-12-05,Men's 13 Under Age Group 32kg,Nixon  Catalano,26.12,19,21,24,28,-31,31,24,31,55
"The 2024 Nike North American Open Finals, powered by Rogue",2024-12-05,Men's 13 Under Age Group 32kg,Grayson Ibrahim,29.91,19,21,-23,29,-31,-31,21,29,50
"The 2024 Nike North American Open Finals, powered by Rogue",2024-12-05,Men's 13 Under Age Group 36kg,Dominic Sanchez,32.6,19,21,-23,26,-28,-28,21,26,47
"The 2024 Nike North American Open Finals, powered by Rogue",2024-12-05,Junior Men's 73kg,Kendrick Parideu,71.78,-96,96,-101,-118,-118,-118,96,0,0
"The 2024 Nike North American Open Finals, powered by Rogue",2024-12-05,Junior Men's 73kg,Kieven Fischer,72.17,-101,-101,-101,126,-131,0,0,126,0
"The 2024 Nike North American Open Finals, powered by Rogue",2024-12-05,Junior Women's 55kg,Aimee Causby,54.45,56,59,61,-77,-77,-77,61,0,0
"The 2024 Nike North American Open Finals, powered by Rogue",2024-12-05,Junior Women's 55kg,Violeta Fernandez Martino,53.83,73,-76,76,-90,-91,-92,76,0,0
"The 2024 Nike North American Open Finals, powered by Rogue",2024-12-05,Open Women's 49kg,tiffany leung,49,-56,57,-60,-71,-72,-72,57,0,0
"The 2024 Nike North American Open Finals, powered by Rogue",2024-12-05,Men's 16-17 Age Group 73kg,James-David Dendy,69.97,90,96,-102,-125,-130,-130,96,0,0
"The 2024 Nike North American Open Finals, powered by Rogue",2024-12-05,Junior Men's 89kg,Cody Monsevais,88.52,-119,-119,120,0,0,0,120,0,0
"The 2024 Nike North American Open Finals, powered by Rogue",2024-12-05,Junior Men's 89kg,Elias Hamp,88.04,130,-135,-135,-163,-163,-163,130,0,0
"The 2024 Nike North American Open Finals, powered by Rogue",2024-12-05,Men's 16-17 Age Group 81kg,Luke Twardy,75.01,105,110,115,-136,-139,-139,115,0,0
"The 2024 Nike North American Open Finals, powered by Rogue",2024-12-05,Junior Men's 102kg,Aaron Nice,102,-140,-140,-142,-190,0,0,0,0,0
"The 2024 Nike North American Open Finals, powered by Rogue",2024-12-05,Men's Masters (35-39) 73kg,Jonathan McHale,73,-110,-110,-111,137,142,146,0,146,0
"The 2024 Nike North American Open Finals, powered by Rogue",2024-12-05,Men's Masters (35-39) 73kg,Bryan Jow,72.71,105,109,112,-137,-137,-137,112,0,0
"The 2024 Nike North American Open Finals, powered by Rogue",2024-12-05,Men's Masters (35-39) 73kg,Moses Corbell,72.51,101,-103,-103,-127,-127,-127,101,0,0
"The 2024 Nike North American Open Finals, powered by Rogue",2024-12-05,Open Women's 59kg,gretchen messner,59,-72,-72,73,-86,-86,-86,73,0,0
"The 2024 Nike North American Open Finals, powered by Rogue",2024-12-05,Junior Women's 76kg,Jane Miller,73.47,-72,-72,-72,85,-91,92,0,92,0
"The 2024 Nike North American Open Finals, powered by Rogue",2024-12-05,Men's Masters (35-39) 81kg,Douglas Perusso,77.53,-96,-96,-96,-113,113,-116,0,113,0
"The 2024 Nike North American Open Finals, powered by Rogue",2024-12-05,Women's Masters (35-39) 55kg,Marissa Reeves,54.39,-49,-51,-51,60,63,-65,0,63,0
"The 2024 Nike North American Open Finals, powered by Rogue",2024-12-05,Women's Masters (35-39) 55kg,Stephanie Langdon,54.83,-48,-49,-49,58,-63,-63,0,58,0
"The 2024 Nike North American Open Finals, powered by Rogue",2024-12-05,Men's Masters (35-39) 96kg,Chieh-Hsin You,95.41,-115,-116,-116,135,140,-147,0,140,0
"The 2024 Nike North American Open Finals, powered by Rogue",2024-12-05,Men's Masters (35-39) 96kg,Andrew Pensko Jr.,93.41,-112,-112,-112,151,-156,-156,0,151,0
"The 2024 Nike North American Open Finals, powered by Rogue",2024-12-05,Open Women's 64kg,Nicole Rucker,62.92,-78,-78,-78,0,0,0,0,0,0
"The 2024 Nike North American Open Finals, powered by Rogue",2024-12-05,Open Women's 64kg,Chereese Creel,63.51,-77,-77,-77,90,-94,94,0,94,0
"The 2024 Nike North American Open Finals, powered by Rogue",2024-12-05,Women's Masters (35-39) 59kg,Patricia Bennett,57.69,-65,-65,-65,-82,82,85,0,85,0
"The 2024 Nike North American Open Finals, powered by Rogue",2024-12-05,Women's Masters (35-39) 64kg,Alise Enriquez,63.75,-71,-71,-72,88,-90,92,0,92,0
"The 2024 Nike North American Open Finals, powered by Rogue",2024-12-05,Open Women's 71kg,Aleigh Moore,70.15,65,74,-77,0,0,0,74,0,0
"The 2024 Nike North American Open Finals, powered by Rogue",2024-12-05,Men's Masters (40-44) 109kg,Nick DeShane,107.52,134,-140,-140,-166,-166,-166,134,0,0
"The 2024 Nike North American Open Finals, powered by Rogue",2024-12-05,Women's Masters (35-39) 71kg,Stephanie Jefferson,69.13,72,-75,-75,-92,-92,-93,72,0,0
"The 2024 Nike North American Open Finals, powered by Rogue",2024-12-05,Men's Masters (45-49) 73kg,Michael Tucciarone,71.84,90,95,-100,-112,-112,-114,95,0,0
"The 2024 Nike North American Open Finals, powered by Rogue",2024-12-05,Women's Masters (35-39) 76kg,Katrina Rasmussen,74.1,-86,-86,-86,110,-113,-116,0,110,0
"The 2024 Nike North American Open Finals, powered by Rogue",2024-12-05,Open Women's 81kg,Leanne Watson,80.17,80,-83,83,-99,-99,-99,83,0,0
"The 2024 Nike North American Open Finals, powered by Rogue",2024-12-05,Women's Masters (35-39) 81kg,Teresa Kiel,80.13,-77,-78,78,-102,-103,-103,78,0,0
"The 2024 Nike North American Open Finals, powered by Rogue",2024-12-05,Women's Masters (35-39) +87kg,Lillian Glueck,97.11,-74,-74,-74,91,-94,-94,0,91,0
"The 2024 Nike North American Open Finals, powered by Rogue",2024-12-05,Women's 13 Under Age Group 49kg,Charlee Meyer,46.56,29,31,33,-36,-36,-36,33,0,0
"The 2024 Nike North American Open Finals, powered by Rogue",2024-12-05,Open Men's 73kg,Jacob OConnor,73,120,123,-127,-145,-150,-152,123,0,0
"The 2024 Nike North American Open Finals, powered by Rogue",2024-12-05,Open Men's 81kg,Jack Walbye,80.94,120,124,-126,-155,-155,-155,124,0,0
"The 2024 Nike North American Open Finals, powered by Rogue",2024-12-05,Open Men's 89kg,Christian Tsakanikas,87.81,125,-130,130,-160,-164,-164,130,0,0
"The 2024 Nike North American Open Finals, powered by Rogue",2024-12-05,Open Men's 89kg,Austin Davis,86.74,-125,-125,-125,155,162,-168,0,162,0
"The 2024 Nike North American Open Finals, powered by Rogue",2024-12-05,Women's Masters (40-44) 71kg,Ibis Loya Aguirre,70.78,-65,65,67,-80,-80,-80,67,0,0
"The 2024 Nike North American Open Finals, powered by Rogue",2024-12-05,Open Men's 96kg,Arron Tate,95.45,-127,-128,-130,0,0,0,0,0,0
"The 2024 Nike North American Open Finals, powered by Rogue",2024-12-05,Open Men's 96kg,Josh Brinkworth,94.54,128,131,-135,-168,-172,-172,131,0,0
"The 2024 Nike North American Open Finals, powered by Rogue",2024-12-05,Women's Masters (40-44) 81kg,TIA VANCE,77.4,-56,-56,-57,70,0,0,0,70,0
"The 2024 Nike North American Open Finals, powered by Rogue",2024-12-05,Women's 14-15 Age Group 76kg,Kodi McBride,71.46,-63,-63,-63,70,73,-76,0,73,0
"The 2024 Nike North American Open Finals, powered by Rogue",2024-12-05,Women's 14-15 Age Group +76kg,Mackenzie Gaye',79.11,63,66,-69,0,0,0,66,0,0
"The 2024 Nike North American Open Finals, powered by Rogue",2024-12-05,Open Men's 109kg,Joshua Cruz,108.05,-128,-128,-128,-155,155,160,0,160,0
"The 2024 Nike North American Open Finals, powered by Rogue",2024-12-05,Women's 16-17 Age Group 49kg,Ireland OBrien,48.66,-56,56,-59,-63,-65,-66,56,0,0
"The 2024 Nike North American Open Finals, powered by Rogue",2024-12-05,Women's 16-17 Age Group 49kg,Adia Tomlinson,49,-63,-63,-63,-73,-73,73,0,73,0
"The 2024 Nike North American Open Finals, powered by Rogue",2024-12-05,Open Men's +109kg,David Jorge,125.66,140,-147,-150,0,0,0,140,0,0
"The 2024 Nike North American Open Finals, powered by Rogue",2024-12-05,Women's 16-17 Age Group 55kg,Desirae Phoenix,54.5,-47,-48,-48,56,-59,-59,0,56,0
"The 2024 Nike North American Open Finals, powered by Rogue",2024-12-05,Women's 16-17 Age Group 59kg,Paige Hanchett,57.55,57,59,61,-70,-72,-72,61,0,0
"The 2024 Nike North American Open Finals, powered by Rogue",2024-12-05,Women's 16-17 Age Group 64kg,Payton Mangay-ayam,63.33,-70,-70,-70,-90,90,-94,0,90,0
"The 2024 Nike North American Open Finals, powered by Rogue",2024-12-05,Women's 16-17 Age Group 76kg,Ireland Grimes,74.37,-73,73,-75,-95,-95,-95,73,0,0
"The 2024 Nike North American Open Finals, powered by Rogue",2024-12-05,Women's 16-17 Age Group 81kg,Isabel Zach,78.84,78,83,-86,-104,-104,-104,83,0,0
"The 2024 Nike North American Open Finals, powered by Rogue",2024-12-05,Men's 16-17 Age Group 55kg,Michael Ziss,54.46,91,-95,-96,-111,-112,-112,91,0,0
