meet,date,age_category,lifter,body_weight_(kg),snatch_lift_1,snatch_lift_2,snatch_lift_3,c&j_lift_1,c&j_lift_2,c&j_lift_3,best_snatch,best_c&j,total
2025 Virus Weightlifting Series 1 Powered by Rogue Fitness,2025-02-27,Open Men's 102kg,Xavier Lusignan,99.99,156,162,165,195,203,206,165,206,371
2025 Virus Weightlifting Series 1 Powered by Rogue Fitness,2025-02-27,Open Men's +109kg,Dimitri Albury,164.3,145,150,-155,-192,194,200,150,200,350
2025 Virus Weightlifting Series 1 Powered by Rogue Fitness,2025-02-27,Open Men's +109kg,Matthew Naugle,130.9,150,-154,155,190,195,-197,155,195,350
2025 Virus Weightlifting Series 1 Powered by Rogue Fitness,2025-02-27,Open Men's 102kg,Russell Bowman,100.64,150,155,-160,190,-197,-198,155,190,345
2025 Virus Weightlifting Series 1 Powered by Rogue Fitness,2025-02-27,Open Men's 102kg,Daniel Wiitanen,99.73,-157,157,160,183,-187,-187,160,183,343
2025 Virus Weightlifting Series 1 Powered by Rogue Fitness,2025-02-27,Open Men's 102kg,Trevor Kimm,101.7,152,156,-160,180,186,-190,156,186,342
2025 Virus Weightlifting Series 1 Powered by Rogue Fitness,2025-02-27,Open Men's 89kg,Brandon Victorian,88.31,-152,152,-157,187,-193,-194,152,187,339
2025 Virus Weightlifting Series 1 Powered by Rogue Fitness,2025-02-27,Junior Men's 89kg,Brayan Ibanez,85.85,150,155,-160,173,182,-187,155,182,337
2025 Virus Weightlifting Series 1 Powered by Rogue Fitness,2025-02-27,Open Men's +109kg,Andrew Montoya,169.72,-135,136,141,183,191,-196,141,191,332
2025 Virus Weightlifting Series 1 Powered by Rogue Fitness,2025-02-27,Open Men's 96kg,Layne Palm,95.66,144,-148,150,177,182,-185,150,182,332
2025 Virus Weightlifting Series 1 Powered by Rogue Fitness,2025-02-27,Men's Masters (35-39) 96kg,Daniel Dodd,96,142,-146,148,177,-182,183,148,183,331
2025 Virus Weightlifting Series 1 Powered by Rogue Fitness,2025-02-27,Open Men's 81kg,Timur Kusov,81,138,143,148,-172,172,176,148,176,324
2025 Virus Weightlifting Series 1 Powered by Rogue Fitness,2025-02-27,Open Men's 81kg,Clarence Cummings,80.66,143,-148,148,-175,-175,175,148,175,323
2025 Virus Weightlifting Series 1 Powered by Rogue Fitness,2025-02-27,Open Men's 109kg,Drake Thompson,105.78,140,145,-150,175,177,0,145,177,322
2025 Virus Weightlifting Series 1 Powered by Rogue Fitness,2025-02-27,Open Men's +109kg,Sung An,129.63,135,140,-145,175,180,-185,140,180,320
2025 Virus Weightlifting Series 1 Powered by Rogue Fitness,2025-02-27,Men's Masters (35-39) 109kg,Norman Carreiro,107.54,135,140,142,165,170,176,142,176,318
2025 Virus Weightlifting Series 1 Powered by Rogue Fitness,2025-02-27,Open Men's 96kg,George Upmeyer,95.52,141,146,-151,165,172,-178,146,172,318
2025 Virus Weightlifting Series 1 Powered by Rogue Fitness,2025-02-27,Open Men's +109kg,Dominic Puopolo,141.36,139,-146,-146,170,176,-184,139,176,315
2025 Virus Weightlifting Series 1 Powered by Rogue Fitness,2025-02-27,Open Men's 109kg,Scott Edmundson,108.8,-135,137,-141,-170,171,176,137,176,313
2025 Virus Weightlifting Series 1 Powered by Rogue Fitness,2025-02-27,Open Men's 67kg,Hampton Morris,66.86,-129,130,134,175,179,-183,134,179,313
2025 Virus Weightlifting Series 1 Powered by Rogue Fitness,2025-02-27,Open Men's 109kg,Michael Banks,103.39,-140,-141,141,-170,170,-175,141,170,311
2025 Virus Weightlifting Series 1 Powered by Rogue Fitness,2025-02-27,Men's Masters (35-39) 102kg,Jordan Berroteran,101.9,-135,135,-140,165,170,175,135,175,310
2025 Virus Weightlifting Series 1 Powered by Rogue Fitness,2025-02-27,Open Men's +109kg,Jabo Nguyen,121.55,125,130,-135,175,180,-185,130,180,310
2025 Virus Weightlifting Series 1 Powered by Rogue Fitness,2025-02-27,Open Men's +109kg,carlos gonzalez,144.83,130,-133,-134,-175,175,-181,130,175,305
2025 Virus Weightlifting Series 1 Powered by Rogue Fitness,2025-02-27,Open Men's +109kg,Andre Lino,145.94,-130,131,-137,165,173,-182,131,173,304
2025 Virus Weightlifting Series 1 Powered by Rogue Fitness,2025-02-27,Junior Men's 109kg,Edward Quillin,104.07,123,128,133,155,162,167,133,167,300
2025 Virus Weightlifting Series 1 Powered by Rogue Fitness,2025-02-27,Open Men's 89kg,Ruben Martinez,88.7,129,-133,-133,165,169,-172,129,169,298
2025 Virus Weightlifting Series 1 Powered by Rogue Fitness,2025-02-27,Men's Masters (40-44) +109kg,Timothy Clouatre,122.89,126,134,-140,155,163,-170,134,163,297
2025 Virus Weightlifting Series 1 Powered by Rogue Fitness,2025-02-27,Open Men's 96kg,Mitchell Dekutoski,95.52,125,128,132,154,158,162,132,162,294
2025 Virus Weightlifting Series 1 Powered by Rogue Fitness,2025-02-27,Open Men's 89kg,Austin Davis,85.67,127,-132,-133,160,166,-172,127,166,293
2025 Virus Weightlifting Series 1 Powered by Rogue Fitness,2025-02-27,Open Men's 96kg,Tyler Siefke,94.12,-123,125,128,-163,165,-172,128,165,293
2025 Virus Weightlifting Series 1 Powered by Rogue Fitness,2025-02-27,Open Men's 102kg,Connor Sloboda,100.12,126,131,-136,155,162,-169,131,162,293
2025 Virus Weightlifting Series 1 Powered by Rogue Fitness,2025-02-27,Men's Masters (35-39) +109kg,Kyle Wilp,142.24,122,127,-132,165,-175,-175,127,165,292
2025 Virus Weightlifting Series 1 Powered by Rogue Fitness,2025-02-27,Men's Masters (35-39) +109kg,Jean Laguerre Jr.,129.14,127,-132,-132,-155,155,165,127,165,292
2025 Virus Weightlifting Series 1 Powered by Rogue Fitness,2025-02-27,Men's 16-17 Age Group +102kg,Madden Mones,132.25,123,128,133,152,-157,157,133,157,290
2025 Virus Weightlifting Series 1 Powered by Rogue Fitness,2025-02-27,Open Men's 89kg,Dean Scicchitano,87.2,116,120,-124,165,170,-175,120,170,290
2025 Virus Weightlifting Series 1 Powered by Rogue Fitness,2025-02-27,Open Men's 81kg,mostafa ibrahim,79.72,124,129,-132,156,160,-164,129,160,289
2025 Virus Weightlifting Series 1 Powered by Rogue Fitness,2025-02-27,Open Men's 81kg,Trevor Owens,80.95,121,-125,-125,158,162,167,121,167,288
2025 Virus Weightlifting Series 1 Powered by Rogue Fitness,2025-02-27,Open Men's 89kg,Jacob Appino,86.5,125,130,-133,152,158,-164,130,158,288
2025 Virus Weightlifting Series 1 Powered by Rogue Fitness,2025-02-27,Open Men's 102kg,Jacob Tegeler,100.67,-125,127,-131,155,160,-165,127,160,287
2025 Virus Weightlifting Series 1 Powered by Rogue Fitness,2025-02-27,Open Men's 89kg,Jerod Peters,87.68,120,125,-130,151,160,-165,125,160,285
2025 Virus Weightlifting Series 1 Powered by Rogue Fitness,2025-02-27,Open Men's 102kg,Bronson Mintun,101.92,135,-139,-140,150,-155,-158,135,150,285
2025 Virus Weightlifting Series 1 Powered by Rogue Fitness,2025-02-27,Women's Masters (35-39) +87kg,Mary Theisen-Lappen,131.69,114,117,120,158,164,0,120,164,284
2025 Virus Weightlifting Series 1 Powered by Rogue Fitness,2025-02-27,Open Men's 109kg,Dylan Bergschneider,107.58,127,-131,-132,156,-160,-160,127,156,283
2025 Virus Weightlifting Series 1 Powered by Rogue Fitness,2025-02-27,Open Men's 81kg,Vinnie Hoffman,81,120,124,-126,-155,158,-166,124,158,282
2025 Virus Weightlifting Series 1 Powered by Rogue Fitness,2025-02-27,Open Men's 109kg,Christopher Keegan,108.57,120,126,130,140,146,151,130,151,281
2025 Virus Weightlifting Series 1 Powered by Rogue Fitness,2025-02-27,Open Men's 109kg,Charley Chang,102.48,115,-120,125,145,150,155,125,155,280
2025 Virus Weightlifting Series 1 Powered by Rogue Fitness,2025-02-27,Open Men's 96kg,David Segun,94.3,115,120,125,145,150,155,125,155,280
2025 Virus Weightlifting Series 1 Powered by Rogue Fitness,2025-02-27,Open Men's 96kg,Owen Putman,95.77,125,-129,-133,-155,155,-160,125,155,280
2025 Virus Weightlifting Series 1 Powered by Rogue Fitness,2025-02-27,Open Men's 102kg,joseph Moos,99.9,120,-124,-125,150,155,160,120,160,280
2025 Virus Weightlifting Series 1 Powered by Rogue Fitness,2025-02-27,Men's Masters (40-44) 89kg,Bryann Turner,88.41,115,-120,121,150,155,158,121,158,279
2025 Virus Weightlifting Series 1 Powered by Rogue Fitness,2025-02-27,Open Men's 89kg,William Davis,88.41,120,123,-126,153,156,-159,123,156,279
2025 Virus Weightlifting Series 1 Powered by Rogue Fitness,2025-02-27,Open Men's 96kg,Daniel Drach,94.18,110,115,120,153,-158,158,120,158,278
2025 Virus Weightlifting Series 1 Powered by Rogue Fitness,2025-02-27,Open Men's 81kg,Dominick Trozzi,80.73,119,124,-130,146,153,-160,124,153,277
2025 Virus Weightlifting Series 1 Powered by Rogue Fitness,2025-02-27,Open Men's 96kg,James Sayger,95.6,110,113,116,154,158,161,116,161,277
2025 Virus Weightlifting Series 1 Powered by Rogue Fitness,2025-02-27,Open Men's +109kg,Eric Fiacable,128.5,120,125,-130,150,-155,-155,125,150,275
2025 Virus Weightlifting Series 1 Powered by Rogue Fitness,2025-02-27,Open Men's 73kg,Dominik Polverini,70.09,120,-124,-125,-150,150,155,120,155,275
2025 Virus Weightlifting Series 1 Powered by Rogue Fitness,2025-02-27,Open Men's 89kg,Tyler Marsengill,87.65,115,119,-122,-150,150,154,119,154,273
2025 Virus Weightlifting Series 1 Powered by Rogue Fitness,2025-02-27,Open Men's 89kg,Lucas Lorian-Cullison,86.27,116,121,-125,152,-158,-162,121,152,273
2025 Virus Weightlifting Series 1 Powered by Rogue Fitness,2025-02-27,Men's Masters (35-39) 102kg,Andrew Robinson,101.23,115,119,122,140,144,148,122,148,270
2025 Virus Weightlifting Series 1 Powered by Rogue Fitness,2025-02-27,Men's Masters (35-39) 96kg,Joshua Arcona,96.02,120,127,-134,135,-142,142,127,142,269
2025 Virus Weightlifting Series 1 Powered by Rogue Fitness,2025-02-27,Men's Masters (35-39) 81kg,Alvin Tajima,79.8,113,116,118,142,147,151,118,151,269
2025 Virus Weightlifting Series 1 Powered by Rogue Fitness,2025-02-27,Men's Masters (35-39) 96kg,Andrew Pensko Jr.,94.31,110,113,-115,150,153,155,113,155,268
2025 Virus Weightlifting Series 1 Powered by Rogue Fitness,2025-02-27,Open Men's 109kg,Henry Schmitt,106.17,113,117,-120,142,-146,151,117,151,268
2025 Virus Weightlifting Series 1 Powered by Rogue Fitness,2025-02-27,Open Men's 81kg,Nicholas Pizzonia,80.01,117,121,125,138,143,-149,125,143,268
2025 Virus Weightlifting Series 1 Powered by Rogue Fitness,2025-02-27,Open Men's 96kg,Jackson Levine,94.22,114,118,-121,145,150,-153,118,150,268
2025 Virus Weightlifting Series 1 Powered by Rogue Fitness,2025-02-27,Open Men's 81kg,Ethan  Durant-Childress,79.22,113,117,120,143,147,-152,120,147,267
2025 Virus Weightlifting Series 1 Powered by Rogue Fitness,2025-02-27,Junior Men's 89kg,Kaden Quick,86.63,105,115,-122,145,-150,152,115,152,267
2025 Virus Weightlifting Series 1 Powered by Rogue Fitness,2025-02-27,Men's Masters (35-39) 89kg,Jason Barrow,87.81,121,-126,-126,146,-151,-152,121,146,267
2025 Virus Weightlifting Series 1 Powered by Rogue Fitness,2025-02-27,Open Men's 96kg,Nick Fenex,95.94,117,121,-124,-141,141,145,121,145,266
2025 Virus Weightlifting Series 1 Powered by Rogue Fitness,2025-02-27,Open Men's 96kg,Victor Hughes,91.37,-115,115,120,140,146,-150,120,146,266
2025 Virus Weightlifting Series 1 Powered by Rogue Fitness,2025-02-27,Men's Masters (40-44) 109kg,Ryan Hansen,108.3,120,125,-130,140,-160,-172,125,140,265
2025 Virus Weightlifting Series 1 Powered by Rogue Fitness,2025-02-27,Open Men's 73kg,Ethan Bowen,73,112,115,-120,145,150,-153,115,150,265
2025 Virus Weightlifting Series 1 Powered by Rogue Fitness,2025-02-27,Open Men's 81kg,Benjamin Choi,79.22,120,-125,-125,145,-150,-152,120,145,265
2025 Virus Weightlifting Series 1 Powered by Rogue Fitness,2025-02-27,Open Men's 89kg,Van Richardson,86.48,115,120,-125,-140,140,145,120,145,265
2025 Virus Weightlifting Series 1 Powered by Rogue Fitness,2025-02-27,Men's Masters (35-39) 96kg,Justin Frimmel,96,112,-116,116,148,-152,-154,116,148,264
2025 Virus Weightlifting Series 1 Powered by Rogue Fitness,2025-02-27,Open Men's 67kg,Mario Marquez,67,110,114,-118,-145,145,150,114,150,264
2025 Virus Weightlifting Series 1 Powered by Rogue Fitness,2025-02-27,Open Men's 81kg,Juan Osorio,78.43,109,-112,113,145,-149,151,113,151,264
2025 Virus Weightlifting Series 1 Powered by Rogue Fitness,2025-02-27,Open Men's 96kg,Casey Vinings,94.62,117,121,-125,143,-147,-150,121,143,264
2025 Virus Weightlifting Series 1 Powered by Rogue Fitness,2025-02-27,Open Men's 96kg,Connor Heinsch,93.46,112,115,120,140,144,-150,120,144,264
2025 Virus Weightlifting Series 1 Powered by Rogue Fitness,2025-02-27,Open Men's 102kg,Nicholas Auchenbach,98.25,121,-126,-127,-142,143,0,121,143,264
2025 Virus Weightlifting Series 1 Powered by Rogue Fitness,2025-02-27,Open Men's 81kg,Stav Caplan,80.88,106,109,113,145,150,-155,113,150,263
2025 Virus Weightlifting Series 1 Powered by Rogue Fitness,2025-02-27,Men's 16-17 Age Group 81kg,Carter Sing,76.46,112,117,-120,140,145,-150,117,145,262
2025 Virus Weightlifting Series 1 Powered by Rogue Fitness,2025-02-27,Men's Masters (35-39) 109kg,Aaron Torres,109,111,114,120,135,139,141,120,141,261
2025 Virus Weightlifting Series 1 Powered by Rogue Fitness,2025-02-27,Open Men's 73kg,Samuel McGinnity,72.87,110,-114,-114,-151,-151,151,110,151,261
2025 Virus Weightlifting Series 1 Powered by Rogue Fitness,2025-02-27,Men's Masters (35-39) 81kg,Cory Ebert,80.2,-111,111,-115,150,-155,-159,111,150,261
2025 Virus Weightlifting Series 1 Powered by Rogue Fitness,2025-02-27,Open Men's 109kg,Paul Caldwell,104.94,110,-115,-117,145,-150,150,110,150,260
2025 Virus Weightlifting Series 1 Powered by Rogue Fitness,2025-02-27,Men's Masters (35-39) 109kg,Tashawn Williams,107.63,112,116,120,133,-138,140,120,140,260
2025 Virus Weightlifting Series 1 Powered by Rogue Fitness,2025-02-27,Open Men's +109kg,Jose Chavez,116.48,111,115,-120,138,142,145,115,145,260
2025 Virus Weightlifting Series 1 Powered by Rogue Fitness,2025-02-27,Open Men's +109kg,Alexis Ayala,114.43,105,110,-115,142,147,150,110,150,260
2025 Virus Weightlifting Series 1 Powered by Rogue Fitness,2025-02-27,Open Men's +109kg,Hayden Eugene  Kilson,116.85,105,-115,-122,145,155,-162,105,155,260
2025 Virus Weightlifting Series 1 Powered by Rogue Fitness,2025-02-27,Open Men's 73kg,Evan Fukuhara,71.26,115,-120,-120,145,-150,-153,115,145,260
2025 Virus Weightlifting Series 1 Powered by Rogue Fitness,2025-02-27,Open Men's 81kg,Noah Ranno,80.21,105,110,115,137,-142,145,115,145,260
2025 Virus Weightlifting Series 1 Powered by Rogue Fitness,2025-02-27,Open Men's 81kg,Miguel Lavarro,80.32,-112,112,-116,148,-155,-162,112,148,260
2025 Virus Weightlifting Series 1 Powered by Rogue Fitness,2025-02-27,Open Men's 96kg,Cody Lockard,95.33,-112,112,120,132,136,140,120,140,260
2025 Virus Weightlifting Series 1 Powered by Rogue Fitness,2025-02-27,Junior Men's 96kg,Joshua Canet,93.55,-115,115,-126,145,-150,-153,115,145,260
2025 Virus Weightlifting Series 1 Powered by Rogue Fitness,2025-02-27,Open Men's 109kg,Thaddeus Perkins,107.73,-115,-116,116,143,-149,-158,116,143,259
2025 Virus Weightlifting Series 1 Powered by Rogue Fitness,2025-02-27,Open Men's 81kg,Michael Valenzuela,81,-114,117,-120,142,-150,-150,117,142,259
2025 Virus Weightlifting Series 1 Powered by Rogue Fitness,2025-02-27,Open Men's 89kg,Matt Wiitanen,88.13,-114,114,-118,145,-150,-152,114,145,259
2025 Virus Weightlifting Series 1 Powered by Rogue Fitness,2025-02-27,Open Men's 109kg,Giacomo Danese,107.32,110,-115,115,135,140,143,115,143,258
2025 Virus Weightlifting Series 1 Powered by Rogue Fitness,2025-02-27,Open Men's 96kg,Hunter Kocken,93.54,104,-108,108,143,149,-155,108,149,257
2025 Virus Weightlifting Series 1 Powered by Rogue Fitness,2025-02-27,Men's Masters (40-44) 81kg,Jeffrey Jenkins,79.78,110,116,-120,135,-140,140,116,140,256
2025 Virus Weightlifting Series 1 Powered by Rogue Fitness,2025-02-27,Open Men's 96kg,Dalton Boucher,94.04,107,-113,113,143,-148,-150,113,143,256
2025 Virus Weightlifting Series 1 Powered by Rogue Fitness,2025-02-27,Open Men's 102kg,Jake Quinn,101.03,104,107,110,141,146,-150,110,146,256
2025 Virus Weightlifting Series 1 Powered by Rogue Fitness,2025-02-27,Open Men's +109kg,Jerry Morgan,115.16,105,110,115,-135,135,140,115,140,255
2025 Virus Weightlifting Series 1 Powered by Rogue Fitness,2025-02-27,Open Men's 89kg,Andrew Stegelmann,86.38,-110,-110,110,145,0,0,110,145,255
2025 Virus Weightlifting Series 1 Powered by Rogue Fitness,2025-02-27,Open Men's 96kg,Gerald Pena,94.68,109,113,115,140,-145,-146,115,140,255
2025 Virus Weightlifting Series 1 Powered by Rogue Fitness,2025-02-27,Open Men's 96kg,Thomas Vinetti,93.1,115,-120,-123,140,-146,-153,115,140,255
2025 Virus Weightlifting Series 1 Powered by Rogue Fitness,2025-02-27,Open Men's 81kg,Alexander Pan,81,-110,-112,112,137,142,-146,112,142,254
2025 Virus Weightlifting Series 1 Powered by Rogue Fitness,2025-02-27,Open Men's 102kg,Devante Jones,102,-115,115,-120,138,-143,-143,115,138,253
2025 Virus Weightlifting Series 1 Powered by Rogue Fitness,2025-02-27,Open Men's 89kg,Yaj Fajad Quiatchon,89,-105,-108,108,140,145,-150,108,145,253
2025 Virus Weightlifting Series 1 Powered by Rogue Fitness,2025-02-27,Men's Masters (40-44) 73kg,Christopher Douglas,72.56,112,-117,-117,130,135,140,112,140,252
2025 Virus Weightlifting Series 1 Powered by Rogue Fitness,2025-02-27,Men's 16-17 Age Group 73kg,Roy  Maher,73,108,112,-115,140,-145,-148,112,140,252
2025 Virus Weightlifting Series 1 Powered by Rogue Fitness,2025-02-27,Open Men's 81kg,David Kinslow,76.26,105,108,112,135,140,-146,112,140,252
2025 Virus Weightlifting Series 1 Powered by Rogue Fitness,2025-02-27,Open Men's 89kg,Gary Evans Jr,88.45,106,111,-116,129,135,141,111,141,252
2025 Virus Weightlifting Series 1 Powered by Rogue Fitness,2025-02-27,Open Men's 96kg,Kevin Sena,95.4,107,-111,111,133,137,141,111,141,252
2025 Virus Weightlifting Series 1 Powered by Rogue Fitness,2025-02-27,Open Men's 96kg,Abhishek Thakur,93.03,-110,-110,111,135,140,-145,111,140,251
2025 Virus Weightlifting Series 1 Powered by Rogue Fitness,2025-02-27,Open Men's 102kg,Isaac Piper,98.13,115,120,-125,130,-135,-138,120,130,250
2025 Virus Weightlifting Series 1 Powered by Rogue Fitness,2025-02-27,Open Men's 109kg,Ryan Newton ,108.44,110,115,-118,-132,135,-141,115,135,250
2025 Virus Weightlifting Series 1 Powered by Rogue Fitness,2025-02-27,Open Men's 109kg,Christian Branch-Young,107.04,105,112,-118,-135,138,-143,112,138,250
2025 Virus Weightlifting Series 1 Powered by Rogue Fitness,2025-02-27,Open Men's +109kg,Samuel Ordonez,149.78,-105,105,108,130,136,142,108,142,250
2025 Virus Weightlifting Series 1 Powered by Rogue Fitness,2025-02-27,Open Women's 76kg,Martha Rogers,75.8,104,107,110,132,135,140,110,140,250
2025 Virus Weightlifting Series 1 Powered by Rogue Fitness,2025-02-27,Open Men's 81kg,Rolando Sandoval,80.19,110,115,118,132,-137,-139,118,132,250
2025 Virus Weightlifting Series 1 Powered by Rogue Fitness,2025-02-27,Open Men's 102kg,Ian Schwind,99.99,100,105,108,125,135,141,108,141,249
2025 Virus Weightlifting Series 1 Powered by Rogue Fitness,2025-02-27,Men's 16-17 Age Group 89kg,Baron Baker,84.37,100,106,-108,133,139,143,106,143,249
2025 Virus Weightlifting Series 1 Powered by Rogue Fitness,2025-02-27,Open Men's 81kg,Brayden Irving,79.59,105,-109,-109,140,144,-146,105,144,249
2025 Virus Weightlifting Series 1 Powered by Rogue Fitness,2025-02-27,Open Men's 89kg,Conner Han,85.05,105,-110,-112,130,135,144,105,144,249
2025 Virus Weightlifting Series 1 Powered by Rogue Fitness,2025-02-27,Open Men's 96kg,Rodrigo Luna Perez ,94.79,105,109,-113,135,-140,140,109,140,249
2025 Virus Weightlifting Series 1 Powered by Rogue Fitness,2025-02-27,Open Men's 96kg,David Meyer,93.2,100,104,-108,132,137,145,104,145,249
2025 Virus Weightlifting Series 1 Powered by Rogue Fitness,2025-02-27,Open Men's 96kg,Spencer Johnson,91.52,-102,102,110,132,138,-143,110,138,248
2025 Virus Weightlifting Series 1 Powered by Rogue Fitness,2025-02-27,Open Men's 102kg,Nick Woznicki,100.97,106,-111,112,130,135,-140,112,135,247
2025 Virus Weightlifting Series 1 Powered by Rogue Fitness,2025-02-27,Open Men's +109kg,Cooper Johnson,109.19,100,107,-115,130,-140,140,107,140,247
2025 Virus Weightlifting Series 1 Powered by Rogue Fitness,2025-02-27,Open Men's 81kg,Isaac Lee,80.47,105,-110,-111,137,142,-145,105,142,247
2025 Virus Weightlifting Series 1 Powered by Rogue Fitness,2025-02-27,Open Men's 89kg,Bryan Opaskar,88.7,102,107,112,135,-143,-145,112,135,247
2025 Virus Weightlifting Series 1 Powered by Rogue Fitness,2025-02-27,Open Men's 73kg,Jacob Flores,71,105,108,-110,138,-143,-143,108,138,246
2025 Virus Weightlifting Series 1 Powered by Rogue Fitness,2025-02-27,Open Men's 109kg,Oluwaseun Ladipo,108.37,115,-118,-118,130,-140,-146,115,130,245
2025 Virus Weightlifting Series 1 Powered by Rogue Fitness,2025-02-27,Men's Masters (35-39) +109kg,Edward Kwok,123.52,100,105,110,130,135,-140,110,135,245
2025 Virus Weightlifting Series 1 Powered by Rogue Fitness,2025-02-27,Open Men's 89kg,Brandon Avery,89,110,-115,-115,135,-140,-142,110,135,245
2025 Virus Weightlifting Series 1 Powered by Rogue Fitness,2025-02-27,Open Men's 96kg,Will Edmond,95.43,105,110,115,125,130,-140,115,130,245
2025 Virus Weightlifting Series 1 Powered by Rogue Fitness,2025-02-27,Open Men's 96kg,Michael Thomas,93.49,100,105,-110,-135,135,140,105,140,245
2025 Virus Weightlifting Series 1 Powered by Rogue Fitness,2025-02-27,Open Men's 96kg,Samuel Winiarski,91.98,106,108,111,130,134,-137,111,134,245
2025 Virus Weightlifting Series 1 Powered by Rogue Fitness,2025-02-27,Open Men's 96kg,Kevin Jenkins,91.35,100,-111,-111,140,145,-152,100,145,245
2025 Virus Weightlifting Series 1 Powered by Rogue Fitness,2025-02-27,Men's Masters (35-39) 81kg,David Young,79.68,107,-112,-113,-137,138,-142,107,138,245
2025 Virus Weightlifting Series 1 Powered by Rogue Fitness,2025-02-27,Men's 16-17 Age Group 89kg,Evan  Kniss ,84.9,100,106,-112,-130,130,138,106,138,244
2025 Virus Weightlifting Series 1 Powered by Rogue Fitness,2025-02-27,Open Men's +109kg,Colin Whiting,115.22,95,-103,103,125,133,140,103,140,243
2025 Virus Weightlifting Series 1 Powered by Rogue Fitness,2025-02-27,Men's Masters (40-44) 96kg,Oliver Buccicone,95.71,105,108,-111,135,-140,-140,108,135,243
2025 Virus Weightlifting Series 1 Powered by Rogue Fitness,2025-02-27,Men's 16-17 Age Group 73kg,Haston Hill,72.75,97,100,103,135,-140,140,103,140,243
2025 Virus Weightlifting Series 1 Powered by Rogue Fitness,2025-02-27,Open Men's 81kg,Thomas Carabuena,79.7,104,107,-110,136,-139,-141,107,136,243
2025 Virus Weightlifting Series 1 Powered by Rogue Fitness,2025-02-27,Open Men's 89kg,Orlando Castillo,88.71,103,-106,-107,135,140,-145,103,140,243
2025 Virus Weightlifting Series 1 Powered by Rogue Fitness,2025-02-27,Men's Masters (35-39) 89kg,Justin Tebedo,87.42,104,108,-111,-130,130,135,108,135,243
2025 Virus Weightlifting Series 1 Powered by Rogue Fitness,2025-02-27,Men's Masters (35-39) 96kg,Drury Borchers,93,95,100,105,115,125,137,105,137,242
2025 Virus Weightlifting Series 1 Powered by Rogue Fitness,2025-02-27,Open Men's +109kg,Peter Hoang,120.91,102,107,-111,-125,135,-145,107,135,242
2025 Virus Weightlifting Series 1 Powered by Rogue Fitness,2025-02-27,Open Men's +109kg,Cameron Hill,135.58,102,-106,-108,135,140,-143,102,140,242
2025 Virus Weightlifting Series 1 Powered by Rogue Fitness,2025-02-27,Open Men's 96kg,Andrew Veith,93.46,107,-111,-111,-135,135,-145,107,135,242
2025 Virus Weightlifting Series 1 Powered by Rogue Fitness,2025-02-27,Open Men's 109kg,Daniel Perry,107.29,97,102,-107,135,139,-144,102,139,241
2025 Virus Weightlifting Series 1 Powered by Rogue Fitness,2025-02-27,Open Men's 73kg,Blake Morman,72.3,97,101,105,127,131,135,105,135,240
2025 Virus Weightlifting Series 1 Powered by Rogue Fitness,2025-02-27,Men's Masters (35-39) 102kg,Christopher Sullivan,99.25,102,106,-110,128,-132,133,106,133,239
2025 Virus Weightlifting Series 1 Powered by Rogue Fitness,2025-02-27,Open Men's 89kg,Brandon Kha,85.37,95,100,-105,130,135,139,100,139,239
2025 Virus Weightlifting Series 1 Powered by Rogue Fitness,2025-02-27,Open Men's 96kg,Richard Yan,93.05,104,-108,-109,130,135,-140,104,135,239
2025 Virus Weightlifting Series 1 Powered by Rogue Fitness,2025-02-27,Open Men's 102kg,Logan Miller,96.12,103,108,-112,-130,-130,130,108,130,238
2025 Virus Weightlifting Series 1 Powered by Rogue Fitness,2025-02-27,Open Men's 102kg,Conner Smith,99.41,-102,102,106,132,-136,-137,106,132,238
2025 Virus Weightlifting Series 1 Powered by Rogue Fitness,2025-02-27,Open Men's 89kg,Michael Headings,87.2,105,-110,-113,128,133,-138,105,133,238
2025 Virus Weightlifting Series 1 Powered by Rogue Fitness,2025-02-27,Open Men's 96kg,James Kelley,92.92,-103,103,108,125,130,-135,108,130,238
2025 Virus Weightlifting Series 1 Powered by Rogue Fitness,2025-02-27,Men's Masters (40-44) 102kg,Brandon Duffner,100.61,102,-108,-110,125,130,135,102,135,237
2025 Virus Weightlifting Series 1 Powered by Rogue Fitness,2025-02-27,Open Men's 73kg,Hunter Piasecki,70.45,102,-106,-108,-130,130,135,102,135,237
2025 Virus Weightlifting Series 1 Powered by Rogue Fitness,2025-02-27,Open Women's +87kg,Caitlin Thilges,139.6,95,100,-105,-137,-137,137,100,137,237
2025 Virus Weightlifting Series 1 Powered by Rogue Fitness,2025-02-27,Open Men's 81kg,Brandon Pedrosa,73.34,100,104,107,130,-138,-139,107,130,237
2025 Virus Weightlifting Series 1 Powered by Rogue Fitness,2025-02-27,Open Men's 102kg,Steven Evans Jr,101,100,103,106,123,126,130,106,130,236
2025 Virus Weightlifting Series 1 Powered by Rogue Fitness,2025-02-27,Open Men's +109kg,Blake Atwell,109.22,103,108,-115,-128,128,-150,108,128,236
2025 Virus Weightlifting Series 1 Powered by Rogue Fitness,2025-02-27,Men's Masters (40-44) 89kg,Bryant Thomas,84.58,100,103,105,130,-133,-135,105,130,235
2025 Virus Weightlifting Series 1 Powered by Rogue Fitness,2025-02-27,Open Men's 73kg,alec coulter,72.6,100,105,-110,130,-135,-138,105,130,235
2025 Virus Weightlifting Series 1 Powered by Rogue Fitness,2025-02-27,Open Men's 81kg,Thomas Osborne Bird,79.98,90,0,0,145,-149,-151,90,145,235
2025 Virus Weightlifting Series 1 Powered by Rogue Fitness,2025-02-27,Open Men's 89kg,Matthew Benson,85.33,101,103,105,123,127,130,105,130,235
2025 Virus Weightlifting Series 1 Powered by Rogue Fitness,2025-02-27,Open Men's 96kg,Sean Appelson,94.74,100,-104,104,125,130,-135,104,130,234
2025 Virus Weightlifting Series 1 Powered by Rogue Fitness,2025-02-27,Open Women's 81kg,Anna McElderry,80.71,100,103,105,123,-127,128,105,128,233
2025 Virus Weightlifting Series 1 Powered by Rogue Fitness,2025-02-27,Open Men's 67kg,Samuel Lind,67,98,-102,103,130,-134,-136,103,130,233
2025 Virus Weightlifting Series 1 Powered by Rogue Fitness,2025-02-27,Open Men's 89kg,Jacob Sterny,87.93,101,104,-107,120,125,129,104,129,233
2025 Virus Weightlifting Series 1 Powered by Rogue Fitness,2025-02-27,Junior Men's 89kg,David Evans,86.17,100,105,110,118,123,-127,110,123,233
2025 Virus Weightlifting Series 1 Powered by Rogue Fitness,2025-02-27,Open Men's 96kg,Matthew Weber,95.37,92,96,-100,130,-135,137,96,137,233
2025 Virus Weightlifting Series 1 Powered by Rogue Fitness,2025-02-27,Men's Masters (35-39) 102kg,Tim Sinak,100.57,96,101,-106,121,126,131,101,131,232
2025 Virus Weightlifting Series 1 Powered by Rogue Fitness,2025-02-27,Open Men's 61kg,Christopher Camenares,60.87,100,-105,-105,132,-137,-137,100,132,232
2025 Virus Weightlifting Series 1 Powered by Rogue Fitness,2025-02-27,Open Men's 96kg,Thomas Monroe,93.98,96,100,104,123,-127,128,104,128,232
2025 Virus Weightlifting Series 1 Powered by Rogue Fitness,2025-02-27,Men's 16-17 Age Group 81kg,Jackson Cato,76.84,100,104,-110,120,123,127,104,127,231
2025 Virus Weightlifting Series 1 Powered by Rogue Fitness,2025-02-27,Open Women's 87kg,Sarah Barnett,87,-96,96,100,126,-131,131,100,131,231
2025 Virus Weightlifting Series 1 Powered by Rogue Fitness,2025-02-27,Open Men's 81kg,Dylan Confar,79.88,100,-105,105,126,-130,-130,105,126,231
2025 Virus Weightlifting Series 1 Powered by Rogue Fitness,2025-02-27,Open Men's 81kg,Noah Zucker,79.85,93,97,101,120,-126,130,101,130,231
2025 Virus Weightlifting Series 1 Powered by Rogue Fitness,2025-02-27,Open Men's 81kg,Maurice Edwards,76.87,97,101,105,120,126,-131,105,126,231
2025 Virus Weightlifting Series 1 Powered by Rogue Fitness,2025-02-27,Junior Men's 96kg,Corbin King,94.95,-100,102,106,-124,-125,125,106,125,231
2025 Virus Weightlifting Series 1 Powered by Rogue Fitness,2025-02-27,Open Men's 102kg,Ryan Schreffler,101.6,100,-103,103,-123,123,127,103,127,230
2025 Virus Weightlifting Series 1 Powered by Rogue Fitness,2025-02-27,Men's Masters (35-39) +109kg,Ronald Fontanillas,113.15,96,100,-106,130,-135,-137,100,130,230
2025 Virus Weightlifting Series 1 Powered by Rogue Fitness,2025-02-27,Open Women's 76kg,Celia Gold,74.29,95,98,101,126,129,-132,101,129,230
2025 Virus Weightlifting Series 1 Powered by Rogue Fitness,2025-02-27,Men's Masters (50-54) 96kg,kurby Brown,94,92,-98,103,117,123,127,103,127,230
2025 Virus Weightlifting Series 1 Powered by Rogue Fitness,2025-02-27,Junior Men's 81kg,Damian Guzman,77.89,101,105,108,118,122,-126,108,122,230
2025 Virus Weightlifting Series 1 Powered by Rogue Fitness,2025-02-27,Men's 16-17 Age Group 81kg,Asher Hayhoe,78.08,95,100,103,117,123,126,103,126,229
2025 Virus Weightlifting Series 1 Powered by Rogue Fitness,2025-02-27,Men's Masters (45-49) 102kg,Jonathan  Herrera ,98.75,100,-105,-108,123,128,-133,100,128,228
2025 Virus Weightlifting Series 1 Powered by Rogue Fitness,2025-02-27,Men's 16-17 Age Group 67kg,Sebastian Stodel,64.72,91,94,97,126,131,-135,97,131,228
2025 Virus Weightlifting Series 1 Powered by Rogue Fitness,2025-02-27,Men's Masters (45-49) 96kg,Lee Sikon,94.27,95,100,102,115,120,125,102,125,227
2025 Virus Weightlifting Series 1 Powered by Rogue Fitness,2025-02-27,Open Women's 87kg,Katelyn  Witte,83.77,-100,-101,101,126,-130,-131,101,126,227
2025 Virus Weightlifting Series 1 Powered by Rogue Fitness,2025-02-27,Open Men's 81kg,Michael Sauer,79.45,95,101,-109,-125,-125,126,101,126,227
2025 Virus Weightlifting Series 1 Powered by Rogue Fitness,2025-02-27,Men's Masters (35-39) 73kg,Justin Barber,71.64,102,-106,-108,-125,125,-131,102,125,227
2025 Virus Weightlifting Series 1 Powered by Rogue Fitness,2025-02-27,Men's Masters (50-54) +109kg,Anthony Walker,115.97,93,96,100,-123,123,126,100,126,226
2025 Virus Weightlifting Series 1 Powered by Rogue Fitness,2025-02-27,Open Men's 67kg,Jared Bushaw,64.32,-100,100,103,118,120,123,103,123,226
2025 Virus Weightlifting Series 1 Powered by Rogue Fitness,2025-02-27,Men's Masters (40-44) 73kg,Jarrett Baston,72.81,92,96,100,117,121,125,100,125,225
2025 Virus Weightlifting Series 1 Powered by Rogue Fitness,2025-02-27,Junior Women's 64kg,Sophia Shaft,64,97,-100,100,122,125,-128,100,125,225
2025 Virus Weightlifting Series 1 Powered by Rogue Fitness,2025-02-27,Open Men's 96kg,Eric Chun,94.93,-100,100,110,115,-120,-122,110,115,225
2025 Virus Weightlifting Series 1 Powered by Rogue Fitness,2025-02-27,Men's Masters (40-44) 96kg,Gregory Malnassy,92.14,-92,92,96,124,128,-132,96,128,224
2025 Virus Weightlifting Series 1 Powered by Rogue Fitness,2025-02-27,Open Men's 67kg,Angelo Kelly,67,93,95,97,119,123,127,97,127,224
2025 Virus Weightlifting Series 1 Powered by Rogue Fitness,2025-02-27,Open Men's 102kg,Ryan Urbanowich,100.36,98,-102,-103,125,-129,-131,98,125,223
2025 Virus Weightlifting Series 1 Powered by Rogue Fitness,2025-02-27,Open Men's 89kg,Ben Zwilling,88.64,93,-97,-98,120,126,130,93,130,223
2025 Virus Weightlifting Series 1 Powered by Rogue Fitness,2025-02-27,Open Women's 71kg,Ava Biesterfeld,70.05,-98,98,-101,120,125,-128,98,125,223
2025 Virus Weightlifting Series 1 Powered by Rogue Fitness,2025-02-27,Men's Masters (35-39) 89kg,Sean Rabourn,88.28,85,-97,97,115,120,125,97,125,222
2025 Virus Weightlifting Series 1 Powered by Rogue Fitness,2025-02-27,Open Men's 89kg,Randy Vu,87.96,93,97,100,118,122,-126,100,122,222
2025 Virus Weightlifting Series 1 Powered by Rogue Fitness,2025-02-27,Open Women's 76kg,Darci Molina,73.64,95,98,-101,-123,123,-130,98,123,221
2025 Virus Weightlifting Series 1 Powered by Rogue Fitness,2025-02-27,Open Men's 89kg,Andrew Brown,86.96,90,94,98,123,-128,-130,98,123,221
2025 Virus Weightlifting Series 1 Powered by Rogue Fitness,2025-02-27,Open Men's 89kg,Ryan Middleton,85.45,92,96,-100,120,125,-128,96,125,221
2025 Virus Weightlifting Series 1 Powered by Rogue Fitness,2025-02-27,Men's 16-17 Age Group 89kg,Colten  Clyburn ,86.32,90,-95,100,-120,120,-128,100,120,220
2025 Virus Weightlifting Series 1 Powered by Rogue Fitness,2025-02-27,Open Men's 73kg,Cameron Carver,72.68,93,96,100,120,-125,-125,100,120,220
2025 Virus Weightlifting Series 1 Powered by Rogue Fitness,2025-02-27,Open Men's 81kg,Christopher Beattie,80.08,-100,100,-107,120,-125,-125,100,120,220
2025 Virus Weightlifting Series 1 Powered by Rogue Fitness,2025-02-27,Open Men's 89kg,Emmanuel Valenzuela,86.5,92,-96,96,115,119,124,96,124,220
2025 Virus Weightlifting Series 1 Powered by Rogue Fitness,2025-02-27,Open Men's 89kg,Dylan Lingenau,88.15,95,-99,-101,118,-123,125,95,125,220
2025 Virus Weightlifting Series 1 Powered by Rogue Fitness,2025-02-27,Open Women's 64kg,Nina Sterckx,59.66,96,-100,100,116,120,-125,100,120,220
2025 Virus Weightlifting Series 1 Powered by Rogue Fitness,2025-02-27,Men's 16-17 Age Group 73kg,Desmond Myles,69.07,85,90,94,115,120,125,94,125,219
2025 Virus Weightlifting Series 1 Powered by Rogue Fitness,2025-02-27,Open Women's 59kg,Miranda Ulrey,58.46,95,98,-101,117,121,-124,98,121,219
2025 Virus Weightlifting Series 1 Powered by Rogue Fitness,2025-02-27,Men's Masters (35-39) 89kg,Vincent Nguyen-Bui,88.5,90,93,-95,120,-125,125,93,125,218
2025 Virus Weightlifting Series 1 Powered by Rogue Fitness,2025-02-27,Men's 14-15 Age Group 73kg,Dryden Yates,70.36,90,94,98,114,117,120,98,120,218
2025 Virus Weightlifting Series 1 Powered by Rogue Fitness,2025-02-27,Open Men's 67kg,Ewan McCallum,65.99,91,94,97,111,116,121,97,121,218
2025 Virus Weightlifting Series 1 Powered by Rogue Fitness,2025-02-27,Open Men's 67kg,Isauro Felix,66.65,90,-93,93,120,-125,125,93,125,218
2025 Virus Weightlifting Series 1 Powered by Rogue Fitness,2025-02-27,Junior Men's 81kg,Lane Stewart,79.14,93,96,100,118,-121,-123,100,118,218
2025 Virus Weightlifting Series 1 Powered by Rogue Fitness,2025-02-27,Junior Men's 102kg,Mitchell Ferguson,99.95,88,91,93,118,122,125,93,125,218
2025 Virus Weightlifting Series 1 Powered by Rogue Fitness,2025-02-27,Open Men's 81kg,Tyler Genovesio,79.76,95,98,-101,115,119,-123,98,119,217
2025 Virus Weightlifting Series 1 Powered by Rogue Fitness,2025-02-27,Open Men's 81kg,Isaac Marron,76.72,-95,95,-100,116,-122,122,95,122,217
2025 Virus Weightlifting Series 1 Powered by Rogue Fitness,2025-02-27,Open Men's 89kg,Matteo Margison,87.35,96,-98,-100,117,-120,121,96,121,217
2025 Virus Weightlifting Series 1 Powered by Rogue Fitness,2025-02-27,Men's Masters (35-39) 73kg,Jacob Howard,73,93,-97,-102,118,124,-129,93,124,217
2025 Virus Weightlifting Series 1 Powered by Rogue Fitness,2025-02-27,Men's Masters (35-39) 81kg,Matthew Gambino,80.77,94,98,102,110,115,-120,102,115,217
2025 Virus Weightlifting Series 1 Powered by Rogue Fitness,2025-02-27,Open Men's 89kg,Haryoon Jang,83.74,89,92,95,-118,118,121,95,121,216
2025 Virus Weightlifting Series 1 Powered by Rogue Fitness,2025-02-27,Junior Women's 71kg,Naomie Lusignan,67.26,90,94,96,112,116,120,96,120,216
2025 Virus Weightlifting Series 1 Powered by Rogue Fitness,2025-02-27,Men's Masters (50-54) 73kg,Michael Herzog,72.31,91,94,-96,115,121,-125,94,121,215
2025 Virus Weightlifting Series 1 Powered by Rogue Fitness,2025-02-27,Open Men's 81kg,Brian Ko,81,92,-95,-95,123,-127,-127,92,123,215
2025 Virus Weightlifting Series 1 Powered by Rogue Fitness,2025-02-27,Open Men's 81kg,Gabriel Houssou,78.97,94,97,100,115,-120,-122,100,115,215
2025 Virus Weightlifting Series 1 Powered by Rogue Fitness,2025-02-27,Junior Men's 81kg,James Thomas,76.99,88,-93,95,108,114,120,95,120,215
2025 Virus Weightlifting Series 1 Powered by Rogue Fitness,2025-02-27,Open Men's 96kg,Michael Steger,95.39,90,94,98,110,114,117,98,117,215
2025 Virus Weightlifting Series 1 Powered by Rogue Fitness,2025-02-27,Open Men's 96kg,James Oberle,95.34,94,-98,-98,117,-120,121,94,121,215
2025 Virus Weightlifting Series 1 Powered by Rogue Fitness,2025-02-27,Men's Masters (40-44) 81kg,Brian Leung,79.34,87,90,92,116,119,122,92,122,214
2025 Virus Weightlifting Series 1 Powered by Rogue Fitness,2025-02-27,Men's Masters (40-44) 96kg,Brandon Hocke,93.27,-92,92,-96,118,122,-125,92,122,214
2025 Virus Weightlifting Series 1 Powered by Rogue Fitness,2025-02-27,Open Men's 73kg,Humberto Briseno Mojarro,71.31,-91,93,-96,115,-120,120,93,120,213
2025 Virus Weightlifting Series 1 Powered by Rogue Fitness,2025-02-27,Open Men's 73kg,Aldo Ayala,72.59,85,88,-91,118,-122,125,88,125,213
2025 Virus Weightlifting Series 1 Powered by Rogue Fitness,2025-02-27,Open Men's 89kg,Ciaran Nugent,84.51,85,89,92,110,118,121,92,121,213
2025 Virus Weightlifting Series 1 Powered by Rogue Fitness,2025-02-27,Junior Men's 81kg,Braeden Moore,78.95,90,93,-96,116,120,-124,93,120,213
2025 Virus Weightlifting Series 1 Powered by Rogue Fitness,2025-02-27,Men's Masters (35-39) 81kg,Jason Helfrich,80.01,91,95,100,107,-113,113,100,113,213
2025 Virus Weightlifting Series 1 Powered by Rogue Fitness,2025-02-27,Open Women's 64kg,Taylor Wilkins,63.95,-92,92,-96,120,-125,-126,92,120,212
2025 Virus Weightlifting Series 1 Powered by Rogue Fitness,2025-02-27,Open Women's 71kg,Alexa Snyder,69.34,91,94,97,115,-118,-118,97,115,212
2025 Virus Weightlifting Series 1 Powered by Rogue Fitness,2025-02-27,Open Women's 81kg,Deborah Doran,79.1,84,88,91,110,115,120,91,120,211
2025 Virus Weightlifting Series 1 Powered by Rogue Fitness,2025-02-27,Open Women's 76kg,Alexia Gonzalez,74.34,88,92,94,108,112,116,94,116,210
2025 Virus Weightlifting Series 1 Powered by Rogue Fitness,2025-02-27,Men's Masters (45-49) 102kg,Joel Quintong,97.54,85,90,95,-115,-115,115,95,115,210
2025 Virus Weightlifting Series 1 Powered by Rogue Fitness,2025-02-27,Open Men's 81kg,Nathaniel Thompson,74.13,94,97,100,110,-115,-117,100,110,210
2025 Virus Weightlifting Series 1 Powered by Rogue Fitness,2025-02-27,Open Men's 89kg,Austin Wright,87.7,88,90,92,113,116,118,92,118,210
2025 Virus Weightlifting Series 1 Powered by Rogue Fitness,2025-02-27,Women's 14-15 Age Group 71kg,Emily Ibanez Guerrero,67.39,90,95,-97,114,-118,-122,95,114,209
2025 Virus Weightlifting Series 1 Powered by Rogue Fitness,2025-02-27,Men's Masters (35-39) 96kg,Adam Weaver,90.52,86,91,95,105,-110,113,95,113,208
2025 Virus Weightlifting Series 1 Powered by Rogue Fitness,2025-02-27,Men's Masters (45-49) +109kg,Cody Looney,112.39,87,-89,91,113,115,117,91,117,208
2025 Virus Weightlifting Series 1 Powered by Rogue Fitness,2025-02-27,Open Men's 89kg,Michael Habib,87.22,85,88,90,115,118,-120,90,118,208
2025 Virus Weightlifting Series 1 Powered by Rogue Fitness,2025-02-27,Men's Masters (45-49) 109kg,Joseph Menz,105.55,88,92,95,-112,112,-115,95,112,207
2025 Virus Weightlifting Series 1 Powered by Rogue Fitness,2025-02-27,Women's Masters (35-39) +87kg,SARAH DAVILA,112.06,88,91,-93,113,-116,116,91,116,207
2025 Virus Weightlifting Series 1 Powered by Rogue Fitness,2025-02-27,Open Men's 67kg,Kennedy Bui,66.72,89,-92,-92,-117,-117,118,89,118,207
2025 Virus Weightlifting Series 1 Powered by Rogue Fitness,2025-02-27,Open Men's 81kg,Taylor Tredinnick,80.17,-92,92,-96,112,115,-120,92,115,207
2025 Virus Weightlifting Series 1 Powered by Rogue Fitness,2025-02-27,Junior Men's 55kg,Michael Ziss,55,-93,93,-98,114,-120,-120,93,114,207
2025 Virus Weightlifting Series 1 Powered by Rogue Fitness,2025-02-27,Open Women's 71kg,Abigail Cooper,69.57,-93,93,-96,-113,-114,114,93,114,207
2025 Virus Weightlifting Series 1 Powered by Rogue Fitness,2025-02-27,Open Men's 73kg,Kenne Quinto,72.33,86,89,-93,-111,111,117,89,117,206
2025 Virus Weightlifting Series 1 Powered by Rogue Fitness,2025-02-27,Men's Masters (50-54) 102kg,Anthony Surre,100.6,87,90,92,108,110,113,92,113,205
2025 Virus Weightlifting Series 1 Powered by Rogue Fitness,2025-02-27,Open Men's 81kg,Nikhil Shah,76.38,-85,85,90,110,-115,115,90,115,205
2025 Virus Weightlifting Series 1 Powered by Rogue Fitness,2025-02-27,Open Men's 81kg,Sean McClanahan,80.6,87,90,93,108,112,-116,93,112,205
2025 Virus Weightlifting Series 1 Powered by Rogue Fitness,2025-02-27,Open Men's 81kg,Daegun Bong,78.13,90,-95,-95,-115,115,-120,90,115,205
2025 Virus Weightlifting Series 1 Powered by Rogue Fitness,2025-02-27,Open Women's 64kg,Jamie Hegg,63.52,84,-87,-89,114,117,121,84,121,205
2025 Virus Weightlifting Series 1 Powered by Rogue Fitness,2025-02-27,Open Men's 96kg,Shawn Culley,91.1,-87,88,92,108,112,-116,92,112,204
2025 Virus Weightlifting Series 1 Powered by Rogue Fitness,2025-02-27,Open Men's 81kg,Jacob Onouye,79.16,84,87,90,-109,113,-117,90,113,203
2025 Virus Weightlifting Series 1 Powered by Rogue Fitness,2025-02-27,Open Men's 81kg,Anthony Paiva,79.6,86,-89,-90,117,-122,-126,86,117,203
2025 Virus Weightlifting Series 1 Powered by Rogue Fitness,2025-02-27,Open Men's 89kg,Thomas Smalley,86.6,88,-91,-91,112,-115,115,88,115,203
2025 Virus Weightlifting Series 1 Powered by Rogue Fitness,2025-02-27,Men's Masters (35-39) 96kg,Eric Wolk,94.32,-85,85,88,-112,-113,114,88,114,202
2025 Virus Weightlifting Series 1 Powered by Rogue Fitness,2025-02-27,Men's Masters (55-59) 96kg,Thomas Greding,93.02,-88,-88,89,106,113,-117,89,113,202
2025 Virus Weightlifting Series 1 Powered by Rogue Fitness,2025-02-27,Open Women's 59kg,Madeline Staniszewski,58.45,90,-92,92,110,-115,-117,92,110,202
2025 Virus Weightlifting Series 1 Powered by Rogue Fitness,2025-02-27,Men's Masters (35-39) 89kg,Dan Sokolow,88.96,-85,85,-88,112,116,-121,85,116,201
2025 Virus Weightlifting Series 1 Powered by Rogue Fitness,2025-02-27,Junior Women's +87kg,Chealsea Enemor,115.67,85,89,-93,100,106,112,89,112,201
2025 Virus Weightlifting Series 1 Powered by Rogue Fitness,2025-02-27,Men's Masters (35-39) 89kg,Bud Pearce,87.23,90,-93,-94,-111,111,-113,90,111,201
2025 Virus Weightlifting Series 1 Powered by Rogue Fitness,2025-02-27,Women's Masters (35-39) 87kg,Laura Barito,85.71,-86,-87,87,106,110,114,87,114,201
2025 Virus Weightlifting Series 1 Powered by Rogue Fitness,2025-02-27,Men's Masters (60-64) 89kg,Robert O'Day,88.13,89,-91,91,110,-113,-113,91,110,201
2025 Virus Weightlifting Series 1 Powered by Rogue Fitness,2025-02-27,Open Men's 73kg,Evan Kimball,70.41,88,-91,-93,105,-110,113,88,113,201
2025 Virus Weightlifting Series 1 Powered by Rogue Fitness,2025-02-27,Open Women's 64kg,Charley Leonard,61.94,82,-85,85,108,112,116,85,116,201
2025 Virus Weightlifting Series 1 Powered by Rogue Fitness,2025-02-27,Junior Men's 73kg,Henry Ludbrook,69.2,86,-91,-91,-115,115,-121,86,115,201
2025 Virus Weightlifting Series 1 Powered by Rogue Fitness,2025-02-27,Men's Masters (35-39) 73kg,Thomas Ring,72.89,89,-92,95,102,-106,106,95,106,201
2025 Virus Weightlifting Series 1 Powered by Rogue Fitness,2025-02-27,Men's Masters (40-44) 89kg,Mauricio Rodriguez,86.41,83,87,-91,-105,105,113,87,113,200
2025 Virus Weightlifting Series 1 Powered by Rogue Fitness,2025-02-27,Open Women's 81kg,Emily Boyich,79.31,83,86,-91,106,-110,114,86,114,200
2025 Virus Weightlifting Series 1 Powered by Rogue Fitness,2025-02-27,Open Women's 87kg,Halle Kotchman,82.9,88,-92,92,104,108,-112,92,108,200
2025 Virus Weightlifting Series 1 Powered by Rogue Fitness,2025-02-27,Open Women's 87kg,Kiara Earle,85.16,83,85,-87,109,112,115,85,115,200
2025 Virus Weightlifting Series 1 Powered by Rogue Fitness,2025-02-27,Open Men's 96kg,Tyllin Walker,91,-90,90,-98,-110,110,-117,90,110,200
2025 Virus Weightlifting Series 1 Powered by Rogue Fitness,2025-02-27,Open Men's 73kg,Bernard Yuan,71.25,85,-88,-90,108,112,114,85,114,199
2025 Virus Weightlifting Series 1 Powered by Rogue Fitness,2025-02-27,Open Women's 76kg,Francesca Duncan,74.72,88,91,93,98,102,105,93,105,198
2025 Virus Weightlifting Series 1 Powered by Rogue Fitness,2025-02-27,Men's 16-17 Age Group 61kg,Nicholas Luna,60.22,80,84,87,107,111,-115,87,111,198
2025 Virus Weightlifting Series 1 Powered by Rogue Fitness,2025-02-27,Men's Masters (35-39) 81kg,Brett Janer,79.12,87,90,-94,-108,108,-112,90,108,198
2025 Virus Weightlifting Series 1 Powered by Rogue Fitness,2025-02-27,Women's Masters (35-39) 76kg,Amber Klaphake,74.55,-80,85,90,102,107,-111,90,107,197
2025 Virus Weightlifting Series 1 Powered by Rogue Fitness,2025-02-27,Men's 14-15 Age Group 61kg,Bradley Bates,58.74,83,-86,87,-106,107,110,87,110,197
2025 Virus Weightlifting Series 1 Powered by Rogue Fitness,2025-02-27,Open Women's 87kg,Lola Pollack,86.28,78,82,-86,105,110,115,82,115,197
2025 Virus Weightlifting Series 1 Powered by Rogue Fitness,2025-02-27,Men's Masters (50-54) 89kg,Greg Karas,87.85,81,84,87,105,-109,109,87,109,196
2025 Virus Weightlifting Series 1 Powered by Rogue Fitness,2025-02-27,Open Women's 64kg,Siera Schuster,63.77,83,86,89,104,107,-110,89,107,196
2025 Virus Weightlifting Series 1 Powered by Rogue Fitness,2025-02-27,Open Women's 71kg,Adrienne Vogelsang,70.28,80,84,87,102,106,109,87,109,196
2025 Virus Weightlifting Series 1 Powered by Rogue Fitness,2025-02-27,Men's Masters (35-39) 102kg,Nick Legger,96.18,85,-93,-95,-110,110,-120,85,110,195
2025 Virus Weightlifting Series 1 Powered by Rogue Fitness,2025-02-27,Men's 14-15 Age Group 67kg,Liam Bujanda,63.56,80,83,85,102,107,110,85,110,195
2025 Virus Weightlifting Series 1 Powered by Rogue Fitness,2025-02-27,Open Women's 87kg,Haley McDaniel,85.79,86,88,-90,104,107,-110,88,107,195
2025 Virus Weightlifting Series 1 Powered by Rogue Fitness,2025-02-27,Open Women's 64kg,Tiffany Roberts,63.15,85,88,-91,100,104,107,88,107,195
2025 Virus Weightlifting Series 1 Powered by Rogue Fitness,2025-02-27,Men's 14-15 Age Group 89kg,Zachary Raub,83.59,81,85,88,-105,106,-110,88,106,194
2025 Virus Weightlifting Series 1 Powered by Rogue Fitness,2025-02-27,Men's 16-17 Age Group 89kg,Jack Wilson,87.46,77,80,83,105,108,111,83,111,194
2025 Virus Weightlifting Series 1 Powered by Rogue Fitness,2025-02-27,Open Men's 73kg,Lucas Hu,72.13,77,80,82,105,109,112,82,112,194
2025 Virus Weightlifting Series 1 Powered by Rogue Fitness,2025-02-27,Open Women's 87kg,Kelsey Koontz,87,-85,87,90,104,-108,-110,90,104,194
2025 Virus Weightlifting Series 1 Powered by Rogue Fitness,2025-02-27,Open Women's 76kg,Reba Lewis,74.13,-85,85,88,-102,102,105,88,105,193
2025 Virus Weightlifting Series 1 Powered by Rogue Fitness,2025-02-27,Open Women's 81kg,Sydney Collins,80.56,80,85,-90,100,-106,108,85,108,193
2025 Virus Weightlifting Series 1 Powered by Rogue Fitness,2025-02-27,Open Men's 61kg,Austin Martin,60.14,-84,85,88,105,-110,-111,88,105,193
2025 Virus Weightlifting Series 1 Powered by Rogue Fitness,2025-02-27,Open Women's 71kg,Taylor Lucas,67.8,78,81,84,101,105,108,84,108,192
2025 Virus Weightlifting Series 1 Powered by Rogue Fitness,2025-02-27,Men's Masters (40-44) 81kg,Kevin Jorge,75.55,85,-88,89,100,103,-106,89,103,192
2025 Virus Weightlifting Series 1 Powered by Rogue Fitness,2025-02-27,Open Women's 71kg,Mariah merkle,68.44,80,83,86,96,101,105,86,105,191
2025 Virus Weightlifting Series 1 Powered by Rogue Fitness,2025-02-27,Men's Masters (40-44) 96kg,Ryan Hunter,91.62,80,-84,85,100,-105,106,85,106,191
2025 Virus Weightlifting Series 1 Powered by Rogue Fitness,2025-02-27,Men's 16-17 Age Group 61kg,TIMOTHY NEAL,60.11,82,-85,85,101,106,-114,85,106,191
2025 Virus Weightlifting Series 1 Powered by Rogue Fitness,2025-02-27,Open Women's 81kg,Sarah Kajdasz,76.11,82,85,-88,106,-109,-110,85,106,191
2025 Virus Weightlifting Series 1 Powered by Rogue Fitness,2025-02-27,Open Men's 73kg,Carson Castelli,72.55,82,-84,84,99,103,107,84,107,191
2025 Virus Weightlifting Series 1 Powered by Rogue Fitness,2025-02-27,Open Women's 71kg,Rachael Skinner,68.04,81,83,86,99,102,104,86,104,190
2025 Virus Weightlifting Series 1 Powered by Rogue Fitness,2025-02-27,Men's Masters (35-39) 89kg,Alex Macey,87.42,-81,81,-84,-109,109,-113,81,109,190
2025 Virus Weightlifting Series 1 Powered by Rogue Fitness,2025-02-27,Men's Masters (35-39) 96kg,Alphonso Jimenez,93.74,-83,83,-88,102,107,-112,83,107,190
2025 Virus Weightlifting Series 1 Powered by Rogue Fitness,2025-02-27,Men's Masters (55-59) +109kg,Gregory Deemer,128.55,85,90,-95,100,0,0,90,100,190
2025 Virus Weightlifting Series 1 Powered by Rogue Fitness,2025-02-27,Men's Masters (35-39) 89kg,Jeremy Blevens,86.92,76,-79,79,102,106,110,79,110,189
2025 Virus Weightlifting Series 1 Powered by Rogue Fitness,2025-02-27,Women's 16-17 Age Group +81kg,Kinsley Rodden,125.06,-78,78,83,99,102,106,83,106,189
2025 Virus Weightlifting Series 1 Powered by Rogue Fitness,2025-02-27,Men's Masters (35-39) 67kg,Shamil Parbhoo,66.25,-78,78,81,101,105,108,81,108,189
2025 Virus Weightlifting Series 1 Powered by Rogue Fitness,2025-02-27,Men's Masters (35-39) 89kg,Seth Chart,86.17,81,84,-87,101,104,-109,84,104,188
2025 Virus Weightlifting Series 1 Powered by Rogue Fitness,2025-02-27,Men's 14-15 Age Group 67kg,Levi Atwell,64.41,80,85,-88,95,103,-110,85,103,188
2025 Virus Weightlifting Series 1 Powered by Rogue Fitness,2025-02-27,Open Women's 71kg,Julia Daniel,70.17,83,86,89,-98,98,-102,89,98,187
2025 Virus Weightlifting Series 1 Powered by Rogue Fitness,2025-02-27,Open Women's 71kg,Madison Duvall,65.95,77,80,83,97,101,104,83,104,187
2025 Virus Weightlifting Series 1 Powered by Rogue Fitness,2025-02-27,Open Women's 76kg,Tamara Seager,74.3,82,85,-90,100,-102,102,85,102,187
2025 Virus Weightlifting Series 1 Powered by Rogue Fitness,2025-02-27,Open Women's 64kg,Jessica Tatman,62.69,81,-84,-86,-102,102,106,81,106,187
2025 Virus Weightlifting Series 1 Powered by Rogue Fitness,2025-02-27,Junior Women's 64kg,Kimberly Wiese,64,80,-83,83,104,-108,-108,83,104,187
2025 Virus Weightlifting Series 1 Powered by Rogue Fitness,2025-02-27,Men's Masters (35-39) 81kg,Guillermo Salcedo,79.85,75,-79,-81,105,109,112,75,112,187
2025 Virus Weightlifting Series 1 Powered by Rogue Fitness,2025-02-27,Men's Masters (35-39) 89kg,Jamar Wooten,89,65,70,72,109,112,114,72,114,186
2025 Virus Weightlifting Series 1 Powered by Rogue Fitness,2025-02-27,Men's Masters (50-54) 89kg,Mike Osborn,85.38,77,-81,81,-105,105,-110,81,105,186
2025 Virus Weightlifting Series 1 Powered by Rogue Fitness,2025-02-27,Men's 16-17 Age Group 73kg,Dominic Fruchtenicht,71.37,-82,-82,83,100,103,-110,83,103,186
2025 Virus Weightlifting Series 1 Powered by Rogue Fitness,2025-02-27,Women's Masters (40-44) +87kg,Liz Earley,104.68,76,80,85,95,101,-105,85,101,186
2025 Virus Weightlifting Series 1 Powered by Rogue Fitness,2025-02-27,Open Women's +87kg,Moriah Young,109.34,81,-84,-84,101,105,-108,81,105,186
2025 Virus Weightlifting Series 1 Powered by Rogue Fitness,2025-02-27,Open Women's 71kg,Brianna Leverenz,65.23,-79,80,82,100,103,-105,82,103,185
2025 Virus Weightlifting Series 1 Powered by Rogue Fitness,2025-02-27,Men's Masters (40-44) 89kg,Jeff Lantor,88.49,80,-83,-83,105,-110,-112,80,105,185
2025 Virus Weightlifting Series 1 Powered by Rogue Fitness,2025-02-27,Men's Masters (60-64) 89kg,Kent Neuerburg,84.2,71,74,77,100,105,108,77,108,185
2025 Virus Weightlifting Series 1 Powered by Rogue Fitness,2025-02-27,Open Men's 73kg,Sean Hou,72.15,78,-81,83,102,-106,-107,83,102,185
2025 Virus Weightlifting Series 1 Powered by Rogue Fitness,2025-02-27,Open Women's 64kg,Lisa Ho,63.07,-78,78,82,98,103,-108,82,103,185
2025 Virus Weightlifting Series 1 Powered by Rogue Fitness,2025-02-27,Men's Masters (35-39) 89kg,Zackary Hartley,87.74,-80,81,-83,100,103,-106,81,103,184
2025 Virus Weightlifting Series 1 Powered by Rogue Fitness,2025-02-27,Men's 14-15 Age Group 81kg,Keegan McHale,75.54,73,76,-79,104,108,-112,76,108,184
2025 Virus Weightlifting Series 1 Powered by Rogue Fitness,2025-02-27,Open Men's 73kg,Henry Iraheta,72.34,73,76,80,-104,104,-108,80,104,184
2025 Virus Weightlifting Series 1 Powered by Rogue Fitness,2025-02-27,Open Women's 71kg,Gretchen Stolte,69.11,74,77,81,95,99,102,81,102,183
2025 Virus Weightlifting Series 1 Powered by Rogue Fitness,2025-02-27,Open Women's 76kg,Taylor Hynes,75.03,80,83,-85,100,-103,-104,83,100,183
2025 Virus Weightlifting Series 1 Powered by Rogue Fitness,2025-02-27,Women's Masters (35-39) +87kg,Katelyn Nies,99.56,71,-73,75,102,105,108,75,108,183
2025 Virus Weightlifting Series 1 Powered by Rogue Fitness,2025-02-27,Open Men's 67kg,Jadier Rivera,66.96,75,-78,78,-105,-105,105,78,105,183
2025 Virus Weightlifting Series 1 Powered by Rogue Fitness,2025-02-27,Open Women's +87kg,Rachel Brindley,121.86,78,-82,-82,105,-109,-110,78,105,183
2025 Virus Weightlifting Series 1 Powered by Rogue Fitness,2025-02-27,Junior Women's 81kg,Catessa Guadagnoli,76.49,-74,74,78,99,-102,104,78,104,182
2025 Virus Weightlifting Series 1 Powered by Rogue Fitness,2025-02-27,Open Women's 76kg,ivana austhof,74.39,80,-83,-85,100,102,-107,80,102,182
2025 Virus Weightlifting Series 1 Powered by Rogue Fitness,2025-02-27,Men's 14-15 Age Group 67kg,Sasha Millin,65.74,74,78,81,94,98,101,81,101,182
2025 Virus Weightlifting Series 1 Powered by Rogue Fitness,2025-02-27,Men's 14-15 Age Group +89kg,Tate Fegley,107.06,75,80,-83,95,102,-107,80,102,182
2025 Virus Weightlifting Series 1 Powered by Rogue Fitness,2025-02-27,Women's Masters (35-39) 87kg,Abigail Lauxman,85.6,75,-77,-77,101,104,106,75,106,181
2025 Virus Weightlifting Series 1 Powered by Rogue Fitness,2025-02-27,Open Women's 76kg,Taylor Maginnis,75.17,75,78,80,99,101,-105,80,101,181
2025 Virus Weightlifting Series 1 Powered by Rogue Fitness,2025-02-27,Open Women's 71kg,Jamie Maffeo,69.8,81,-84,85,95,-100,-100,85,95,180
2025 Virus Weightlifting Series 1 Powered by Rogue Fitness,2025-02-27,Men's Masters (40-44) 73kg,Siu Fung Wong,71.96,73,77,-82,95,-100,103,77,103,180
2025 Virus Weightlifting Series 1 Powered by Rogue Fitness,2025-02-27,Men's 16-17 Age Group 61kg,William Drake,59.59,-80,80,83,-97,97,0,83,97,180
2025 Virus Weightlifting Series 1 Powered by Rogue Fitness,2025-02-27,Open Women's 87kg,Jaime Ding,85.72,77,80,-83,95,100,-105,80,100,180
2025 Virus Weightlifting Series 1 Powered by Rogue Fitness,2025-02-27,Open Women's 87kg,Kristen Braccio,86.5,74,-78,-78,102,106,-110,74,106,180
2025 Virus Weightlifting Series 1 Powered by Rogue Fitness,2025-02-27,Open Women's 87kg,Gentry Stevenson,85.63,71,75,78,98,102,-107,78,102,180
2025 Virus Weightlifting Series 1 Powered by Rogue Fitness,2025-02-27,Men's Masters (35-39) 81kg,Gregory Tuffy,80.07,77,80,-83,-100,-100,100,80,100,180
2025 Virus Weightlifting Series 1 Powered by Rogue Fitness,2025-02-27,Open Women's 71kg,Nyah Namisnak,69.98,80,83,-85,90,93,96,83,96,179
2025 Virus Weightlifting Series 1 Powered by Rogue Fitness,2025-02-27,Open Women's 71kg,Celia Montgomery,68.68,76,79,-82,100,-105,-105,79,100,179
2025 Virus Weightlifting Series 1 Powered by Rogue Fitness,2025-02-27,Men's Masters (40-44) 73kg,Arkadiy Makaron,71.46,71,75,-78,99,104,-109,75,104,179
2025 Virus Weightlifting Series 1 Powered by Rogue Fitness,2025-02-27,Men's 14-15 Age Group +89kg,Walker Stanley,106.63,78,-80,-80,-101,101,-105,78,101,179
2025 Virus Weightlifting Series 1 Powered by Rogue Fitness,2025-02-27,Open Women's 87kg,Ashley Ferguson,84.74,76,-79,-79,96,100,103,76,103,179
2025 Virus Weightlifting Series 1 Powered by Rogue Fitness,2025-02-27,Open Women's 71kg,Alexis Wolfe,66.54,77,-80,80,98,-102,-102,80,98,178
2025 Virus Weightlifting Series 1 Powered by Rogue Fitness,2025-02-27,Open Women's 71kg,Chereese Creel,68.14,74,77,80,94,98,-102,80,98,178
2025 Virus Weightlifting Series 1 Powered by Rogue Fitness,2025-02-27,Men's 14-15 Age Group 73kg,Jonathan Banu,70.68,70,80,83,95,-102,-102,83,95,178
2025 Virus Weightlifting Series 1 Powered by Rogue Fitness,2025-02-27,Open Women's 55kg,Veronica Bagundes,54.38,71,74,77,95,98,101,77,101,178
2025 Virus Weightlifting Series 1 Powered by Rogue Fitness,2025-02-27,Open Men's 73kg,Nima Hemmatian,70.12,76,-80,80,-97,97,-101,80,97,177
2025 Virus Weightlifting Series 1 Powered by Rogue Fitness,2025-02-27,Open Women's 87kg,Amberley Hudson,82.3,74,77,-81,95,100,-105,77,100,177
2025 Virus Weightlifting Series 1 Powered by Rogue Fitness,2025-02-27,Open Women's +87kg,Karla Tapia,108.9,77,-80,-80,94,97,100,77,100,177
2025 Virus Weightlifting Series 1 Powered by Rogue Fitness,2025-02-27,Open Women's 64kg,Couger Jaramillo,63.62,73,76,78,93,-96,99,78,99,177
2025 Virus Weightlifting Series 1 Powered by Rogue Fitness,2025-02-27,Women's Masters (35-39) 64kg,Joelle Emery,63.87,75,79,-82,92,97,-101,79,97,176
2025 Virus Weightlifting Series 1 Powered by Rogue Fitness,2025-02-27,Women's Masters (35-39) 71kg,Karisa Rossman,69.9,76,79,-82,-95,-97,97,79,97,176
2025 Virus Weightlifting Series 1 Powered by Rogue Fitness,2025-02-27,Open Women's 81kg,Kali Tyler-House,80.76,73,76,-78,100,-103,-104,76,100,176
2025 Virus Weightlifting Series 1 Powered by Rogue Fitness,2025-02-27,Open Men's 67kg,Andrew Christoferson ,66.64,72,75,79,93,97,-100,79,97,176
2025 Virus Weightlifting Series 1 Powered by Rogue Fitness,2025-02-27,Open Women's 64kg,Angelique Matsushima,62.7,77,80,-83,96,-100,0,80,96,176
2025 Virus Weightlifting Series 1 Powered by Rogue Fitness,2025-02-27,Junior Men's 73kg,Neeko Washington,69.67,-70,70,75,92,97,101,75,101,176
2025 Virus Weightlifting Series 1 Powered by Rogue Fitness,2025-02-27,Junior Women's 64kg,Ava Giorgi,63.04,77,79,81,89,92,95,81,95,176
2025 Virus Weightlifting Series 1 Powered by Rogue Fitness,2025-02-27,Men's Masters (60-64) 109kg,Randall Lewis,106.19,-72,72,75,94,97,100,75,100,175
2025 Virus Weightlifting Series 1 Powered by Rogue Fitness,2025-02-27,Open Women's 59kg,Kathryn Rose,57.84,74,-77,-78,-97,97,101,74,101,175
2025 Virus Weightlifting Series 1 Powered by Rogue Fitness,2025-02-27,Women's Masters (35-39) 81kg,Olivia Piacentini,80.28,72,75,79,91,-95,95,79,95,174
2025 Virus Weightlifting Series 1 Powered by Rogue Fitness,2025-02-27,Open Women's 76kg,Taylor Fetzer,75.94,70,72,74,94,-97,100,74,100,174
2025 Virus Weightlifting Series 1 Powered by Rogue Fitness,2025-02-27,Men's 16-17 Age Group 67kg,Dylan Brown,65.17,72,75,-78,92,96,99,75,99,174
2025 Virus Weightlifting Series 1 Powered by Rogue Fitness,2025-02-27,Open Women's 76kg,Lucie Gehringer,71.75,75,-78,-79,98,-101,-102,75,98,173
2025 Virus Weightlifting Series 1 Powered by Rogue Fitness,2025-02-27,Women's Masters (40-44) 76kg,Kimberly Andrew,74.38,75,78,-80,90,93,95,78,95,173
2025 Virus Weightlifting Series 1 Powered by Rogue Fitness,2025-02-27,Women's 14-15 Age Group 64kg,Chassity Del Balso,63.83,70,73,-75,92,96,100,73,100,173
2025 Virus Weightlifting Series 1 Powered by Rogue Fitness,2025-02-27,Women's Masters (35-39) 71kg,Janae Ivery,67.83,-75,-77,78,90,94,-99,78,94,172
2025 Virus Weightlifting Series 1 Powered by Rogue Fitness,2025-02-27,Open Women's 71kg,Carly Puzacke,70,-74,74,-78,94,97,-100,74,97,171
2025 Virus Weightlifting Series 1 Powered by Rogue Fitness,2025-02-27,Women's Masters (40-44) 71kg,Jennifer White,70.33,70,73,78,85,88,93,78,93,171
2025 Virus Weightlifting Series 1 Powered by Rogue Fitness,2025-02-27,Men's Masters (65-69) 81kg,Scott Obici,79.61,75,-78,-78,-95,-96,96,75,96,171
2025 Virus Weightlifting Series 1 Powered by Rogue Fitness,2025-02-27,Women's Masters (45-49) 81kg,Amy Hovan,78.82,-75,75,78,90,93,-96,78,93,171
2025 Virus Weightlifting Series 1 Powered by Rogue Fitness,2025-02-27,Open Women's 87kg,Clay Conley,83.55,74,-78,78,90,93,-96,78,93,171
2025 Virus Weightlifting Series 1 Powered by Rogue Fitness,2025-02-27,Women's 16-17 Age Group 64kg,Autumn Sands,63.45,73,-76,78,-92,93,-95,78,93,171
2025 Virus Weightlifting Series 1 Powered by Rogue Fitness,2025-02-27,Junior Women's 59kg,danila tuazon,59,74,77,-80,94,-97,-99,77,94,171
2025 Virus Weightlifting Series 1 Powered by Rogue Fitness,2025-02-27,Men's Masters (35-39) 73kg,Ferron Harris,72.58,75,-78,-79,90,93,96,75,96,171
2025 Virus Weightlifting Series 1 Powered by Rogue Fitness,2025-02-27,Open Women's 71kg,Tawny Alviola,66.98,70,-73,73,93,97,-100,73,97,170
2025 Virus Weightlifting Series 1 Powered by Rogue Fitness,2025-02-27,Men's Masters (40-44) 89kg,Samuel Gao,88.83,-75,80,-85,85,90,-95,80,90,170
2025 Virus Weightlifting Series 1 Powered by Rogue Fitness,2025-02-27,Open Women's 76kg,Joy Vincent,75.15,-76,76,-80,90,94,-98,76,94,170
2025 Virus Weightlifting Series 1 Powered by Rogue Fitness,2025-02-27,Women's Masters (40-44) 81kg,Marina Gidcumb ,80.04,-71,71,75,91,-93,95,75,95,170
2025 Virus Weightlifting Series 1 Powered by Rogue Fitness,2025-02-27,Open Men's 73kg,Chun-Peng Lin,67.9,-70,70,72,94,-97,98,72,98,170
2025 Virus Weightlifting Series 1 Powered by Rogue Fitness,2025-02-27,Open Women's +87kg,Keaton Poppe,128.43,70,72,74,93,96,-99,74,96,170
2025 Virus Weightlifting Series 1 Powered by Rogue Fitness,2025-02-27,Open Women's 49kg,Kaylin White,48.34,70,-72,74,90,93,96,74,96,170
2025 Virus Weightlifting Series 1 Powered by Rogue Fitness,2025-02-27,Junior Men's 67kg,Jaden Youmans,67.01,70,74,-79,94,96,-98,74,96,170
2025 Virus Weightlifting Series 1 Powered by Rogue Fitness,2025-02-27,Women's Masters (35-39) 87kg,Beth Simon,87,72,-75,-75,-96,97,-100,72,97,169
2025 Virus Weightlifting Series 1 Powered by Rogue Fitness,2025-02-27,Open Women's 71kg,Lauren Gremizzi,68.87,74,77,80,88,-92,-92,80,88,168
2025 Virus Weightlifting Series 1 Powered by Rogue Fitness,2025-02-27,Open Women's 81kg,SayKay Brown,78.52,74,-77,-77,94,-97,-100,74,94,168
2025 Virus Weightlifting Series 1 Powered by Rogue Fitness,2025-02-27,Women's Masters (40-44) +87kg,Stephanie Teare,128.01,72,75,-78,93,-97,-97,75,93,168
2025 Virus Weightlifting Series 1 Powered by Rogue Fitness,2025-02-27,Open Women's +87kg,Madeleine Jones,92.35,68,71,74,88,91,94,74,94,168
2025 Virus Weightlifting Series 1 Powered by Rogue Fitness,2025-02-27,Open Women's +87kg,Kelsi Reynolds,98.01,68,71,-73,94,97,-100,71,97,168
2025 Virus Weightlifting Series 1 Powered by Rogue Fitness,2025-02-27,Open Women's 64kg,Taylor Perry,61.78,-74,74,77,87,-91,91,77,91,168
2025 Virus Weightlifting Series 1 Powered by Rogue Fitness,2025-02-27,Open Women's 71kg,Bethany Jones,68,72,-74,-75,93,95,-97,72,95,167
2025 Virus Weightlifting Series 1 Powered by Rogue Fitness,2025-02-27,Women's Masters (35-39) 81kg,Rachel Escolas,77.81,69,72,75,85,89,92,75,92,167
2025 Virus Weightlifting Series 1 Powered by Rogue Fitness,2025-02-27,Open Women's +87kg,Shelbey Phelps,108.96,74,77,-80,90,-95,-95,77,90,167
2025 Virus Weightlifting Series 1 Powered by Rogue Fitness,2025-02-27,Open Women's +87kg,Lauryn Nutter,101.43,69,72,-74,89,-94,95,72,95,167
2025 Virus Weightlifting Series 1 Powered by Rogue Fitness,2025-02-27,Men's Masters (35-39) 81kg,John Mark Spadafora,80.27,75,-78,-80,85,92,-101,75,92,167
2025 Virus Weightlifting Series 1 Powered by Rogue Fitness,2025-02-27,Open Women's 71kg,Emma Reed,68.64,72,-75,-75,94,-98,-100,72,94,166
2025 Virus Weightlifting Series 1 Powered by Rogue Fitness,2025-02-27,Men's 14-15 Age Group 55kg,Andrew Weymer,54.54,72,74,76,-87,88,90,76,90,166
2025 Virus Weightlifting Series 1 Powered by Rogue Fitness,2025-02-27,Women's Masters (35-39) +87kg,Kerryn Havermale,111.4,-71,-71,71,-90,90,95,71,95,166
2025 Virus Weightlifting Series 1 Powered by Rogue Fitness,2025-02-27,Open Women's +87kg,Shayla Breedlove,125.35,-67,67,71,85,90,95,71,95,166
2025 Virus Weightlifting Series 1 Powered by Rogue Fitness,2025-02-27,Junior Women's 55kg,Violeta Fernandez Martino,54.16,-73,73,76,85,90,-95,76,90,166
2025 Virus Weightlifting Series 1 Powered by Rogue Fitness,2025-02-27,Junior Women's 71kg,Riley Wallace,70.31,73,-75,76,-90,90,-92,76,90,166
2025 Virus Weightlifting Series 1 Powered by Rogue Fitness,2025-02-27,Women's Masters (35-39) 71kg,Holly Crane,69.92,71,74,-76,91,-94,-95,74,91,165
2025 Virus Weightlifting Series 1 Powered by Rogue Fitness,2025-02-27,Women's Masters (35-39) 76kg,Challen Pressley Schleh,72.2,-72,72,-74,91,93,-95,72,93,165
2025 Virus Weightlifting Series 1 Powered by Rogue Fitness,2025-02-27,Open Men's 73kg,Eyn Williams,71.53,75,-80,-82,-88,90,-105,75,90,165
2025 Virus Weightlifting Series 1 Powered by Rogue Fitness,2025-02-27,Open Women's +87kg,Marissa DelGado,105.8,-73,75,78,84,87,-90,78,87,165
2025 Virus Weightlifting Series 1 Powered by Rogue Fitness,2025-02-27,Women's 14-15 Age Group 71kg,Gianna Van Hofwegen,66.25,71,73,75,90,-93,-95,75,90,165
2025 Virus Weightlifting Series 1 Powered by Rogue Fitness,2025-02-27,Junior Women's 71kg,Allie Brink,66.1,67,-72,73,88,92,-95,73,92,165
2025 Virus Weightlifting Series 1 Powered by Rogue Fitness,2025-02-27,Women's Masters (35-39) 87kg,Rebecca Rivera,85.28,68,71,-73,90,93,-96,71,93,164
2025 Virus Weightlifting Series 1 Powered by Rogue Fitness,2025-02-27,Men's 14-15 Age Group 73kg,Noah Booth,71.64,66,-69,70,87,91,94,70,94,164
2025 Virus Weightlifting Series 1 Powered by Rogue Fitness,2025-02-27,Open Women's 55kg,Annie Gough,54.63,-72,-75,75,86,89,-92,75,89,164
2025 Virus Weightlifting Series 1 Powered by Rogue Fitness,2025-02-27,Open Women's 59kg,Gwen Rivero,58.71,-71,71,74,90,-94,-95,74,90,164
2025 Virus Weightlifting Series 1 Powered by Rogue Fitness,2025-02-27,Open Women's 64kg,Anna Konrath,63.29,72,-75,-76,88,-91,92,72,92,164
2025 Virus Weightlifting Series 1 Powered by Rogue Fitness,2025-02-27,Open Women's 71kg,Gabrielle Haugh,68.74,71,74,-76,-89,89,-92,74,89,163
2025 Virus Weightlifting Series 1 Powered by Rogue Fitness,2025-02-27,Men's Masters (45-49) 89kg,Alan Landsman,87.27,67,-72,72,87,91,-97,72,91,163
2025 Virus Weightlifting Series 1 Powered by Rogue Fitness,2025-02-27,Open Women's 76kg,Katherine Wishart,72.84,-67,67,72,87,91,-93,72,91,163
2025 Virus Weightlifting Series 1 Powered by Rogue Fitness,2025-02-27,Women's Masters (40-44) 71kg,Amy Pierce,70.32,72,-75,-75,88,-91,91,72,91,163
2025 Virus Weightlifting Series 1 Powered by Rogue Fitness,2025-02-27,Open Women's 81kg,Gina Guillory,79.43,-70,-70,70,90,93,-95,70,93,163
2025 Virus Weightlifting Series 1 Powered by Rogue Fitness,2025-02-27,Open Women's 76kg,Chelsea Nieves,74.92,71,74,-77,88,-91,-92,74,88,162
2025 Virus Weightlifting Series 1 Powered by Rogue Fitness,2025-02-27,Men's 14-15 Age Group 81kg,Nathanael Maher,74.09,69,71,73,85,89,-92,73,89,162
2025 Virus Weightlifting Series 1 Powered by Rogue Fitness,2025-02-27,Open Men's 55kg,Joe Dang,53.87,66,69,-72,86,89,93,69,93,162
2025 Virus Weightlifting Series 1 Powered by Rogue Fitness,2025-02-27,Men's 16-17 Age Group +102kg,Irvin Mejia,106.37,65,-70,70,81,86,92,70,92,162
2025 Virus Weightlifting Series 1 Powered by Rogue Fitness,2025-02-27,Open Women's 87kg,Ashley Neal,85.25,71,73,75,80,84,87,75,87,162
2025 Virus Weightlifting Series 1 Powered by Rogue Fitness,2025-02-27,Open Women's 87kg,Martina Fiorentini,82.12,68,72,-75,-90,90,-93,72,90,162
2025 Virus Weightlifting Series 1 Powered by Rogue Fitness,2025-02-27,Open Women's +87kg,Robyn Teed,118.6,71,74,-77,82,85,88,74,88,162
2025 Virus Weightlifting Series 1 Powered by Rogue Fitness,2025-02-27,Open Women's 64kg,Daisee Fink,61.95,66,68,71,-91,91,-94,71,91,162
2025 Virus Weightlifting Series 1 Powered by Rogue Fitness,2025-02-27,Open Women's 71kg,Kayla Thompson,69.65,69,-72,-75,92,-96,-96,69,92,161
2025 Virus Weightlifting Series 1 Powered by Rogue Fitness,2025-02-27,Open Women's 71kg,Lydia Graham,70.33,67,-69,69,87,90,92,69,92,161
2025 Virus Weightlifting Series 1 Powered by Rogue Fitness,2025-02-27,Open Women's 87kg,Hana Hunter,87,67,69,71,83,87,90,71,90,161
2025 Virus Weightlifting Series 1 Powered by Rogue Fitness,2025-02-27,Men's Masters (35-39) 55kg,Derick Puff,55,-70,70,73,80,84,88,73,88,161
2025 Virus Weightlifting Series 1 Powered by Rogue Fitness,2025-02-27,Open Women's 71kg,Brenna Flynn,71,-74,74,-77,86,-90,-90,74,86,160
2025 Virus Weightlifting Series 1 Powered by Rogue Fitness,2025-02-27,Open Women's 71kg,Alysia Grantham,65.97,67,-71,71,85,89,-91,71,89,160
2025 Virus Weightlifting Series 1 Powered by Rogue Fitness,2025-02-27,Men's Masters (60-64) 109kg,Bodie Stegelmann,103.78,60,63,69,83,86,91,69,91,160
2025 Virus Weightlifting Series 1 Powered by Rogue Fitness,2025-02-27,Men's Masters (65-69) 102kg,Henry Haver,100.69,70,-75,-75,90,0,0,70,90,160
2025 Virus Weightlifting Series 1 Powered by Rogue Fitness,2025-02-27,Open Women's 81kg,Alex Stageman,79.8,66,69,72,88,-92,-93,72,88,160
2025 Virus Weightlifting Series 1 Powered by Rogue Fitness,2025-02-27,Women's 16-17 Age Group 64kg,Payton Mangay-ayam,63.24,63,66,-69,86,-90,94,66,94,160
2025 Virus Weightlifting Series 1 Powered by Rogue Fitness,2025-02-27,Open Women's 64kg,Catherine Moore,61.21,-68,-68,68,87,89,92,68,92,160
2025 Virus Weightlifting Series 1 Powered by Rogue Fitness,2025-02-27,Men's Masters (35-39) 89kg,Ben Dolly,84.33,71,-76,-77,-88,88,-95,71,88,159
2025 Virus Weightlifting Series 1 Powered by Rogue Fitness,2025-02-27,Men's Masters (45-49) 81kg,Martin  Rydel,77.63,60,63,-66,88,92,96,63,96,159
2025 Virus Weightlifting Series 1 Powered by Rogue Fitness,2025-02-27,Women's 16-17 Age Group 55kg,madeline francescone,53.89,65,68,71,83,86,88,71,88,159
2025 Virus Weightlifting Series 1 Powered by Rogue Fitness,2025-02-27,Open Women's 71kg,Giselle Catalasan,68.59,64,66,68,81,85,90,68,90,158
2025 Virus Weightlifting Series 1 Powered by Rogue Fitness,2025-02-27,Women's Masters (35-39) 76kg,Brittni Perry,75.73,68,72,-75,86,-89,-91,72,86,158
2025 Virus Weightlifting Series 1 Powered by Rogue Fitness,2025-02-27,Women's Masters (35-39) +87kg,Melissa Boguslawski,92.82,63,66,-69,84,88,92,66,92,158
2025 Virus Weightlifting Series 1 Powered by Rogue Fitness,2025-02-27,Women's Masters (40-44) 76kg,Stephanie Rosario,72.86,64,67,70,85,88,-91,70,88,158
2025 Virus Weightlifting Series 1 Powered by Rogue Fitness,2025-02-27,Women's 16-17 Age Group 64kg,Keilana Brewer,60.86,69,72,-75,83,86,-89,72,86,158
2025 Virus Weightlifting Series 1 Powered by Rogue Fitness,2025-02-27,Open Women's 64kg,Stephany Wilson,62.39,70,72,74,-81,81,84,74,84,158
2025 Virus Weightlifting Series 1 Powered by Rogue Fitness,2025-02-27,Men's Masters (35-39) 73kg,Nicholas Albert,72.35,62,65,68,90,-94,-97,68,90,158
2025 Virus Weightlifting Series 1 Powered by Rogue Fitness,2025-02-27,Open Women's 71kg,Chloe Starr,65.51,60,64,68,83,86,89,68,89,157
2025 Virus Weightlifting Series 1 Powered by Rogue Fitness,2025-02-27,Open Women's 71kg,Taylor Bjork,70.88,-67,67,-70,87,90,-92,67,90,157
2025 Virus Weightlifting Series 1 Powered by Rogue Fitness,2025-02-27,Open Women's 76kg,Alexa Oliveras,74.68,70,-73,-76,80,87,-90,70,87,157
2025 Virus Weightlifting Series 1 Powered by Rogue Fitness,2025-02-27,Open Women's 81kg,Mikaela O’Barr,80,65,68,72,85,-90,-90,72,85,157
2025 Virus Weightlifting Series 1 Powered by Rogue Fitness,2025-02-27,Women's Masters (40-44) 87kg,Eunice Rho,85.13,66,69,-72,88,-90,-94,69,88,157
2025 Virus Weightlifting Series 1 Powered by Rogue Fitness,2025-02-27,Junior Men's 67kg,Nicholas Bedin,61.7,63,67,-70,85,90,-93,67,90,157
2025 Virus Weightlifting Series 1 Powered by Rogue Fitness,2025-02-27,Junior Women's 64kg,Emily Green,63.21,68,-70,70,82,85,87,70,87,157
2025 Virus Weightlifting Series 1 Powered by Rogue Fitness,2025-02-27,Open Women's 71kg,Alexandra Barreto,69.58,63,66,69,84,87,-90,69,87,156
2025 Virus Weightlifting Series 1 Powered by Rogue Fitness,2025-02-27,Women's Masters (35-39) 71kg,Crystal Ball,69.43,63,-66,66,82,86,90,66,90,156
2025 Virus Weightlifting Series 1 Powered by Rogue Fitness,2025-02-27,Open Women's +87kg,Christa Larence,92.2,65,-69,69,79,83,87,69,87,156
2025 Virus Weightlifting Series 1 Powered by Rogue Fitness,2025-02-27,Junior Women's 64kg,Brianna Marquez,63.89,-63,63,65,88,91,-93,65,91,156
2025 Virus Weightlifting Series 1 Powered by Rogue Fitness,2025-02-27,Women's Masters (35-39) 64kg,Nicole Kupfer,62.81,60,63,65,84,87,90,65,90,155
2025 Virus Weightlifting Series 1 Powered by Rogue Fitness,2025-02-27,Open Women's 71kg,Emma Walton,70.22,65,67,-69,-88,88,-91,67,88,155
2025 Virus Weightlifting Series 1 Powered by Rogue Fitness,2025-02-27,Men's Masters (45-49) 89kg,Garrett Gargan,88.2,64,-67,-70,86,91,-95,64,91,155
2025 Virus Weightlifting Series 1 Powered by Rogue Fitness,2025-02-27,Women's Masters (35-39) 87kg,Whitney Shaw,86.4,63,68,-71,83,-87,87,68,87,155
2025 Virus Weightlifting Series 1 Powered by Rogue Fitness,2025-02-27,Open Men's 61kg,William Meredith,59.66,65,-67,-67,87,-90,90,65,90,155
2025 Virus Weightlifting Series 1 Powered by Rogue Fitness,2025-02-27,Open Women's 55kg,Julia Tomasello,54.32,66,68,70,85,-88,-90,70,85,155
2025 Virus Weightlifting Series 1 Powered by Rogue Fitness,2025-02-27,Open Women's 59kg,Cari Griffin,58.95,66,-69,69,82,86,-89,69,86,155
2025 Virus Weightlifting Series 1 Powered by Rogue Fitness,2025-02-27,Women's 16-17 Age Group +81kg,Eleanor Cler,109.28,66,69,72,-83,83,-88,72,83,155
2025 Virus Weightlifting Series 1 Powered by Rogue Fitness,2025-02-27,Open Women's 71kg,Leah  Vertullo,68.94,-71,71,-73,80,83,-88,71,83,154
2025 Virus Weightlifting Series 1 Powered by Rogue Fitness,2025-02-27,Men's 14-15 Age Group 61kg,Ezekiel Macias,61,64,-67,68,77,81,86,68,86,154
2025 Virus Weightlifting Series 1 Powered by Rogue Fitness,2025-02-27,Open Women's +87kg,Skyler Peebles,118.3,61,-64,64,82,86,90,64,90,154
2025 Virus Weightlifting Series 1 Powered by Rogue Fitness,2025-02-27,Open Women's 49kg,Lucy Lapane,46.91,64,66,68,80,83,86,68,86,154
2025 Virus Weightlifting Series 1 Powered by Rogue Fitness,2025-02-27,Open Women's 59kg,Stephanie Kennedy,56.07,66,68,-71,86,-89,-89,68,86,154
2025 Virus Weightlifting Series 1 Powered by Rogue Fitness,2025-02-27,Open Men's 89kg,Justus Foster,82.27,63,66,-68,82,85,88,66,88,154
2025 Virus Weightlifting Series 1 Powered by Rogue Fitness,2025-02-27,Open Women's 64kg,Bianca Macias,62.75,64,67,-70,84,87,-90,67,87,154
2025 Virus Weightlifting Series 1 Powered by Rogue Fitness,2025-02-27,Open Women's 81kg,Halona Stephenson,78.4,65,68,-71,79,82,85,68,85,153
2025 Virus Weightlifting Series 1 Powered by Rogue Fitness,2025-02-27,Open Women's 81kg,Emily Faas,80.49,65,68,-71,81,85,-87,68,85,153
2025 Virus Weightlifting Series 1 Powered by Rogue Fitness,2025-02-27,Women's Masters (40-44) 87kg,Sarah Tompos,83.17,70,73,-76,80,-85,-85,73,80,153
2025 Virus Weightlifting Series 1 Powered by Rogue Fitness,2025-02-27,Open Women's 64kg,Shannon McAmis,62.05,67,70,-73,83,-86,-87,70,83,153
2025 Virus Weightlifting Series 1 Powered by Rogue Fitness,2025-02-27,Junior Women's 76kg,lucia page sander,74.48,64,67,70,80,83,-85,70,83,153
2025 Virus Weightlifting Series 1 Powered by Rogue Fitness,2025-02-27,Junior Women's 87kg,Valentina  Blandon,86.1,59,61,65,80,83,87,65,87,152
2025 Virus Weightlifting Series 1 Powered by Rogue Fitness,2025-02-27,Open Women's 71kg,Jessica Dantowitz,70.52,67,70,-72,79,82,-85,70,82,152
2025 Virus Weightlifting Series 1 Powered by Rogue Fitness,2025-02-27,Open Women's 71kg,Brittlan Wall,67.59,65,68,-70,78,81,84,68,84,152
2025 Virus Weightlifting Series 1 Powered by Rogue Fitness,2025-02-27,Open Women's 76kg,Erin Sly,76,60,63,66,81,84,86,66,86,152
2025 Virus Weightlifting Series 1 Powered by Rogue Fitness,2025-02-27,Open Women's 76kg,Courtney Beale,74.65,67,70,-72,79,82,-85,70,82,152
2025 Virus Weightlifting Series 1 Powered by Rogue Fitness,2025-02-27,Women's Masters (40-44) 76kg,Rachel Kremer,76,65,67,69,80,83,-86,69,83,152
2025 Virus Weightlifting Series 1 Powered by Rogue Fitness,2025-02-27,Women's Masters (40-44) 76kg,Katherine Cirone,74.89,63,66,68,80,84,-87,68,84,152
2025 Virus Weightlifting Series 1 Powered by Rogue Fitness,2025-02-27,Open Women's 45kg,Virginie Beljour,45,61,64,-67,82,87,-91,64,87,151
2025 Virus Weightlifting Series 1 Powered by Rogue Fitness,2025-02-27,Open Women's 59kg,Lindsey Yeom,58.15,-65,65,-68,-83,83,86,65,86,151
2025 Virus Weightlifting Series 1 Powered by Rogue Fitness,2025-02-27,Open Women's 59kg,Maria Hayden,55.55,65,-69,-70,83,86,-90,65,86,151
2025 Virus Weightlifting Series 1 Powered by Rogue Fitness,2025-02-27,Open Women's 64kg,Kelli Brightwell,63.69,63,66,-69,82,-85,85,66,85,151
2025 Virus Weightlifting Series 1 Powered by Rogue Fitness,2025-02-27,Junior Women's 64kg,Kareema Salah,61.65,62,-65,65,82,-86,86,65,86,151
2025 Virus Weightlifting Series 1 Powered by Rogue Fitness,2025-02-27,Open Women's 71kg,Amanda Putnam,65.7,64,67,70,72,77,80,70,80,150
2025 Virus Weightlifting Series 1 Powered by Rogue Fitness,2025-02-27,Open Women's 71kg,Tori Cook,65.78,61,64,-66,80,83,86,64,86,150
2025 Virus Weightlifting Series 1 Powered by Rogue Fitness,2025-02-27,Women's Masters (35-39) 71kg,Michelle Wagner,70.32,64,67,-70,80,83,-86,67,83,150
2025 Virus Weightlifting Series 1 Powered by Rogue Fitness,2025-02-27,Women's Masters (35-39) 76kg,Joanne Whitmer,74.02,59,62,65,79,82,85,65,85,150
2025 Virus Weightlifting Series 1 Powered by Rogue Fitness,2025-02-27,Open Women's 76kg,Cassie Anglin,75,64,66,68,77,80,82,68,82,150
2025 Virus Weightlifting Series 1 Powered by Rogue Fitness,2025-02-27,Men's 16-17 Age Group 67kg,Caleb Hunter,61.8,-65,65,-69,80,85,-90,65,85,150
2025 Virus Weightlifting Series 1 Powered by Rogue Fitness,2025-02-27,Open Women's 87kg,Kelsey Ogle,86.44,60,63,-65,84,87,-90,63,87,150
2025 Virus Weightlifting Series 1 Powered by Rogue Fitness,2025-02-27,Open Women's 64kg,Amelia Dunn,62.75,68,-71,-74,79,82,-85,68,82,150
2025 Virus Weightlifting Series 1 Powered by Rogue Fitness,2025-02-27,Open Women's 64kg,Lainey Cool,62.5,63,65,68,80,82,-84,68,82,150
2025 Virus Weightlifting Series 1 Powered by Rogue Fitness,2025-02-27,Junior Women's 71kg,Wynter Montgomery,65.99,62,65,-67,-81,81,85,65,85,150
2025 Virus Weightlifting Series 1 Powered by Rogue Fitness,2025-02-27,Open Women's 71kg,Kelsey Stahman,67.36,63,66,70,77,-79,79,70,79,149
2025 Virus Weightlifting Series 1 Powered by Rogue Fitness,2025-02-27,Open Women's 76kg,Patricia Van Buren,75.79,63,67,-70,78,82,-86,67,82,149
2025 Virus Weightlifting Series 1 Powered by Rogue Fitness,2025-02-27,Open Women's 76kg,Angelica Croteau,75.36,60,64,-67,82,85,-87,64,85,149
2025 Virus Weightlifting Series 1 Powered by Rogue Fitness,2025-02-27,Women's Masters (45-49) 76kg,Brenda Espinoza,75.68,63,-65,-66,83,-86,86,63,86,149
2025 Virus Weightlifting Series 1 Powered by Rogue Fitness,2025-02-27,Open Women's +87kg,Virginia Constable,136.98,61,64,-69,81,85,-89,64,85,149
2025 Virus Weightlifting Series 1 Powered by Rogue Fitness,2025-02-27,Junior Women's 49kg,Brynn Cupp,48.42,63,65,67,77,79,82,67,82,149
2025 Virus Weightlifting Series 1 Powered by Rogue Fitness,2025-02-27,Open Women's 64kg,Elise Garza,63.24,61,-65,-65,85,88,-91,61,88,149
2025 Virus Weightlifting Series 1 Powered by Rogue Fitness,2025-02-27,Open Women's 64kg,Lexie Mueller,60.31,57,-61,63,82,86,-90,63,86,149
2025 Virus Weightlifting Series 1 Powered by Rogue Fitness,2025-02-27,Women's Masters (40-44) 64kg,Olga Pisarskiy,60.81,62,65,68,78,80,-82,68,80,148
2025 Virus Weightlifting Series 1 Powered by Rogue Fitness,2025-02-27,Women's Masters (40-44) 81kg,Angie Cornejo,76.45,60,63,-66,80,85,-88,63,85,148
2025 Virus Weightlifting Series 1 Powered by Rogue Fitness,2025-02-27,Open Women's 81kg,Holli Ryan,78.96,-65,65,-67,-83,83,-85,65,83,148
2025 Virus Weightlifting Series 1 Powered by Rogue Fitness,2025-02-27,Open Women's 59kg,Emi Smith,58.86,66,69,-72,76,79,-82,69,79,148
2025 Virus Weightlifting Series 1 Powered by Rogue Fitness,2025-02-27,Open Women's 64kg,Emily Khaykin,62.81,61,63,-65,79,82,85,63,85,148
2025 Virus Weightlifting Series 1 Powered by Rogue Fitness,2025-02-27,Open Women's 64kg,Miriam Hazlett,62.84,60,63,-66,80,85,-90,63,85,148
2025 Virus Weightlifting Series 1 Powered by Rogue Fitness,2025-02-27,Junior Women's 64kg,Peyton Muth,63.49,-62,-64,65,80,83,-85,65,83,148
2025 Virus Weightlifting Series 1 Powered by Rogue Fitness,2025-02-27,Women's Masters (35-39) 71kg,Minna Ranjeva,69.25,60,65,67,75,80,-83,67,80,147
2025 Virus Weightlifting Series 1 Powered by Rogue Fitness,2025-02-27,Open Women's 71kg,Marissa Ashner,69.44,61,64,67,74,78,80,67,80,147
2025 Virus Weightlifting Series 1 Powered by Rogue Fitness,2025-02-27,Women's Masters (35-39) 87kg,Erin Mena,85.73,59,-63,63,-84,84,-89,63,84,147
2025 Virus Weightlifting Series 1 Powered by Rogue Fitness,2025-02-27,Open Women's 76kg,Shannon Chalich,74.63,63,-67,-70,84,-87,-90,63,84,147
2025 Virus Weightlifting Series 1 Powered by Rogue Fitness,2025-02-27,Open Women's 81kg,Marissa Campbell,76.36,61,63,-66,81,84,-87,63,84,147
2025 Virus Weightlifting Series 1 Powered by Rogue Fitness,2025-02-27,Women's Masters (50-54) +87kg,Delores Hill,101.99,63,66,-69,78,81,-84,66,81,147
2025 Virus Weightlifting Series 1 Powered by Rogue Fitness,2025-02-27,Open Women's 59kg,Brooke McNicholas,57.62,60,64,-68,75,-83,83,64,83,147
2025 Virus Weightlifting Series 1 Powered by Rogue Fitness,2025-02-27,Women's 16-17 Age Group +81kg,Anahlis Rubio,100.78,58,61,64,79,83,-86,64,83,147
2025 Virus Weightlifting Series 1 Powered by Rogue Fitness,2025-02-27,Junior Women's 64kg,Addison Comstock,60.99,-64,64,66,75,79,81,66,81,147
2025 Virus Weightlifting Series 1 Powered by Rogue Fitness,2025-02-27,Men's 14-15 Age Group 61kg,liam gargan,60.31,-60,60,-63,80,83,86,60,86,146
2025 Virus Weightlifting Series 1 Powered by Rogue Fitness,2025-02-27,Open Women's +87kg,Abigail Coombs,90.08,63,66,69,74,77,-80,69,77,146
2025 Virus Weightlifting Series 1 Powered by Rogue Fitness,2025-02-27,Open Women's +87kg,Brittley  Ball,110.5,-58,-58,58,-85,85,88,58,88,146
2025 Virus Weightlifting Series 1 Powered by Rogue Fitness,2025-02-27,Women's Masters (35-39) 81kg,Jaclyn Bosworth,76.51,59,62,-64,79,-82,83,62,83,145
2025 Virus Weightlifting Series 1 Powered by Rogue Fitness,2025-02-27,Open Women's 76kg,Sara Thompson,74.53,-63,63,65,80,-83,-83,65,80,145
2025 Virus Weightlifting Series 1 Powered by Rogue Fitness,2025-02-27,Open Women's 81kg,Jaden Spondike,81,60,64,-67,-80,81,-84,64,81,145
2025 Virus Weightlifting Series 1 Powered by Rogue Fitness,2025-02-27,Open Women's 81kg,Jennifer Recino,80.12,64,-68,-69,-81,-81,81,64,81,145
2025 Virus Weightlifting Series 1 Powered by Rogue Fitness,2025-02-27,Women's 14-15 Age Group +76kg,Eva Windsor,104,65,-70,-71,80,-90,-92,65,80,145
2025 Virus Weightlifting Series 1 Powered by Rogue Fitness,2025-02-27,Open Women's 64kg,Gatschena Appolon,63.47,58,-61,65,80,-83,-83,65,80,145
2025 Virus Weightlifting Series 1 Powered by Rogue Fitness,2025-02-27,Open Women's 71kg,Madeline Valenzuela,69.22,-65,66,-70,78,-81,-82,66,78,144
2025 Virus Weightlifting Series 1 Powered by Rogue Fitness,2025-02-27,Open Women's 71kg,Renee Schroeder,68.94,-60,60,63,78,81,-86,63,81,144
2025 Virus Weightlifting Series 1 Powered by Rogue Fitness,2025-02-27,Men's 14-15 Age Group 55kg,Weston McGrath,55,55,58,61,76,80,83,61,83,144
2025 Virus Weightlifting Series 1 Powered by Rogue Fitness,2025-02-27,Open Women's 76kg,Amy Slagel,73.18,60,-62,62,79,82,-85,62,82,144
2025 Virus Weightlifting Series 1 Powered by Rogue Fitness,2025-02-27,Men's Masters (55-59) 102kg,John Wilson,100.02,64,-67,-67,77,80,-85,64,80,144
2025 Virus Weightlifting Series 1 Powered by Rogue Fitness,2025-02-27,Open Women's 64kg,Lesa Powell,63.01,58,61,63,78,81,-83,63,81,144
2025 Virus Weightlifting Series 1 Powered by Rogue Fitness,2025-02-27,Women's Masters (35-39) 64kg,Chelsea Bijansky,64,-61,61,-63,79,82,-85,61,82,143
2025 Virus Weightlifting Series 1 Powered by Rogue Fitness,2025-02-27,Open Women's 71kg,Danielle Purtell,70.95,63,-65,65,-78,78,-80,65,78,143
2025 Virus Weightlifting Series 1 Powered by Rogue Fitness,2025-02-27,Women's Masters (40-44) 64kg,Julie Mizak,63.99,60,-63,-64,-82,83,-86,60,83,143
2025 Virus Weightlifting Series 1 Powered by Rogue Fitness,2025-02-27,Men's Masters (60-64) 81kg,Andrew Kramer,77.29,63,-65,65,75,78,-82,65,78,143
2025 Virus Weightlifting Series 1 Powered by Rogue Fitness,2025-02-27,Open Women's 59kg,Alyssa Garrison,58.96,60,62,-64,-80,-81,81,62,81,143
2025 Virus Weightlifting Series 1 Powered by Rogue Fitness,2025-02-27,Women's 16-17 Age Group 71kg,Stevie Majoros,67.16,57,60,-63,77,80,83,60,83,143
2025 Virus Weightlifting Series 1 Powered by Rogue Fitness,2025-02-27,Open Women's 71kg,Kelly Joniak,69.32,63,66,-69,76,-80,-80,66,76,142
2025 Virus Weightlifting Series 1 Powered by Rogue Fitness,2025-02-27,Open Women's 71kg,Molly Parks,70.26,60,62,-64,78,80,-82,62,80,142
2025 Virus Weightlifting Series 1 Powered by Rogue Fitness,2025-02-27,Women's Masters (35-39) 81kg,Johnelys Díaz,80.82,60,-63,64,-78,78,-81,64,78,142
2025 Virus Weightlifting Series 1 Powered by Rogue Fitness,2025-02-27,Open Women's 76kg,Annabel Kaufman,71.76,58,60,62,73,76,80,62,80,142
2025 Virus Weightlifting Series 1 Powered by Rogue Fitness,2025-02-27,Open Women's 76kg,Sarah Abercrombie,75.56,58,-61,61,78,81,-85,61,81,142
2025 Virus Weightlifting Series 1 Powered by Rogue Fitness,2025-02-27,Women's Masters (40-44) 76kg,Ibis Loya Aguirre,74.08,-64,64,-66,75,78,-80,64,78,142
2025 Virus Weightlifting Series 1 Powered by Rogue Fitness,2025-02-27,Women's Masters (50-54) +87kg,Kristina Teel,109.87,60,-63,-64,74,78,82,60,82,142
2025 Virus Weightlifting Series 1 Powered by Rogue Fitness,2025-02-27,Open Women's +87kg,Helen Filosa,166.3,58,62,-65,-80,80,-83,62,80,142
2025 Virus Weightlifting Series 1 Powered by Rogue Fitness,2025-02-27,Men's Masters (55-59) 73kg,Timothy Newman,68.74,56,58,60,-77,77,81,60,81,141
2025 Virus Weightlifting Series 1 Powered by Rogue Fitness,2025-02-27,Women's Masters (45-49) 81kg,Colleen Moon,79.43,-57,57,-60,84,-89,-89,57,84,141
2025 Virus Weightlifting Series 1 Powered by Rogue Fitness,2025-02-27,Open Women's 49kg,Aria Zayed,47.95,60,62,65,-75,76,-78,65,76,141
2025 Virus Weightlifting Series 1 Powered by Rogue Fitness,2025-02-27,Open Women's 55kg,Christa Degidio ,50.91,60,63,-65,75,78,-81,63,78,141
2025 Virus Weightlifting Series 1 Powered by Rogue Fitness,2025-02-27,Open Women's 55kg,Judy Zhou,54.88,61,-63,-65,-80,80,-84,61,80,141
2025 Virus Weightlifting Series 1 Powered by Rogue Fitness,2025-02-27,Women's Masters (35-39) 55kg,Zully Barrientos,54.24,58,60,-62,77,-80,80,60,80,140
2025 Virus Weightlifting Series 1 Powered by Rogue Fitness,2025-02-27,Women's Masters (35-39) 59kg,Lauren Abadie,57.19,58,-61,62,75,78,-81,62,78,140
2025 Virus Weightlifting Series 1 Powered by Rogue Fitness,2025-02-27,Open Women's 71kg,Emerson Goodrich,67.6,-64,-64,64,76,-79,-80,64,76,140
2025 Virus Weightlifting Series 1 Powered by Rogue Fitness,2025-02-27,Open Women's 71kg,Ash Dzick,68.91,63,-67,-67,77,-80,-83,63,77,140
2025 Virus Weightlifting Series 1 Powered by Rogue Fitness,2025-02-27,Women's Masters (35-39) +87kg,Lauren Tackett,117.74,59,61,63,70,74,77,63,77,140
2025 Virus Weightlifting Series 1 Powered by Rogue Fitness,2025-02-27,Open Women's 76kg,Phaylen McGinnity,75.52,-62,62,66,-70,70,74,66,74,140
2025 Virus Weightlifting Series 1 Powered by Rogue Fitness,2025-02-27,Women's Masters (40-44) 71kg,Stephanie Doyle,69.92,54,56,59,75,78,81,59,81,140
2025 Virus Weightlifting Series 1 Powered by Rogue Fitness,2025-02-27,Men's 16-17 Age Group 61kg,James Saenz,59.86,55,-60,60,70,75,80,60,80,140
2025 Virus Weightlifting Series 1 Powered by Rogue Fitness,2025-02-27,Women's Masters (40-44) 76kg,Kathryn Flores,71.13,62,-65,-65,78,-81,-81,62,78,140
2025 Virus Weightlifting Series 1 Powered by Rogue Fitness,2025-02-27,Women's 14-15 Age Group 76kg,Alyssa Hines,72.3,61,-63,-63,76,-79,79,61,79,140
2025 Virus Weightlifting Series 1 Powered by Rogue Fitness,2025-02-27,Open Women's 59kg,Maria Castillo,58.37,60,-63,-64,-80,80,-85,60,80,140
2025 Virus Weightlifting Series 1 Powered by Rogue Fitness,2025-02-27,Open Women's 64kg,Alexa Mendoza,63.42,-60,60,63,70,74,77,63,77,140
2025 Virus Weightlifting Series 1 Powered by Rogue Fitness,2025-02-27,Women's Masters (35-39) 81kg,Felicia Bright,79.5,57,-59,-60,79,82,-85,57,82,139
2025 Virus Weightlifting Series 1 Powered by Rogue Fitness,2025-02-27,Open Women's 76kg,Healani  Markham ,74.98,-63,63,64,-75,75,-77,64,75,139
2025 Virus Weightlifting Series 1 Powered by Rogue Fitness,2025-02-27,Women's Masters (40-44) 76kg,Ashlee Edwards,72.63,-61,61,-63,75,78,-80,61,78,139
2025 Virus Weightlifting Series 1 Powered by Rogue Fitness,2025-02-27,Open Women's 81kg,Tara Mackey ,79.5,57,60,63,72,74,76,63,76,139
2025 Virus Weightlifting Series 1 Powered by Rogue Fitness,2025-02-27,Women's Masters (50-54) 76kg,Cara Phillips,73.26,-60,60,-63,75,79,-82,60,79,139
2025 Virus Weightlifting Series 1 Powered by Rogue Fitness,2025-02-27,Women's 16-17 Age Group 59kg,Sadie Hayhoe,55.73,58,61,63,70,73,76,63,76,139
2025 Virus Weightlifting Series 1 Powered by Rogue Fitness,2025-02-27,Open Women's 64kg,Alexis Gracia,62.82,64,-67,-67,75,0,0,64,75,139
2025 Virus Weightlifting Series 1 Powered by Rogue Fitness,2025-02-27,Open Women's 64kg,Anell Duran,63.18,58,61,-63,78,-81,-82,61,78,139
2025 Virus Weightlifting Series 1 Powered by Rogue Fitness,2025-02-27,Women's Masters (35-39) 71kg,Chelsea Rebholz,67.58,62,-65,-65,76,-79,-80,62,76,138
2025 Virus Weightlifting Series 1 Powered by Rogue Fitness,2025-02-27,Women's Masters (35-39) 76kg,Danielle Balmer,73.6,-60,62,-64,72,76,-80,62,76,138
2025 Virus Weightlifting Series 1 Powered by Rogue Fitness,2025-02-27,Women's Masters (35-39) 81kg,Liz Nader,79.15,56,60,63,67,72,75,63,75,138
2025 Virus Weightlifting Series 1 Powered by Rogue Fitness,2025-02-27,Women's Masters (40-44) 81kg,Alicia MacGlaughlin,78.25,59,-62,62,76,-79,-81,62,76,138
2025 Virus Weightlifting Series 1 Powered by Rogue Fitness,2025-02-27,Open Women's 81kg,Jessie Barrett,78.22,56,58,60,73,76,78,60,78,138
2025 Virus Weightlifting Series 1 Powered by Rogue Fitness,2025-02-27,Women's Masters (45-49) 64kg,Melissa Coughlin,61.79,-60,60,-66,73,76,78,60,78,138
2025 Virus Weightlifting Series 1 Powered by Rogue Fitness,2025-02-27,Open Women's 87kg,Kamille  Basaca ,84.5,55,57,59,73,76,79,59,79,138
2025 Virus Weightlifting Series 1 Powered by Rogue Fitness,2025-02-27,Open Women's 87kg,Anna Belongia,83.15,53,-56,56,74,78,82,56,82,138
2025 Virus Weightlifting Series 1 Powered by Rogue Fitness,2025-02-27,Open Women's +87kg,Catherine Huddleston ,111.62,56,-59,60,74,-78,78,60,78,138
2025 Virus Weightlifting Series 1 Powered by Rogue Fitness,2025-02-27,Women's Masters (35-39) 64kg,Samantha Love,64,-62,-62,62,-72,72,75,62,75,137
2025 Virus Weightlifting Series 1 Powered by Rogue Fitness,2025-02-27,Open Women's 71kg,Piper Gasaway,70.2,60,-62,62,-75,75,-78,62,75,137
2025 Virus Weightlifting Series 1 Powered by Rogue Fitness,2025-02-27,Open Women's 81kg,Taisiia Barrette,80.18,56,59,-62,74,-77,78,59,78,137
2025 Virus Weightlifting Series 1 Powered by Rogue Fitness,2025-02-27,Open Women's 87kg,Linnea Schultz,84.26,60,63,-66,74,-78,-80,63,74,137
2025 Virus Weightlifting Series 1 Powered by Rogue Fitness,2025-02-27,Open Women's 64kg,Marie  Lucas,62.48,58,60,-62,72,75,77,60,77,137
2025 Virus Weightlifting Series 1 Powered by Rogue Fitness,2025-02-27,Women's Masters (35-39) 71kg,Kenda Conley,68.79,54,59,-62,71,74,77,59,77,136
2025 Virus Weightlifting Series 1 Powered by Rogue Fitness,2025-02-27,Open Women's 71kg,Ashley Beers,69.13,58,62,-65,70,74,-78,62,74,136
2025 Virus Weightlifting Series 1 Powered by Rogue Fitness,2025-02-27,Women's Masters (40-44) 71kg,Stephanie Barenos,69.37,60,-63,-66,76,-80,-84,60,76,136
2025 Virus Weightlifting Series 1 Powered by Rogue Fitness,2025-02-27,Women's Masters (35-39) 59kg,Katelyn Reuther,58.72,-56,-56,56,73,76,79,56,79,135
2025 Virus Weightlifting Series 1 Powered by Rogue Fitness,2025-02-27,Women's Masters (35-39) 64kg,Katy Margison,62.21,58,60,-63,-72,72,75,60,75,135
2025 Virus Weightlifting Series 1 Powered by Rogue Fitness,2025-02-27,Open Women's 64kg,Raegan Stinemetz,62.76,57,60,-62,70,73,75,60,75,135
2025 Virus Weightlifting Series 1 Powered by Rogue Fitness,2025-02-27,Open Women's 76kg,Kelsey Dulmovits,74.21,58,60,62,-72,72,-74,62,72,134
2025 Virus Weightlifting Series 1 Powered by Rogue Fitness,2025-02-27,Open Women's +87kg,Shannon Fernando-Cole,97.09,47,52,57,72,-77,77,57,77,134
2025 Virus Weightlifting Series 1 Powered by Rogue Fitness,2025-02-27,Open Women's 49kg,Kayla Lehman,47.37,60,62,-64,72,-75,-75,62,72,134
2025 Virus Weightlifting Series 1 Powered by Rogue Fitness,2025-02-27,Open Women's 55kg,Julie Anne Pahuriray,51.56,53,56,59,70,75,-80,59,75,134
2025 Virus Weightlifting Series 1 Powered by Rogue Fitness,2025-02-27,Open Women's 71kg,Julia Mangia,69.22,57,-60,62,67,71,-74,62,71,133
2025 Virus Weightlifting Series 1 Powered by Rogue Fitness,2025-02-27,Women's Masters (35-39) 76kg,Derien Pratt,74.4,54,-57,-58,72,75,79,54,79,133
2025 Virus Weightlifting Series 1 Powered by Rogue Fitness,2025-02-27,Men's Masters (45-49) 81kg,Kenny  Poulos,75.15,55,-58,-58,75,-78,78,55,78,133
2025 Virus Weightlifting Series 1 Powered by Rogue Fitness,2025-02-27,Men's 14-15 Age Group 61kg,Aidan Griesser,60.1,58,-63,-66,-73,75,-84,58,75,133
2025 Virus Weightlifting Series 1 Powered by Rogue Fitness,2025-02-27,Men's Masters (55-59) +109kg,Benn McNeill,113.14,55,57,-61,70,76,-80,57,76,133
2025 Virus Weightlifting Series 1 Powered by Rogue Fitness,2025-02-27,Women's Masters (40-44) 87kg,Rachel Scutt,86.15,52,-55,55,74,78,-82,55,78,133
2025 Virus Weightlifting Series 1 Powered by Rogue Fitness,2025-02-27,Open Women's +87kg,Amanda  Schroer ,122.7,55,58,-61,75,-80,-81,58,75,133
2025 Virus Weightlifting Series 1 Powered by Rogue Fitness,2025-02-27,Open Women's +87kg,Rachel Oakley,105.7,-56,56,58,72,75,-77,58,75,133
2025 Virus Weightlifting Series 1 Powered by Rogue Fitness,2025-02-27,Open Women's 71kg,Alexandra Kashani,68.01,51,-55,56,72,76,-82,56,76,132
2025 Virus Weightlifting Series 1 Powered by Rogue Fitness,2025-02-27,Women's Masters (40-44) 64kg,Erinn Frazer,63.13,-60,62,-65,-70,70,-73,62,70,132
2025 Virus Weightlifting Series 1 Powered by Rogue Fitness,2025-02-27,Men's Masters (65-69) 102kg,Jay Coleman,101.05,55,-57,57,70,75,-82,57,75,132
2025 Virus Weightlifting Series 1 Powered by Rogue Fitness,2025-02-27,Open Women's 81kg,Elise Burkhardt,80,57,60,62,65,68,70,62,70,132
2025 Virus Weightlifting Series 1 Powered by Rogue Fitness,2025-02-27,Open Women's 81kg,Melinda Jaffer,80.13,53,56,-58,-74,74,76,56,76,132
2025 Virus Weightlifting Series 1 Powered by Rogue Fitness,2025-02-27,Women's Masters (50-54) 59kg,Jara MacDermott,58.24,-56,56,57,72,75,-77,57,75,132
2025 Virus Weightlifting Series 1 Powered by Rogue Fitness,2025-02-27,Women's 16-17 Age Group 49kg,Piper Jones,48.57,56,-58,59,71,73,-75,59,73,132
2025 Virus Weightlifting Series 1 Powered by Rogue Fitness,2025-02-27,Junior Women's 71kg,Mya Lagares Cascio,68.4,54,57,-60,-75,75,-82,57,75,132
2025 Virus Weightlifting Series 1 Powered by Rogue Fitness,2025-02-27,Women's Masters (35-39) 55kg,Heather Coffey,54.07,53,56,-59,72,75,-78,56,75,131
2025 Virus Weightlifting Series 1 Powered by Rogue Fitness,2025-02-27,Women's Masters (35-39) +87kg,Josie Bohnke,89.91,56,59,-61,69,-72,72,59,72,131
2025 Virus Weightlifting Series 1 Powered by Rogue Fitness,2025-02-27,Open Women's 55kg,Lauren Moon,54.7,58,60,-63,-71,71,-74,60,71,131
2025 Virus Weightlifting Series 1 Powered by Rogue Fitness,2025-02-27,Men's Masters (60-64) 96kg,Frank Colavita,95.17,52,-54,55,70,75,-80,55,75,130
2025 Virus Weightlifting Series 1 Powered by Rogue Fitness,2025-02-27,Women's Masters (40-44) 76kg,Brigitte Bieyro,76,54,56,58,68,70,72,58,72,130
2025 Virus Weightlifting Series 1 Powered by Rogue Fitness,2025-02-27,Open Women's 81kg,Alexandra Vespico,80.55,53,56,-60,74,-77,-79,56,74,130
2025 Virus Weightlifting Series 1 Powered by Rogue Fitness,2025-02-27,Women's Masters (55-59) 76kg,Lisa Talcott,75.89,57,60,-63,64,67,70,60,70,130
2025 Virus Weightlifting Series 1 Powered by Rogue Fitness,2025-02-27,Open Women's 59kg,Chloe Bechdolt,58.2,51,53,-55,72,75,77,53,77,130
2025 Virus Weightlifting Series 1 Powered by Rogue Fitness,2025-02-27,Women's Masters (35-39) 64kg,Heather Berry,61.27,48,51,54,72,75,-78,54,75,129
2025 Virus Weightlifting Series 1 Powered by Rogue Fitness,2025-02-27,Women's 16-17 Age Group 71kg,Brynn Weaver,66.6,53,56,-60,73,-76,-76,56,73,129
2025 Virus Weightlifting Series 1 Powered by Rogue Fitness,2025-02-27,Open Women's 64kg,Janet Kim,63.47,57,-60,-61,68,72,-76,57,72,129
2025 Virus Weightlifting Series 1 Powered by Rogue Fitness,2025-02-27,Open Women's 71kg,Kelsey Randall,66.97,54,57,60,-68,68,-71,60,68,128
2025 Virus Weightlifting Series 1 Powered by Rogue Fitness,2025-02-27,Men's 14-15 Age Group 44kg,Damien Persico,42.87,52,55,58,64,68,70,58,70,128
2025 Virus Weightlifting Series 1 Powered by Rogue Fitness,2025-02-27,Open Women's 87kg,Rachel Bravenec,85.2,53,-56,-56,71,75,-78,53,75,128
2025 Virus Weightlifting Series 1 Powered by Rogue Fitness,2025-02-27,Women's Masters (50-54) 81kg,Jennifer Wilson,79.32,52,55,-57,70,73,-76,55,73,128
2025 Virus Weightlifting Series 1 Powered by Rogue Fitness,2025-02-27,Open Women's 59kg,Maeve Willis,58.8,-58,58,-60,-70,70,-72,58,70,128
2025 Virus Weightlifting Series 1 Powered by Rogue Fitness,2025-02-27,Open Women's 76kg,Mary Brancaleon,74.12,52,55,58,-66,66,69,58,69,127
2025 Virus Weightlifting Series 1 Powered by Rogue Fitness,2025-02-27,Open Women's 76kg,Daniella  Sotland ,73.7,54,56,58,65,-68,69,58,69,127
2025 Virus Weightlifting Series 1 Powered by Rogue Fitness,2025-02-27,Open Women's 76kg,Ksenia Potapov,74.3,52,56,-61,70,-74,-75,56,70,126
2025 Virus Weightlifting Series 1 Powered by Rogue Fitness,2025-02-27,Women's Masters (40-44) 76kg,Erica Fenech,74.59,52,55,58,68,-72,-74,58,68,126
2025 Virus Weightlifting Series 1 Powered by Rogue Fitness,2025-02-27,Women's 14-15 Age Group 71kg,Payton Kramer,67.7,51,54,56,67,70,-74,56,70,126
2025 Virus Weightlifting Series 1 Powered by Rogue Fitness,2025-02-27,Women's 14-15 Age Group +76kg,Savannah Adkins,92.25,-55,55,57,65,69,-73,57,69,126
2025 Virus Weightlifting Series 1 Powered by Rogue Fitness,2025-02-27,Women's 16-17 Age Group 49kg,Jaedyn Orton,45.28,50,55,58,68,-71,0,58,68,126
2025 Virus Weightlifting Series 1 Powered by Rogue Fitness,2025-02-27,Open Women's 64kg,Adrien Gates,62.94,53,56,-59,66,70,-73,56,70,126
2025 Virus Weightlifting Series 1 Powered by Rogue Fitness,2025-02-27,Men's 14-15 Age Group 61kg,Brock Bates,55.9,52,55,-58,68,70,-72,55,70,125
2025 Virus Weightlifting Series 1 Powered by Rogue Fitness,2025-02-27,Open Women's 76kg,Elizabeth Berg,74.6,-55,55,58,67,-70,-71,58,67,125
2025 Virus Weightlifting Series 1 Powered by Rogue Fitness,2025-02-27,Women's Masters (45-49) 55kg,Lauren Storck,53.17,48,51,53,69,72,-74,53,72,125
2025 Virus Weightlifting Series 1 Powered by Rogue Fitness,2025-02-27,Open Women's 59kg,Alexa  Endsley,57.64,-55,56,59,66,-70,-70,59,66,125
2025 Virus Weightlifting Series 1 Powered by Rogue Fitness,2025-02-27,Women's Masters (45-49) 76kg,Rachel Mills,72.02,55,57,59,62,64,65,59,65,124
2025 Virus Weightlifting Series 1 Powered by Rogue Fitness,2025-02-27,Open Women's 55kg,Eleanor Burgess,53.4,45,50,55,66,69,-72,55,69,124
2025 Virus Weightlifting Series 1 Powered by Rogue Fitness,2025-02-27,Open Women's 55kg,Daiara  Medero ,54.27,51,54,-56,70,-73,-73,54,70,124
2025 Virus Weightlifting Series 1 Powered by Rogue Fitness,2025-02-27,Open Women's 59kg,Megan Cierzan,58.62,50,53,57,63,67,-71,57,67,124
2025 Virus Weightlifting Series 1 Powered by Rogue Fitness,2025-02-27,Open Women's 64kg,Anna McGee,62.47,53,-56,-56,71,-75,-75,53,71,124
2025 Virus Weightlifting Series 1 Powered by Rogue Fitness,2025-02-27,Women's Masters (35-39) 71kg,Danielle Gallant,67.83,48,51,54,63,66,69,54,69,123
2025 Virus Weightlifting Series 1 Powered by Rogue Fitness,2025-02-27,Open Women's 71kg,Erin  Pruitt,67.82,-54,54,56,61,64,67,56,67,123
2025 Virus Weightlifting Series 1 Powered by Rogue Fitness,2025-02-27,Women's Masters (35-39) +87kg,SARAH FORGUE,92.1,53,-56,-57,66,70,-75,53,70,123
2025 Virus Weightlifting Series 1 Powered by Rogue Fitness,2025-02-27,Open Women's 81kg,Katherine Ormerod,81,52,54,56,63,65,67,56,67,123
2025 Virus Weightlifting Series 1 Powered by Rogue Fitness,2025-02-27,Junior Women's 59kg,Chloe Merritt,58.13,53,56,-60,67,-70,-70,56,67,123
2025 Virus Weightlifting Series 1 Powered by Rogue Fitness,2025-02-27,Women's Masters (35-39) 71kg,Taylor Converse,69.65,48,51,-53,65,68,70,51,70,121
2025 Virus Weightlifting Series 1 Powered by Rogue Fitness,2025-02-27,Women's Masters (40-44) 87kg,Morgan Lueck,85,46,50,52,64,-68,69,52,69,121
2025 Virus Weightlifting Series 1 Powered by Rogue Fitness,2025-02-27,Women's Masters (40-44) 87kg,Shannon Rose,86.83,50,-52,-54,66,-69,71,50,71,121
2025 Virus Weightlifting Series 1 Powered by Rogue Fitness,2025-02-27,Women's 16-17 Age Group 59kg,Parker Tchekmeian,55.43,-56,56,-58,63,65,-68,56,65,121
2025 Virus Weightlifting Series 1 Powered by Rogue Fitness,2025-02-27,Women's Masters (35-39) 64kg,Katherine Baer,61.36,50,52,54,60,63,66,54,66,120
2025 Virus Weightlifting Series 1 Powered by Rogue Fitness,2025-02-27,Women's 16-17 Age Group 55kg,Maya Litt,54.03,50,52,-54,65,68,-71,52,68,120
2025 Virus Weightlifting Series 1 Powered by Rogue Fitness,2025-02-27,Junior Women's 71kg,Skylar Earle,66.11,52,-54,55,62,65,-68,55,65,120
2025 Virus Weightlifting Series 1 Powered by Rogue Fitness,2025-02-27,Women's Masters (45-49) 64kg,Jenny Globerson,59.81,51,54,-58,65,-68,-69,54,65,119
2025 Virus Weightlifting Series 1 Powered by Rogue Fitness,2025-02-27,Open Women's 59kg,Afua Yeboah-Antwi,58.65,-50,50,53,66,-69,-69,53,66,119
2025 Virus Weightlifting Series 1 Powered by Rogue Fitness,2025-02-27,Women's 16-17 Age Group 55kg,Amelia Cone,52.45,48,51,54,59,62,65,54,65,119
2025 Virus Weightlifting Series 1 Powered by Rogue Fitness,2025-02-27,Women's Masters (35-39) 64kg,Celsi Cowan,60.19,51,54,-57,61,64,-68,54,64,118
2025 Virus Weightlifting Series 1 Powered by Rogue Fitness,2025-02-27,Women's Masters (35-39) 64kg,Rachel Denham,64,-49,-51,51,64,67,-71,51,67,118
2025 Virus Weightlifting Series 1 Powered by Rogue Fitness,2025-02-27,Women's Masters (50-54) 71kg,Shelley Gast,70.78,50,52,-54,63,66,-69,52,66,118
2025 Virus Weightlifting Series 1 Powered by Rogue Fitness,2025-02-27,Women's Masters (35-39) 59kg,Lauren Ko,57.8,-52,52,-55,61,65,-70,52,65,117
2025 Virus Weightlifting Series 1 Powered by Rogue Fitness,2025-02-27,Women's Masters (40-44) +87kg,Megan LaVine,94.79,47,-49,-50,68,70,-72,47,70,117
2025 Virus Weightlifting Series 1 Powered by Rogue Fitness,2025-02-27,Women's Masters (50-54) 76kg,Gwendolyn Montgomery,74.04,52,54,-57,58,61,63,54,63,117
2025 Virus Weightlifting Series 1 Powered by Rogue Fitness,2025-02-27,Women's Masters (50-54) 87kg,Chris Brown,83.19,41,45,48,59,63,69,48,69,117
2025 Virus Weightlifting Series 1 Powered by Rogue Fitness,2025-02-27,Open Women's 49kg,Jingxin  Shi,48.79,46,48,50,67,-70,-70,50,67,117
2025 Virus Weightlifting Series 1 Powered by Rogue Fitness,2025-02-27,Open Women's 55kg,Marissa Curcio,54.03,46,49,52,60,-63,65,52,65,117
2025 Virus Weightlifting Series 1 Powered by Rogue Fitness,2025-02-27,Women's 14-15 Age Group 64kg,Myla Bryan,62.45,48,-51,51,58,63,66,51,66,117
2025 Virus Weightlifting Series 1 Powered by Rogue Fitness,2025-02-27,Women's 14-15 Age Group 64kg,Dahlia Sokolow,64,46,49,52,57,61,65,52,65,117
2025 Virus Weightlifting Series 1 Powered by Rogue Fitness,2025-02-27,Women's Masters (35-39) 59kg,Stephanie Langdon,57.93,48,51,-55,60,65,-68,51,65,116
2025 Virus Weightlifting Series 1 Powered by Rogue Fitness,2025-02-27,Women's 14-15 Age Group 59kg,Reece Robinson,57.22,46,49,-52,63,67,-70,49,67,116
2025 Virus Weightlifting Series 1 Powered by Rogue Fitness,2025-02-27,Women's 16-17 Age Group 55kg,Rafael Weber,55.01,51,-54,-54,65,-69,-70,51,65,116
2025 Virus Weightlifting Series 1 Powered by Rogue Fitness,2025-02-27,Women's Masters (35-39) 76kg,Hope  Justice,75.25,43,46,49,60,65,-70,49,65,114
2025 Virus Weightlifting Series 1 Powered by Rogue Fitness,2025-02-27,Open Women's 49kg,Isadora Delatorre Coldebella,47.61,46,49,51,60,63,-66,51,63,114
2025 Virus Weightlifting Series 1 Powered by Rogue Fitness,2025-02-27,Open Women's 59kg,Priscilla Del Moral,58.46,45,52,-55,58,62,-66,52,62,114
2025 Virus Weightlifting Series 1 Powered by Rogue Fitness,2025-02-27,Open Women's 64kg,Victoria Hall,63.49,-47,47,50,-63,-64,64,50,64,114
2025 Virus Weightlifting Series 1 Powered by Rogue Fitness,2025-02-27,Women's Masters (40-44) 71kg,Debra Woods,69.11,50,53,-55,57,60,-63,53,60,113
2025 Virus Weightlifting Series 1 Powered by Rogue Fitness,2025-02-27,Open Women's 87kg,Ashley Collazo,85.6,54,-57,-60,56,59,-62,54,59,113
2025 Virus Weightlifting Series 1 Powered by Rogue Fitness,2025-02-27,Open Women's 49kg,Jessica Prashaw,48.32,48,50,52,61,-64,-64,52,61,113
2025 Virus Weightlifting Series 1 Powered by Rogue Fitness,2025-02-27,Open Women's 49kg,Ericka Almeida,48.85,44,46,49,60,62,64,49,64,113
2025 Virus Weightlifting Series 1 Powered by Rogue Fitness,2025-02-27,Open Women's 64kg,Emma Smith ,62.3,-47,47,49,64,-66,-66,49,64,113
2025 Virus Weightlifting Series 1 Powered by Rogue Fitness,2025-02-27,Women's Masters (35-39) 59kg,Sara Chrysler,56.83,44,46,48,61,64,-67,48,64,112
2025 Virus Weightlifting Series 1 Powered by Rogue Fitness,2025-02-27,Women's 14-15 Age Group 55kg,Scarlet Ruiz,53.19,45,48,51,55,-58,61,51,61,112
2025 Virus Weightlifting Series 1 Powered by Rogue Fitness,2025-02-27,Open Women's 59kg,Karla DeRosa,57.57,40,43,46,60,63,66,46,66,112
2025 Virus Weightlifting Series 1 Powered by Rogue Fitness,2025-02-27,Men's 14-15 Age Group 61kg,Caden Awishes,57.5,49,51,-53,-58,58,60,51,60,111
2025 Virus Weightlifting Series 1 Powered by Rogue Fitness,2025-02-27,Women's Masters (50-54) 64kg,Erin Byrom,60.37,50,-52,-52,60,-61,61,50,61,111
2025 Virus Weightlifting Series 1 Powered by Rogue Fitness,2025-02-27,Women's Masters (50-54) +87kg,Katie Page Sander,106.72,46,-49,-49,65,-68,-69,46,65,111
2025 Virus Weightlifting Series 1 Powered by Rogue Fitness,2025-02-27,Open Women's 45kg,Jenifer Ramirez,44.45,47,49,-50,60,62,-65,49,62,111
2025 Virus Weightlifting Series 1 Powered by Rogue Fitness,2025-02-27,Women's Masters (35-39) 64kg,Teresa Ober,61.79,45,-48,-50,-63,65,-70,45,65,110
2025 Virus Weightlifting Series 1 Powered by Rogue Fitness,2025-02-27,Men's 16-17 Age Group 55kg,Matthew Poulos,54.27,45,48,50,60,-64,-64,50,60,110
2025 Virus Weightlifting Series 1 Powered by Rogue Fitness,2025-02-27,Women's Masters (40-44) +87kg,Michelle Alexander,132.1,44,46,-48,61,64,-67,46,64,110
2025 Virus Weightlifting Series 1 Powered by Rogue Fitness,2025-02-27,Women's Masters (45-49) +87kg,Maria Hansen,90.46,43,45,47,60,63,-66,47,63,110
2025 Virus Weightlifting Series 1 Powered by Rogue Fitness,2025-02-27,Open Women's 55kg,Alyssa Wagner,53.26,-48,-48,48,60,62,-64,48,62,110
2025 Virus Weightlifting Series 1 Powered by Rogue Fitness,2025-02-27,Women's 16-17 Age Group 55kg,Emaan Qayyum,52.01,47,50,-53,60,-63,-63,50,60,110
2025 Virus Weightlifting Series 1 Powered by Rogue Fitness,2025-02-27,Women's Masters (35-39) 59kg,Meagan Chisholm,58.62,40,42,44,62,65,-68,44,65,109
2025 Virus Weightlifting Series 1 Powered by Rogue Fitness,2025-02-27,Women's Masters (35-39) 76kg,Megan Von Schonhoff,76,48,51,-53,58,-61,-61,51,58,109
2025 Virus Weightlifting Series 1 Powered by Rogue Fitness,2025-02-27,Men's 14-15 Age Group 49kg,Cameron Comeaux,49.01,42,44,47,60,-62,62,47,62,109
2025 Virus Weightlifting Series 1 Powered by Rogue Fitness,2025-02-27,Men's Masters (75-79) 89kg,paul hansen,86.84,45,49,-51,54,57,60,49,60,109
2025 Virus Weightlifting Series 1 Powered by Rogue Fitness,2025-02-27,Women's Masters (50-54) 64kg,Nicole Kennedy-Raymes,63.29,-50,50,-53,58,-61,-61,50,58,108
2025 Virus Weightlifting Series 1 Powered by Rogue Fitness,2025-02-27,Open Women's 59kg,Chloe Farnham,57.59,44,47,-50,57,61,-65,47,61,108
2025 Virus Weightlifting Series 1 Powered by Rogue Fitness,2025-02-27,Junior Women's 64kg,Natalie Hata,61.35,43,46,49,59,-62,-64,49,59,108
2025 Virus Weightlifting Series 1 Powered by Rogue Fitness,2025-02-27,Open Women's 64kg,Kaitlin Herzog,61.63,43,45,47,57,59,61,47,61,108
2025 Virus Weightlifting Series 1 Powered by Rogue Fitness,2025-02-27,Women's Masters (40-44) 81kg,Alicia Hanson,81,43,45,47,54,57,60,47,60,107
2025 Virus Weightlifting Series 1 Powered by Rogue Fitness,2025-02-27,Women's Masters (40-44) +87kg,Kristal Archer,92.35,46,47,-48,58,59,60,47,60,107
2025 Virus Weightlifting Series 1 Powered by Rogue Fitness,2025-02-27,Women's 14-15 Age Group 49kg,Emersyn Formanek,47.44,41,43,45,56,59,62,45,62,107
2025 Virus Weightlifting Series 1 Powered by Rogue Fitness,2025-02-27,Open Women's 55kg,Lorena Nieblas,53.56,-46,47,50,57,-60,-61,50,57,107
2025 Virus Weightlifting Series 1 Powered by Rogue Fitness,2025-02-27,Open Women's 59kg,Aliya Abdelhak,58.48,43,46,-49,61,-64,-65,46,61,107
2025 Virus Weightlifting Series 1 Powered by Rogue Fitness,2025-02-27,Women's Masters (45-49) 64kg,Lita Morris,61.07,35,38,41,55,60,65,41,65,106
2025 Virus Weightlifting Series 1 Powered by Rogue Fitness,2025-02-27,Women's Masters (35-39) 71kg,Lana Heinrich,68.36,37,40,42,57,60,62,42,62,104
2025 Virus Weightlifting Series 1 Powered by Rogue Fitness,2025-02-27,Women's Masters (35-39) 76kg,Michele Toma,74.6,43,46,-50,55,58,-61,46,58,104
2025 Virus Weightlifting Series 1 Powered by Rogue Fitness,2025-02-27,Women's Masters (40-44) 71kg,Lindsy Pettinger,68.6,46,49,-52,55,-59,-60,49,55,104
2025 Virus Weightlifting Series 1 Powered by Rogue Fitness,2025-02-27,Junior Women's 45kg,Delaney Bollman,43.27,43,45,47,-57,57,-59,47,57,104
2025 Virus Weightlifting Series 1 Powered by Rogue Fitness,2025-02-27,Women's Masters (50-54) 59kg,Shannon Strzynski,57.09,45,-48,48,52,55,-58,48,55,103
2025 Virus Weightlifting Series 1 Powered by Rogue Fitness,2025-02-27,Women's 14-15 Age Group 71kg,Penelope Perez,70.4,45,48,-51,-55,-55,55,48,55,103
2025 Virus Weightlifting Series 1 Powered by Rogue Fitness,2025-02-27,Junior Women's 49kg,Liliana  Ray,48.89,44,46,48,55,-57,-59,48,55,103
2025 Virus Weightlifting Series 1 Powered by Rogue Fitness,2025-02-27,Men's 13 Under Age Group 44kg,Mirko Persico,41.42,41,44,47,50,53,55,47,55,102
2025 Virus Weightlifting Series 1 Powered by Rogue Fitness,2025-02-27,Women's Masters (50-54) 87kg,Brandy Thomas,84.8,41,43,-44,57,-59,59,43,59,102
2025 Virus Weightlifting Series 1 Powered by Rogue Fitness,2025-02-27,Women's 14-15 Age Group 59kg,Addison Williams,55.09,42,44,46,-53,53,56,46,56,102
2025 Virus Weightlifting Series 1 Powered by Rogue Fitness,2025-02-27,Women's Masters (40-44) +87kg,Linda Yun,94.2,41,-44,-44,57,60,-63,41,60,101
2025 Virus Weightlifting Series 1 Powered by Rogue Fitness,2025-02-27,Women's Masters (60-64) +87kg,Debbie Alexander,117.97,42,44,46,52,54,-57,46,54,100
2025 Virus Weightlifting Series 1 Powered by Rogue Fitness,2025-02-27,Women's 14-15 Age Group 59kg,Sophie Baker,58.28,-37,37,40,56,-60,60,40,60,100
2025 Virus Weightlifting Series 1 Powered by Rogue Fitness,2025-02-27,Women's Masters (40-44) 71kg,Stephanie Kelley,67.91,-43,43,46,-53,53,-56,46,53,99
2025 Virus Weightlifting Series 1 Powered by Rogue Fitness,2025-02-27,Women's Masters (55-59) 59kg,Susan Gerhard,58.59,42,44,-46,50,55,-58,44,55,99
2025 Virus Weightlifting Series 1 Powered by Rogue Fitness,2025-02-27,Women's Masters (60-64) 71kg,Litsa Olsson,65.28,40,43,-45,53,-56,56,43,56,99
2025 Virus Weightlifting Series 1 Powered by Rogue Fitness,2025-02-27,Women's 14-15 Age Group 59kg,Hazyl Castillo,57.14,41,44,-46,-50,50,55,44,55,99
2025 Virus Weightlifting Series 1 Powered by Rogue Fitness,2025-02-27,Women's Masters (35-39) 59kg,jacqueline harrell,59,-43,-43,43,-55,55,-57,43,55,98
2025 Virus Weightlifting Series 1 Powered by Rogue Fitness,2025-02-27,Men's Masters (60-64) 67kg,Russell Seay,63.06,40,42,44,52,54,-57,44,54,98
2025 Virus Weightlifting Series 1 Powered by Rogue Fitness,2025-02-27,Women's Masters (55-59) 71kg,LeAlyce Miller,64.59,37,40,43,51,53,55,43,55,98
2025 Virus Weightlifting Series 1 Powered by Rogue Fitness,2025-02-27,Open Women's 49kg,Sally Dagher,48.67,42,-44,-45,53,-55,56,42,56,98
2025 Virus Weightlifting Series 1 Powered by Rogue Fitness,2025-02-27,Women's Masters (35-39) 55kg,Ashley Bowen,53.71,40,43,-45,50,54,-57,43,54,97
2025 Virus Weightlifting Series 1 Powered by Rogue Fitness,2025-02-27,Men's 13 Under Age Group 61kg,Leonel Nunez,56.4,41,43,45,48,50,52,45,52,97
2025 Virus Weightlifting Series 1 Powered by Rogue Fitness,2025-02-27,Women's Masters (45-49) 59kg,Sarah Siebenaler,58.09,42,-44,-44,52,54,-55,42,54,96
2025 Virus Weightlifting Series 1 Powered by Rogue Fitness,2025-02-27,Open Women's 45kg,Sheri Jean,44.92,36,37,41,52,55,-58,41,55,96
2025 Virus Weightlifting Series 1 Powered by Rogue Fitness,2025-02-27,Women's 16-17 Age Group 55kg,Zoe Macias,53.21,41,43,44,52,-56,-56,44,52,96
2025 Virus Weightlifting Series 1 Powered by Rogue Fitness,2025-02-27,Women's Masters (50-54) 59kg,Kim Saito,58.04,36,39,-41,53,56,-59,39,56,95
2025 Virus Weightlifting Series 1 Powered by Rogue Fitness,2025-02-27,Women's 13 Under Age Group 45kg,Hailey Sprenger,44.67,38,40,42,48,51,53,42,53,95
2025 Virus Weightlifting Series 1 Powered by Rogue Fitness,2025-02-27,Women's Masters (40-44) 59kg,Laura Wonch,56.41,40,-43,-43,50,53,-55,40,53,93
2025 Virus Weightlifting Series 1 Powered by Rogue Fitness,2025-02-27,Women's Masters (40-44) 76kg,Anna Hill,72.01,35,37,-41,53,56,-59,37,56,93
2025 Virus Weightlifting Series 1 Powered by Rogue Fitness,2025-02-27,Women's Masters (45-49) 71kg,Jodi Satkunam,67.9,38,42,-45,46,50,-54,42,50,92
2025 Virus Weightlifting Series 1 Powered by Rogue Fitness,2025-02-27,Women's Masters (50-54) 76kg,Rachel Stahlke,74.49,40,-42,-42,49,52,-55,40,52,92
2025 Virus Weightlifting Series 1 Powered by Rogue Fitness,2025-02-27,Women's Masters (50-54) 59kg,Amy Herrera,57.32,-41,-41,41,-50,50,-54,41,50,91
2025 Virus Weightlifting Series 1 Powered by Rogue Fitness,2025-02-27,Men's 13 Under Age Group 55kg,Gideon Hayhoe,54.21,36,39,-41,45,48,51,39,51,90
2025 Virus Weightlifting Series 1 Powered by Rogue Fitness,2025-02-27,Women's Masters (45-49) 64kg,Gloria Vaughan,62.74,37,38,40,48,50,-52,40,50,90
2025 Virus Weightlifting Series 1 Powered by Rogue Fitness,2025-02-27,Women's Masters (55-59) 59kg,Lucille Lopez,56.47,34,36,-38,48,51,54,36,54,90
2025 Virus Weightlifting Series 1 Powered by Rogue Fitness,2025-02-27,Women's Masters (55-59) 81kg,Kirstin Boddy,77.6,35,37,39,45,48,51,39,51,90
2025 Virus Weightlifting Series 1 Powered by Rogue Fitness,2025-02-27,Women's 14-15 Age Group 59kg,Leila Ray,58.28,38,40,-43,50,-54,-54,40,50,90
2025 Virus Weightlifting Series 1 Powered by Rogue Fitness,2025-02-27,Men's 13 Under Age Group 55kg,Daniel Hunter,52.45,36,39,-43,45,50,-53,39,50,89
2025 Virus Weightlifting Series 1 Powered by Rogue Fitness,2025-02-27,Women's Masters (45-49) +87kg,AnnMarie Swanson,124.6,34,-36,36,49,51,53,36,53,89
2025 Virus Weightlifting Series 1 Powered by Rogue Fitness,2025-02-27,Women's Masters (55-59) 59kg,Carol Gregg,56.26,35,-37,37,48,50,52,37,52,89
2025 Virus Weightlifting Series 1 Powered by Rogue Fitness,2025-02-27,Women's Masters (50-54) 81kg,Lisa Schiller,77.91,-35,36,-38,46,49,52,36,52,88
2025 Virus Weightlifting Series 1 Powered by Rogue Fitness,2025-02-27,Women's Masters (45-49) 64kg,Jennifer Dixon,62.73,34,36,-38,45,48,50,36,50,86
2025 Virus Weightlifting Series 1 Powered by Rogue Fitness,2025-02-27,Women's 13 Under Age Group 64kg,Hadiza Issa-Michaud,62.15,35,38,40,42,44,46,40,46,86
2025 Virus Weightlifting Series 1 Powered by Rogue Fitness,2025-02-27,Men's 13 Under Age Group 49kg,Anthony Poulos,47.29,33,35,-37,46,48,50,35,50,85
2025 Virus Weightlifting Series 1 Powered by Rogue Fitness,2025-02-27,Women's Masters (45-49) 59kg,Stefania Hutchins,58.92,36,-38,-38,45,47,-49,36,47,83
2025 Virus Weightlifting Series 1 Powered by Rogue Fitness,2025-02-27,Women's 13 Under Age Group 45kg,Aurelia Bujanda,42.37,33,35,-37,45,48,-50,35,48,83
2025 Virus Weightlifting Series 1 Powered by Rogue Fitness,2025-02-27,Women's Masters (45-49) 64kg,Emily Glenn,64,36,-38,-38,43,46,-48,36,46,82
2025 Virus Weightlifting Series 1 Powered by Rogue Fitness,2025-02-27,Women's Masters (60-64) 64kg,Debbie Bennett,62,32,34,-36,46,48,-50,34,48,82
2025 Virus Weightlifting Series 1 Powered by Rogue Fitness,2025-02-27,Men's 13 Under Age Group 49kg,Roman Costa,47.29,31,34,36,44,-45,-45,36,44,80
2025 Virus Weightlifting Series 1 Powered by Rogue Fitness,2025-02-27,Women's 13 Under Age Group 59kg,Hadley Chandler,58.3,31,33,35,41,43,45,35,45,80
2025 Virus Weightlifting Series 1 Powered by Rogue Fitness,2025-02-27,Women's 13 Under Age Group +64kg,Ayoka Marks,86.26,32,34,37,40,43,-46,37,43,80
2025 Virus Weightlifting Series 1 Powered by Rogue Fitness,2025-02-27,Women's Masters (65-69) 59kg,Kellie Moylan,57.85,33,-35,36,41,43,-45,36,43,79
2025 Virus Weightlifting Series 1 Powered by Rogue Fitness,2025-02-27,Women's 13 Under Age Group 40kg,Alena Griesser,37.21,27,30,34,35,40,45,34,45,79
2025 Virus Weightlifting Series 1 Powered by Rogue Fitness,2025-02-27,Men's 14-15 Age Group 39kg,Ferron  Harris ,39,30,32,34,42,44,-46,34,44,78
2025 Virus Weightlifting Series 1 Powered by Rogue Fitness,2025-02-27,Women's Masters (60-64) 59kg,Deanna Johnson,56.15,33,-35,-35,-42,42,45,33,45,78
2025 Virus Weightlifting Series 1 Powered by Rogue Fitness,2025-02-27,Women's Masters (35-39) 49kg,Jessica Gutierrez,48.02,-30,30,32,43,45,-47,32,45,77
2025 Virus Weightlifting Series 1 Powered by Rogue Fitness,2025-02-27,Men's 13 Under Age Group 39kg,David Grafton,36.95,-33,-33,33,40,42,44,33,44,77
2025 Virus Weightlifting Series 1 Powered by Rogue Fitness,2025-02-27,Women's 13 Under Age Group 55kg,Sadie Cirbus,53.74,-32,32,-35,38,41,-44,32,41,73
2025 Virus Weightlifting Series 1 Powered by Rogue Fitness,2025-02-27,Women's 13 Under Age Group +64kg,Kiera Woods,65.93,28,31,34,35,-38,39,34,39,73
2025 Virus Weightlifting Series 1 Powered by Rogue Fitness,2025-02-27,Women's Masters (65-69) 64kg,Carrie Thompson,62.46,-29,30,-33,38,42,-46,30,42,72
2025 Virus Weightlifting Series 1 Powered by Rogue Fitness,2025-02-27,Women's 13 Under Age Group 30kg,Rayya Howard,26.45,27,30,32,35,38,40,32,40,72
2025 Virus Weightlifting Series 1 Powered by Rogue Fitness,2025-02-27,Men's 13 Under Age Group 36kg,Scott Smith,34.64,25,28,30,33,37,40,30,40,70
2025 Virus Weightlifting Series 1 Powered by Rogue Fitness,2025-02-27,Women's 13 Under Age Group 36kg,Layla Johnson,35.87,26,28,-30,38,-40,42,28,42,70
2025 Virus Weightlifting Series 1 Powered by Rogue Fitness,2025-02-27,Women's 13 Under Age Group 36kg,Violet Hayhoe,35.63,-27,27,29,37,39,40,29,40,69
2025 Virus Weightlifting Series 1 Powered by Rogue Fitness,2025-02-27,Women's 13 Under Age Group 55kg,Eesha Pallath,53.25,27,29,-31,36,38,40,29,40,69
2025 Virus Weightlifting Series 1 Powered by Rogue Fitness,2025-02-27,Men's 13 Under Age Group 55kg,Eduardo Marquez,49.9,25,28,30,32,35,38,30,38,68
2025 Virus Weightlifting Series 1 Powered by Rogue Fitness,2025-02-27,Women's Masters (60-64) +87kg,Jill Ring,91.21,30,32,33,33,35,-36,33,35,68
2025 Virus Weightlifting Series 1 Powered by Rogue Fitness,2025-02-27,Women's 13 Under Age Group 59kg,Luna Zumbrunnen Garcia,58.65,30,-33,-33,35,36,38,30,38,68
2025 Virus Weightlifting Series 1 Powered by Rogue Fitness,2025-02-27,Women's 13 Under Age Group +64kg,Harper Haeberle,70.2,26,28,30,36,38,-40,30,38,68
2025 Virus Weightlifting Series 1 Powered by Rogue Fitness,2025-02-27,Men's 13 Under Age Group 49kg,Charles Epperson,44.83,25,28,-30,-32,32,38,28,38,66
2025 Virus Weightlifting Series 1 Powered by Rogue Fitness,2025-02-27,Women's Masters (60-64) 71kg,Shannon Sanchez,68.74,24,26,28,33,35,37,28,37,65
2025 Virus Weightlifting Series 1 Powered by Rogue Fitness,2025-02-27,Women's Masters (50-54) 55kg,Kelly Roberts,52.73,26,28,-31,36,-38,-39,28,36,64
2025 Virus Weightlifting Series 1 Powered by Rogue Fitness,2025-02-27,Women's 13 Under Age Group 55kg,Lindsay Adkins,52.17,23,25,-28,36,39,-42,25,39,64
2025 Virus Weightlifting Series 1 Powered by Rogue Fitness,2025-02-27,Women's 14-15 Age Group 45kg,Carmen Gurley,43.74,-27,27,-30,34,37,-39,27,37,64
2025 Virus Weightlifting Series 1 Powered by Rogue Fitness,2025-02-27,Men's 13 Under Age Group 55kg,Angel Santiago,51.86,-25,25,-28,30,34,37,25,37,62
2025 Virus Weightlifting Series 1 Powered by Rogue Fitness,2025-02-27,Women's Masters (60-64) 59kg,Laura Seals,58.54,25,-27,-27,36,-38,-39,25,36,61
2025 Virus Weightlifting Series 1 Powered by Rogue Fitness,2025-02-27,Women's Masters (65-69) 64kg,Kim Washington,61.38,27,29,30,27,30,-32,30,30,60
2025 Virus Weightlifting Series 1 Powered by Rogue Fitness,2025-02-27,Women's 13 Under Age Group 59kg,Sadie Baker,56.87,24,26,-28,31,34,-37,26,34,60
2025 Virus Weightlifting Series 1 Powered by Rogue Fitness,2025-02-27,Men's 13 Under Age Group 44kg,Alexander Shupe,41.27,23,25,27,29,32,-34,27,32,59
2025 Virus Weightlifting Series 1 Powered by Rogue Fitness,2025-02-27,Women's 13 Under Age Group 45kg,Jovee Terry,42.42,20,22,24,30,32,35,24,35,59
2025 Virus Weightlifting Series 1 Powered by Rogue Fitness,2025-02-27,Women's 13 Under Age Group 45kg,Autumn Whitmer,41.37,20,22,24,28,31,34,24,34,58
2025 Virus Weightlifting Series 1 Powered by Rogue Fitness,2025-02-27,Women's 13 Under Age Group 33kg,Avery Shupe,31.67,23,25,-27,29,-32,32,25,32,57
2025 Virus Weightlifting Series 1 Powered by Rogue Fitness,2025-02-27,Women's 13 Under Age Group 40kg,Kate Yetter,38.87,22,24,-26,28,30,32,24,32,56
2025 Virus Weightlifting Series 1 Powered by Rogue Fitness,2025-02-27,Men's 13 Under Age Group 32kg,Grayson Ibrahim,30.74,23,24,25,29,30,-31,25,30,55
2025 Virus Weightlifting Series 1 Powered by Rogue Fitness,2025-02-27,Men's 13 Under Age Group 44kg,Raiden Liao,42.59,20,22,24,28,31,-34,24,31,55
2025 Virus Weightlifting Series 1 Powered by Rogue Fitness,2025-02-27,Men's 13 Under Age Group 39kg,Ellis Ruiz,39.01,21,-25,-25,25,-28,28,21,28,49
2025 Virus Weightlifting Series 1 Powered by Rogue Fitness,2025-02-27,Women's Masters (65-69) 49kg,Linda Foess,48.05,20,21,22,25,26,-27,22,26,48
2025 Virus Weightlifting Series 1 Powered by Rogue Fitness,2025-02-27,Women's 13 Under Age Group 30kg,Eadie Shaft,26.59,15,16,17,19,-21,21,17,21,38
2025 Virus Weightlifting Series 1 Powered by Rogue Fitness,2025-02-27,Women's 13 Under Age Group 30kg,Jayde Duncan,23.24,10,12,14,13,16,-20,14,16,30
2025 Virus Weightlifting Series 1 Powered by Rogue Fitness,2025-02-27,Junior Women's 76kg,Emily Zolotarevsky,73.06,-70,-70,-70,85,89,91,0,91,0
2025 Virus Weightlifting Series 1 Powered by Rogue Fitness,2025-02-27,Women's Masters (35-39) 55kg,Krystal Klubeck,54.73,-48,-50,-50,60,-62,-62,0,60,0
2025 Virus Weightlifting Series 1 Powered by Rogue Fitness,2025-02-27,Open Men's 102kg,Joshua Mayhew,100.23,-126,-126,-126,-166,-166,166,0,166,0
2025 Virus Weightlifting Series 1 Powered by Rogue Fitness,2025-02-27,Open Men's 102kg,Cameron Fyffe,97.03,133,138,-142,-161,-162,-162,138,0,0
2025 Virus Weightlifting Series 1 Powered by Rogue Fitness,2025-02-27,Men's Masters (35-39) 89kg,Evan Melendez,86.57,110,115,-118,-140,-142,-143,115,0,0
2025 Virus Weightlifting Series 1 Powered by Rogue Fitness,2025-02-27,Open Men's 102kg,Jack Cline,101.25,-108,-108,-109,143,148,-153,0,148,0
2025 Virus Weightlifting Series 1 Powered by Rogue Fitness,2025-02-27,Men's Masters (35-39) 89kg,Jonathan Larcom,83.07,88,91,-94,-110,-115,-115,91,0,0
2025 Virus Weightlifting Series 1 Powered by Rogue Fitness,2025-02-27,Open Men's 102kg,Antonio Butler,101.64,100,-105,-108,-130,-132,-133,100,0,0
2025 Virus Weightlifting Series 1 Powered by Rogue Fitness,2025-02-27,Women's Masters (35-39) 59kg,Kelsey Abdallah,55.46,57,60,62,-68,-69,-69,62,0,0
2025 Virus Weightlifting Series 1 Powered by Rogue Fitness,2025-02-27,Men's Masters (35-39) 96kg,Benigno Orellana,95,88,-92,-92,-113,-113,-113,88,0,0
2025 Virus Weightlifting Series 1 Powered by Rogue Fitness,2025-02-27,Men's Masters (35-39) 102kg,Nick Trout,101.93,-100,-101,-102,120,127,-131,0,127,0
2025 Virus Weightlifting Series 1 Powered by Rogue Fitness,2025-02-27,Open Men's 109kg,Ian Graham,108.4,-115,115,-121,-150,-150,-150,115,0,0
2025 Virus Weightlifting Series 1 Powered by Rogue Fitness,2025-02-27,Women's Masters (35-39) 64kg,Ashlee Kim,63.25,-53,-53,-53,67,69,71,0,71,0
2025 Virus Weightlifting Series 1 Powered by Rogue Fitness,2025-02-27,Men's Masters (35-39) 102kg,Willie Smalls,97.62,-100,-100,-101,120,125,130,0,130,0
2025 Virus Weightlifting Series 1 Powered by Rogue Fitness,2025-02-27,Open Men's 109kg,Alejandro Medina,108.97,165,170,-174,-198,-198,-198,170,0,0
2025 Virus Weightlifting Series 1 Powered by Rogue Fitness,2025-02-27,Women's Masters (35-39) 71kg,Tracy Chase,64.74,77,-80,-80,-89,-89,-89,77,0,0
2025 Virus Weightlifting Series 1 Powered by Rogue Fitness,2025-02-27,Open Women's 71kg,Catherine Ridella,70.57,-68,-68,-68,-90,-90,-90,0,0,0
2025 Virus Weightlifting Series 1 Powered by Rogue Fitness,2025-02-27,Men's Masters (40-44) 89kg,Michael Kim,85.08,-90,-91,-91,108,114,-116,0,114,0
2025 Virus Weightlifting Series 1 Powered by Rogue Fitness,2025-02-27,Open Women's 71kg,Wandasun Sihanath,70.42,-69,-69,-69,92,-96,96,0,96,0
2025 Virus Weightlifting Series 1 Powered by Rogue Fitness,2025-02-27,Men's Masters (40-44) 109kg,Mateo Villa,108.7,133,137,-140,-163,-164,-165,137,0,0
2025 Virus Weightlifting Series 1 Powered by Rogue Fitness,2025-02-27,Women's Masters (35-39) 81kg,Minnie Copp,76.62,77,80,-83,-100,-100,-100,80,0,0
2025 Virus Weightlifting Series 1 Powered by Rogue Fitness,2025-02-27,Women's Masters (35-39) 87kg,Caroline Cox,87,-72,-76,-76,87,-94,-94,0,87,0
2025 Virus Weightlifting Series 1 Powered by Rogue Fitness,2025-02-27,Men's Masters (50-54) 67kg,Brad Baldwin,65.91,-90,-90,-90,106,111,-115,0,111,0
2025 Virus Weightlifting Series 1 Powered by Rogue Fitness,2025-02-27,Men's Masters (50-54) 96kg,Christopher Gregg,95.68,80,85,91,-110,-110,-110,91,0,0
2025 Virus Weightlifting Series 1 Powered by Rogue Fitness,2025-02-27,Women's Masters (35-39) +87kg,Emily Rodriguez,109.5,85,-90,92,-115,-115,-115,92,0,0
2025 Virus Weightlifting Series 1 Powered by Rogue Fitness,2025-02-27,Women's Masters (35-39) +87kg,Ashley Gregory,137.58,75,-78,-79,-92,-93,-94,75,0,0
2025 Virus Weightlifting Series 1 Powered by Rogue Fitness,2025-02-27,Open Women's 76kg,Alyssa Ballard,75.6,-85,-85,-85,105,110,-115,0,110,0
2025 Virus Weightlifting Series 1 Powered by Rogue Fitness,2025-02-27,Open Women's 76kg,Emma Hannan,71.77,-73,73,78,-92,-93,-93,78,0,0
2025 Virus Weightlifting Series 1 Powered by Rogue Fitness,2025-02-27,Women's Masters (40-44) 71kg,Holli Drendel,69.98,40,-43,-44,-53,-53,-54,40,0,0
2025 Virus Weightlifting Series 1 Powered by Rogue Fitness,2025-02-27,Open Women's 76kg,Lauren White,74.21,68,72,-76,-87,-87,-87,72,0,0
2025 Virus Weightlifting Series 1 Powered by Rogue Fitness,2025-02-27,Open Women's 76kg,Madison Lapp,74.43,61,64,-67,-90,-91,-91,64,0,0
2025 Virus Weightlifting Series 1 Powered by Rogue Fitness,2025-02-27,Men's 16-17 Age Group 67kg,Jesse Castillo,66.09,-90,-90,-90,105,110,115,0,115,0
2025 Virus Weightlifting Series 1 Powered by Rogue Fitness,2025-02-27,Open Women's 81kg,Melissa Zegeer,80.19,85,88,-92,-105,-107,-108,88,0,0
2025 Virus Weightlifting Series 1 Powered by Rogue Fitness,2025-02-27,Open Women's 81kg,Shacasia Johnson,78.46,91,-94,95,-114,0,0,95,0,0
2025 Virus Weightlifting Series 1 Powered by Rogue Fitness,2025-02-27,Open Women's 81kg,Eva Katsaros,80.45,-89,-89,-90,100,104,-108,0,104,0
2025 Virus Weightlifting Series 1 Powered by Rogue Fitness,2025-02-27,Open Women's 81kg,holly wendricks,80.86,70,-73,-73,-91,-91,-91,70,0,0
2025 Virus Weightlifting Series 1 Powered by Rogue Fitness,2025-02-27,Open Men's 73kg,Matthew McCullough,72.95,-135,-135,-135,163,167,-171,0,167,0
2025 Virus Weightlifting Series 1 Powered by Rogue Fitness,2025-02-27,Open Men's 73kg,James Boesch,72.61,95,98,-102,-125,-126,-126,98,0,0
2025 Virus Weightlifting Series 1 Powered by Rogue Fitness,2025-02-27,Open Women's 87kg,Kaydee Baker,87,65,67,70,-88,-89,-89,70,0,0
2025 Virus Weightlifting Series 1 Powered by Rogue Fitness,2025-02-27,Open Women's 87kg,Kayla Kass,84.25,-100,-100,-101,121,126,-131,0,126,0
2025 Virus Weightlifting Series 1 Powered by Rogue Fitness,2025-02-27,Women's Masters (60-64) 49kg,Alison Jarlett-Burkhart,48.58,-36,-36,-36,0,0,0,0,0,0
2025 Virus Weightlifting Series 1 Powered by Rogue Fitness,2025-02-27,Open Women's +87kg,Kristen Erickson,95.49,91,93,-96,-106,-106,-108,93,0,0
2025 Virus Weightlifting Series 1 Powered by Rogue Fitness,2025-02-27,Open Women's +87kg,Alejandra Salmeron,101.01,68,-71,-71,-92,-93,-93,68,0,0
2025 Virus Weightlifting Series 1 Powered by Rogue Fitness,2025-02-27,Open Men's 81kg,Calvin La,81,-130,-130,-130,-150,-155,-160,0,0,0
2025 Virus Weightlifting Series 1 Powered by Rogue Fitness,2025-02-27,Open Women's 49kg,Sarah Morris,47.55,55,-58,-58,-74,-74,-75,55,0,0
2025 Virus Weightlifting Series 1 Powered by Rogue Fitness,2025-02-27,Open Women's 55kg,Makayla Cogan,54.43,-66,67,69,-78,-78,-78,69,0,0
2025 Virus Weightlifting Series 1 Powered by Rogue Fitness,2025-02-27,Open Women's 55kg,Juliana Flynn,52.59,64,-66,-66,-80,-80,-84,64,0,0
2025 Virus Weightlifting Series 1 Powered by Rogue Fitness,2025-02-27,Open Women's 55kg,Kaziah Jones,54.97,74,-77,78,-93,-93,-93,78,0,0
2025 Virus Weightlifting Series 1 Powered by Rogue Fitness,2025-02-27,Women's 14-15 Age Group 59kg,Maryam Grafton,55.1,62,65,-67,0,0,0,65,0,0
2025 Virus Weightlifting Series 1 Powered by Rogue Fitness,2025-02-27,Open Men's 89kg,Emre Ortakci,87.12,120,-125,-126,-160,-161,-165,120,0,0
2025 Virus Weightlifting Series 1 Powered by Rogue Fitness,2025-02-27,Open Men's 89kg,Jeremy Williams,89,117,-121,-121,-150,-153,-155,117,0,0
2025 Virus Weightlifting Series 1 Powered by Rogue Fitness,2025-02-27,Open Men's 89kg,Jazz Widney,88.75,108,-112,0,0,0,0,108,0,0
2025 Virus Weightlifting Series 1 Powered by Rogue Fitness,2025-02-27,Open Men's 89kg,Alex Pan,88.58,95,100,103,-125,-125,-127,103,0,0
2025 Virus Weightlifting Series 1 Powered by Rogue Fitness,2025-02-27,Open Men's 89kg,Christian Johnson,84.54,-90,90,93,-120,-120,-120,93,0,0
2025 Virus Weightlifting Series 1 Powered by Rogue Fitness,2025-02-27,Open Men's 89kg,Daniel Bailey,85.17,-88,-88,-90,-110,110,-118,0,110,0
2025 Virus Weightlifting Series 1 Powered by Rogue Fitness,2025-02-27,Open Women's 59kg,Hanna Digenis,58.42,-68,-68,-68,85,-88,-89,0,85,0
2025 Virus Weightlifting Series 1 Powered by Rogue Fitness,2025-02-27,Open Women's 59kg,Lauren Lee,58,-74,-74,74,-99,-100,-100,74,0,0
2025 Virus Weightlifting Series 1 Powered by Rogue Fitness,2025-02-27,Open Women's 59kg,Cara Clow,58.59,-60,-60,-60,-68,68,70,0,70,0
2025 Virus Weightlifting Series 1 Powered by Rogue Fitness,2025-02-27,Junior Men's 81kg,Colin Manning,80.83,120,124,-128,-150,-151,-151,124,0,0
2025 Virus Weightlifting Series 1 Powered by Rogue Fitness,2025-02-27,Junior Women's 55kg,Ayana Parker,54.96,65,68,71,-78,-79,0,71,0,0
2025 Virus Weightlifting Series 1 Powered by Rogue Fitness,2025-02-27,Junior Women's 59kg,Alexandra Hibbs,56.44,62,-65,-65,-70,-70,-70,62,0,0
2025 Virus Weightlifting Series 1 Powered by Rogue Fitness,2025-02-27,Men's Masters (35-39) 73kg,Jason Ryu,72.55,-102,-102,-102,-130,130,-133,0,130,0
2025 Virus Weightlifting Series 1 Powered by Rogue Fitness,2025-02-27,Open Men's 96kg,Nick Justiniano,90.11,115,-120,-120,-140,-140,-140,115,0,0
2025 Virus Weightlifting Series 1 Powered by Rogue Fitness,2025-02-27,Open Men's 96kg,Eric Paz,92.98,121,-126,-128,-153,-153,-155,121,0,0
2025 Virus Weightlifting Series 1 Powered by Rogue Fitness,2025-02-27,Junior Women's 64kg,Zeta Zachman,60,-62,62,65,-83,-84,-84,65,0,0
2025 Virus Weightlifting Series 1 Powered by Rogue Fitness,2025-02-27,Open Women's 64kg,Janyl Igadna,63.34,-71,-71,-71,82,85,88,0,88,0
2025 Virus Weightlifting Series 1 Powered by Rogue Fitness,2025-02-27,Junior Women's 71kg,Arien  West,67.72,57,-60,-60,-74,-74,-74,57,0,0
