meet,date,age_category,lifter,body_weight_(kg),snatch_lift_1,snatch_lift_2,snatch_lift_3,c&j_lift_1,c&j_lift_2,c&j_lift_3,best_snatch,best_c&j,total
"2025 National Youth Championships, Powered by Rogue Fitness",2025-06-23,Men's 16-17 Age Group 94+kg,Lucas Diehl,119.75,125,-130,134,157,163,169,134,169,303
"2025 National Youth Championships, Powered by Rogue Fitness",2025-06-23,Men's 16-17 Age Group 94+kg,Madden Mones,129.25,126,132,135,157,162,-168,135,162,297
"2025 National Youth Championships, Powered by Rogue Fitness",2025-06-23,Men's 16-17 Age Group 94+kg,Brodie Hollis,118.9,115,120,-125,150,158,165,120,165,285
"2025 National Youth Championships, Powered by Rogue Fitness",2025-06-23,Men's 16-17 Age Group 94+kg,Chase Dooley,126.2,115,123,-130,155,-165,-170,123,155,278
"2025 National Youth Championships, Powered by Rogue Fitness",2025-06-23,Men's 16-17 Age Group 79kg,Rucker Johnson,78.3,-120,120,125,145,150,153,125,153,278
"2025 National Youth Championships, Powered by Rogue Fitness",2025-06-23,Men's 16-17 Age Group 79kg,Carter Sing,77.25,115,120,124,145,-150,152,124,152,276
"2025 National Youth Championships, Powered by Rogue Fitness",2025-06-23,Men's 16-17 Age Group 94kg,Elias Horn,93.25,113,118,125,140,-150,151,125,151,276
"2025 National Youth Championships, Powered by Rogue Fitness",2025-06-23,Men's 16-17 Age Group 79kg,Roy  Maher,76.5,112,116,-121,146,150,-154,116,150,266
"2025 National Youth Championships, Powered by Rogue Fitness",2025-06-23,Men's 16-17 Age Group 94kg,Baron Baker,89.4,105,110,-115,-145,145,150,110,150,260
"2025 National Youth Championships, Powered by Rogue Fitness",2025-06-23,Men's 16-17 Age Group 88kg,Robert Whitlock,82.4,110,113,116,135,140,-145,116,140,256
"2025 National Youth Championships, Powered by Rogue Fitness",2025-06-23,Men's 16-17 Age Group 79kg,Haston Hill,75.8,103,106,109,141,146,-151,109,146,255
"2025 National Youth Championships, Powered by Rogue Fitness",2025-06-23,Men's 16-17 Age Group 94+kg,jacob molina,117.25,93,97,104,140,150,-155,104,150,254
"2025 National Youth Championships, Powered by Rogue Fitness",2025-06-23,Men's 16-17 Age Group 88kg,Brian Begnoche,85.55,106,-111,112,136,141,-145,112,141,253
"2025 National Youth Championships, Powered by Rogue Fitness",2025-06-23,Men's 16-17 Age Group 88kg,Evan  Kniss ,86.2,105,110,-115,135,140,-145,110,140,250
"2025 National Youth Championships, Powered by Rogue Fitness",2025-06-23,Men's 16-17 Age Group 88kg,Daniel Nuñez,84.3,-102,105,111,131,-136,-141,111,131,242
"2025 National Youth Championships, Powered by Rogue Fitness",2025-06-23,Men's 16-17 Age Group 94+kg,Frank Jimenez,103.7,-110,110,-116,130,-135,-136,110,130,240
"2025 National Youth Championships, Powered by Rogue Fitness",2025-06-23,Men's 16-17 Age Group 94+kg,Jackson Young,110.35,100,104,-107,128,133,-137,104,133,237
"2025 National Youth Championships, Powered by Rogue Fitness",2025-06-23,Men's 16-17 Age Group 88kg,Jack Green,85.7,105,108,-112,123,127,-131,108,127,235
"2025 National Youth Championships, Powered by Rogue Fitness",2025-06-23,Men's 16-17 Age Group 94kg,Wyatt Lupo,92.85,98,102,107,122,127,-135,107,127,234
"2025 National Youth Championships, Powered by Rogue Fitness",2025-06-23,Men's 16-17 Age Group 79kg,Maverick  Grimm,75.1,96,100,-103,125,130,-135,100,130,230
"2025 National Youth Championships, Powered by Rogue Fitness",2025-06-23,Men's 16-17 Age Group 94+kg,TYLER NIEDERGESES,103.4,97,102,-106,127,-132,-136,102,127,229
"2025 National Youth Championships, Powered by Rogue Fitness",2025-06-22,Men's 14-15 Age Group 71kg,Dryden Yates,69.6,-100,-100,100,-124,-124,128,100,128,228
"2025 National Youth Championships, Powered by Rogue Fitness",2025-06-23,Men's 16-17 Age Group 65kg,Sebastian Stodel,64.05,97,-101,-101,-126,126,131,97,131,228
"2025 National Youth Championships, Powered by Rogue Fitness",2025-06-23,Men's 16-17 Age Group 94+kg,Charles Kuebler,135.45,85,90,95,127,132,-137,95,132,227
"2025 National Youth Championships, Powered by Rogue Fitness",2025-06-23,Men's 16-17 Age Group 71kg,Desmond Myles,69.35,91,96,100,122,127,-132,100,127,227
"2025 National Youth Championships, Powered by Rogue Fitness",2025-06-23,Men's 16-17 Age Group 94kg,Jordon Young,91.95,95,101,-106,120,125,-130,101,125,226
"2025 National Youth Championships, Powered by Rogue Fitness",2025-06-23,Men's 16-17 Age Group 94+kg,Joe Korchnak,106.4,96,100,-104,120,124,-127,100,124,224
"2025 National Youth Championships, Powered by Rogue Fitness",2025-06-23,Men's 16-17 Age Group 88kg,Miguel Romero Colon,83.2,85,90,100,115,123,-130,100,123,223
"2025 National Youth Championships, Powered by Rogue Fitness",2025-06-23,Men's 16-17 Age Group 94+kg,Jayden Mondesir,99.6,100,-104,-104,122,-127,-127,100,122,222
"2025 National Youth Championships, Powered by Rogue Fitness",2025-06-23,Men's 16-17 Age Group 94+kg,Massimo Shinzato-Barrueto,119.7,89,93,97,118,-123,125,97,125,222
"2025 National Youth Championships, Powered by Rogue Fitness",2025-06-23,Men's 16-17 Age Group 79kg,Elan Mostun,77.7,95,98,-102,124,-128,-130,98,124,222
"2025 National Youth Championships, Powered by Rogue Fitness",2025-06-23,Men's 16-17 Age Group 88kg,Colten  Clyburn ,86.1,-93,102,-107,115,120,-125,102,120,222
"2025 National Youth Championships, Powered by Rogue Fitness",2025-06-23,Men's 16-17 Age Group 94+kg,Graeme Osteen,123.05,95,100,-105,120,-125,-127,100,120,220
"2025 National Youth Championships, Powered by Rogue Fitness",2025-06-23,Men's 16-17 Age Group 94+kg,Myles Pudenz,108.75,-90,90,93,120,125,-130,93,125,218
"2025 National Youth Championships, Powered by Rogue Fitness",2025-06-23,Men's 16-17 Age Group 79kg,Nicholas Migliaccio,76.35,-93,93,-100,116,120,125,93,125,218
"2025 National Youth Championships, Powered by Rogue Fitness",2025-06-23,Men's 16-17 Age Group 94kg,Will Rodriquez,92.85,98,102,-108,115,-120,-121,102,115,217
"2025 National Youth Championships, Powered by Rogue Fitness",2025-06-23,Men's 16-17 Age Group 94+kg,Genjay Crump,119.95,93,-96,96,120,-124,-125,96,120,216
"2025 National Youth Championships, Powered by Rogue Fitness",2025-06-23,Men's 16-17 Age Group 79kg,Luke Griesser,76.8,90,96,-102,120,-125,-125,96,120,216
"2025 National Youth Championships, Powered by Rogue Fitness",2025-06-23,Men's 16-17 Age Group 94+kg,HAYDEN MAAKE,128.25,88,95,-100,115,120,-125,95,120,215
"2025 National Youth Championships, Powered by Rogue Fitness",2025-06-23,Men's 16-17 Age Group 94+kg,Ian Taylor,121.05,82,87,92,113,118,123,92,123,215
"2025 National Youth Championships, Powered by Rogue Fitness",2025-06-22,Men's 14-15 Age Group 65kg,Bradley Bates,61.85,-92,92,94,115,119,121,94,121,215
"2025 National Youth Championships, Powered by Rogue Fitness",2025-06-22,Men's 14-15 Age Group 79kg,Spencer Davern,77.06,85,90,95,110,115,120,95,120,215
"2025 National Youth Championships, Powered by Rogue Fitness",2025-06-22,Men's 14-15 Age Group 79+kg,Asher Fountain,88.95,92,97,-103,111,115,118,97,118,215
"2025 National Youth Championships, Powered by Rogue Fitness",2025-06-23,Men's 16-17 Age Group 65kg,Nicholas Luna,63.75,91,94,-97,111,116,119,94,119,213
"2025 National Youth Championships, Powered by Rogue Fitness",2025-06-23,Men's 16-17 Age Group 94kg,Daniel Weber,94,89,-93,95,109,113,117,95,117,212
"2025 National Youth Championships, Powered by Rogue Fitness",2025-06-23,Men's 16-17 Age Group 94+kg,Judson Carithers,108.9,90,-94,95,112,117,-122,95,117,212
"2025 National Youth Championships, Powered by Rogue Fitness",2025-06-23,Men's 16-17 Age Group 65kg,Joshua Eliscupides,64.1,-97,97,101,107,111,-115,101,111,212
"2025 National Youth Championships, Powered by Rogue Fitness",2025-06-23,Men's 16-17 Age Group 94+kg,logan walkins,118.65,90,-95,96,110,115,-120,96,115,211
"2025 National Youth Championships, Powered by Rogue Fitness",2025-06-23,Men's 16-17 Age Group 94+kg,Jacob Berneathy,109.45,83,86,90,115,-120,120,90,120,210
"2025 National Youth Championships, Powered by Rogue Fitness",2025-06-23,Men's 16-17 Age Group 94+kg,Thomas Chase,107.2,-90,90,-95,105,112,120,90,120,210
"2025 National Youth Championships, Powered by Rogue Fitness",2025-06-23,Men's 16-17 Age Group 71kg,Xaiden  Shultz,70.15,95,-97,-97,115,-118,-118,95,115,210
"2025 National Youth Championships, Powered by Rogue Fitness",2025-06-23,Men's 16-17 Age Group 79kg,Branden Berthiaume,77.55,80,85,90,110,115,120,90,120,210
"2025 National Youth Championships, Powered by Rogue Fitness",2025-06-23,Men's 16-17 Age Group 79kg,Renzo De Oliveira,77.25,88,-92,-93,-116,117,122,88,122,210
"2025 National Youth Championships, Powered by Rogue Fitness",2025-06-23,Men's 16-17 Age Group 94+kg,Braydon Vester,121.05,78,81,-84,113,119,128,81,128,209
"2025 National Youth Championships, Powered by Rogue Fitness",2025-06-23,Men's 16-17 Age Group 71kg,Jesse Castillo,66.05,93,-96,-97,-110,111,116,93,116,209
"2025 National Youth Championships, Powered by Rogue Fitness",2025-06-23,Men's 16-17 Age Group 71kg,Levi Stanley ,67.95,87,90,95,107,-110,112,95,112,207
"2025 National Youth Championships, Powered by Rogue Fitness",2025-06-23,Men's 16-17 Age Group 65kg,Maddux Hernandez,64.35,85,88,91,108,112,115,91,115,206
"2025 National Youth Championships, Powered by Rogue Fitness",2025-06-23,Men's 16-17 Age Group 79kg,Christopher  MCDONALD,76.25,-88,91,-96,106,112,115,91,115,206
"2025 National Youth Championships, Powered by Rogue Fitness",2025-06-22,Men's 14-15 Age Group 71kg,Levi Atwell,68.55,85,90,-94,105,110,115,90,115,205
"2025 National Youth Championships, Powered by Rogue Fitness",2025-06-22,Men's 14-15 Age Group 79+kg,Griffin Heglie,84.2,84,87,90,115,-119,-126,90,115,205
"2025 National Youth Championships, Powered by Rogue Fitness",2025-06-23,Men's 16-17 Age Group 79kg,Ethan Anderson,77.65,-90,-90,90,110,115,-120,90,115,205
"2025 National Youth Championships, Powered by Rogue Fitness",2025-06-23,Men's 16-17 Age Group 88kg,William (Van) Selph,85.85,90,-95,-100,110,115,-120,90,115,205
"2025 National Youth Championships, Powered by Rogue Fitness",2025-06-23,Women's 16-17 Age Group 77+kg,Olivia Bond-West,89.4,81,84,88,-112,112,116,88,116,204
"2025 National Youth Championships, Powered by Rogue Fitness",2025-06-23,Men's 16-17 Age Group 79kg,Logan Cheramie,77.55,83,87,-90,-115,117,-120,87,117,204
"2025 National Youth Championships, Powered by Rogue Fitness",2025-06-23,Men's 16-17 Age Group 88kg,Ajeet Virk,81.15,86,-89,89,-115,115,-119,89,115,204
"2025 National Youth Championships, Powered by Rogue Fitness",2025-06-23,Men's 16-17 Age Group 94+kg,Will Hendrix,96.4,85,89,-94,107,114,-121,89,114,203
"2025 National Youth Championships, Powered by Rogue Fitness",2025-06-23,Men's 16-17 Age Group 65kg,Preston Sparks,63.35,88,90,-92,108,-112,113,90,113,203
"2025 National Youth Championships, Powered by Rogue Fitness",2025-06-23,Men's 16-17 Age Group 65kg,TIMOTHY NEAL,63.2,82,86,90,112,-117,-117,90,112,202
"2025 National Youth Championships, Powered by Rogue Fitness",2025-06-23,Men's 16-17 Age Group 71kg,Flynn King,69,86,90,-95,104,108,112,90,112,202
"2025 National Youth Championships, Powered by Rogue Fitness",2025-06-21,Men's 13 Under Age Group 65+kg,Sidney Porter,131.05,85,90,-94,-111,111,-118,90,111,201
"2025 National Youth Championships, Powered by Rogue Fitness",2025-06-22,Men's 14-15 Age Group 79+kg,Walker Stanley,102.5,83,86,-90,106,111,115,86,115,201
"2025 National Youth Championships, Powered by Rogue Fitness",2025-06-23,Men's 16-17 Age Group 71kg,Dominic Fruchtenicht,69.35,85,88,92,105,109,-116,92,109,201
"2025 National Youth Championships, Powered by Rogue Fitness",2025-06-23,Men's 16-17 Age Group 94kg,Elliot Leet,91.85,83,-86,-86,-115,115,-120,83,115,198
"2025 National Youth Championships, Powered by Rogue Fitness",2025-06-23,Men's 16-17 Age Group 94+kg,Ahmad Minor,98.7,82,84,86,-112,112,-115,86,112,198
"2025 National Youth Championships, Powered by Rogue Fitness",2025-06-22,Men's 16-17 Age Group 56kg,Diego Yoo,55.1,80,81,86,106,112,-117,86,112,198
"2025 National Youth Championships, Powered by Rogue Fitness",2025-06-23,Men's 16-17 Age Group 79kg,Anthony Benavides,74.5,-80,82,85,110,113,-116,85,113,198
"2025 National Youth Championships, Powered by Rogue Fitness",2025-06-23,Men's 16-17 Age Group 94+kg,Patrick Langfeldt,104.7,82,86,-91,101,-107,110,86,110,196
"2025 National Youth Championships, Powered by Rogue Fitness",2025-06-22,Men's 14-15 Age Group 79kg,Zaevian Morales,78.65,82,-85,85,104,108,111,85,111,196
"2025 National Youth Championships, Powered by Rogue Fitness",2025-06-23,Men's 16-17 Age Group 71kg,Elijah Hathaway,70.15,90,-95,-96,100,106,-110,90,106,196
"2025 National Youth Championships, Powered by Rogue Fitness",2025-06-23,Men's 16-17 Age Group 71kg,Christian Russman ,69.8,82,86,-89,104,110,-113,86,110,196
"2025 National Youth Championships, Powered by Rogue Fitness",2025-06-23,Men's 16-17 Age Group 79kg,Quinn Corcoran,74.8,-91,91,-96,100,105,-110,91,105,196
"2025 National Youth Championships, Powered by Rogue Fitness",2025-06-23,Men's 16-17 Age Group 94kg,Daniel Ricklick,91.1,-80,80,-90,110,-115,115,80,115,195
"2025 National Youth Championships, Powered by Rogue Fitness",2025-06-23,Men's 16-17 Age Group 79kg,Josh Reisdorf,73.83,77,81,85,105,110,-115,85,110,195
"2025 National Youth Championships, Powered by Rogue Fitness",2025-06-22,Men's 14-15 Age Group 79+kg,Kaeleb  Havard,108.7,70,75,80,105,110,114,80,114,194
"2025 National Youth Championships, Powered by Rogue Fitness",2025-06-23,Men's 16-17 Age Group 79kg,Idán Wade-Curiel,75.9,88,91,94,100,-105,-106,94,100,194
"2025 National Youth Championships, Powered by Rogue Fitness",2025-06-23,Men's 16-17 Age Group 94kg,Isaiah Aukerman,92.45,75,80,85,102,108,-111,85,108,193
"2025 National Youth Championships, Powered by Rogue Fitness",2025-06-22,Men's 14-15 Age Group 79kg,Kevin Hall,73.4,76,80,-84,109,113,-117,80,113,193
"2025 National Youth Championships, Powered by Rogue Fitness",2025-06-23,Men's 16-17 Age Group 71kg,Coen Hayes,71.01,-80,-83,83,105,110,-115,83,110,193
"2025 National Youth Championships, Powered by Rogue Fitness",2025-06-23,Men's 16-17 Age Group 94+kg,Gavin Dahle,115.35,83,-86,87,100,105,-108,87,105,192
"2025 National Youth Championships, Powered by Rogue Fitness",2025-06-23,Men's 16-17 Age Group 94+kg,Andy Arntson,100.1,-80,80,82,100,105,110,82,110,192
"2025 National Youth Championships, Powered by Rogue Fitness",2025-06-22,Men's 14-15 Age Group 79kg,Keegan McHale,74.95,-77,78,-82,108,-113,114,78,114,192
"2025 National Youth Championships, Powered by Rogue Fitness",2025-06-22,Men's 16-17 Age Group 60kg,Lucas Mansier,59.25,-80,80,87,95,100,105,87,105,192
"2025 National Youth Championships, Powered by Rogue Fitness",2025-06-23,Men's 16-17 Age Group 71kg,Zach Kirson,68.75,80,84,88,104,-110,-110,88,104,192
"2025 National Youth Championships, Powered by Rogue Fitness",2025-06-23,Men's 16-17 Age Group 79kg,Decker Fontenot,76.5,80,-85,86,-100,103,106,86,106,192
"2025 National Youth Championships, Powered by Rogue Fitness",2025-06-23,Women's 16-17 Age Group 77+kg,Kinsley Rodden,123.45,78,81,82,100,105,109,82,109,191
"2025 National Youth Championships, Powered by Rogue Fitness",2025-06-22,Men's 14-15 Age Group 65kg,Liam Bujanda,63.2,85,-90,-90,105,-110,-110,85,105,190
"2025 National Youth Championships, Powered by Rogue Fitness",2025-06-23,Men's 16-17 Age Group 88kg,Dylan McCullough,86.7,-85,85,-90,100,-105,105,85,105,190
"2025 National Youth Championships, Powered by Rogue Fitness",2025-06-23,Men's 16-17 Age Group 71kg,Caleb Sprenger,69.7,80,83,85,100,104,-107,85,104,189
"2025 National Youth Championships, Powered by Rogue Fitness",2025-06-23,Men's 16-17 Age Group 79kg,Nathan Combs,78.5,77,-80,-80,107,110,112,77,112,189
"2025 National Youth Championships, Powered by Rogue Fitness",2025-06-23,Men's 16-17 Age Group 94+kg,Jake Langer,98.75,-80,80,83,-100,100,105,83,105,188
"2025 National Youth Championships, Powered by Rogue Fitness",2025-06-22,Men's 14-15 Age Group 56kg,Andrew Weymer,55.4,80,83,85,100,103,0,85,103,188
"2025 National Youth Championships, Powered by Rogue Fitness",2025-06-23,Men's 16-17 Age Group 79kg,Preston Griffing,74.7,83,87,-91,-100,100,-105,87,100,187
"2025 National Youth Championships, Powered by Rogue Fitness",2025-06-23,Men's 16-17 Age Group 79kg,Adam Hawrylchak,77.4,71,76,80,95,102,106,80,106,186
"2025 National Youth Championships, Powered by Rogue Fitness",2025-06-23,Men's 16-17 Age Group 79kg,Aiden Chancey,78.5,72,76,79,95,100,107,79,107,186
"2025 National Youth Championships, Powered by Rogue Fitness",2025-06-23,Men's 16-17 Age Group 71kg,Caleb Trueblood,69.65,80,83,86,-94,94,99,86,99,185
"2025 National Youth Championships, Powered by Rogue Fitness",2025-06-23,Men's 16-17 Age Group 71kg,Camdynn Burns,68.55,80,-84,-85,100,105,-108,80,105,185
"2025 National Youth Championships, Powered by Rogue Fitness",2025-06-23,Men's 16-17 Age Group 79kg,Ayden He,76.1,78,82,-87,-101,103,-111,82,103,185
"2025 National Youth Championships, Powered by Rogue Fitness",2025-06-23,Men's 16-17 Age Group 88kg,Marcos  Pujol ,85.5,80,-85,85,100,-105,-108,85,100,185
"2025 National Youth Championships, Powered by Rogue Fitness",2025-06-23,Men's 16-17 Age Group 88kg,Tai Ferrer,83.55,80,-84,85,100,-103,-103,85,100,185
"2025 National Youth Championships, Powered by Rogue Fitness",2025-06-23,Women's 16-17 Age Group 77kg,Ella Bays,74,-81,-81,81,103,-107,-107,81,103,184
"2025 National Youth Championships, Powered by Rogue Fitness",2025-06-23,Men's 16-17 Age Group 71kg,Biji  Blagoev,66.95,78,81,84,96,100,-103,84,100,184
"2025 National Youth Championships, Powered by Rogue Fitness",2025-06-23,Men's 16-17 Age Group 71kg,Preston Merriken,68.1,77,81,-85,98,-103,103,81,103,184
"2025 National Youth Championships, Powered by Rogue Fitness",2025-06-23,Women's 16-17 Age Group 69kg,McKenzie Hatcher,67.8,77,80,-82,96,-100,103,80,103,183
"2025 National Youth Championships, Powered by Rogue Fitness",2025-06-22,Men's 16-17 Age Group 65kg,Kyle  Mager ,63.3,75,-79,81,92,97,101,81,101,182
"2025 National Youth Championships, Powered by Rogue Fitness",2025-06-23,Men's 16-17 Age Group 79kg,Max Ferrara,76.55,76,79,82,100,-104,-105,82,100,182
"2025 National Youth Championships, Powered by Rogue Fitness",2025-06-23,Men's 16-17 Age Group 79kg,Jared Adkins,78.25,76,79,82,97,100,-103,82,100,182
"2025 National Youth Championships, Powered by Rogue Fitness",2025-06-23,Men's 16-17 Age Group 79kg,Myles  McArthur ,78.9,75,80,-85,95,102,-110,80,102,182
"2025 National Youth Championships, Powered by Rogue Fitness",2025-06-23,Men's 16-17 Age Group 88kg,Bruce Adame,87.2,82,-85,-87,93,-97,100,82,100,182
"2025 National Youth Championships, Powered by Rogue Fitness",2025-06-23,Women's 16-17 Age Group 69kg,Adelyn Jones,66.7,77,-80,80,98,101,-103,80,101,181
"2025 National Youth Championships, Powered by Rogue Fitness",2025-06-22,Men's 16-17 Age Group 65kg,Jackson Crane,60.5,78,82,85,93,96,-100,85,96,181
"2025 National Youth Championships, Powered by Rogue Fitness",2025-06-23,Men's 16-17 Age Group 94kg,tyler bullock,89.2,70,75,-79,95,100,105,75,105,180
"2025 National Youth Championships, Powered by Rogue Fitness",2025-06-23,Men's 16-17 Age Group 65kg,John Lewis,63.75,75,79,-84,101,-106,-106,79,101,180
"2025 National Youth Championships, Powered by Rogue Fitness",2025-06-23,Men's 16-17 Age Group 79kg,Bryson Michalkiewicz,76.4,78,82,-86,98,-102,-105,82,98,180
"2025 National Youth Championships, Powered by Rogue Fitness",2025-06-23,Men's 16-17 Age Group 79kg,Zane Beck,76.15,80,-86,-86,100,-105,-105,80,100,180
"2025 National Youth Championships, Powered by Rogue Fitness",2025-06-22,Women's 14-15 Age Group 69kg,Gianna Van Hofwegen,66.75,76,79,-82,95,100,-104,79,100,179
"2025 National Youth Championships, Powered by Rogue Fitness",2025-06-22,Men's 14-15 Age Group 60kg,Jayden Whittaker,58.45,75,78,81,94,98,-103,81,98,179
"2025 National Youth Championships, Powered by Rogue Fitness",2025-06-23,Women's 16-17 Age Group 69kg,Autumn Sands,67.6,-74,76,80,95,99,-104,80,99,179
"2025 National Youth Championships, Powered by Rogue Fitness",2025-06-23,Men's 16-17 Age Group 65kg,kaiden mcveigh,62.7,71,75,79,95,100,-103,79,100,179
"2025 National Youth Championships, Powered by Rogue Fitness",2025-06-22,Men's 14-15 Age Group 60kg,Ashton McAllister,59.2,74,-77,77,95,98,101,77,101,178
"2025 National Youth Championships, Powered by Rogue Fitness",2025-06-23,Men's 16-17 Age Group 71kg,Christian Anderson,69.35,74,78,-82,95,100,-107,78,100,178
"2025 National Youth Championships, Powered by Rogue Fitness",2025-06-23,Men's 16-17 Age Group 79kg,Kyler Brown,73.55,70,73,-76,98,102,105,73,105,178
"2025 National Youth Championships, Powered by Rogue Fitness",2025-06-22,Men's 14-15 Age Group 79+kg,Hideo Kline,112.1,72,74,77,95,97,100,77,100,177
"2025 National Youth Championships, Powered by Rogue Fitness",2025-06-22,Men's 14-15 Age Group 79+kg,Wyatt Kight,93.8,73,76,-80,-100,101,-107,76,101,177
"2025 National Youth Championships, Powered by Rogue Fitness",2025-06-23,Men's 16-17 Age Group 88kg,Sebastian Perez,86.3,73,-77,77,95,100,-105,77,100,177
"2025 National Youth Championships, Powered by Rogue Fitness",2025-06-22,Men's 14-15 Age Group 71kg,Jaden Angel,69.6,70,73,76,96,100,-106,76,100,176
"2025 National Youth Championships, Powered by Rogue Fitness",2025-06-22,Men's 14-15 Age Group 79kg,Erubey Garcia,76.1,78,81,-85,95,-101,-101,81,95,176
"2025 National Youth Championships, Powered by Rogue Fitness",2025-06-22,Men's 16-17 Age Group 56kg,Daniel LoTurco,55.8,67,74,78,-88,88,98,78,98,176
"2025 National Youth Championships, Powered by Rogue Fitness",2025-06-23,Men's 16-17 Age Group 71kg,Rowdy Cearley,67.1,75,-78,-78,91,96,101,75,101,176
"2025 National Youth Championships, Powered by Rogue Fitness",2025-06-22,Women's 14-15 Age Group 63kg,Chassity Del Balso,62.4,70,74,77,93,98,-103,77,98,175
"2025 National Youth Championships, Powered by Rogue Fitness",2025-06-22,Men's 16-17 Age Group 56kg,Nathan Martin,55.25,70,-73,-73,100,105,-110,70,105,175
"2025 National Youth Championships, Powered by Rogue Fitness",2025-06-23,Men's 16-17 Age Group 79kg,Liam Cincotta,76.85,-80,81,-84,94,-97,-97,81,94,175
"2025 National Youth Championships, Powered by Rogue Fitness",2025-06-22,Men's 14-15 Age Group 60kg,Cody Anderson,59.45,72,-76,76,97,-102,-102,76,97,173
"2025 National Youth Championships, Powered by Rogue Fitness",2025-06-22,Men's 16-17 Age Group 60kg,Jack Mann,59,83,-86,-88,88,-92,0,83,88,171
"2025 National Youth Championships, Powered by Rogue Fitness",2025-06-23,Men's 16-17 Age Group 79kg,Gunnar Maki,77.85,-78,80,-86,86,91,-96,80,91,171
"2025 National Youth Championships, Powered by Rogue Fitness",2025-06-23,Men's 16-17 Age Group 79kg,Gavin Greenwalt,72.75,70,73,76,86,90,95,76,95,171
"2025 National Youth Championships, Powered by Rogue Fitness",2025-06-22,Men's 14-15 Age Group 65kg,Ezekiel Macias,63.4,68,-72,73,87,92,97,73,97,170
"2025 National Youth Championships, Powered by Rogue Fitness",2025-06-22,Men's 14-15 Age Group 79kg,Logan German,75.4,-70,70,74,91,96,-100,74,96,170
"2025 National Youth Championships, Powered by Rogue Fitness",2025-06-23,Women's 16-17 Age Group 63kg,Keilana Brewer,61.4,73,76,-79,90,-94,94,76,94,170
"2025 National Youth Championships, Powered by Rogue Fitness",2025-06-22,Men's 14-15 Age Group 79+kg,Trey Peaden,90.55,77,80,-83,90,-95,-100,80,90,170
"2025 National Youth Championships, Powered by Rogue Fitness",2025-06-23,Women's 16-17 Age Group 77kg,Emma Meads,73.85,73,75,-80,87,90,95,75,95,170
"2025 National Youth Championships, Powered by Rogue Fitness",2025-06-23,Men's 16-17 Age Group 71kg,Symir Tai,68.9,63,67,73,92,97,-102,73,97,170
"2025 National Youth Championships, Powered by Rogue Fitness",2025-06-23,Men's 16-17 Age Group 79kg,Austin Gerard,71.85,70,75,-79,85,90,95,75,95,170
"2025 National Youth Championships, Powered by Rogue Fitness",2025-06-23,Women's 16-17 Age Group 58kg,madeline francescone,54.95,-70,73,75,91,94,-97,75,94,169
"2025 National Youth Championships, Powered by Rogue Fitness",2025-06-23,Men's 16-17 Age Group 65kg,Dylan Brown,64.25,74,-78,-78,95,-100,-101,74,95,169
"2025 National Youth Championships, Powered by Rogue Fitness",2025-06-22,Women's 14-15 Age Group 69kg,Ireland Manor,67.65,72,76,-80,-92,92,-99,76,92,168
"2025 National Youth Championships, Powered by Rogue Fitness",2025-06-23,Women's 16-17 Age Group 77+kg,Reese Butler,96.35,71,-74,74,87,92,94,74,94,168
"2025 National Youth Championships, Powered by Rogue Fitness",2025-06-23,Men's 16-17 Age Group 88kg,Liam Brandis,81.5,70,73,-76,90,-95,95,73,95,168
"2025 National Youth Championships, Powered by Rogue Fitness",2025-06-22,Men's 14-15 Age Group 79kg,Noah Booth,72.1,65,69,72,91,95,-101,72,95,167
"2025 National Youth Championships, Powered by Rogue Fitness",2025-06-23,Women's 16-17 Age Group 77+kg,Eleanor Cler,105.5,68,72,75,84,-88,91,75,91,166
"2025 National Youth Championships, Powered by Rogue Fitness",2025-06-23,Men's 16-17 Age Group 71kg,Julian  Pina,69.2,65,68,71,95,-101,-102,71,95,166
"2025 National Youth Championships, Powered by Rogue Fitness",2025-06-23,Women's 16-17 Age Group 58kg,Zoe Fiala,55.85,68,71,-74,86,90,94,71,94,165
"2025 National Youth Championships, Powered by Rogue Fitness",2025-06-22,Men's 14-15 Age Group 65kg,liam gargan,64.3,-65,65,69,86,90,96,69,96,165
"2025 National Youth Championships, Powered by Rogue Fitness",2025-06-22,Men's 14-15 Age Group 71kg,Henry Faye,70.65,70,75,-77,90,-95,-100,75,90,165
"2025 National Youth Championships, Powered by Rogue Fitness",2025-06-22,Men's 14-15 Age Group 79kg,Samuel Schulz,77.85,67,71,-75,90,-93,93,71,93,164
"2025 National Youth Championships, Powered by Rogue Fitness",2025-06-23,Women's 16-17 Age Group 69kg,Alyssa McMurtrie,66.8,66,69,72,89,92,-95,72,92,164
"2025 National Youth Championships, Powered by Rogue Fitness",2025-06-23,Women's 16-17 Age Group 77+kg,Avery Miller,103.3,64,68,72,83,88,92,72,92,164
"2025 National Youth Championships, Powered by Rogue Fitness",2025-06-22,Men's 14-15 Age Group 65kg,Aidan Griesser,63.55,65,-71,72,86,91,-97,72,91,163
"2025 National Youth Championships, Powered by Rogue Fitness",2025-06-23,Women's 16-17 Age Group 58kg,Ellen Lassere,55.85,67,70,-74,-91,92,-100,70,92,162
"2025 National Youth Championships, Powered by Rogue Fitness",2025-06-22,Men's 14-15 Age Group 79kg,Taylor Page,79,70,-73,74,88,-92,-92,74,88,162
"2025 National Youth Championships, Powered by Rogue Fitness",2025-06-23,Women's 16-17 Age Group 63kg,Allie Nichols,59.8,70,-73,-73,89,-92,92,70,92,162
"2025 National Youth Championships, Powered by Rogue Fitness",2025-06-23,Women's 16-17 Age Group 77kg,Alexis Rissler,75.9,67,70,73,85,-89,89,73,89,162
"2025 National Youth Championships, Powered by Rogue Fitness",2025-06-22,Men's 14-15 Age Group 65kg,JONAH BAHARIN,61,64,-67,70,85,-88,91,70,91,161
"2025 National Youth Championships, Powered by Rogue Fitness",2025-06-23,Women's 16-17 Age Group 63kg,Payton Mangay-ayam,61.95,-67,68,71,87,90,-93,71,90,161
"2025 National Youth Championships, Powered by Rogue Fitness",2025-06-23,Men's 16-17 Age Group 71kg,Alexander Ling,68.65,64,67,70,86,91,-95,70,91,161
"2025 National Youth Championships, Powered by Rogue Fitness",2025-06-23,Men's 16-17 Age Group 71kg,Mateo Jonah Limbo,69.6,-65,66,-71,91,95,-100,66,95,161
"2025 National Youth Championships, Powered by Rogue Fitness",2025-06-22,Men's 14-15 Age Group 79kg,Bradley Garza,72.65,65,-70,73,-85,-87,87,73,87,160
"2025 National Youth Championships, Powered by Rogue Fitness",2025-06-23,Women's 16-17 Age Group 63kg,Sadie Merritt,62.1,66,69,-71,85,88,91,69,91,160
"2025 National Youth Championships, Powered by Rogue Fitness",2025-06-22,Men's 16-17 Age Group 60kg,Jason Goico,58.6,65,70,75,85,-90,-93,75,85,160
"2025 National Youth Championships, Powered by Rogue Fitness",2025-06-23,Women's 16-17 Age Group 77kg,Layah Slaughter,73.25,70,-74,-75,-88,88,90,70,90,160
"2025 National Youth Championships, Powered by Rogue Fitness",2025-06-23,Women's 16-17 Age Group 58kg,Brynn Catalano,55.3,69,-72,-73,87,90,-94,69,90,159
"2025 National Youth Championships, Powered by Rogue Fitness",2025-06-23,Women's 16-17 Age Group 77kg,Stephanie Griffith,76.65,-70,-70,70,82,-88,89,70,89,159
"2025 National Youth Championships, Powered by Rogue Fitness",2025-06-22,Men's 14-15 Age Group 56kg,Weston McGrath,54.8,61,65,69,81,85,89,69,89,158
"2025 National Youth Championships, Powered by Rogue Fitness",2025-06-22,Men's 14-15 Age Group 71kg,Aiden  Liao,69.1,-65,65,68,90,-94,-97,68,90,158
"2025 National Youth Championships, Powered by Rogue Fitness",2025-06-22,Men's 14-15 Age Group 79kg,Luke Partin,75.3,65,68,70,85,88,-90,70,88,158
"2025 National Youth Championships, Powered by Rogue Fitness",2025-06-22,Men's 16-17 Age Group 56kg,Diego Cordero,53.3,-68,-68,68,86,90,-95,68,90,158
"2025 National Youth Championships, Powered by Rogue Fitness",2025-06-23,Women's 16-17 Age Group 77+kg,Madison Hoblit ,99.4,-65,65,-72,81,87,93,65,93,158
"2025 National Youth Championships, Powered by Rogue Fitness",2025-06-23,Men's 16-17 Age Group 71kg,Benjamin Dufresne,66.85,-65,-65,65,85,89,93,65,93,158
"2025 National Youth Championships, Powered by Rogue Fitness",2025-06-22,Women's 14-15 Age Group 69+kg,Eva Windsor,101.9,65,68,-71,80,85,89,68,89,157
"2025 National Youth Championships, Powered by Rogue Fitness",2025-06-23,Men's 16-17 Age Group 71kg,Erik Hayrapetyan ,69.5,-65,-65,65,87,92,-97,65,92,157
"2025 National Youth Championships, Powered by Rogue Fitness",2025-06-23,Men's 16-17 Age Group 71kg,Marquaviun  Holloway ,67.95,58,61,-64,88,93,96,61,96,157
"2025 National Youth Championships, Powered by Rogue Fitness",2025-06-22,Men's 14-15 Age Group 79+kg,Bryant Charles,99.4,65,70,-75,80,86,-90,70,86,156
"2025 National Youth Championships, Powered by Rogue Fitness",2025-06-22,Men's 14-15 Age Group 79+kg,Ryan  Murphy,149.7,-61,61,65,83,86,91,65,91,156
"2025 National Youth Championships, Powered by Rogue Fitness",2025-06-23,Women's 16-17 Age Group 69kg,Vienna Belli,64.3,63,66,70,83,86,-90,70,86,156
"2025 National Youth Championships, Powered by Rogue Fitness",2025-06-23,Women's 16-17 Age Group 77+kg,Anahlis Rubio,104.25,65,67,70,83,86,-90,70,86,156
"2025 National Youth Championships, Powered by Rogue Fitness",2025-06-22,Men's 14-15 Age Group 71kg,Grady Sterling,68.2,62,65,68,77,82,87,68,87,155
"2025 National Youth Championships, Powered by Rogue Fitness",2025-06-22,Men's 16-17 Age Group 65kg,Gavin DiBiasie,63.45,-70,70,74,80,81,-83,74,81,155
"2025 National Youth Championships, Powered by Rogue Fitness",2025-06-22,Men's 16-17 Age Group 65kg,August Ewing-Sohtun,63.95,63,67,71,84,-88,-88,71,84,155
"2025 National Youth Championships, Powered by Rogue Fitness",2025-06-23,Women's 16-17 Age Group 77+kg,Isabella Wray,94.07,67,70,-73,85,-89,-90,70,85,155
"2025 National Youth Championships, Powered by Rogue Fitness",2025-06-23,Men's 16-17 Age Group 79kg,Daniel Rinaldi,77.8,62,-65,-65,86,89,92,62,92,154
"2025 National Youth Championships, Powered by Rogue Fitness",2025-06-23,Women's 16-17 Age Group 69kg,Samantha Goodman,67.2,63,67,-70,82,85,-89,67,85,152
"2025 National Youth Championships, Powered by Rogue Fitness",2025-06-22,Women's 14-15 Age Group 58kg,Reagan Herchold,56.6,64,66,-68,82,85,86,66,86,152
"2025 National Youth Championships, Powered by Rogue Fitness",2025-06-22,Women's 14-15 Age Group 58kg,Maryam Grafton,55.6,62,65,67,81,84,-86,67,84,151
"2025 National Youth Championships, Powered by Rogue Fitness",2025-06-22,Men's 14-15 Age Group 71kg,Bryce Niedzielski,70.65,62,-66,68,-83,83,-90,68,83,151
"2025 National Youth Championships, Powered by Rogue Fitness",2025-06-23,Women's 16-17 Age Group 63kg,Taylor Bush,61.8,-63,63,67,77,84,-88,67,84,151
"2025 National Youth Championships, Powered by Rogue Fitness",2025-06-22,Men's 16-17 Age Group 65kg,Noah Presley,63.15,63,66,-69,81,85,-91,66,85,151
"2025 National Youth Championships, Powered by Rogue Fitness",2025-06-23,Men's 16-17 Age Group 71kg,Mason Muench,66.5,65,-69,-72,-86,86,-90,65,86,151
"2025 National Youth Championships, Powered by Rogue Fitness",2025-06-22,Women's 14-15 Age Group 69+kg,Alyssa Hines,72.2,65,-68,-68,81,84,-89,65,84,149
"2025 National Youth Championships, Powered by Rogue Fitness",2025-06-22,Men's 14-15 Age Group 79+kg,Stephen Combs,95.1,60,63,66,76,79,83,66,83,149
"2025 National Youth Championships, Powered by Rogue Fitness",2025-06-22,Men's 16-17 Age Group 60kg,Jaxson Van Horn,57.55,60,62,64,83,84,85,64,85,149
"2025 National Youth Championships, Powered by Rogue Fitness",2025-06-23,Women's 16-17 Age Group 77kg,McKenzie  Kuykendall,73.25,58,61,-63,86,88,-92,61,88,149
"2025 National Youth Championships, Powered by Rogue Fitness",2025-06-22,Women's 14-15 Age Group 63kg,Addison Eicher,62.8,57,61,63,76,80,85,63,85,148
"2025 National Youth Championships, Powered by Rogue Fitness",2025-06-22,Women's 14-15 Age Group 69+kg,Kodi McBride,78.3,-65,-66,66,78,-81,82,66,82,148
"2025 National Youth Championships, Powered by Rogue Fitness",2025-06-22,Women's 14-15 Age Group 69+kg,Bristol Dixon,78.85,59,62,65,79,83,-87,65,83,148
"2025 National Youth Championships, Powered by Rogue Fitness",2025-06-22,Men's 14-15 Age Group 79+kg,Jackson Nelson,122.15,68,-72,-73,80,-85,-86,68,80,148
"2025 National Youth Championships, Powered by Rogue Fitness",2025-06-23,Women's 16-17 Age Group 69kg,Stevie Majoros,68.1,-59,59,63,78,82,85,63,85,148
"2025 National Youth Championships, Powered by Rogue Fitness",2025-06-22,Men's 16-17 Age Group 65kg,William  Redding ,63,59,62,65,81,83,-85,65,83,148
"2025 National Youth Championships, Powered by Rogue Fitness",2025-06-22,Women's 14-15 Age Group 69+kg,Chloe Desjardins,70.8,62,65,68,74,-78,78,68,78,146
"2025 National Youth Championships, Powered by Rogue Fitness",2025-06-23,Women's 16-17 Age Group 63kg,Lucy Korn,59.65,63,66,-69,77,80,-83,66,80,146
"2025 National Youth Championships, Powered by Rogue Fitness",2025-06-22,Women's 16-17 Age Group 53kg,nya williams,52.15,56,60,63,75,79,82,63,82,145
"2025 National Youth Championships, Powered by Rogue Fitness",2025-06-23,Women's 16-17 Age Group 58kg,Jordan Schwenneker,56.65,61,64,67,75,78,-80,67,78,145
"2025 National Youth Championships, Powered by Rogue Fitness",2025-06-22,Men's 16-17 Age Group 56kg,Wyatt Nelson,55.35,62,65,-68,80,-83,-83,65,80,145
"2025 National Youth Championships, Powered by Rogue Fitness",2025-06-22,Men's 16-17 Age Group 65kg,Jace Doty,63.95,61,64,-67,81,-85,-85,64,81,145
"2025 National Youth Championships, Powered by Rogue Fitness",2025-06-22,Men's 14-15 Age Group 60kg,Brock Bates,57.1,56,59,62,76,79,82,62,82,144
"2025 National Youth Championships, Powered by Rogue Fitness",2025-06-22,Men's 14-15 Age Group 65kg,Keagan Card,63.7,59,61,-65,83,-86,-87,61,83,144
"2025 National Youth Championships, Powered by Rogue Fitness",2025-06-23,Women's 16-17 Age Group 77+kg,Stella Stimpson,109.2,65,-70,-70,78,79,-82,65,79,144
"2025 National Youth Championships, Powered by Rogue Fitness",2025-06-23,Women's 16-17 Age Group 58kg,Ava Myers,56.3,62,-66,-67,78,81,-84,62,81,143
"2025 National Youth Championships, Powered by Rogue Fitness",2025-06-22,Men's 16-17 Age Group 56kg,Manuel Hodgman,52.3,63,-67,-67,75,80,-86,63,80,143
"2025 National Youth Championships, Powered by Rogue Fitness",2025-06-22,Men's 16-17 Age Group 60kg,Brayden Politano,60,63,67,70,73,-77,-77,70,73,143
"2025 National Youth Championships, Powered by Rogue Fitness",2025-06-21,Women's 13 Under Age Group 40kg,Aurora van Ulft,39.15,-59,59,61,81,-84,-84,61,81,142
"2025 National Youth Championships, Powered by Rogue Fitness",2025-06-22,Men's 16-17 Age Group 65kg,Joseph  Dishman,61.1,62,65,-71,77,-82,-83,65,77,142
"2025 National Youth Championships, Powered by Rogue Fitness",2025-06-21,Men's 13 Under Age Group 65+kg,Anthony Caceres,116.2,55,60,-70,81,-95,-96,60,81,141
"2025 National Youth Championships, Powered by Rogue Fitness",2025-06-22,Men's 16-17 Age Group 56kg,Karter Lawson ,53.3,-62,62,-65,73,-77,79,62,79,141
"2025 National Youth Championships, Powered by Rogue Fitness",2025-06-23,Women's 16-17 Age Group 69kg,Mathea Wendle,68.3,56,59,63,70,74,77,63,77,140
"2025 National Youth Championships, Powered by Rogue Fitness",2025-06-22,Men's 14-15 Age Group 60kg,Caleb Berneathy,57.95,56,59,-61,75,80,-82,59,80,139
"2025 National Youth Championships, Powered by Rogue Fitness",2025-06-23,Women's 16-17 Age Group 69kg,Brooklynn Hoover,66.1,61,64,-67,72,75,-78,64,75,139
"2025 National Youth Championships, Powered by Rogue Fitness",2025-06-22,Women's 16-17 Age Group 48kg,Amelia Phillips,47.55,58,61,-63,77,-79,-79,61,77,138
"2025 National Youth Championships, Powered by Rogue Fitness",2025-06-23,Men's 16-17 Age Group 71kg,Rex Stabler,70.3,60,63,-67,75,-82,-88,63,75,138
"2025 National Youth Championships, Powered by Rogue Fitness",2025-06-23,Men's 16-17 Age Group 71kg,Leonardo Davila,65.85,55,60,-64,70,75,78,60,78,138
"2025 National Youth Championships, Powered by Rogue Fitness",2025-06-22,Women's 14-15 Age Group 69+kg,Olivia Blatt,70,56,59,62,68,72,75,62,75,137
"2025 National Youth Championships, Powered by Rogue Fitness",2025-06-22,Men's 14-15 Age Group 65kg,Gavin Burrows,64.85,57,60,65,-72,72,-77,65,72,137
"2025 National Youth Championships, Powered by Rogue Fitness",2025-06-22,Men's 14-15 Age Group 79+kg,Dylan Laven,113.2,56,60,-63,73,77,-83,60,77,137
"2025 National Youth Championships, Powered by Rogue Fitness",2025-06-22,Women's 14-15 Age Group 58kg,Ava Luis,57.25,-61,61,-65,70,75,-80,61,75,136
"2025 National Youth Championships, Powered by Rogue Fitness",2025-06-22,Women's 14-15 Age Group 69+kg,Katea  Puamau,119.55,53,55,57,72,76,79,57,79,136
"2025 National Youth Championships, Powered by Rogue Fitness",2025-06-22,Men's 14-15 Age Group 48kg,Kai Reynolds,47.3,52,55,58,71,75,78,58,78,136
"2025 National Youth Championships, Powered by Rogue Fitness",2025-06-22,Men's 16-17 Age Group 56kg,Elijah Mondragon,53.75,57,60,-62,73,76,-79,60,76,136
"2025 National Youth Championships, Powered by Rogue Fitness",2025-06-23,Women's 16-17 Age Group 69kg,Jacquelyn Roark,68.75,58,61,-69,64,72,75,61,75,136
"2025 National Youth Championships, Powered by Rogue Fitness",2025-06-23,Women's 16-17 Age Group 77kg,Norah Cape,76.8,56,59,62,68,72,74,62,74,136
"2025 National Youth Championships, Powered by Rogue Fitness",2025-06-23,Women's 16-17 Age Group 77+kg,Emma Trampp,116.3,60,-63,-64,73,76,-79,60,76,136
"2025 National Youth Championships, Powered by Rogue Fitness",2025-06-22,Women's 14-15 Age Group 69kg,Bella Blitch,65,52,56,-60,71,75,79,56,79,135
"2025 National Youth Championships, Powered by Rogue Fitness",2025-06-22,Men's 14-15 Age Group 60kg,Grayor Opfer,58.35,-57,57,60,75,-78,-79,60,75,135
"2025 National Youth Championships, Powered by Rogue Fitness",2025-06-22,Men's 14-15 Age Group 79kg,Jaden Smith,77.1,52,55,60,70,75,-80,60,75,135
"2025 National Youth Championships, Powered by Rogue Fitness",2025-06-22,Women's 16-17 Age Group 48kg,Piper Jones,47.7,58,-60,-60,74,76,-77,58,76,134
"2025 National Youth Championships, Powered by Rogue Fitness",2025-06-23,Women's 16-17 Age Group 77kg,Lila Volovsek,71.35,60,-63,-64,70,74,-78,60,74,134
"2025 National Youth Championships, Powered by Rogue Fitness",2025-06-22,Women's 14-15 Age Group 69kg,Bryleigh Batz,64.15,55,57,60,70,73,-76,60,73,133
"2025 National Youth Championships, Powered by Rogue Fitness",2025-06-22,Women's 16-17 Age Group 48kg,Zoey Morelli,47.25,59,-62,-62,71,74,-77,59,74,133
"2025 National Youth Championships, Powered by Rogue Fitness",2025-06-23,Women's 16-17 Age Group 69kg,zylia parker,65.95,-56,56,59,74,-79,-80,59,74,133
"2025 National Youth Championships, Powered by Rogue Fitness",2025-06-22,Women's 14-15 Age Group 58kg,Evelyn Lilo,57.1,50,53,56,72,76,-81,56,76,132
"2025 National Youth Championships, Powered by Rogue Fitness",2025-06-22,Men's 14-15 Age Group 56kg,Coen Opfer,55.7,53,55,57,67,71,75,57,75,132
"2025 National Youth Championships, Powered by Rogue Fitness",2025-06-23,Women's 16-17 Age Group 63kg,Sadie Bischoff,59.95,53,-55,57,70,73,75,57,75,132
"2025 National Youth Championships, Powered by Rogue Fitness",2025-06-22,Women's 14-15 Age Group 69+kg,Savannah Adkins,92.35,-54,-55,55,69,73,76,55,76,131
"2025 National Youth Championships, Powered by Rogue Fitness",2025-06-22,Men's 14-15 Age Group 56kg,Jordan Hernandez,54.7,50,53,56,68,-72,75,56,75,131
"2025 National Youth Championships, Powered by Rogue Fitness",2025-06-23,Women's 16-17 Age Group 58kg,Ellen Lehman,56.2,55,58,61,66,70,-74,61,70,131
"2025 National Youth Championships, Powered by Rogue Fitness",2025-06-23,Women's 16-17 Age Group 58kg,Mahealani Mason,57.2,57,60,-63,68,71,-74,60,71,131
"2025 National Youth Championships, Powered by Rogue Fitness",2025-06-23,Women's 16-17 Age Group 58kg,Lily Wetzler,55.3,55,-58,58,70,-73,73,58,73,131
"2025 National Youth Championships, Powered by Rogue Fitness",2025-06-22,Men's 16-17 Age Group 56kg,Cole Gauthreaux ,54.55,58,-60,-61,-70,72,-75,58,72,130
"2025 National Youth Championships, Powered by Rogue Fitness",2025-06-23,Women's 16-17 Age Group 77+kg,Vivienne Bailey,115.55,52,55,-58,68,-72,75,55,75,130
"2025 National Youth Championships, Powered by Rogue Fitness",2025-06-22,Men's 16-17 Age Group 56kg,Jackson Harris,55.55,52,56,59,-64,64,70,59,70,129
"2025 National Youth Championships, Powered by Rogue Fitness",2025-06-23,Women's 16-17 Age Group 77kg,Madeleine Maher,75.3,52,54,56,70,73,-76,56,73,129
"2025 National Youth Championships, Powered by Rogue Fitness",2025-06-23,Women's 16-17 Age Group 77kg,Sarah MacMullan,75.65,58,61,-63,68,-71,-72,61,68,129
"2025 National Youth Championships, Powered by Rogue Fitness",2025-06-22,Men's 14-15 Age Group 56kg,Grant Petersen,55,54,56,-58,68,72,-77,56,72,128
"2025 National Youth Championships, Powered by Rogue Fitness",2025-06-23,Women's 16-17 Age Group 58kg,Mia Murphy,56.05,58,-61,-61,67,70,-73,58,70,128
"2025 National Youth Championships, Powered by Rogue Fitness",2025-06-23,Women's 16-17 Age Group 58kg,Sierra Anderson,55.9,53,55,57,67,71,-76,57,71,128
"2025 National Youth Championships, Powered by Rogue Fitness",2025-06-23,Women's 16-17 Age Group 63kg,Taylor Ford,61.25,55,-58,-58,-68,69,73,55,73,128
"2025 National Youth Championships, Powered by Rogue Fitness",2025-06-23,Women's 16-17 Age Group 77+kg,Jessie Compton ,93.01,50,54,57,60,64,71,57,71,128
"2025 National Youth Championships, Powered by Rogue Fitness",2025-06-23,Women's 16-17 Age Group 77+kg,Atarah Tofibam,110.55,52,-56,-57,72,74,76,52,76,128
"2025 National Youth Championships, Powered by Rogue Fitness",2025-06-23,Women's 16-17 Age Group 58kg,Elizabeth Klinge,54.35,55,58,61,60,-64,66,61,66,127
"2025 National Youth Championships, Powered by Rogue Fitness",2025-06-22,Men's 14-15 Age Group 71kg,Fred Lee,68.1,50,53,-55,68,71,74,53,74,127
"2025 National Youth Championships, Powered by Rogue Fitness",2025-06-22,Women's 14-15 Age Group 69kg,Delaney Brown,67,53,56,-59,64,67,70,56,70,126
"2025 National Youth Championships, Powered by Rogue Fitness",2025-06-23,Women's 16-17 Age Group 63kg,Rowan Scyphers,58.9,55,58,61,65,-69,-72,61,65,126
"2025 National Youth Championships, Powered by Rogue Fitness",2025-06-22,Men's 16-17 Age Group 56kg,Connor Bork,52.75,51,54,-56,69,72,-74,54,72,126
"2025 National Youth Championships, Powered by Rogue Fitness",2025-06-23,Women's 16-17 Age Group 69kg,Alizah PIasecki,64.45,52,55,57,66,69,-71,57,69,126
"2025 National Youth Championships, Powered by Rogue Fitness",2025-06-22,Men's 16-17 Age Group 60kg,Parker Myers,57.7,50,53,-56,73,-76,-76,53,73,126
"2025 National Youth Championships, Powered by Rogue Fitness",2025-06-22,Women's 14-15 Age Group 69+kg,Laura Griffin,89.8,54,56,-59,-66,66,69,56,69,125
"2025 National Youth Championships, Powered by Rogue Fitness",2025-06-22,Men's 14-15 Age Group 52kg,Rome Barker,50.55,52,55,-58,65,68,70,55,70,125
"2025 National Youth Championships, Powered by Rogue Fitness",2025-06-23,Women's 16-17 Age Group 58kg,Elliot Skinner,57.8,53,55,-57,68,70,-72,55,70,125
"2025 National Youth Championships, Powered by Rogue Fitness",2025-06-23,Women's 16-17 Age Group 69kg,Saylin Smith,66.3,52,54,56,66,-69,69,56,69,125
"2025 National Youth Championships, Powered by Rogue Fitness",2025-06-23,Women's 16-17 Age Group 77kg,Kacey Hopkins,75,55,-59,-60,65,70,-77,55,70,125
"2025 National Youth Championships, Powered by Rogue Fitness",2025-06-22,Women's 14-15 Age Group 58kg,Scarlet Ruiz,55.85,49,52,55,69,-73,-75,55,69,124
"2025 National Youth Championships, Powered by Rogue Fitness",2025-06-22,Women's 14-15 Age Group 53kg,Brinlee Huber,51.75,51,53,54,64,67,70,54,70,124
"2025 National Youth Championships, Powered by Rogue Fitness",2025-06-22,Men's 14-15 Age Group 48kg,Noah Junsay,46.4,48,51,54,63,66,69,54,69,123
"2025 National Youth Championships, Powered by Rogue Fitness",2025-06-22,Men's 14-15 Age Group 56kg,Raiden Nienow,54.6,48,51,54,65,69,-75,54,69,123
"2025 National Youth Championships, Powered by Rogue Fitness",2025-06-22,Men's 16-17 Age Group 56kg,Ty’Sun Howard,55.55,44,49,-52,66,71,74,49,74,123
"2025 National Youth Championships, Powered by Rogue Fitness",2025-06-23,Women's 16-17 Age Group 69kg,Amelia Jirak,68.1,-47,49,52,67,-70,71,52,71,123
"2025 National Youth Championships, Powered by Rogue Fitness",2025-06-23,Women's 16-17 Age Group 77kg,Kamryn Anderson,73.25,47,51,53,65,68,70,53,70,123
"2025 National Youth Championships, Powered by Rogue Fitness",2025-06-22,Women's 14-15 Age Group 53kg,Morgan Moody,51.15,45,50,53,63,66,70,53,70,123
"2025 National Youth Championships, Powered by Rogue Fitness",2025-06-22,Women's 14-15 Age Group 58kg,Reece Robinson,57.15,48,51,-53,67,71,-77,51,71,122
"2025 National Youth Championships, Powered by Rogue Fitness",2025-06-22,Women's 14-15 Age Group 69kg,Dahlia Sokolow,68.05,50,53,55,62,67,-71,55,67,122
"2025 National Youth Championships, Powered by Rogue Fitness",2025-06-22,Women's 16-17 Age Group 53kg,Taylyn Slater,51.1,52,-56,-56,70,-72,-72,52,70,122
"2025 National Youth Championships, Powered by Rogue Fitness",2025-06-23,Women's 16-17 Age Group 58kg,Kaylee Yagi,56.3,-54,54,-56,65,68,-71,54,68,122
"2025 National Youth Championships, Powered by Rogue Fitness",2025-06-23,Women's 16-17 Age Group 69kg,Brynn Naylor,64,50,-52,55,60,64,67,55,67,122
"2025 National Youth Championships, Powered by Rogue Fitness",2025-06-23,Women's 16-17 Age Group 77+kg,Mckenzie Pauli,87.75,47,51,-56,60,66,71,51,71,122
"2025 National Youth Championships, Powered by Rogue Fitness",2025-06-21,Women's 13 Under Age Group 63+kg,Lily Ontiveros,86.8,52,-55,-55,63,66,70,52,70,122
"2025 National Youth Championships, Powered by Rogue Fitness",2025-06-22,Women's 14-15 Age Group 48kg,Kaya Malia Henn,47.6,50,52,-54,65,70,-75,52,70,122
"2025 National Youth Championships, Powered by Rogue Fitness",2025-06-22,Women's 14-15 Age Group 69kg,Ellie Kichler,68.55,50,53,-55,65,68,-70,53,68,121
"2025 National Youth Championships, Powered by Rogue Fitness",2025-06-22,Women's 16-17 Age Group 53kg,Amelia Cone,51.3,49,52,54,61,64,67,54,67,121
"2025 National Youth Championships, Powered by Rogue Fitness",2025-06-23,Women's 16-17 Age Group 77+kg,Raegan Franklin,111.25,53,55,-57,58,62,66,55,66,121
"2025 National Youth Championships, Powered by Rogue Fitness",2025-06-21,Women's 13 Under Age Group 63+kg,Abigail Diehl,99.2,54,56,60,58,61,-65,60,61,121
"2025 National Youth Championships, Powered by Rogue Fitness",2025-06-22,Women's 14-15 Age Group 69+kg,Thea Sarhan,89.75,45,48,53,58,62,67,53,67,120
"2025 National Youth Championships, Powered by Rogue Fitness",2025-06-22,Men's 14-15 Age Group 52kg,Luc   Larson ,50.6,44,47,50,64,67,70,50,70,120
"2025 National Youth Championships, Powered by Rogue Fitness",2025-06-22,Women's 16-17 Age Group 53kg,Allee Espinoza Hernandez,50.1,45,49,-52,65,71,-76,49,71,120
"2025 National Youth Championships, Powered by Rogue Fitness",2025-06-22,Men's 14-15 Age Group 60kg,Tyson Jenkins ,58.8,-53,53,-57,67,-69,-70,53,67,120
"2025 National Youth Championships, Powered by Rogue Fitness",2025-06-23,Women's 16-17 Age Group 58kg,Emma Stripling,56.2,52,56,59,61,-66,-67,59,61,120
"2025 National Youth Championships, Powered by Rogue Fitness",2025-06-22,Women's 14-15 Age Group 63kg,Myla Bryan,62.4,48,-51,52,61,64,67,52,67,119
"2025 National Youth Championships, Powered by Rogue Fitness",2025-06-22,Women's 16-17 Age Group 53kg,Mariam Petit,52.45,48,51,-54,62,-66,68,51,68,119
"2025 National Youth Championships, Powered by Rogue Fitness",2025-06-23,Women's 16-17 Age Group 69kg,Ava Menken,67.4,50,53,-56,62,66,-70,53,66,119
"2025 National Youth Championships, Powered by Rogue Fitness",2025-06-23,Women's 16-17 Age Group 77kg,Ciah Crawford,76.15,48,50,53,63,66,-70,53,66,119
"2025 National Youth Championships, Powered by Rogue Fitness",2025-06-22,Women's 16-17 Age Group 53kg,Amelia Ciriaco,52,49,51,-54,63,67,-71,51,67,118
"2025 National Youth Championships, Powered by Rogue Fitness",2025-06-22,Women's 16-17 Age Group 53kg,Aberly Duvall,50.25,49,51,-53,63,67,-71,51,67,118
"2025 National Youth Championships, Powered by Rogue Fitness",2025-06-23,Women's 16-17 Age Group 58kg,Alana Kargas,55.75,51,54,-59,60,64,-67,54,64,118
"2025 National Youth Championships, Powered by Rogue Fitness",2025-06-22,Women's 14-15 Age Group 63kg,Kaelyn Taylor,61.05,45,48,51,60,63,66,51,66,117
"2025 National Youth Championships, Powered by Rogue Fitness",2025-06-22,Women's 16-17 Age Group 48kg,Isabella  Lanclos,47.9,-53,-53,53,62,64,-66,53,64,117
"2025 National Youth Championships, Powered by Rogue Fitness",2025-06-22,Men's 14-15 Age Group 60kg,Jason Marsh,57.3,45,48,50,63,67,-69,50,67,117
"2025 National Youth Championships, Powered by Rogue Fitness",2025-06-23,Women's 16-17 Age Group 58kg,Gia  Duva,56.2,45,48,50,64,67,-70,50,67,117
"2025 National Youth Championships, Powered by Rogue Fitness",2025-06-23,Women's 16-17 Age Group 63kg,Brooklyn Szukala,60.5,45,48,51,63,66,-68,51,66,117
"2025 National Youth Championships, Powered by Rogue Fitness",2025-06-23,Women's 16-17 Age Group 77kg,L’Kia Wilson ,72.75,47,50,53,-61,61,64,53,64,117
"2025 National Youth Championships, Powered by Rogue Fitness",2025-06-23,Women's 16-17 Age Group 77+kg,Kallie Otto,136.55,47,51,-55,61,-66,66,51,66,117
"2025 National Youth Championships, Powered by Rogue Fitness",2025-06-21,Women's 13 Under Age Group 63+kg,Alexxandra Ballard,74.25,45,48,51,62,66,-71,51,66,117
"2025 National Youth Championships, Powered by Rogue Fitness",2025-06-22,Women's 14-15 Age Group 63kg,Amiya Drury,60.6,52,-54,54,58,60,62,54,62,116
"2025 National Youth Championships, Powered by Rogue Fitness",2025-06-22,Women's 14-15 Age Group 69kg,Penelope Perez,67.1,53,-56,-56,-63,-63,63,53,63,116
"2025 National Youth Championships, Powered by Rogue Fitness",2025-06-22,Women's 14-15 Age Group 69+kg,Vivienne Lefebvre,100.4,50,-52,53,60,63,-66,53,63,116
"2025 National Youth Championships, Powered by Rogue Fitness",2025-06-21,Men's 13 Under Age Group 65+kg,Noah Wilhoit ,89.05,46,49,52,58,61,64,52,64,116
"2025 National Youth Championships, Powered by Rogue Fitness",2025-06-22,Men's 14-15 Age Group 60kg,AJ Schunk,58.25,49,52,54,-62,62,-65,54,62,116
"2025 National Youth Championships, Powered by Rogue Fitness",2025-06-21,Men's 13 Under Age Group 60kg,Tyler Evans,58.65,45,50,52,60,63,-66,52,63,115
"2025 National Youth Championships, Powered by Rogue Fitness",2025-06-21,Men's 13 Under Age Group 65kg,William McAdams,62.2,-50,-50,50,59,62,65,50,65,115
"2025 National Youth Championships, Powered by Rogue Fitness",2025-06-22,Women's 14-15 Age Group 69+kg,Hannelore Brown,76.2,-53,53,-57,59,62,-65,53,62,115
"2025 National Youth Championships, Powered by Rogue Fitness",2025-06-22,Women's 14-15 Age Group 69+kg,Kinlee Apalategui ,79.3,47,50,52,-63,-63,63,52,63,115
"2025 National Youth Championships, Powered by Rogue Fitness",2025-06-22,Men's 14-15 Age Group 52kg,Kaige  McDonnell,49.85,45,48,-51,63,67,-70,48,67,115
"2025 National Youth Championships, Powered by Rogue Fitness",2025-06-23,Women's 16-17 Age Group 58kg,Sunrise de la Cruz,57.9,46,49,51,61,64,-67,51,64,115
"2025 National Youth Championships, Powered by Rogue Fitness",2025-06-22,Women's 14-15 Age Group 58kg,Reagan Case,56.6,49,-51,51,63,-66,-66,51,63,114
"2025 National Youth Championships, Powered by Rogue Fitness",2025-06-21,Men's 13 Under Age Group 65kg,Jordan Lupkes,61.9,44,47,49,58,62,65,49,65,114
"2025 National Youth Championships, Powered by Rogue Fitness",2025-06-22,Women's 16-17 Age Group 53kg,Rebecca Gaden,52.1,47,-51,-54,63,67,-73,47,67,114
"2025 National Youth Championships, Powered by Rogue Fitness",2025-06-22,Men's 14-15 Age Group 56kg,Arin Santosh,54.5,51,54,-57,60,-65,-70,54,60,114
"2025 National Youth Championships, Powered by Rogue Fitness",2025-06-23,Women's 16-17 Age Group 63kg,Jane Levy,60.75,45,-48,48,-63,63,66,48,66,114
"2025 National Youth Championships, Powered by Rogue Fitness",2025-06-23,Women's 16-17 Age Group 69kg,Roxanne  Melinkovich ,67.8,42,45,48,62,66,-70,48,66,114
"2025 National Youth Championships, Powered by Rogue Fitness",2025-06-21,Men's 13 Under Age Group 56kg,Max Rotter,54.6,45,48,-53,62,-65,65,48,65,113
"2025 National Youth Championships, Powered by Rogue Fitness",2025-06-22,Men's 14-15 Age Group 52kg,Cameron Comeaux,48.65,45,48,-50,60,63,65,48,65,113
"2025 National Youth Championships, Powered by Rogue Fitness",2025-06-23,Women's 16-17 Age Group 63kg,Bryn Famiglio,61.55,45,-47,47,60,63,66,47,66,113
"2025 National Youth Championships, Powered by Rogue Fitness",2025-06-21,Women's 13 Under Age Group 63+kg,Mikaella Bowens,91.75,49,-51,-52,61,64,-67,49,64,113
"2025 National Youth Championships, Powered by Rogue Fitness",2025-06-22,Women's 14-15 Age Group 58kg,Beatrix Wagner,54.5,44,-47,49,59,63,-67,49,63,112
"2025 National Youth Championships, Powered by Rogue Fitness",2025-06-21,Men's 13 Under Age Group 52kg,Bode Bratsburg,51.2,45,48,51,55,58,61,51,61,112
"2025 National Youth Championships, Powered by Rogue Fitness",2025-06-22,Women's 14-15 Age Group 69+kg,Sophie Grace Garces,103.05,50,-54,-55,62,-66,-68,50,62,112
"2025 National Youth Championships, Powered by Rogue Fitness",2025-06-22,Men's 14-15 Age Group 56kg,Abraham Baker,54.15,45,48,-53,56,58,64,48,64,112
"2025 National Youth Championships, Powered by Rogue Fitness",2025-06-22,Men's 14-15 Age Group 65kg,Mateo Zikoyanis,60.25,48,51,-54,61,-64,-65,51,61,112
"2025 National Youth Championships, Powered by Rogue Fitness",2025-06-23,Women's 16-17 Age Group 69kg,Georgia Downs,67.9,45,48,51,57,61,-66,51,61,112
"2025 National Youth Championships, Powered by Rogue Fitness",2025-06-21,Men's 13 Under Age Group 65+kg,Jared Afu,74.15,45,48,-53,57,60,63,48,63,111
"2025 National Youth Championships, Powered by Rogue Fitness",2025-06-23,Women's 16-17 Age Group 58kg,Tonya Hinks,57.15,-42,42,45,58,62,66,45,66,111
"2025 National Youth Championships, Powered by Rogue Fitness",2025-06-23,Women's 16-17 Age Group 63kg,Evelyn Andre,58.25,-49,49,52,56,-59,59,52,59,111
"2025 National Youth Championships, Powered by Rogue Fitness",2025-06-22,Women's 14-15 Age Group 63kg,Emerson Holden,62.75,47,49,52,-58,58,-61,52,58,110
"2025 National Youth Championships, Powered by Rogue Fitness",2025-06-22,Men's 14-15 Age Group 56kg,Vincent Myers,54.15,45,47,50,-55,-57,60,50,60,110
"2025 National Youth Championships, Powered by Rogue Fitness",2025-06-23,Women's 16-17 Age Group 58kg,Eden Ranola,57.25,46,49,-52,55,58,61,49,61,110
"2025 National Youth Championships, Powered by Rogue Fitness",2025-06-22,Men's 16-17 Age Group 56kg,Rocco Orovio,55.65,47,50,-52,-55,55,60,50,60,110
"2025 National Youth Championships, Powered by Rogue Fitness",2025-06-21,Men's 13 Under Age Group 56kg,Daniel Hunter,55.45,45,49,54,55,-60,-62,54,55,109
"2025 National Youth Championships, Powered by Rogue Fitness",2025-06-21,Men's 13 Under Age Group 60kg,Leonel Nunez,58.45,46,48,51,53,56,58,51,58,109
"2025 National Youth Championships, Powered by Rogue Fitness",2025-06-21,Men's 13 Under Age Group 65+kg,Aiden Aintrazi,84.65,-44,44,47,52,55,62,47,62,109
"2025 National Youth Championships, Powered by Rogue Fitness",2025-06-22,Women's 16-17 Age Group 53kg,shayla strickland,50.15,-45,45,49,56,60,-63,49,60,109
"2025 National Youth Championships, Powered by Rogue Fitness",2025-06-21,Women's 13 Under Age Group 63kg,Madison Hatcher,61.9,46,47,-49,60,62,-64,47,62,109
"2025 National Youth Championships, Powered by Rogue Fitness",2025-06-21,Women's 13 Under Age Group 63+kg,Lei Prescott,76.85,43,45,48,57,59,61,48,61,109
"2025 National Youth Championships, Powered by Rogue Fitness",2025-06-22,Women's 14-15 Age Group 58kg,Jaliyah Thurmon,54.85,42,45,47,55,58,61,47,61,108
"2025 National Youth Championships, Powered by Rogue Fitness",2025-06-22,Men's 14-15 Age Group 48kg,Edisen  Fullhart ,46.5,44,46,48,55,58,60,48,60,108
"2025 National Youth Championships, Powered by Rogue Fitness",2025-06-22,Women's 16-17 Age Group 48kg,Nora Paoloni,46.5,-45,45,47,58,61,-63,47,61,108
"2025 National Youth Championships, Powered by Rogue Fitness",2025-06-22,Women's 16-17 Age Group 53kg,Lucy Mullenaux,52.25,45,47,-50,58,61,-64,47,61,108
"2025 National Youth Championships, Powered by Rogue Fitness",2025-06-22,Women's 16-17 Age Group 53kg,Jordyn Carreira,52.6,-45,45,-48,60,63,-66,45,63,108
"2025 National Youth Championships, Powered by Rogue Fitness",2025-06-23,Women's 16-17 Age Group 58kg,Anaya Brown,56.4,-48,48,-57,60,-65,-65,48,60,108
"2025 National Youth Championships, Powered by Rogue Fitness",2025-06-23,Women's 16-17 Age Group 58kg,Mallory Maritato,57,42,45,-48,60,63,-66,45,63,108
"2025 National Youth Championships, Powered by Rogue Fitness",2025-06-23,Women's 16-17 Age Group 69kg,Isabella abebie,68.45,45,-47,-47,63,-67,-67,45,63,108
"2025 National Youth Championships, Powered by Rogue Fitness",2025-06-21,Men's 13 Under Age Group 44kg,Simeon Anderson,42.5,42,45,48,55,57,60,48,60,108
"2025 National Youth Championships, Powered by Rogue Fitness",2025-06-21,Men's 13 Under Age Group 65+kg,Maximus Evans,97.6,39,42,46,54,56,61,46,61,107
"2025 National Youth Championships, Powered by Rogue Fitness",2025-06-21,Women's 13 Under Age Group 63+kg,Abigail Teper,109.05,42,45,-48,59,62,-65,45,62,107
"2025 National Youth Championships, Powered by Rogue Fitness",2025-06-22,Women's 14-15 Age Group 53kg,Kaiya Blackhurst,51.2,-44,45,-48,-58,60,62,45,62,107
"2025 National Youth Championships, Powered by Rogue Fitness",2025-06-21,Men's 13 Under Age Group 60kg,Anthony De-La-Cruz,57.85,39,42,44,55,59,62,44,62,106
"2025 National Youth Championships, Powered by Rogue Fitness",2025-06-22,Women's 14-15 Age Group 69kg,Elyse  Presley,66.8,40,43,46,55,57,60,46,60,106
"2025 National Youth Championships, Powered by Rogue Fitness",2025-06-22,Women's 16-17 Age Group 53kg,Emaan Qayyum,51.7,44,46,-50,-60,-60,60,46,60,106
"2025 National Youth Championships, Powered by Rogue Fitness",2025-06-23,Women's 16-17 Age Group 63kg,Emily Paoloni,59.9,42,47,-50,-55,56,59,47,59,106
"2025 National Youth Championships, Powered by Rogue Fitness",2025-06-23,Women's 16-17 Age Group 69kg,Ella Sapp,68.05,35,38,42,57,61,64,42,64,106
"2025 National Youth Championships, Powered by Rogue Fitness",2025-06-23,Women's 16-17 Age Group 77kg,Ava Broxson,75.45,48,51,-55,55,-60,-62,51,55,106
"2025 National Youth Championships, Powered by Rogue Fitness",2025-06-22,Women's 14-15 Age Group 69+kg,Reagan  Frommer ,79.55,40,43,46,-59,59,-62,46,59,105
"2025 National Youth Championships, Powered by Rogue Fitness",2025-06-22,Men's 14-15 Age Group 52kg,cole furnari,50.75,42,-46,-46,-63,63,-72,42,63,105
"2025 National Youth Championships, Powered by Rogue Fitness",2025-06-23,Women's 16-17 Age Group 58kg,Desirae Phoenix,53.15,-46,-47,47,56,58,-60,47,58,105
"2025 National Youth Championships, Powered by Rogue Fitness",2025-06-21,Women's 13 Under Age Group 48kg,Lila Mangan,45.9,44,46,47,-54,55,58,47,58,105
"2025 National Youth Championships, Powered by Rogue Fitness",2025-06-21,Women's 13 Under Age Group 63+kg,Emily Martin,67.85,36,40,-44,60,65,-70,40,65,105
"2025 National Youth Championships, Powered by Rogue Fitness",2025-06-22,Women's 14-15 Age Group 48kg,Emersyn Formanek,46.9,-43,43,45,56,58,60,45,60,105
"2025 National Youth Championships, Powered by Rogue Fitness",2025-06-22,Women's 14-15 Age Group 58kg,Hazyl Castillo,56,45,47,-50,-55,55,57,47,57,104
"2025 National Youth Championships, Powered by Rogue Fitness",2025-06-22,Women's 14-15 Age Group 63kg,Sofia Rosales,61.4,44,-47,47,57,-60,-62,47,57,104
"2025 National Youth Championships, Powered by Rogue Fitness",2025-06-21,Men's 13 Under Age Group 60kg,Anthony  Samuel,59.85,44,46,-48,55,58,-61,46,58,104
"2025 National Youth Championships, Powered by Rogue Fitness",2025-06-22,Women's 16-17 Age Group 48kg,Skylar  Fernandes,46.35,41,43,45,56,59,-62,45,59,104
"2025 National Youth Championships, Powered by Rogue Fitness",2025-06-23,Women's 16-17 Age Group 69kg,zaina mrabe,65.9,46,48,-50,54,56,-58,48,56,104
"2025 National Youth Championships, Powered by Rogue Fitness",2025-06-21,Women's 13 Under Age Group 63+kg,Taylor Karabetsos,81.4,44,47,-50,54,-57,57,47,57,104
"2025 National Youth Championships, Powered by Rogue Fitness",2025-06-21,Men's 13 Under Age Group 65kg,Leo Wright,62,42,45,47,51,54,56,47,56,103
"2025 National Youth Championships, Powered by Rogue Fitness",2025-06-21,Men's 13 Under Age Group 65kg,August Riske,65,42,46,-50,54,57,-60,46,57,103
"2025 National Youth Championships, Powered by Rogue Fitness",2025-06-22,Women's 14-15 Age Group 69+kg,Hallie Northcutt,86.45,45,48,-51,-55,55,-58,48,55,103
"2025 National Youth Championships, Powered by Rogue Fitness",2025-06-23,Women's 16-17 Age Group 63kg,Alexia Mrabe,62.55,-43,43,45,54,56,58,45,58,103
"2025 National Youth Championships, Powered by Rogue Fitness",2025-06-21,Women's 13 Under Age Group 48kg,Hailey Sprenger,47.7,42,44,46,52,55,57,46,57,103
"2025 National Youth Championships, Powered by Rogue Fitness",2025-06-21,Women's 13 Under Age Group 58kg,Jasmin Salazar,53.8,40,43,46,51,54,57,46,57,103
"2025 National Youth Championships, Powered by Rogue Fitness",2025-06-22,Women's 14-15 Age Group 58kg,Addison Williams,55.05,42,-45,-47,55,57,60,42,60,102
"2025 National Youth Championships, Powered by Rogue Fitness",2025-06-23,Women's 16-17 Age Group 58kg,Amy Giffin,55.15,42,44,46,52,54,56,46,56,102
"2025 National Youth Championships, Powered by Rogue Fitness",2025-06-22,Women's 14-15 Age Group 53kg,Marin Bast,51,42,45,48,54,-60,-60,48,54,102
"2025 National Youth Championships, Powered by Rogue Fitness",2025-06-22,Women's 14-15 Age Group 58kg,Vivian Murray,53.7,41,43,-45,52,55,58,43,58,101
"2025 National Youth Championships, Powered by Rogue Fitness",2025-06-21,Men's 13 Under Age Group 60kg,Armando Gonzalez,57.55,-40,40,-45,57,61,-64,40,61,101
"2025 National Youth Championships, Powered by Rogue Fitness",2025-06-22,Women's 16-17 Age Group 48kg,Kloe Beardsley,46.35,44,-46,-47,-56,57,-60,44,57,101
"2025 National Youth Championships, Powered by Rogue Fitness",2025-06-22,Women's 16-17 Age Group 53kg,Zoe Macias,52.1,43,45,-47,-56,56,-59,45,56,101
"2025 National Youth Championships, Powered by Rogue Fitness",2025-06-21,Women's 13 Under Age Group 63kg,Maddi Landers,61.5,37,40,-43,55,58,61,40,61,101
"2025 National Youth Championships, Powered by Rogue Fitness",2025-06-22,Women's 14-15 Age Group 53kg,Makennah Goh,52.13,40,43,-46,53,56,58,43,58,101
"2025 National Youth Championships, Powered by Rogue Fitness",2025-06-22,Women's 14-15 Age Group 58kg,Danielle Do,54.7,41,43,45,50,55,-60,45,55,100
"2025 National Youth Championships, Powered by Rogue Fitness",2025-06-21,Women's 13 Under Age Group 63kg,Kayla Doherty,60.55,39,41,43,52,55,57,43,57,100
"2025 National Youth Championships, Powered by Rogue Fitness",2025-06-22,Women's 14-15 Age Group 53kg,Dylan Lee,52.95,38,40,42,55,58,-61,42,58,100
"2025 National Youth Championships, Powered by Rogue Fitness",2025-06-22,Women's 14-15 Age Group 63kg,Sophie Baker,60.9,40,43,-46,55,-60,-60,43,55,98
"2025 National Youth Championships, Powered by Rogue Fitness",2025-06-21,Men's 13 Under Age Group 60kg,Tanner Wright,58.9,41,45,-50,53,-57,-58,45,53,98
"2025 National Youth Championships, Powered by Rogue Fitness",2025-06-22,Women's 14-15 Age Group 69kg,Catherine  Cox,65.75,41,43,45,53,-55,-57,45,53,98
"2025 National Youth Championships, Powered by Rogue Fitness",2025-06-22,Men's 14-15 Age Group 48kg,Ethan Dana,44.9,43,-46,-46,52,55,-60,43,55,98
"2025 National Youth Championships, Powered by Rogue Fitness",2025-06-22,Women's 16-17 Age Group 53kg,Sophia Willoughby,52.95,36,39,41,54,57,-60,41,57,98
"2025 National Youth Championships, Powered by Rogue Fitness",2025-06-22,Women's 14-15 Age Group 53kg,Penelope Devereux,50.45,40,42,-44,53,56,-58,42,56,98
"2025 National Youth Championships, Powered by Rogue Fitness",2025-06-21,Men's 13 Under Age Group 52kg,Archer Praetorius,49.65,37,40,-43,50,54,57,40,57,97
"2025 National Youth Championships, Powered by Rogue Fitness",2025-06-22,Women's 14-15 Age Group 58kg,Collette Yokel,53.75,38,-41,41,53,56,-58,41,56,97
"2025 National Youth Championships, Powered by Rogue Fitness",2025-06-21,Men's 13 Under Age Group 65+kg,Kiptyn Hobby,78.05,39,-42,42,50,-54,55,42,55,97
"2025 National Youth Championships, Powered by Rogue Fitness",2025-06-22,Women's 14-15 Age Group 69+kg,Katy Shade ,70.05,37,39,-41,55,-58,58,39,58,97
"2025 National Youth Championships, Powered by Rogue Fitness",2025-06-21,Men's 13 Under Age Group 56kg,Atticus Cape,53.8,41,44,-46,-51,-51,51,44,51,95
"2025 National Youth Championships, Powered by Rogue Fitness",2025-06-21,Men's 13 Under Age Group 65kg,Owen Hershberger,60.15,36,39,-43,48,52,56,39,56,95
"2025 National Youth Championships, Powered by Rogue Fitness",2025-06-22,Women's 16-17 Age Group 53kg,Ciara Livingston,50,36,-39,42,53,-57,-60,42,53,95
"2025 National Youth Championships, Powered by Rogue Fitness",2025-06-23,Women's 16-17 Age Group 58kg,Anna Kent,55.95,41,43,45,50,-53,-54,45,50,95
"2025 National Youth Championships, Powered by Rogue Fitness",2025-06-23,Women's 16-17 Age Group 58kg,Ellis  Voyles,55.2,-41,41,43,52,-55,-55,43,52,95
"2025 National Youth Championships, Powered by Rogue Fitness",2025-06-21,Women's 13 Under Age Group 44kg,Annalee Seek,40.45,39,42,-44,49,-52,53,42,53,95
"2025 National Youth Championships, Powered by Rogue Fitness",2025-06-21,Women's 13 Under Age Group 58kg,Riley Tromello,56.45,43,-46,-46,52,-55,-56,43,52,95
"2025 National Youth Championships, Powered by Rogue Fitness",2025-06-21,Men's 13 Under Age Group 40kg,David Grafton,39.3,-41,-41,41,50,52,54,41,54,95
"2025 National Youth Championships, Powered by Rogue Fitness",2025-06-21,Women's 13 Under Age Group 63kg,Taylor Madlansacay,59.85,-40,40,-43,51,55,-59,40,55,95
"2025 National Youth Championships, Powered by Rogue Fitness",2025-06-21,Women's 13 Under Age Group 63+kg,Mia Brown,81.15,39,42,45,-50,50,-56,45,50,95
"2025 National Youth Championships, Powered by Rogue Fitness",2025-06-22,Women's 16-17 Age Group 44kg,Jasmin Trinh,40.75,-42,42,-45,52,-55,-55,42,52,94
"2025 National Youth Championships, Powered by Rogue Fitness",2025-06-22,Women's 16-17 Age Group 48kg,Jessenia Tyler,46.1,37,41,-44,53,-58,-60,41,53,94
"2025 National Youth Championships, Powered by Rogue Fitness",2025-06-21,Women's 13 Under Age Group 48kg,Sophia Hippelheuser,46.85,40,43,-46,-51,51,-53,43,51,94
"2025 National Youth Championships, Powered by Rogue Fitness",2025-06-22,Women's 14-15 Age Group 53kg,Molly Cape,50.05,-38,38,41,47,50,53,41,53,94
"2025 National Youth Championships, Powered by Rogue Fitness",2025-06-22,Women's 14-15 Age Group 69+kg,Joleigh Smith,71.5,40,43,-46,50,-53,-53,43,50,93
"2025 National Youth Championships, Powered by Rogue Fitness",2025-06-22,Men's 14-15 Age Group 48kg,Yuri  Grafman ,42.8,-40,-40,40,50,-53,53,40,53,93
"2025 National Youth Championships, Powered by Rogue Fitness",2025-06-23,Women's 16-17 Age Group 58kg,Abigail Angier,55,37,39,41,48,50,52,41,52,93
"2025 National Youth Championships, Powered by Rogue Fitness",2025-06-21,Men's 13 Under Age Group 65+kg,Justin Kleppen ,71.25,42,-46,-47,50,-55,-55,42,50,92
"2025 National Youth Championships, Powered by Rogue Fitness",2025-06-22,Men's 14-15 Age Group 48kg,Kash Lawson,46.6,34,37,40,47,50,52,40,52,92
"2025 National Youth Championships, Powered by Rogue Fitness",2025-06-22,Women's 16-17 Age Group 48kg,Isabella Martinez,46.55,37,-40,41,-51,51,-57,41,51,92
"2025 National Youth Championships, Powered by Rogue Fitness",2025-06-22,Men's 14-15 Age Group 52kg,Kirin Hampton,50.25,36,38,40,48,50,52,40,52,92
"2025 National Youth Championships, Powered by Rogue Fitness",2025-06-22,Women's 14-15 Age Group 48kg,Thevini Withana,47.05,-39,39,41,49,51,-52,41,51,92
"2025 National Youth Championships, Powered by Rogue Fitness",2025-06-22,Women's 14-15 Age Group 58kg,Sonya Nunez,56.75,36,38,-40,48,50,53,38,53,91
"2025 National Youth Championships, Powered by Rogue Fitness",2025-06-22,Men's 14-15 Age Group 48kg,Harrison Lacy,47.65,39,41,43,48,-51,-53,43,48,91
"2025 National Youth Championships, Powered by Rogue Fitness",2025-06-21,Women's 13 Under Age Group 53kg,Eloise Kostal,49.55,36,-39,39,50,52,-56,39,52,91
"2025 National Youth Championships, Powered by Rogue Fitness",2025-06-21,Men's 13 Under Age Group 56kg,Ezra Morales,53.2,35,-38,-39,-51,51,55,35,55,90
"2025 National Youth Championships, Powered by Rogue Fitness",2025-06-22,Women's 16-17 Age Group 53kg,Mei Long,50.55,38,-42,-42,49,52,-54,38,52,90
"2025 National Youth Championships, Powered by Rogue Fitness",2025-06-21,Women's 13 Under Age Group 53kg,Abigail Negron,50.75,35,38,-40,-50,52,-55,38,52,90
"2025 National Youth Championships, Powered by Rogue Fitness",2025-06-21,Women's 13 Under Age Group 58kg,Hadleigh Lane,56.6,35,37,39,-49,49,51,39,51,90
"2025 National Youth Championships, Powered by Rogue Fitness",2025-06-21,Women's 13 Under Age Group 63+kg,Imani Washington,73.15,-40,40,-43,48,50,-54,40,50,90
"2025 National Youth Championships, Powered by Rogue Fitness",2025-06-21,Men's 13 Under Age Group 65+kg,Jackson Price,67.95,33,35,37,49,52,-55,37,52,89
"2025 National Youth Championships, Powered by Rogue Fitness",2025-06-22,Men's 14-15 Age Group 56kg,Roman Jackson,55.95,-39,-39,39,46,48,50,39,50,89
"2025 National Youth Championships, Powered by Rogue Fitness",2025-06-21,Women's 13 Under Age Group 58kg,Audrina Olsen,56.45,37,39,41,47,48,-50,41,48,89
"2025 National Youth Championships, Powered by Rogue Fitness",2025-06-21,Women's 13 Under Age Group 63kg,Katelynn Pearce,61.65,35,38,41,44,48,-52,41,48,89
"2025 National Youth Championships, Powered by Rogue Fitness",2025-06-21,Men's 13 Under Age Group 44kg,Tripp Hillenburg,41.9,-34,34,37,45,49,52,37,52,89
"2025 National Youth Championships, Powered by Rogue Fitness",2025-06-22,Women's 14-15 Age Group 58kg,Emma Hutchison,54.1,32,34,-36,46,49,54,34,54,88
"2025 National Youth Championships, Powered by Rogue Fitness",2025-06-21,Men's 13 Under Age Group 65+kg,Easton Sain,88.65,36,38,-40,48,-50,50,38,50,88
"2025 National Youth Championships, Powered by Rogue Fitness",2025-06-22,Men's 14-15 Age Group 48kg,Anthony Radhay,44.01,35,-38,38,47,50,-55,38,50,88
"2025 National Youth Championships, Powered by Rogue Fitness",2025-06-23,Women's 16-17 Age Group 58kg,Rylie Richards,56.6,35,-38,-38,50,53,-55,35,53,88
"2025 National Youth Championships, Powered by Rogue Fitness",2025-06-21,Women's 13 Under Age Group 48kg,Veda Macaulay,47.9,-36,36,38,46,48,50,38,50,88
"2025 National Youth Championships, Powered by Rogue Fitness",2025-06-21,Men's 13 Under Age Group 44kg,England Lewis,42.95,33,35,-38,47,50,53,35,53,88
"2025 National Youth Championships, Powered by Rogue Fitness",2025-06-22,Women's 14-15 Age Group 63kg,Reagan Friess,58.55,32,35,38,45,-49,49,38,49,87
"2025 National Youth Championships, Powered by Rogue Fitness",2025-06-22,Women's 14-15 Age Group 63kg,Juliana DaSilva,58.15,35,37,-40,45,50,-53,37,50,87
"2025 National Youth Championships, Powered by Rogue Fitness",2025-06-21,Men's 13 Under Age Group 65+kg,Jacob Vieyra,79.7,33,35,-37,47,50,52,35,52,87
"2025 National Youth Championships, Powered by Rogue Fitness",2025-06-22,Women's 16-17 Age Group 53kg,Ava Aun,52.65,34,36,-38,48,51,-53,36,51,87
"2025 National Youth Championships, Powered by Rogue Fitness",2025-06-21,Women's 13 Under Age Group 63kg,Hadley Chandler,59.95,35,37,38,45,47,49,38,49,87
"2025 National Youth Championships, Powered by Rogue Fitness",2025-06-21,Women's 13 Under Age Group 63+kg,Anna Presley,71.95,36,39,-41,43,45,48,39,48,87
"2025 National Youth Championships, Powered by Rogue Fitness",2025-06-22,Women's 16-17 Age Group 48kg,Kacie Cordova,45.8,35,-38,38,45,48,-51,38,48,86
"2025 National Youth Championships, Powered by Rogue Fitness",2025-06-22,Women's 16-17 Age Group 48kg,Juliana Mannino,46.5,36,38,-41,44,-47,48,38,48,86
"2025 National Youth Championships, Powered by Rogue Fitness",2025-06-22,Women's 16-17 Age Group 53kg,Kaya Burns,52.5,29,32,34,52,-56,-56,34,52,86
"2025 National Youth Championships, Powered by Rogue Fitness",2025-06-21,Women's 13 Under Age Group 63kg,Kiera Woods,63.05,35,38,-40,45,48,-50,38,48,86
"2025 National Youth Championships, Powered by Rogue Fitness",2025-06-21,Women's 13 Under Age Group 44kg,Juliette Phillips,43,32,34,36,46,49,-54,36,49,85
"2025 National Youth Championships, Powered by Rogue Fitness",2025-06-22,Women's 16-17 Age Group 44kg,TIERANY LALLY,38.2,36,38,40,44,-46,-46,40,44,84
"2025 National Youth Championships, Powered by Rogue Fitness",2025-06-22,Women's 16-17 Age Group 44kg,Adalae Caruso,42.6,34,36,38,42,-45,45,38,45,83
"2025 National Youth Championships, Powered by Rogue Fitness",2025-06-22,Women's 16-17 Age Group 53kg,Makayla  Hotchkiss,49.75,33,35,-38,45,48,-50,35,48,83
"2025 National Youth Championships, Powered by Rogue Fitness",2025-06-21,Men's 13 Under Age Group 44kg,Elias Armstrong,42.95,-35,35,-38,45,48,-51,35,48,83
"2025 National Youth Championships, Powered by Rogue Fitness",2025-06-21,Men's 13 Under Age Group 48kg,Zane Chadbourne,48.01,34,36,-38,42,44,46,36,46,82
"2025 National Youth Championships, Powered by Rogue Fitness",2025-06-22,Women's 16-17 Age Group 53kg,Mikayla  Sabino,51.95,34,36,-39,43,46,-50,36,46,82
"2025 National Youth Championships, Powered by Rogue Fitness",2025-06-22,Women's 16-17 Age Group 53kg,Corinne Stickle,51.1,33,35,-37,47,-49,-50,35,47,82
"2025 National Youth Championships, Powered by Rogue Fitness",2025-06-22,Women's 14-15 Age Group 48kg,Kaia Maki,47.45,-37,-37,37,-45,-45,45,37,45,82
"2025 National Youth Championships, Powered by Rogue Fitness",2025-06-21,Men's 13 Under Age Group 44kg,Gabriel Almazan,40.1,30,-32,32,44,47,50,32,50,82
"2025 National Youth Championships, Powered by Rogue Fitness",2025-06-22,Women's 14-15 Age Group 53kg,Keilani Minney,49.3,34,38,-41,41,44,-49,38,44,82
"2025 National Youth Championships, Powered by Rogue Fitness",2025-06-21,Men's 13 Under Age Group 48kg,Kayden Doherty,44.95,-31,31,33,45,48,-49,33,48,81
"2025 National Youth Championships, Powered by Rogue Fitness",2025-06-21,Men's 13 Under Age Group 52kg,Ivan Hoegemeyer,48.85,31,33,35,40,42,46,35,46,81
"2025 National Youth Championships, Powered by Rogue Fitness",2025-06-22,Women's 16-17 Age Group 48kg,Stormy Stindt,46.95,30,33,35,-46,46,-48,35,46,81
"2025 National Youth Championships, Powered by Rogue Fitness",2025-06-22,Women's 16-17 Age Group 48kg,Taylor Hamilton,47.25,33,-35,35,-43,43,46,35,46,81
"2025 National Youth Championships, Powered by Rogue Fitness",2025-06-21,Women's 13 Under Age Group 53kg,Sadie Cirbus,52.1,32,-38,38,43,-46,-48,38,43,81
"2025 National Youth Championships, Powered by Rogue Fitness",2025-06-22,Women's 14-15 Age Group 53kg,Lillian Ngo,51.5,32,34,36,45,-47,-47,36,45,81
"2025 National Youth Championships, Powered by Rogue Fitness",2025-06-21,Men's 13 Under Age Group 48kg,Matthew Parento,48,33,-36,36,42,45,-49,36,45,81
"2025 National Youth Championships, Powered by Rogue Fitness",2025-06-21,Men's 13 Under Age Group 48kg,Hector Garcia,46.25,-33,34,-36,43,46,-48,34,46,80
"2025 National Youth Championships, Powered by Rogue Fitness",2025-06-21,Men's 13 Under Age Group 65+kg,Jase Berneathy,87.65,35,38,-41,38,-42,42,38,42,80
"2025 National Youth Championships, Powered by Rogue Fitness",2025-06-21,Women's 13 Under Age Group 40kg,Alena Griesser,38.9,32,35,-40,43,45,-50,35,45,80
"2025 National Youth Championships, Powered by Rogue Fitness",2025-06-21,Women's 13 Under Age Group 44kg,Charlotte Sullivan,40.45,31,33,35,42,-45,45,35,45,80
"2025 National Youth Championships, Powered by Rogue Fitness",2025-06-21,Women's 13 Under Age Group 44kg,Aurelia Bujanda,41.75,-35,35,-37,-45,-45,45,35,45,80
"2025 National Youth Championships, Powered by Rogue Fitness",2025-06-21,Women's 13 Under Age Group 53kg,Ellie  Dobrinski,51.15,34,-37,37,43,-46,-48,37,43,80
"2025 National Youth Championships, Powered by Rogue Fitness",2025-06-21,Women's 13 Under Age Group 63+kg,Madison Hovet,64.65,29,32,-34,43,46,48,32,48,80
"2025 National Youth Championships, Powered by Rogue Fitness",2025-06-21,Men's 13 Under Age Group 65kg,Bridger Soden,60.2,30,33,36,-40,40,43,36,43,79
"2025 National Youth Championships, Powered by Rogue Fitness",2025-06-21,Men's 13 Under Age Group 40kg,Brogan Bratsburg,38.15,32,-35,35,41,44,-47,35,44,79
"2025 National Youth Championships, Powered by Rogue Fitness",2025-06-21,Men's 13 Under Age Group 56kg,Hudson Chancey,54.85,30,-32,32,39,42,46,32,46,78
"2025 National Youth Championships, Powered by Rogue Fitness",2025-06-22,Women's 14-15 Age Group 53kg,Taylor Fife,48.2,30,32,34,40,-43,44,34,44,78
"2025 National Youth Championships, Powered by Rogue Fitness",2025-06-21,Men's 13 Under Age Group 65+kg,J Williams ,88.5,32,34,-36,40,43,-47,34,43,77
"2025 National Youth Championships, Powered by Rogue Fitness",2025-06-21,Women's 13 Under Age Group 36kg,Rayya Howard,27.65,31,34,-35,40,43,-45,34,43,77
"2025 National Youth Championships, Powered by Rogue Fitness",2025-06-21,Men's 13 Under Age Group 44kg,Charles Hulderson,44,31,34,-37,40,43,-46,34,43,77
"2025 National Youth Championships, Powered by Rogue Fitness",2025-06-21,Women's 13 Under Age Group 58kg,Eesha Pallath,53.35,29,31,33,35,40,43,33,43,76
"2025 National Youth Championships, Powered by Rogue Fitness",2025-06-21,Men's 13 Under Age Group 56kg,Oliver Combs,54.25,30,32,33,38,40,42,33,42,75
"2025 National Youth Championships, Powered by Rogue Fitness",2025-06-21,Women's 13 Under Age Group 40kg,Layla Johnson,37.8,-31,31,-33,41,-44,44,31,44,75
"2025 National Youth Championships, Powered by Rogue Fitness",2025-06-21,Women's 13 Under Age Group 48kg,Chloe Barrus,46.55,29,-31,32,39,42,43,32,43,75
"2025 National Youth Championships, Powered by Rogue Fitness",2025-06-21,Men's 13 Under Age Group 40kg,Scott Smith,36.75,30,-32,33,35,38,42,33,42,75
"2025 National Youth Championships, Powered by Rogue Fitness",2025-06-21,Women's 13 Under Age Group 63+kg,Olivia Vazquez,77.9,29,32,34,35,38,41,34,41,75
"2025 National Youth Championships, Powered by Rogue Fitness",2025-06-21,Women's 13 Under Age Group 63+kg,Veisinia Kaho,64.35,26,28,30,42,44,45,30,45,75
"2025 National Youth Championships, Powered by Rogue Fitness",2025-06-21,Men's 13 Under Age Group 44kg,Daniel Victor Filkins,41.9,27,29,31,37,40,44,31,44,75
"2025 National Youth Championships, Powered by Rogue Fitness",2025-06-21,Men's 13 Under Age Group 56kg,Angel Santiago,53.05,29,32,35,35,39,-44,35,39,74
"2025 National Youth Championships, Powered by Rogue Fitness",2025-06-21,Women's 13 Under Age Group 48kg,Charlee Meyer,47.9,33,35,37,33,35,37,37,37,74
"2025 National Youth Championships, Powered by Rogue Fitness",2025-06-22,Women's 14-15 Age Group 44kg,Briana DiCosmo,42.6,-31,31,-33,40,43,-46,31,43,74
"2025 National Youth Championships, Powered by Rogue Fitness",2025-06-22,Women's 14-15 Age Group 44kg,Carmen Gurley,43.95,26,28,30,-39,40,44,30,44,74
"2025 National Youth Championships, Powered by Rogue Fitness",2025-06-21,Men's 13 Under Age Group 56kg,Dante Banning,53.25,27,29,30,41,43,-45,30,43,73
"2025 National Youth Championships, Powered by Rogue Fitness",2025-06-21,Women's 13 Under Age Group 53kg,Catherine  Lemire,51.9,31,33,-37,38,-40,40,33,40,73
"2025 National Youth Championships, Powered by Rogue Fitness",2025-06-21,Women's 13 Under Age Group 58kg,Brianna Bowens,57.3,28,30,-32,37,40,43,30,43,73
"2025 National Youth Championships, Powered by Rogue Fitness",2025-06-22,Women's 14-15 Age Group 40kg,Lilly Mullenaux,37.2,28,30,31,40,42,-44,31,42,73
"2025 National Youth Championships, Powered by Rogue Fitness",2025-06-21,Men's 13 Under Age Group 60kg,Finn Earley,59.6,26,30,-33,36,39,42,30,42,72
"2025 National Youth Championships, Powered by Rogue Fitness",2025-06-21,Women's 13 Under Age Group 44kg,Aurora Garland,41.05,29,31,33,36,39,-40,33,39,72
"2025 National Youth Championships, Powered by Rogue Fitness",2025-06-21,Women's 13 Under Age Group 53kg,Lindsay Adkins,52.1,29,31,-32,41,-44,-44,31,41,72
"2025 National Youth Championships, Powered by Rogue Fitness",2025-06-21,Women's 13 Under Age Group 53kg,Leah Kaufman,51.8,28,-31,31,38,41,-43,31,41,72
"2025 National Youth Championships, Powered by Rogue Fitness",2025-06-21,Women's 13 Under Age Group 58kg,Meleoni Afu,57.9,26,28,30,36,39,42,30,42,72
"2025 National Youth Championships, Powered by Rogue Fitness",2025-06-21,Women's 13 Under Age Group 63+kg,Katelyn Susana Afu,87.7,26,28,31,37,39,41,31,41,72
"2025 National Youth Championships, Powered by Rogue Fitness",2025-06-21,Men's 13 Under Age Group 44kg,Jett Finley,42.05,26,28,30,37,40,42,30,42,72
"2025 National Youth Championships, Powered by Rogue Fitness",2025-06-21,Women's 13 Under Age Group 58kg,Mila Kaufman,54.75,27,30,33,38,-41,-42,33,38,71
"2025 National Youth Championships, Powered by Rogue Fitness",2025-06-21,Men's 13 Under Age Group 40kg,Dempsey Opfer,39.3,26,28,-30,38,41,43,28,43,71
"2025 National Youth Championships, Powered by Rogue Fitness",2025-06-21,Women's 13 Under Age Group 63kg,Brynlee Sweet,62.25,32,34,-38,-37,37,-41,34,37,71
"2025 National Youth Championships, Powered by Rogue Fitness",2025-06-21,Men's 13 Under Age Group 48kg,Santiago Hernandez,45.85,27,30,32,36,38,-40,32,38,70
"2025 National Youth Championships, Powered by Rogue Fitness",2025-06-22,Men's 14-15 Age Group 48kg,Noah Mascorro,41.25,25,-28,-28,40,43,45,25,45,70
"2025 National Youth Championships, Powered by Rogue Fitness",2025-06-21,Women's 13 Under Age Group 48kg,Taylor Kunkel,46.3,28,-30,30,40,-43,-45,30,40,70
"2025 National Youth Championships, Powered by Rogue Fitness",2025-06-21,Women's 13 Under Age Group 53kg,Talayna  Britt,50.45,30,-33,-33,36,38,40,30,40,70
"2025 National Youth Championships, Powered by Rogue Fitness",2025-06-21,Women's 13 Under Age Group 58kg,Diya Vijayaraj,56.1,26,28,30,35,38,40,30,40,70
"2025 National Youth Championships, Powered by Rogue Fitness",2025-06-21,Men's 13 Under Age Group 48kg,Eduardo Marquez,46,28,30,-33,35,39,-41,30,39,69
"2025 National Youth Championships, Powered by Rogue Fitness",2025-06-21,Women's 13 Under Age Group 53kg,Gabriella Green,49.15,27,-30,30,37,39,-42,30,39,69
"2025 National Youth Championships, Powered by Rogue Fitness",2025-06-21,Women's 13 Under Age Group 63+kg,Leila Marinho,65.75,29,-32,-33,37,40,-42,29,40,69
"2025 National Youth Championships, Powered by Rogue Fitness",2025-06-22,Women's 14-15 Age Group 53kg,Meg Sherwood,49.55,-30,30,-32,39,-42,-42,30,39,69
"2025 National Youth Championships, Powered by Rogue Fitness",2025-06-21,Women's 13 Under Age Group 40kg,Avery Morelli,38.9,25,28,-30,35,38,40,28,40,68
"2025 National Youth Championships, Powered by Rogue Fitness",2025-06-21,Women's 13 Under Age Group 44kg,Sejal Patel,42.85,24,26,28,35,37,40,28,40,68
"2025 National Youth Championships, Powered by Rogue Fitness",2025-06-22,Women's 14-15 Age Group 40kg,Ella Sherpy,37.2,26,-28,28,35,38,40,28,40,68
"2025 National Youth Championships, Powered by Rogue Fitness",2025-06-21,Men's 13 Under Age Group 44kg,Raiden Liao,43.4,26,28,30,35,38,-41,30,38,68
"2025 National Youth Championships, Powered by Rogue Fitness",2025-06-21,Men's 13 Under Age Group 48kg,Abraham Xiong,44.8,26,28,30,-37,37,-39,30,37,67
"2025 National Youth Championships, Powered by Rogue Fitness",2025-06-21,Men's 13 Under Age Group 52kg,Jacob Carlson,49.1,29,30,32,32,34,35,32,35,67
"2025 National Youth Championships, Powered by Rogue Fitness",2025-06-21,Men's 13 Under Age Group 65kg,Salvador Martinez,63.7,26,28,30,32,35,37,30,37,67
"2025 National Youth Championships, Powered by Rogue Fitness",2025-06-21,Women's 13 Under Age Group 53kg,Avery Deaver,50.9,26,-28,-30,35,38,41,26,41,67
"2025 National Youth Championships, Powered by Rogue Fitness",2025-06-21,Women's 13 Under Age Group 63kg,Sadie Baker,59.5,26,28,-30,36,39,-41,28,39,67
"2025 National Youth Championships, Powered by Rogue Fitness",2025-06-21,Women's 13 Under Age Group 63+kg,Allana Smith,64.75,28,30,32,-35,35,-37,32,35,67
"2025 National Youth Championships, Powered by Rogue Fitness",2025-06-22,Women's 14-15 Age Group 48kg,Ashlyn Bell,45.55,-28,28,30,35,37,-39,30,37,67
"2025 National Youth Championships, Powered by Rogue Fitness",2025-06-21,Men's 13 Under Age Group 48kg,Logan Feld,47.35,25,27,30,33,36,-40,30,36,66
"2025 National Youth Championships, Powered by Rogue Fitness",2025-06-21,Women's 13 Under Age Group 44kg,Kate Yetter,40.7,27,29,-30,37,-39,-41,29,37,66
"2025 National Youth Championships, Powered by Rogue Fitness",2025-06-21,Women's 13 Under Age Group 53kg,Ashlyn Reathaford,50.9,24,26,-28,35,38,40,26,40,66
"2025 National Youth Championships, Powered by Rogue Fitness",2025-06-21,Women's 13 Under Age Group 58kg,Sydney Maldonado,53.45,24,26,28,36,38,-40,28,38,66
"2025 National Youth Championships, Powered by Rogue Fitness",2025-06-21,Women's 13 Under Age Group 63+kg,Daisy Blanchette,75.1,27,29,-32,30,33,37,29,37,66
"2025 National Youth Championships, Powered by Rogue Fitness",2025-06-22,Women's 14-15 Age Group 44kg,Hazel Dale,41.25,24,26,-28,37,39,40,26,40,66
"2025 National Youth Championships, Powered by Rogue Fitness",2025-06-21,Men's 13 Under Age Group 44kg,Shepard Arena,40.5,26,-28,28,36,-38,38,28,38,66
"2025 National Youth Championships, Powered by Rogue Fitness",2025-06-21,Men's 13 Under Age Group 60kg,William Taylor,59.3,26,28,30,32,35,-37,30,35,65
"2025 National Youth Championships, Powered by Rogue Fitness",2025-06-21,Men's 13 Under Age Group 65+kg,William Mason Downard,65.09,26,27,29,31,34,36,29,36,65
"2025 National Youth Championships, Powered by Rogue Fitness",2025-06-21,Women's 13 Under Age Group 36kg,Brooklynn Vella,34.9,25,-27,29,34,36,-38,29,36,65
"2025 National Youth Championships, Powered by Rogue Fitness",2025-06-21,Women's 13 Under Age Group 40kg,Avery Shupe,36.2,25,27,29,30,33,36,29,36,65
"2025 National Youth Championships, Powered by Rogue Fitness",2025-06-21,Men's 13 Under Age Group 40kg,Luke Doherty,35.55,28,-29,-29,35,37,-39,28,37,65
"2025 National Youth Championships, Powered by Rogue Fitness",2025-06-21,Women's 13 Under Age Group 63kg,Vienna Skudlarek,59.45,26,-28,29,35,-37,-37,29,35,64
"2025 National Youth Championships, Powered by Rogue Fitness",2025-06-21,Men's 13 Under Age Group 44kg,Austin Windley,41.95,-23,23,26,30,35,38,26,38,64
"2025 National Youth Championships, Powered by Rogue Fitness",2025-06-21,Men's 13 Under Age Group 52kg,Jayden Myers,50.85,20,23,26,34,-37,37,26,37,63
"2025 National Youth Championships, Powered by Rogue Fitness",2025-06-21,Women's 13 Under Age Group 58kg,Karliann Smith,55.5,26,-28,-28,35,37,-38,26,37,63
"2025 National Youth Championships, Powered by Rogue Fitness",2025-06-21,Men's 13 Under Age Group 44kg,Ashton Ketchum,40.65,26,27,29,34,-36,-38,29,34,63
"2025 National Youth Championships, Powered by Rogue Fitness",2025-06-21,Men's 13 Under Age Group 60kg,Haadi Qayyum,58.9,25,27,-29,35,-38,-39,27,35,62
"2025 National Youth Championships, Powered by Rogue Fitness",2025-06-21,Men's 13 Under Age Group 40kg,Mark Murray,37.1,-25,25,27,-32,32,35,27,35,62
"2025 National Youth Championships, Powered by Rogue Fitness",2025-06-21,Women's 13 Under Age Group 58kg,Blaise Atkinson,55.25,23,25,27,33,35,-37,27,35,62
"2025 National Youth Championships, Powered by Rogue Fitness",2025-06-21,Men's 13 Under Age Group 40kg,Legend Gabourel,37.9,23,25,-27,35,37,-41,25,37,62
"2025 National Youth Championships, Powered by Rogue Fitness",2025-06-21,Men's 13 Under Age Group 40kg,Paden  Branca,38.35,22,25,27,34,-36,-36,27,34,61
"2025 National Youth Championships, Powered by Rogue Fitness",2025-06-21,Men's 13 Under Age Group 40kg,Nixon  Catalano,28.1,23,26,28,31,33,-36,28,33,61
"2025 National Youth Championships, Powered by Rogue Fitness",2025-06-21,Women's 13 Under Age Group 63+kg,Harper Haeberle,73.45,23,25,27,30,32,34,27,34,61
"2025 National Youth Championships, Powered by Rogue Fitness",2025-06-21,Men's 13 Under Age Group 44kg,Ben Byrnes,44,22,23,24,35,37,-38,24,37,61
"2025 National Youth Championships, Powered by Rogue Fitness",2025-06-21,Women's 13 Under Age Group 44kg,Hayden Eades,41.9,22,25,-28,32,-35,35,25,35,60
"2025 National Youth Championships, Powered by Rogue Fitness",2025-06-21,Women's 13 Under Age Group 44kg,Wednesday Hackleman,44.01,24,26,-28,-34,-34,34,26,34,60
"2025 National Youth Championships, Powered by Rogue Fitness",2025-06-21,Women's 13 Under Age Group 48kg,Kira Reynolds,46.7,24,-26,-28,33,36,-38,24,36,60
"2025 National Youth Championships, Powered by Rogue Fitness",2025-06-21,Men's 13 Under Age Group 40kg,Wyatt Graeffe,33.1,28,-30,-30,-30,30,32,28,32,60
"2025 National Youth Championships, Powered by Rogue Fitness",2025-06-21,Men's 13 Under Age Group 40kg,Oliver Berg,33.6,25,27,-28,32,33,-35,27,33,60
"2025 National Youth Championships, Powered by Rogue Fitness",2025-06-21,Women's 13 Under Age Group 40kg,Olivia Fischer,38.35,23,25,-27,31,-33,34,25,34,59
"2025 National Youth Championships, Powered by Rogue Fitness",2025-06-21,Women's 13 Under Age Group 44kg,Julianna  Snyder,42.15,21,23,25,32,34,-36,25,34,59
"2025 National Youth Championships, Powered by Rogue Fitness",2025-06-21,Women's 13 Under Age Group 44kg,Jovee Terry,43.2,22,24,25,30,32,34,25,34,59
"2025 National Youth Championships, Powered by Rogue Fitness",2025-06-21,Men's 13 Under Age Group 48kg,Jaymir StCharles ,48.01,24,26,28,-30,30,-35,28,30,58
"2025 National Youth Championships, Powered by Rogue Fitness",2025-06-21,Women's 13 Under Age Group 40kg,Raelynn Mergen,38.9,21,24,-27,30,34,-38,24,34,58
"2025 National Youth Championships, Powered by Rogue Fitness",2025-06-21,Women's 13 Under Age Group 58kg,Ava Prescott,56.7,22,25,-27,30,33,-36,25,33,58
"2025 National Youth Championships, Powered by Rogue Fitness",2025-06-21,Men's 13 Under Age Group 40kg,Richard Konyek IV,32.8,23,25,-26,31,33,-35,25,33,58
"2025 National Youth Championships, Powered by Rogue Fitness",2025-06-21,Men's 13 Under Age Group 40kg,Liam Doherty,31.65,22,23,24,30,32,34,24,34,58
"2025 National Youth Championships, Powered by Rogue Fitness",2025-06-21,Men's 13 Under Age Group 40kg,James Guinn,27.85,22,23,-25,31,33,35,23,35,58
"2025 National Youth Championships, Powered by Rogue Fitness",2025-06-21,Women's 13 Under Age Group 44kg,Eliza Meyer,42.85,22,-24,24,30,-32,33,24,33,57
"2025 National Youth Championships, Powered by Rogue Fitness",2025-06-23,Women's 16-17 Age Group 69kg,Noelia Torres Perez,65.95,23,25,-27,28,30,32,25,32,57
"2025 National Youth Championships, Powered by Rogue Fitness",2025-06-21,Men's 13 Under Age Group 40kg,Adam Wilkinson,37.9,22,24,-27,28,31,33,24,33,57
"2025 National Youth Championships, Powered by Rogue Fitness",2025-06-21,Men's 13 Under Age Group 40kg,Mason Mascorro,32.75,22,25,-26,-32,32,-35,25,32,57
"2025 National Youth Championships, Powered by Rogue Fitness",2025-06-21,Women's 13 Under Age Group 40kg,Layla Hafoka,40.01,20,22,24,30,32,-34,24,32,56
"2025 National Youth Championships, Powered by Rogue Fitness",2025-06-21,Men's 13 Under Age Group 40kg,Lucas Konyek,35.25,21,23,25,27,29,31,25,31,56
"2025 National Youth Championships, Powered by Rogue Fitness",2025-06-21,Men's 13 Under Age Group 40kg,Ellis Ruiz,38.2,-22,23,25,27,29,31,25,31,56
"2025 National Youth Championships, Powered by Rogue Fitness",2025-06-21,Men's 13 Under Age Group 52kg,Zayne Gillum,49.7,22,23,-24,-29,29,32,23,32,55
"2025 National Youth Championships, Powered by Rogue Fitness",2025-06-21,Women's 13 Under Age Group 40kg,NOR AMINA BAHARIN,40,-22,22,24,-31,31,-35,24,31,55
"2025 National Youth Championships, Powered by Rogue Fitness",2025-06-21,Women's 13 Under Age Group 53kg,Peyton Pirtle,48.85,22,24,-26,29,31,-34,24,31,55
"2025 National Youth Championships, Powered by Rogue Fitness",2025-06-21,Men's 13 Under Age Group 44kg,Alexander Shupe,42.65,25,-27,-27,30,-33,-34,25,30,55
"2025 National Youth Championships, Powered by Rogue Fitness",2025-06-21,Men's 13 Under Age Group 48kg,Elijah  Guzman,48.01,20,21,22,30,32,-35,22,32,54
"2025 National Youth Championships, Powered by Rogue Fitness",2025-06-21,Men's 13 Under Age Group 40kg,Kazu Gilbreth,38.45,23,25,-27,27,-29,29,25,29,54
"2025 National Youth Championships, Powered by Rogue Fitness",2025-06-21,Men's 13 Under Age Group 40kg,Remington Morales,35.65,-22,22,24,28,30,-32,24,30,54
"2025 National Youth Championships, Powered by Rogue Fitness",2025-06-21,Men's 13 Under Age Group 40kg,Mason Koroll,38.05,20,22,-25,27,-30,32,22,32,54
"2025 National Youth Championships, Powered by Rogue Fitness",2025-06-21,Men's 13 Under Age Group 40kg,Grayson Ibrahim,30.75,24,25,-26,-29,29,-31,25,29,54
"2025 National Youth Championships, Powered by Rogue Fitness",2025-06-23,Women's 16-17 Age Group 58kg,Miley Vaughan,57.3,18,19,20,28,30,33,20,33,53
"2025 National Youth Championships, Powered by Rogue Fitness",2025-06-21,Women's 13 Under Age Group 44kg,Cianna Heredia,40.85,15,18,22,25,28,31,22,31,53
"2025 National Youth Championships, Powered by Rogue Fitness",2025-06-21,Men's 13 Under Age Group 40kg,Mason Batey,36.2,20,-22,22,-31,-31,31,22,31,53
"2025 National Youth Championships, Powered by Rogue Fitness",2025-06-21,Men's 13 Under Age Group 56kg,Ezekiel Barboza,52.75,20,23,0,23,26,29,23,29,52
"2025 National Youth Championships, Powered by Rogue Fitness",2025-06-21,Women's 13 Under Age Group 36kg,Emma Fan,33.2,20,22,24,26,28,-30,24,28,52
"2025 National Youth Championships, Powered by Rogue Fitness",2025-06-21,Women's 13 Under Age Group 53kg,Lily Deibert,50.1,21,23,24,25,-28,28,24,28,52
"2025 National Youth Championships, Powered by Rogue Fitness",2025-06-21,Men's 13 Under Age Group 40kg,Bode Dahle,35.6,19,21,-23,29,-31,31,21,31,52
"2025 National Youth Championships, Powered by Rogue Fitness",2025-06-21,Men's 13 Under Age Group 44kg,Leonardo  Rivelli ,43,18,20,22,24,27,30,22,30,52
"2025 National Youth Championships, Powered by Rogue Fitness",2025-06-21,Men's 13 Under Age Group 40kg,Everett Lee,37.1,18,20,22,24,26,28,22,28,50
"2025 National Youth Championships, Powered by Rogue Fitness",2025-06-21,Women's 13 Under Age Group 44kg,Francesca Putz ,40.35,15,18,21,25,28,-31,21,28,49
"2025 National Youth Championships, Powered by Rogue Fitness",2025-06-21,Women's 13 Under Age Group 53kg,Brooklyn Secrest,52.25,19,21,-23,25,-27,28,21,28,49
"2025 National Youth Championships, Powered by Rogue Fitness",2025-06-21,Men's 13 Under Age Group 40kg,Joah  Kleijwegt ,38.05,18,20,23,23,26,-29,23,26,49
"2025 National Youth Championships, Powered by Rogue Fitness",2025-06-21,Men's 13 Under Age Group 40kg,Trace Brown,30.45,21,-23,-23,24,26,28,21,28,49
"2025 National Youth Championships, Powered by Rogue Fitness",2025-06-21,Men's 13 Under Age Group 40kg,Bentley Weis,36.35,-17,17,20,23,26,29,20,29,49
"2025 National Youth Championships, Powered by Rogue Fitness",2025-06-21,Men's 13 Under Age Group 40kg,Kenny Fife,28.15,20,-21,-21,25,27,29,20,29,49
"2025 National Youth Championships, Powered by Rogue Fitness",2025-06-21,Women's 13 Under Age Group 36kg,Madison DiCosmo,31.6,20,22,-24,26,-28,-28,22,26,48
"2025 National Youth Championships, Powered by Rogue Fitness",2025-06-21,Women's 13 Under Age Group 36kg,Kamden Opfer,33.2,19,20,21,27,-29,-29,21,27,48
"2025 National Youth Championships, Powered by Rogue Fitness",2025-06-21,Men's 13 Under Age Group 40kg,Dominic Sanchez,30.35,-19,19,-21,25,27,29,19,29,48
"2025 National Youth Championships, Powered by Rogue Fitness",2025-06-21,Women's 13 Under Age Group 40kg,Taliya Bernard,38.55,16,18,20,24,27,-29,20,27,47
"2025 National Youth Championships, Powered by Rogue Fitness",2025-06-21,Women's 13 Under Age Group 40kg,Phoebe Storck,37.6,16,18,20,24,27,-29,20,27,47
"2025 National Youth Championships, Powered by Rogue Fitness",2025-06-21,Women's 13 Under Age Group 48kg,Makena Martin,44.6,18,-20,20,27,-29,-29,20,27,47
"2025 National Youth Championships, Powered by Rogue Fitness",2025-06-21,Men's 13 Under Age Group 48kg,Charles Moss,46.55,18,-20,-20,25,-28,28,18,28,46
"2025 National Youth Championships, Powered by Rogue Fitness",2025-06-21,Women's 13 Under Age Group 36kg,Gianna Palmer,31.05,-19,19,21,25,-27,-27,21,25,46
"2025 National Youth Championships, Powered by Rogue Fitness",2025-06-21,Women's 13 Under Age Group 44kg,Everly Hufford,42.85,20,-22,-22,26,-28,-28,20,26,46
"2025 National Youth Championships, Powered by Rogue Fitness",2025-06-21,Women's 13 Under Age Group 48kg,Rosemary  Sokolow,46.15,15,17,19,23,-25,27,19,27,46
"2025 National Youth Championships, Powered by Rogue Fitness",2025-06-21,Men's 13 Under Age Group 52kg,James Gargan,51.2,18,19,20,22,24,25,20,25,45
"2025 National Youth Championships, Powered by Rogue Fitness",2025-06-21,Women's 13 Under Age Group 36kg,Autumn Windley,34.8,15,17,19,21,24,26,19,26,45
"2025 National Youth Championships, Powered by Rogue Fitness",2025-06-21,Women's 13 Under Age Group 36kg,Greysen Petersen,33.3,16,18,20,-24,25,-27,20,25,45
"2025 National Youth Championships, Powered by Rogue Fitness",2025-06-21,Women's 13 Under Age Group 44kg,Liliana  Layman,41.55,17,18,-20,25,26,27,18,27,45
"2025 National Youth Championships, Powered by Rogue Fitness",2025-06-21,Men's 13 Under Age Group 56kg,Santiago Puamau,53,15,17,19,22,-25,25,19,25,44
"2025 National Youth Championships, Powered by Rogue Fitness",2025-06-21,Women's 13 Under Age Group 36kg,Viviana Almazan,26.9,16,-19,19,20,25,-27,19,25,44
"2025 National Youth Championships, Powered by Rogue Fitness",2025-06-21,Men's 13 Under Age Group 40kg,Daniel Reynolds,31.55,15,17,19,23,25,-27,19,25,44
"2025 National Youth Championships, Powered by Rogue Fitness",2025-06-21,Women's 13 Under Age Group 44kg,Ava Jackson,42.4,17,-19,19,24,-26,-27,19,24,43
"2025 National Youth Championships, Powered by Rogue Fitness",2025-06-21,Men's 13 Under Age Group 40kg,Daniel Baker,36.6,14,16,18,19,21,25,18,25,43
"2025 National Youth Championships, Powered by Rogue Fitness",2025-06-21,Men's 13 Under Age Group 40kg,Oliver  Garland,33,15,17,-18,20,23,25,17,25,42
"2025 National Youth Championships, Powered by Rogue Fitness",2025-06-21,Men's 13 Under Age Group 40kg,Christopher Myers,38.5,-16,16,-18,22,24,26,16,26,42
"2025 National Youth Championships, Powered by Rogue Fitness",2025-06-21,Women's 13 Under Age Group 36kg,Avery Gillum,28.65,14,16,18,19,21,23,18,23,41
"2025 National Youth Championships, Powered by Rogue Fitness",2025-06-21,Women's 13 Under Age Group 36kg,Ace Finley,33.15,15,-17,-17,21,23,25,15,25,40
"2025 National Youth Championships, Powered by Rogue Fitness",2025-06-21,Men's 13 Under Age Group 40kg,Jacob Kovach,35.95,15,17,19,17,19,21,19,21,40
"2025 National Youth Championships, Powered by Rogue Fitness",2025-06-21,Men's 13 Under Age Group 40kg,Tristan Schuster,27.65,12,14,-16,23,25,26,14,26,40
"2025 National Youth Championships, Powered by Rogue Fitness",2025-06-21,Women's 13 Under Age Group 36kg,Mia Kleppen,33.5,16,-18,-19,20,22,-24,16,22,38
"2025 National Youth Championships, Powered by Rogue Fitness",2025-06-21,Women's 13 Under Age Group 36kg,DEANNA BELMONT,27.4,14,-16,16,18,20,22,16,22,38
"2025 National Youth Championships, Powered by Rogue Fitness",2025-06-21,Men's 13 Under Age Group 40kg,Jace Bernard,28.9,12,14,16,18,20,22,16,22,38
"2025 National Youth Championships, Powered by Rogue Fitness",2025-06-21,Men's 13 Under Age Group 40kg,Joel Flores,29.6,14,-16,-16,20,21,23,14,23,37
"2025 National Youth Championships, Powered by Rogue Fitness",2025-06-21,Women's 13 Under Age Group 36kg,Abigail Moeder,30.4,14,15,16,18,19,20,16,20,36
"2025 National Youth Championships, Powered by Rogue Fitness",2025-06-21,Men's 13 Under Age Group 40kg,Jaxon Vega,31.85,14,16,-17,17,18,20,16,20,36
"2025 National Youth Championships, Powered by Rogue Fitness",2025-06-21,Women's 13 Under Age Group 36kg,Makenna Stewart,34.75,12,14,16,-16,16,19,16,19,35
"2025 National Youth Championships, Powered by Rogue Fitness",2025-06-21,Women's 13 Under Age Group 36kg,Jayde Duncan,24.15,13,15,-18,17,20,-22,15,20,35
"2025 National Youth Championships, Powered by Rogue Fitness",2025-06-21,Women's 13 Under Age Group 36kg,Hope Rucker,0.9,12,-14,14,17,19,20,14,20,34
"2025 National Youth Championships, Powered by Rogue Fitness",2025-06-21,Women's 13 Under Age Group 36kg,Charli Burroughs,26.45,-13,13,-15,18,20,21,13,21,34
"2025 National Youth Championships, Powered by Rogue Fitness",2025-06-21,Men's 13 Under Age Group 40kg,Austin Melendez,34.35,-15,-15,15,17,-19,19,15,19,34
"2025 National Youth Championships, Powered by Rogue Fitness",2025-06-21,Men's 13 Under Age Group 40kg,Payton Hernandez,31.3,12,13,14,16,18,20,14,20,34
"2025 National Youth Championships, Powered by Rogue Fitness",2025-06-21,Men's 13 Under Age Group 40kg,Noah Reynolds,35.8,14,16,-17,16,-18,-20,16,16,32
"2025 National Youth Championships, Powered by Rogue Fitness",2025-06-21,Women's 13 Under Age Group 36kg,Emilyrose Myers,26.1,-12,12,13,16,17,-18,13,17,30
"2025 National Youth Championships, Powered by Rogue Fitness",2025-06-21,Men's 13 Under Age Group 40kg,Sebastian Flores,25.5,-12,-12,12,-15,15,17,12,17,29
"2025 National Youth Championships, Powered by Rogue Fitness",2025-06-21,Women's 13 Under Age Group 36kg,Analea Garity,26.8,10,11,12,12,13,14,12,14,26
"2025 National Youth Championships, Powered by Rogue Fitness",2025-06-23,Men's 16-17 Age Group 94kg,Landon Schulz,92.05,-105,-105,-106,135,-140,-143,0,135,0
"2025 National Youth Championships, Powered by Rogue Fitness",2025-06-22,Women's 14-15 Age Group 69+kg,McKayleigh Fullard,95.1,35,-40,-40,0,0,0,35,0,0
"2025 National Youth Championships, Powered by Rogue Fitness",2025-06-22,Women's 14-15 Age Group 69kg,Kyla Monhollen,69.01,53,-55,-55,-64,-64,-64,53,0,0
"2025 National Youth Championships, Powered by Rogue Fitness",2025-06-22,Men's 14-15 Age Group 56kg,Treg Mortensen,54.5,-43,-43,-43,-50,50,55,0,55,0
"2025 National Youth Championships, Powered by Rogue Fitness",2025-06-22,Women's 16-17 Age Group 53kg,Maya Litt,51.9,-53,-53,-53,70,72,-76,0,72,0
"2025 National Youth Championships, Powered by Rogue Fitness",2025-06-22,Men's 14-15 Age Group 71kg,Matias  Navarrete ,69.35,-75,-76,77,-95,-96,-97,77,0,0
"2025 National Youth Championships, Powered by Rogue Fitness",2025-06-23,Women's 16-17 Age Group 58kg,Mia Dieppa-Corbin,56.8,-45,-46,-47,57,61,65,0,65,0
"2025 National Youth Championships, Powered by Rogue Fitness",2025-06-22,Men's 14-15 Age Group 79kg,Ethan  Takacs,76.45,-72,73,-78,-90,-90,-92,73,0,0
"2025 National Youth Championships, Powered by Rogue Fitness",2025-06-23,Women's 16-17 Age Group 58kg,Jaylynne DeMuth,55.65,-48,-48,-48,-58,-58,58,0,58,0
"2025 National Youth Championships, Powered by Rogue Fitness",2025-06-22,Men's 14-15 Age Group 79+kg,Jacob Farrell-Evans,98.8,62,70,-75,-80,-80,-80,70,0,0
"2025 National Youth Championships, Powered by Rogue Fitness",2025-06-21,Women's 13 Under Age Group 36kg,Hadley Tillman,26.95,14,16,-20,-22,-22,-22,16,0,0
"2025 National Youth Championships, Powered by Rogue Fitness",2025-06-22,Men's 16-17 Age Group 60kg,Niko Labella-choo,59.05,-62,-63,-63,77,-78,-82,0,77,0
"2025 National Youth Championships, Powered by Rogue Fitness",2025-06-23,Women's 16-17 Age Group 69kg,Allison Rebustillo,65.45,-79,-79,-80,-97,98,-105,0,98,0
"2025 National Youth Championships, Powered by Rogue Fitness",2025-06-23,Women's 16-17 Age Group 69kg,sofia kokorina,66.85,63,66,-68,-73,-73,-73,66,0,0
"2025 National Youth Championships, Powered by Rogue Fitness",2025-06-23,Men's 16-17 Age Group 65kg,Ezekiel Tolentino,64.15,79,-82,-82,0,0,0,79,0,0
"2025 National Youth Championships, Powered by Rogue Fitness",2025-06-22,Men's 16-17 Age Group 65kg,Isaac Rodriguez ,63.6,62,65,-70,-90,-91,-91,65,0,0
"2025 National Youth Championships, Powered by Rogue Fitness",2025-06-21,Women's 13 Under Age Group 53kg,Emily Terito,49,-35,-35,-35,43,45,-50,0,45,0
"2025 National Youth Championships, Powered by Rogue Fitness",2025-06-23,Women's 16-17 Age Group 77kg,Brianna Justice,77.01,-54,-54,-54,-65,-65,65,0,65,0
"2025 National Youth Championships, Powered by Rogue Fitness",2025-06-23,Women's 16-17 Age Group 77+kg,Kendal  Salter,88.2,-59,-62,62,-75,-75,-79,62,0,0
"2025 National Youth Championships, Powered by Rogue Fitness",2025-06-23,Men's 16-17 Age Group 71kg,Jonathan Zinger,70.5,-95,95,-101,-110,-112,-112,95,0,0
"2025 National Youth Championships, Powered by Rogue Fitness",2025-06-21,Men's 13 Under Age Group 40kg,Sebastian Wood,33.6,-25,-25,-25,29,30,-32,0,30,0
"2025 National Youth Championships, Powered by Rogue Fitness",2025-06-23,Men's 16-17 Age Group 88kg,Jackson Cato,81.6,110,-114,-115,-133,-134,-140,110,0,0
"2025 National Youth Championships, Powered by Rogue Fitness",2025-06-23,Men's 16-17 Age Group 88kg,anderson geerdes,86.55,93,-97,-100,-131,-131,-133,93,0,0
