meet,date,age_category,lifter,body_weight_(kg),snatch_lift_1,snatch_lift_2,snatch_lift_3,c&j_lift_1,c&j_lift_2,c&j_lift_3,best_snatch,best_c&j,total
"2025 Virus Weightlifting Finals, Powered by Rogue Fitness",2025-12-07,Open Men's 110+kg,Aaron Williams,176.3,175,-180,-180,200,210,216,175,216,391
"2025 Virus Weightlifting Finals, Powered by Rogue Fitness",2025-12-07,Men's Masters (35-39) 110+kg,Caine Wilkes,158.9,165,171,176,197,-205,205,176,205,381
"2025 Virus Weightlifting Finals, Powered by Rogue Fitness",2025-12-07,Open Men's 110+kg,Kyle Schulman,128.35,152,156,160,190,197,205,160,205,365
"2025 Virus Weightlifting Finals, Powered by Rogue Fitness",2025-12-07,Open Men's 110kg,Caleb Weakland,108,157,163,170,189,194,-200,170,194,364
"2025 Virus Weightlifting Finals, Powered by Rogue Fitness",2025-12-07,Open Men's 110+kg,Kaleb Wendricks,162.1,-150,-152,152,196,201,206,152,206,358
"2025 Virus Weightlifting Finals, Powered by Rogue Fitness",2025-12-07,Open Men's 110kg,Alejandro Medina,109.15,155,-161,164,185,192,-201,164,192,356
"2025 Virus Weightlifting Finals, Powered by Rogue Fitness",2025-12-07,Open Men's 110kg,George Upmeyer,100.9,155,160,-164,185,190,-195,160,190,350
"2025 Virus Weightlifting Finals, Powered by Rogue Fitness",2025-12-06,Open Men's 88kg,Hutton Boles,87.3,152,157,162,182,-187,187,162,187,349
"2025 Virus Weightlifting Finals, Powered by Rogue Fitness",2025-12-07,Open Men's 110+kg,Dimitri Albury,169.65,150,-155,-157,-197,199,-216,150,199,349
"2025 Virus Weightlifting Finals, Powered by Rogue Fitness",2025-12-06,Open Men's 94kg,Daniel Wiitanen,91.85,158,-163,165,182,-192,-192,165,182,347
"2025 Virus Weightlifting Finals, Powered by Rogue Fitness",2025-12-05,Open Men's 79kg,Edward Ginnan,78.9,146,150,-153,184,-188,193,150,193,343
"2025 Virus Weightlifting Finals, Powered by Rogue Fitness",2025-12-07,Open Men's 110kg,Trevor Kimm,107.55,152,156,-161,180,185,-191,156,185,341
"2025 Virus Weightlifting Finals, Powered by Rogue Fitness",2025-12-06,Open Men's 94kg,Nathan Damron,92.7,146,-150,150,181,189,-198,150,189,339
"2025 Virus Weightlifting Finals, Powered by Rogue Fitness",2025-12-07,Open Men's 110+kg,Matthew Naugle,137.3,-152,-152,152,-185,-185,185,152,185,337
"2025 Virus Weightlifting Finals, Powered by Rogue Fitness",2025-12-06,Junior Men's 88kg,Ryan McDonald,86.85,143,147,-151,180,187,-193,147,187,334
"2025 Virus Weightlifting Finals, Powered by Rogue Fitness",2025-12-07,Men's Masters (35-39) 94kg,Daniel Dodd,93.3,146,151,-155,178,183,-189,151,183,334
"2025 Virus Weightlifting Finals, Powered by Rogue Fitness",2025-12-06,Open Men's 94kg,Chrisanto D'Agostino,93.9,150,-155,-156,183,-188,-190,150,183,333
"2025 Virus Weightlifting Finals, Powered by Rogue Fitness",2025-12-06,Open Men's 94kg,Jaimerius Williams,93,148,-154,-157,-182,184,-191,148,184,332
"2025 Virus Weightlifting Finals, Powered by Rogue Fitness",2025-12-07,Open Men's 110kg,Alex Telma,108.1,135,138,-140,172,182,190,138,190,328
"2025 Virus Weightlifting Finals, Powered by Rogue Fitness",2025-12-07,Junior Men's 110+kg,Aidan Perez,130.5,136,141,-146,178,-184,185,141,185,326
"2025 Virus Weightlifting Finals, Powered by Rogue Fitness",2025-12-06,Open Men's 94kg,Will Easley,93.35,140,-145,-146,179,185,-190,140,185,325
"2025 Virus Weightlifting Finals, Powered by Rogue Fitness",2025-12-07,Men's Masters (35-39) 110kg,Thomas Duer,109.1,143,148,-153,172,177,-182,148,177,325
"2025 Virus Weightlifting Finals, Powered by Rogue Fitness",2025-12-04,Open Men's 71kg,Hampton Morris,70.15,128,132,136,175,180,185,136,185,321
"2025 Virus Weightlifting Finals, Powered by Rogue Fitness",2025-12-07,Open Men's 110+kg,Zachary Huse,126.8,130,135,140,170,-177,180,140,180,320
"2025 Virus Weightlifting Finals, Powered by Rogue Fitness",2025-12-06,Junior Men's 94kg,Kyle Martin Jr.,92.9,-145,145,-152,170,175,-180,145,175,320
"2025 Virus Weightlifting Finals, Powered by Rogue Fitness",2025-12-07,Men's Masters (35-39) 88kg,Travis Cooper,87.65,132,137,-141,166,173,180,137,180,317
"2025 Virus Weightlifting Finals, Powered by Rogue Fitness",2025-12-06,Open Men's 88kg,Preston Powell,84.3,135,-140,140,-171,172,176,140,176,316
"2025 Virus Weightlifting Finals, Powered by Rogue Fitness",2025-12-07,Open Men's 110kg,Alexander Erdelac,105.05,133,137,140,165,170,175,140,175,315
"2025 Virus Weightlifting Finals, Powered by Rogue Fitness",2025-12-06,Open Men's 88kg,Nathan Moore,87,123,-130,136,164,170,176,136,176,312
"2025 Virus Weightlifting Finals, Powered by Rogue Fitness",2025-12-07,Open Men's 110+kg,David McKellar,116.8,130,135,-140,170,177,-182,135,177,312
"2025 Virus Weightlifting Finals, Powered by Rogue Fitness",2025-12-07,Junior Men's 110kg,August Wagner,103,130,135,140,160,166,172,140,172,312
"2025 Virus Weightlifting Finals, Powered by Rogue Fitness",2025-12-07,Open Men's 110kg,Colton Krueger,107.65,130,135,140,170,-175,-175,140,170,310
"2025 Virus Weightlifting Finals, Powered by Rogue Fitness",2025-12-07,Men's Masters (35-39) 110+kg,Juan Alcazar,128.7,-135,137,143,-165,165,-175,143,165,308
"2025 Virus Weightlifting Finals, Powered by Rogue Fitness",2025-12-06,Open Men's 88kg,Trevor Owens,86.8,-128,129,134,167,172,-178,134,172,306
"2025 Virus Weightlifting Finals, Powered by Rogue Fitness",2025-12-07,Open Men's 110kg,Michael Banks,105.7,135,-140,141,165,-170,-172,141,165,306
"2025 Virus Weightlifting Finals, Powered by Rogue Fitness",2025-12-06,Open Men's 88kg,Troy Fries,85.15,123,127,130,165,170,175,130,175,305
"2025 Virus Weightlifting Finals, Powered by Rogue Fitness",2025-12-06,Open Men's 94kg,Valera ` Djaghouri,92.7,130,134,-138,162,166,170,134,170,304
"2025 Virus Weightlifting Finals, Powered by Rogue Fitness",2025-12-06,Open Men's 88kg,Austin Davis,85.55,132,136,-141,160,167,-173,136,167,303
"2025 Virus Weightlifting Finals, Powered by Rogue Fitness",2025-12-06,Men's Masters (35-39) 88kg,Nguyen Huynh,87.9,131,-133,-134,-170,171,-175,131,171,302
"2025 Virus Weightlifting Finals, Powered by Rogue Fitness",2025-12-06,Open Men's 88kg,Samuel Wainwright,86.65,130,-135,135,166,-172,-174,135,166,301
"2025 Virus Weightlifting Finals, Powered by Rogue Fitness",2025-12-06,Open Men's 94kg,Anthony DeCristofaro,93.2,127,131,135,165,-170,-170,135,165,300
"2025 Virus Weightlifting Finals, Powered by Rogue Fitness",2025-12-06,Open Men's 94kg,William Palumbo,93.6,121,125,127,167,173,0,127,173,300
"2025 Virus Weightlifting Finals, Powered by Rogue Fitness",2025-12-06,Junior Men's 94kg,Enzo Mancini,93,127,132,-137,160,167,-173,132,167,299
"2025 Virus Weightlifting Finals, Powered by Rogue Fitness",2025-12-06,Junior Men's 94kg,Jackson  Leonard,93.15,125,130,-134,-167,-168,168,130,168,298
"2025 Virus Weightlifting Finals, Powered by Rogue Fitness",2025-12-07,Men's Masters (35-39) 110+kg,Jean Laguerre Jr.,127.4,130,-137,137,-160,160,-175,137,160,297
"2025 Virus Weightlifting Finals, Powered by Rogue Fitness",2025-12-06,Open Men's 88kg,Christian Tsakanikas,87.6,127,-132,-132,-160,160,169,127,169,296
"2025 Virus Weightlifting Finals, Powered by Rogue Fitness",2025-12-07,Open Men's 110kg,Dylan Bergschneider,109.3,128,131,132,157,163,-168,132,163,295
"2025 Virus Weightlifting Finals, Powered by Rogue Fitness",2025-12-07,Open Men's 110kg,Jabo Nguyen,109.6,-125,-125,125,170,-176,-180,125,170,295
"2025 Virus Weightlifting Finals, Powered by Rogue Fitness",2025-12-06,Junior Men's 88kg,Kevin Hill,83.65,123,128,133,151,156,162,133,162,295
"2025 Virus Weightlifting Finals, Powered by Rogue Fitness",2025-12-07,Men's Masters (35-39) 88kg,Jeremy Tissenbaum,86.8,120,-125,126,157,163,168,126,168,294
"2025 Virus Weightlifting Finals, Powered by Rogue Fitness",2025-12-06,Open Men's 94kg,Arron Tate,93.3,126,-129,130,157,-162,163,130,163,293
"2025 Virus Weightlifting Finals, Powered by Rogue Fitness",2025-12-07,Open Men's 110+kg,Jake Anderson,129.6,136,-141,-143,157,-162,-165,136,157,293
"2025 Virus Weightlifting Finals, Powered by Rogue Fitness",2025-12-07,Junior Men's 110+kg,Alex Papale,115.45,125,130,-135,163,-168,-170,130,163,293
"2025 Virus Weightlifting Finals, Powered by Rogue Fitness",2025-12-06,Open Men's 88kg,Griffin Elbert,87.5,128,132,-137,155,160,-165,132,160,292
"2025 Virus Weightlifting Finals, Powered by Rogue Fitness",2025-12-06,Open Men's 94kg,Aidan Kung,94,124,128,-132,-160,161,164,128,164,292
"2025 Virus Weightlifting Finals, Powered by Rogue Fitness",2025-12-06,Men's Masters (40-44) 110+kg,Mateo Villa,121.65,125,130,-135,-160,160,-168,130,160,290
"2025 Virus Weightlifting Finals, Powered by Rogue Fitness",2025-12-04,Open Men's 65kg,gabe chhum,64.8,123,127,130,153,157,160,130,160,290
"2025 Virus Weightlifting Finals, Powered by Rogue Fitness",2025-12-06,Open Men's 94kg,James Sayger,92.85,115,119,122,-165,165,168,122,168,290
"2025 Virus Weightlifting Finals, Powered by Rogue Fitness",2025-12-07,Men's Masters (35-39) 110kg,Norman Carreiro,109.95,130,-135,-136,160,-170,-170,130,160,290
"2025 Virus Weightlifting Finals, Powered by Rogue Fitness",2025-12-05,Men's 16-17 Age Group 79kg,Carter Sing,78.85,130,-134,-135,155,160,-166,130,160,290
"2025 Virus Weightlifting Finals, Powered by Rogue Fitness",2025-12-07,Men's Masters (35-39) 110+kg,Chris Garvey,122.5,130,-135,-135,-160,160,-165,130,160,290
"2025 Virus Weightlifting Finals, Powered by Rogue Fitness",2025-12-06,Junior Men's 94kg,Michael Davidge,93.5,110,117,124,150,158,165,124,165,289
"2025 Virus Weightlifting Finals, Powered by Rogue Fitness",2025-12-04,Open Men's 71kg,Matthew McCullough,70.6,-127,128,-132,-159,160,-164,128,160,288
"2025 Virus Weightlifting Finals, Powered by Rogue Fitness",2025-12-06,Open Men's 94kg,Sam Dollar,94,127,133,-137,155,-163,-164,133,155,288
"2025 Virus Weightlifting Finals, Powered by Rogue Fitness",2025-12-06,Men's Masters (35-39) 94kg,Alex Smith,93.13,123,127,-131,155,160,-164,127,160,287
"2025 Virus Weightlifting Finals, Powered by Rogue Fitness",2025-12-06,Men's Masters (40-44) 110kg,Ryan Hansen,109.35,110,-120,124,140,-158,162,124,162,286
"2025 Virus Weightlifting Finals, Powered by Rogue Fitness",2025-12-04,Open Men's 71kg,Marc Marquez,70.45,125,-128,-129,157,161,-165,125,161,286
"2025 Virus Weightlifting Finals, Powered by Rogue Fitness",2025-12-04,Junior Men's 71kg,Angel Quintero,70.8,125,-130,-130,-157,-157,160,125,160,285
"2025 Virus Weightlifting Finals, Powered by Rogue Fitness",2025-12-07,Men's Masters (35-39) 88kg,Matthew Maze,87.75,120,125,-130,160,-165,-168,125,160,285
"2025 Virus Weightlifting Finals, Powered by Rogue Fitness",2025-12-05,Open Men's 88kg,Miguel Lavarro,85.4,-123,123,127,157,-162,-162,127,157,284
"2025 Virus Weightlifting Finals, Powered by Rogue Fitness",2025-12-06,Open Men's 88kg,William Davis,87.3,120,124,-127,153,156,160,124,160,284
"2025 Virus Weightlifting Finals, Powered by Rogue Fitness",2025-12-06,Open Men's 88kg,Jeffy Li,85.55,123,-126,-126,-160,161,-165,123,161,284
"2025 Virus Weightlifting Finals, Powered by Rogue Fitness",2025-12-06,Open Men's 88kg,Cameron Lee,86.85,123,-127,-127,155,160,-165,123,160,283
"2025 Virus Weightlifting Finals, Powered by Rogue Fitness",2025-12-07,Men's Masters (35-39) 110kg,Michael McHenry,105.85,120,-125,128,150,155,-160,128,155,283
"2025 Virus Weightlifting Finals, Powered by Rogue Fitness",2025-12-05,Men's 16-17 Age Group 79kg,Roy  Maher,78.8,122,-125,-125,-156,161,-165,122,161,283
"2025 Virus Weightlifting Finals, Powered by Rogue Fitness",2025-12-06,Open Men's 88kg,William Sullivan,87.15,119,122,125,152,157,-164,125,157,282
"2025 Virus Weightlifting Finals, Powered by Rogue Fitness",2025-12-06,Open Men's 94kg,Nathan Prokop,89.75,125,-128,-129,-155,157,-161,125,157,282
"2025 Virus Weightlifting Finals, Powered by Rogue Fitness",2025-12-06,Open Men's 94kg,David Segun,92.85,116,121,-126,155,160,-164,121,160,281
"2025 Virus Weightlifting Finals, Powered by Rogue Fitness",2025-12-07,Men's Masters (35-39) 110+kg,Kyle Wilp,142.6,115,-120,-120,155,160,165,115,165,280
"2025 Virus Weightlifting Finals, Powered by Rogue Fitness",2025-12-05,Open Men's 79kg,Jack Walbye,78.25,120,124,127,-151,-152,152,127,152,279
"2025 Virus Weightlifting Finals, Powered by Rogue Fitness",2025-12-07,Junior Men's 110kg,Jaeden Capito,108.5,120,125,-130,152,-155,-156,125,152,277
"2025 Virus Weightlifting Finals, Powered by Rogue Fitness",2025-12-05,Men's Masters (45-49) 110kg,Jason Dinius,106.2,123,128,-131,-147,148,-154,128,148,276
"2025 Virus Weightlifting Finals, Powered by Rogue Fitness",2025-12-04,Open Men's 71kg,Dominik Polverini,69.2,-122,-122,122,148,154,-158,122,154,276
"2025 Virus Weightlifting Finals, Powered by Rogue Fitness",2025-12-04,Open Men's 71kg,Nathan Gonzaga,70.85,118,122,-126,149,154,-160,122,154,276
"2025 Virus Weightlifting Finals, Powered by Rogue Fitness",2025-12-06,Open Men's 94kg,Matt Wiitanen,91.55,121,-126,-128,155,-161,-163,121,155,276
"2025 Virus Weightlifting Finals, Powered by Rogue Fitness",2025-12-05,Open Men's 79kg,Ethan  Durant-Childress,78.5,116,119,122,147,152,-155,122,152,274
"2025 Virus Weightlifting Finals, Powered by Rogue Fitness",2025-12-05,Open Men's 79kg,Julian Sykes,76.65,115,122,-127,145,152,-158,122,152,274
"2025 Virus Weightlifting Finals, Powered by Rogue Fitness",2025-12-05,Open Men's 79kg,Jacob OConnor,78.4,115,118,121,-145,147,152,121,152,273
"2025 Virus Weightlifting Finals, Powered by Rogue Fitness",2025-12-05,Junior Men's 88kg,Luke Deal,87.1,115,-118,118,145,149,155,118,155,273
"2025 Virus Weightlifting Finals, Powered by Rogue Fitness",2025-12-05,Open Men's 79kg,Greg Cook,77.9,117,121,125,137,142,147,125,147,272
"2025 Virus Weightlifting Finals, Powered by Rogue Fitness",2025-12-05,Open Men's 79kg,Alexander Souvall,78.7,116,-120,120,152,-155,-158,120,152,272
"2025 Virus Weightlifting Finals, Powered by Rogue Fitness",2025-12-06,Open Men's 94kg,Mason Whitehead,92.95,-115,115,-119,153,157,-160,115,157,272
"2025 Virus Weightlifting Finals, Powered by Rogue Fitness",2025-12-07,Men's Masters (35-39) 110kg,Tashawn Williams,108.5,120,124,-130,143,147,-151,124,147,271
"2025 Virus Weightlifting Finals, Powered by Rogue Fitness",2025-12-07,Men's 16-17 Age Group 94+kg,Matthew Mcfall,141.2,112,116,120,141,146,150,120,150,270
"2025 Virus Weightlifting Finals, Powered by Rogue Fitness",2025-12-06,Men's Masters (40-44) 110kg,Jeffrey Gerlach,109.55,110,-115,117,147,152,-156,117,152,269
"2025 Virus Weightlifting Finals, Powered by Rogue Fitness",2025-12-04,Open Men's 71kg,Evan Fukuhara,69.65,115,120,124,145,-152,-152,124,145,269
"2025 Virus Weightlifting Finals, Powered by Rogue Fitness",2025-12-04,Junior Men's 65kg,Christopher  Cruz,64.95,111,116,-120,142,-150,153,116,153,269
"2025 Virus Weightlifting Finals, Powered by Rogue Fitness",2025-12-07,Men's Masters (35-39) 110kg,Andrew Robinson,100.25,-120,-122,124,140,145,-150,124,145,269
"2025 Virus Weightlifting Finals, Powered by Rogue Fitness",2025-12-05,Men's Masters (45-49) 110kg,Ryan Burke,109.6,115,122,127,140,-147,-152,127,140,267
"2025 Virus Weightlifting Finals, Powered by Rogue Fitness",2025-12-05,Open Men's 79kg,Juan Osorio,77.45,110,-114,-115,150,154,157,110,157,267
"2025 Virus Weightlifting Finals, Powered by Rogue Fitness",2025-12-07,Men's Masters (35-39) 110+kg,Ryan Kelley,136.15,117,122,-130,140,-145,145,122,145,267
"2025 Virus Weightlifting Finals, Powered by Rogue Fitness",2025-12-05,Men's 16-17 Age Group 79kg,Asher Hayhoe,77.1,110,116,120,141,146,-150,120,146,266
"2025 Virus Weightlifting Finals, Powered by Rogue Fitness",2025-12-06,Men's Masters (40-44) 79kg,Christopher Douglas,77.6,-115,116,121,144,-150,-151,121,144,265
"2025 Virus Weightlifting Finals, Powered by Rogue Fitness",2025-12-06,Men's Masters (40-44) 94kg,John Gilleland,93.8,118,122,-130,143,-150,-150,122,143,265
"2025 Virus Weightlifting Finals, Powered by Rogue Fitness",2025-12-07,Men's Masters (35-39) 94kg,Justin Frimmel,93.9,108,112,-116,148,153,-158,112,153,265
"2025 Virus Weightlifting Finals, Powered by Rogue Fitness",2025-12-07,Junior Men's 110kg,Chase White,109.05,118,121,-125,143,-147,-148,121,143,264
"2025 Virus Weightlifting Finals, Powered by Rogue Fitness",2025-12-06,Men's 16-17 Age Group 94kg,Jackson Cato,88.35,113,116,-119,140,-147,147,116,147,263
"2025 Virus Weightlifting Finals, Powered by Rogue Fitness",2025-12-04,Junior Men's 71kg,Alexander Truisi,70.05,112,116,120,136,-141,143,120,143,263
"2025 Virus Weightlifting Finals, Powered by Rogue Fitness",2025-12-04,Junior Men's 71kg,Evan Gehret,70.75,118,-122,-123,-144,145,-150,118,145,263
"2025 Virus Weightlifting Finals, Powered by Rogue Fitness",2025-12-05,Men's 16-17 Age Group 88kg,Brian Begnoche,86.35,106,112,117,140,145,-150,117,145,262
"2025 Virus Weightlifting Finals, Powered by Rogue Fitness",2025-12-06,Junior Men's 94kg,Malaquias Coronado,91.1,110,114,117,136,141,145,117,145,262
"2025 Virus Weightlifting Finals, Powered by Rogue Fitness",2025-12-07,Men's Masters (35-39) 110+kg,Pablo Castillo,138.25,112,-118,-118,-150,-150,150,112,150,262
"2025 Virus Weightlifting Finals, Powered by Rogue Fitness",2025-12-07,Junior Men's 110kg,Nolan Graupmann,109.3,111,116,-120,138,145,-150,116,145,261
"2025 Virus Weightlifting Finals, Powered by Rogue Fitness",2025-12-05,Men's Masters (35-39) 79kg,Alvin Tajima,77.85,113,116,119,142,-146,-147,119,142,261
"2025 Virus Weightlifting Finals, Powered by Rogue Fitness",2025-12-07,Men's Masters (35-39) 88kg,Sean Nguyen,84.95,112,116,-120,135,140,145,116,145,261
"2025 Virus Weightlifting Finals, Powered by Rogue Fitness",2025-12-06,Men's Masters (35-39) 94kg,Nathan Morris,92.7,110,-115,115,140,-146,146,115,146,261
"2025 Virus Weightlifting Finals, Powered by Rogue Fitness",2025-12-07,Men's Masters (35-39) 110kg,Seth Lingafeldt,106.5,113,117,121,-135,135,140,121,140,261
"2025 Virus Weightlifting Finals, Powered by Rogue Fitness",2025-12-07,Men's 16-17 Age Group 94+kg,Chase Dooley,129.45,-110,-110,110,-148,148,150,110,150,260
"2025 Virus Weightlifting Finals, Powered by Rogue Fitness",2025-12-04,Open Men's 71kg,Samuel McGinnity,70.55,110,-115,-115,-150,150,-156,110,150,260
"2025 Virus Weightlifting Finals, Powered by Rogue Fitness",2025-12-05,Junior Men's 79kg,Bobby Hill,73.45,-112,112,116,136,140,144,116,144,260
"2025 Virus Weightlifting Finals, Powered by Rogue Fitness",2025-12-05,Junior Men's 88kg,Liam  Kincaid ,87.6,103,109,114,135,139,146,114,146,260
"2025 Virus Weightlifting Finals, Powered by Rogue Fitness",2025-12-06,Junior Men's 94kg,Sebastian  Russo,92.95,110,-115,115,-145,-145,145,115,145,260
"2025 Virus Weightlifting Finals, Powered by Rogue Fitness",2025-12-07,Men's Masters (35-39) 110+kg,Keith Hicks,123,115,120,-125,140,-145,-145,120,140,260
"2025 Virus Weightlifting Finals, Powered by Rogue Fitness",2025-12-05,Open Men's 79kg,Andrew Malec,78.1,119,-122,-123,140,-144,-145,119,140,259
"2025 Virus Weightlifting Finals, Powered by Rogue Fitness",2025-12-05,Open Men's 79kg,Jack Buis,77,112,116,-120,-141,142,-149,116,142,258
"2025 Virus Weightlifting Finals, Powered by Rogue Fitness",2025-12-05,Open Men's 79kg,David Kinslow,78.85,-114,114,-118,140,144,-150,114,144,258
"2025 Virus Weightlifting Finals, Powered by Rogue Fitness",2025-12-04,Junior Men's 65kg,Bryson Brown,64.25,111,-116,116,138,142,-147,116,142,258
"2025 Virus Weightlifting Finals, Powered by Rogue Fitness",2025-12-05,Men's 16-17 Age Group 79kg,Noah Shevchook,76.3,104,109,114,135,140,144,114,144,258
"2025 Virus Weightlifting Finals, Powered by Rogue Fitness",2025-12-06,Men's 16-17 Age Group 94kg,Wyatt Lupo,91.05,108,113,118,139,-146,-147,118,139,257
"2025 Virus Weightlifting Finals, Powered by Rogue Fitness",2025-12-05,Junior Men's 88kg,Trey Barkey,83.3,105,110,-115,138,143,147,110,147,257
"2025 Virus Weightlifting Finals, Powered by Rogue Fitness",2025-12-07,Men's Masters (35-39) 79kg,Bryan Jow,77.25,110,-114,114,138,-142,143,114,143,257
"2025 Virus Weightlifting Finals, Powered by Rogue Fitness",2025-12-06,Men's Masters (40-44) 94kg,Erik  Schreiber,93.3,116,122,-130,-134,134,-141,122,134,256
"2025 Virus Weightlifting Finals, Powered by Rogue Fitness",2025-12-04,Open Men's 71kg,Cory O'Connor,70.5,108,112,-116,140,144,-147,112,144,256
"2025 Virus Weightlifting Finals, Powered by Rogue Fitness",2025-12-05,Junior Men's 79kg,Brendan Giddings,77.1,109,114,-117,142,-147,-147,114,142,256
"2025 Virus Weightlifting Finals, Powered by Rogue Fitness",2025-12-07,Men's Masters (35-39) 110kg,Jose Cruz Richardson,107.4,111,-115,115,131,136,141,115,141,256
"2025 Virus Weightlifting Finals, Powered by Rogue Fitness",2025-12-06,Men's Masters (40-44) 79kg,Jeffrey Jenkins,78.95,115,-120,-122,-140,-140,140,115,140,255
"2025 Virus Weightlifting Finals, Powered by Rogue Fitness",2025-12-07,Men's 16-17 Age Group 94+kg,Emory McFann,133.9,110,115,-120,135,140,-145,115,140,255
"2025 Virus Weightlifting Finals, Powered by Rogue Fitness",2025-12-04,Open Men's 65kg,Quinn Kashishian,64.2,105,110,115,135,140,-144,115,140,255
"2025 Virus Weightlifting Finals, Powered by Rogue Fitness",2025-12-05,Junior Men's 79kg,Marcus Sweet,78.45,105,110,115,140,-145,-146,115,140,255
"2025 Virus Weightlifting Finals, Powered by Rogue Fitness",2025-12-06,Junior Men's 88kg,Kaden Quick,86.65,115,-119,-120,135,-140,140,115,140,255
"2025 Virus Weightlifting Finals, Powered by Rogue Fitness",2025-12-07,Men's Masters (35-39) 110kg,Ronald Fontanillas,106.4,105,110,-115,135,140,145,110,145,255
"2025 Virus Weightlifting Finals, Powered by Rogue Fitness",2025-12-04,Men's 16-17 Age Group 79kg,Antonino Micela,75.4,100,105,110,135,140,145,110,145,255
"2025 Virus Weightlifting Finals, Powered by Rogue Fitness",2025-12-05,Open Men's 79kg,Romeo Thompson,78.15,114,118,-125,130,136,-143,118,136,254
"2025 Virus Weightlifting Finals, Powered by Rogue Fitness",2025-12-07,Men's Masters (35-39) 94kg,Kevin Real,93.65,-116,117,-120,133,137,-141,117,137,254
"2025 Virus Weightlifting Finals, Powered by Rogue Fitness",2025-12-06,Junior Men's 94kg,Holton Lowrie,90.8,107,-112,113,-130,135,140,113,140,253
"2025 Virus Weightlifting Finals, Powered by Rogue Fitness",2025-12-06,Junior Men's 94kg,Dylan Satkunam,90.3,105,-110,-112,140,146,148,105,148,253
"2025 Virus Weightlifting Finals, Powered by Rogue Fitness",2025-12-07,Men's Masters (35-39) 88kg,Alexander Arquilla,87.6,108,-112,112,135,140,-145,112,140,252
"2025 Virus Weightlifting Finals, Powered by Rogue Fitness",2025-12-06,Men's Masters (35-39) 94kg,Brett Miquelon,93.8,104,107,110,137,142,-145,110,142,252
"2025 Virus Weightlifting Finals, Powered by Rogue Fitness",2025-12-07,Men's Masters (35-39) 110kg,Daniel Church,104.2,110,-115,115,130,-135,137,115,137,252
"2025 Virus Weightlifting Finals, Powered by Rogue Fitness",2025-12-06,Junior Men's 94kg,Noah Leggio,92.2,108,-113,-115,138,143,-147,108,143,251
"2025 Virus Weightlifting Finals, Powered by Rogue Fitness",2025-12-07,Men's Masters (35-39) 110kg,Ralph Seidler,100,108,-113,-114,138,143,-149,108,143,251
"2025 Virus Weightlifting Finals, Powered by Rogue Fitness",2025-12-05,Men's 16-17 Age Group 88kg,Evan  Kniss ,86.35,-107,107,114,-136,-136,136,114,136,250
"2025 Virus Weightlifting Finals, Powered by Rogue Fitness",2025-12-07,Men's Masters (35-39) 88kg,Michael Dewar,86.15,108,112,115,130,-135,135,115,135,250
"2025 Virus Weightlifting Finals, Powered by Rogue Fitness",2025-12-07,Open Women's 86+kg,Caitlin Thilges,141,98,102,106,135,142,-146,106,142,248
"2025 Virus Weightlifting Finals, Powered by Rogue Fitness",2025-12-04,Men's 16-17 Age Group 65kg,Sebastian Stodel,64.75,97,102,105,130,136,142,105,142,247
"2025 Virus Weightlifting Finals, Powered by Rogue Fitness",2025-12-06,Open Women's 77kg,Martha Rogers,76,-109,-109,109,138,-142,-142,109,138,247
"2025 Virus Weightlifting Finals, Powered by Rogue Fitness",2025-12-07,Men's Masters (40-44) 110kg,Geoffrey Martin,108.05,102,106,-110,135,140,-145,106,140,246
"2025 Virus Weightlifting Finals, Powered by Rogue Fitness",2025-12-06,Junior Women's 77kg,Ella Nicholson,76.25,-108,110,-115,-133,135,-138,110,135,245
"2025 Virus Weightlifting Finals, Powered by Rogue Fitness",2025-12-05,Junior Men's 88kg,Conor Whelan,84.45,-105,-105,105,135,140,-145,105,140,245
"2025 Virus Weightlifting Finals, Powered by Rogue Fitness",2025-12-07,Open Women's 86kg,Katelyn  Witte,84.05,101,105,109,128,133,136,109,136,245
"2025 Virus Weightlifting Finals, Powered by Rogue Fitness",2025-12-07,Men's Masters (35-39) 110kg,Andrew Nizamian,97.35,100,105,110,125,135,-145,110,135,245
"2025 Virus Weightlifting Finals, Powered by Rogue Fitness",2025-12-07,Men's 16-17 Age Group 94+kg,Frank Jimenez,104.1,110,-113,-113,130,134,-137,110,134,244
"2025 Virus Weightlifting Finals, Powered by Rogue Fitness",2025-12-04,Men's 16-17 Age Group 71kg,Desmond Myles,70.75,101,105,108,131,136,-143,108,136,244
"2025 Virus Weightlifting Finals, Powered by Rogue Fitness",2025-12-04,Open Men's 71kg,Nahshon Paul,70.85,105,108,-111,130,135,-140,108,135,243
"2025 Virus Weightlifting Finals, Powered by Rogue Fitness",2025-12-05,Junior Men's 79kg,Alex Lambert,77.3,105,109,111,-130,131,-133,111,131,242
"2025 Virus Weightlifting Finals, Powered by Rogue Fitness",2025-12-07,Men's 16-17 Age Group 94+kg,Joe Korchnak,106.7,104,107,110,131,-135,-135,110,131,241
"2025 Virus Weightlifting Finals, Powered by Rogue Fitness",2025-12-05,Junior Men's 88kg,Chase Taylor,84.15,102,-106,-106,135,139,-146,102,139,241
"2025 Virus Weightlifting Finals, Powered by Rogue Fitness",2025-12-07,Open Women's 86kg,Anna McElderry,84.45,100,104,108,128,132,-136,108,132,240
"2025 Virus Weightlifting Finals, Powered by Rogue Fitness",2025-12-07,Men's Masters (35-39) 88kg,Eric Tolentino,85.95,106,109,-112,127,-130,131,109,131,240
"2025 Virus Weightlifting Finals, Powered by Rogue Fitness",2025-12-05,Men's Masters (35-39) 79kg,Karl Hamlin,77,98,102,106,127,-132,133,106,133,239
"2025 Virus Weightlifting Finals, Powered by Rogue Fitness",2025-12-04,Men's Masters (55-59) 94kg,Robert Arroyo,93.5,100,105,108,120,125,130,108,130,238
"2025 Virus Weightlifting Finals, Powered by Rogue Fitness",2025-12-07,Men's Masters (35-39) 88kg,Alex Wen,82.95,97,102,107,122,127,131,107,131,238
"2025 Virus Weightlifting Finals, Powered by Rogue Fitness",2025-12-07,Men's Masters (35-39) 71kg,Justin Barber,70.25,102,106,-110,126,131,-136,106,131,237
"2025 Virus Weightlifting Finals, Powered by Rogue Fitness",2025-12-05,Men's Masters (45-49) 94kg,Eric Murphy,91.65,103,-106,106,-127,127,130,106,130,236
"2025 Virus Weightlifting Finals, Powered by Rogue Fitness",2025-12-05,Men's Masters (35-39) 79kg,Joey Cole,78.65,95,100,-105,-125,130,135,100,135,235
"2025 Virus Weightlifting Finals, Powered by Rogue Fitness",2025-12-07,Men's Masters (35-39) 94kg,Josiah Noble,92.9,101,104,107,121,125,128,107,128,235
"2025 Virus Weightlifting Finals, Powered by Rogue Fitness",2025-12-04,Men's 16-17 Age Group 71kg,Cyler Akins,69.9,100,105,-110,130,-139,-140,105,130,235
"2025 Virus Weightlifting Finals, Powered by Rogue Fitness",2025-12-06,Men's Masters (40-44) 79kg,Carlos Hernandez,78.55,95,100,-104,119,126,134,100,134,234
"2025 Virus Weightlifting Finals, Powered by Rogue Fitness",2025-12-06,Men's Masters (40-44) 88kg,Neville Chu,86.6,100,104,108,117,122,126,108,126,234
"2025 Virus Weightlifting Finals, Powered by Rogue Fitness",2025-12-06,Men's Masters (40-44) 110+kg,Jeremy Gruensteiner,121.55,-98,98,102,128,132,-136,102,132,234
"2025 Virus Weightlifting Finals, Powered by Rogue Fitness",2025-12-06,Men's Masters (35-39) 94kg,Zachary Leach,93.15,100,104,-108,130,-134,-135,104,130,234
"2025 Virus Weightlifting Finals, Powered by Rogue Fitness",2025-12-05,Men's 16-17 Age Group 88kg,Jack Green,85.95,103,106,-112,127,-131,-132,106,127,233
"2025 Virus Weightlifting Finals, Powered by Rogue Fitness",2025-12-04,Junior Men's 60kg,Kaiden Mima,59.6,100,103,106,-127,127,-133,106,127,233
"2025 Virus Weightlifting Finals, Powered by Rogue Fitness",2025-12-05,Men's Masters (35-39) 88kg,Ivon Levan,82.45,105,-109,-109,128,-132,-132,105,128,233
"2025 Virus Weightlifting Finals, Powered by Rogue Fitness",2025-12-05,Men's Masters (45-49) 94kg,Peter Schied,91.95,95,100,104,120,125,128,104,128,232
"2025 Virus Weightlifting Finals, Powered by Rogue Fitness",2025-12-07,Junior Women's 86+kg,Chealsea Enemor,121.5,97,-102,-103,130,135,-141,97,135,232
"2025 Virus Weightlifting Finals, Powered by Rogue Fitness",2025-12-04,Open Men's 60kg,Christopher Camenares,59.7,101,104,-107,128,-134,-134,104,128,232
"2025 Virus Weightlifting Finals, Powered by Rogue Fitness",2025-12-07,Men's Masters (35-39) 79kg,Telesforo Dacanay,78.7,97,99,101,128,-131,131,101,131,232
"2025 Virus Weightlifting Finals, Powered by Rogue Fitness",2025-12-06,Men's Masters (40-44) 110kg,Mike Isman,98.85,102,-107,109,122,-127,-130,109,122,231
"2025 Virus Weightlifting Finals, Powered by Rogue Fitness",2025-12-06,Open Women's 77kg,Celia Gold,75.1,98,101,-103,127,-130,130,101,130,231
"2025 Virus Weightlifting Finals, Powered by Rogue Fitness",2025-12-04,Men's Masters (35-39) 71kg,Steve Yanda,70.55,-98,98,101,127,130,-133,101,130,231
"2025 Virus Weightlifting Finals, Powered by Rogue Fitness",2025-12-06,Men's Masters (40-44) 79kg,Douglas Perusso,78.4,100,103,-105,123,127,-130,103,127,230
"2025 Virus Weightlifting Finals, Powered by Rogue Fitness",2025-12-06,Men's Masters (40-44) 79kg,onan marroquin,76.2,97,100,-103,125,130,-135,100,130,230
"2025 Virus Weightlifting Finals, Powered by Rogue Fitness",2025-12-07,Men's 16-17 Age Group 94+kg,JOSEPH CASANOVA,119.2,-94,95,98,128,132,-136,98,132,230
"2025 Virus Weightlifting Finals, Powered by Rogue Fitness",2025-12-07,Open Women's 86kg,Sarah Barnett,85.7,97,-101,103,127,-131,-133,103,127,230
"2025 Virus Weightlifting Finals, Powered by Rogue Fitness",2025-12-07,Open Women's 86kg,Victoria Jefferson,83.1,92,96,100,125,130,-134,100,130,230
"2025 Virus Weightlifting Finals, Powered by Rogue Fitness",2025-12-05,Men's Masters (45-49) 94kg,Jonathan  Herrera ,92.6,98,-103,105,124,-130,-131,105,124,229
"2025 Virus Weightlifting Finals, Powered by Rogue Fitness",2025-12-07,Men's Masters (40-44) 110+kg,Cyrus Rasnavad,122.2,100,103,-107,125,-132,-132,103,125,228
"2025 Virus Weightlifting Finals, Powered by Rogue Fitness",2025-12-05,Men's 14-15 Age Group 79kg,Levi Atwell,77.4,95,102,-105,-125,126,-130,102,126,228
"2025 Virus Weightlifting Finals, Powered by Rogue Fitness",2025-12-05,Men's Masters (50-54) 110kg,Gregory Vallee,108.4,92,-97,-97,125,130,135,92,135,227
"2025 Virus Weightlifting Finals, Powered by Rogue Fitness",2025-12-04,Open Men's 65kg,Braylen Lopez,64.65,98,-102,102,120,125,-130,102,125,227
"2025 Virus Weightlifting Finals, Powered by Rogue Fitness",2025-12-04,Junior Men's 71kg,Kendrick Parideu,70.55,96,101,-106,-121,121,126,101,126,227
"2025 Virus Weightlifting Finals, Powered by Rogue Fitness",2025-12-07,Open Women's 86+kg,Rebecca Walker,100,92,-95,97,120,125,130,97,130,227
"2025 Virus Weightlifting Finals, Powered by Rogue Fitness",2025-12-05,Men's 16-17 Age Group 79kg,Branden Berthiaume,78.2,92,-96,-96,125,130,135,92,135,227
"2025 Virus Weightlifting Finals, Powered by Rogue Fitness",2025-12-05,Men's 16-17 Age Group 79kg,Renzo De Oliveira,76.65,-96,98,-102,129,-133,-133,98,129,227
"2025 Virus Weightlifting Finals, Powered by Rogue Fitness",2025-12-06,Men's 16-17 Age Group 94kg,Will Hendrix,92.3,99,102,-105,120,123,-127,102,123,225
"2025 Virus Weightlifting Finals, Powered by Rogue Fitness",2025-12-06,Men's Masters (40-44) 94kg,Gregory Malnassy,91.85,90,-95,96,124,129,-134,96,129,225
"2025 Virus Weightlifting Finals, Powered by Rogue Fitness",2025-12-05,Men's Masters (45-49) 79kg,matthew gonzalez,77.5,95,-100,100,-125,125,-128,100,125,225
"2025 Virus Weightlifting Finals, Powered by Rogue Fitness",2025-12-06,Men's 13 Under Age Group 65+kg,Sidney Porter,136.25,-95,95,100,115,120,125,100,125,225
"2025 Virus Weightlifting Finals, Powered by Rogue Fitness",2025-12-07,Men's Masters (35-39) 65kg,Andres Montenegro,64.45,100,105,-110,120,-130,-130,105,120,225
"2025 Virus Weightlifting Finals, Powered by Rogue Fitness",2025-12-05,Men's 16-17 Age Group 79kg,Samson Porter,75.65,100,105,-110,120,-124,-125,105,120,225
"2025 Virus Weightlifting Finals, Powered by Rogue Fitness",2025-12-06,Men's Masters (40-44) 88kg,Jonathan Halbreich,85.1,94,99,103,116,120,-125,103,120,223
"2025 Virus Weightlifting Finals, Powered by Rogue Fitness",2025-12-05,Men's Masters (35-39) 88kg,Steven Coen,87.6,95,-100,100,118,123,-127,100,123,223
"2025 Virus Weightlifting Finals, Powered by Rogue Fitness",2025-12-06,Men's Masters (40-44) 79kg,Brian Leung,78,99,-101,101,121,-123,-125,101,121,222
"2025 Virus Weightlifting Finals, Powered by Rogue Fitness",2025-12-07,Men's Masters (35-39) 79kg,Jacob Howard,78.3,99,-104,-104,123,-128,-130,99,123,222
"2025 Virus Weightlifting Finals, Powered by Rogue Fitness",2025-12-07,Men's Masters (35-39) 79kg,STEVEN MARCUS,73.75,96,-101,-102,126,-133,-140,96,126,222
"2025 Virus Weightlifting Finals, Powered by Rogue Fitness",2025-12-06,Open Women's 69kg,Abigail Cooper,68.65,-98,-98,99,122,-126,-127,99,122,221
"2025 Virus Weightlifting Finals, Powered by Rogue Fitness",2025-12-05,Men's 14-15 Age Group 79+kg,Zachary Raub,91.15,95,99,101,120,-126,-126,101,120,221
"2025 Virus Weightlifting Finals, Powered by Rogue Fitness",2025-12-07,Open Women's 86+kg,Brittany Latham,97,85,90,-95,120,126,131,90,131,221
"2025 Virus Weightlifting Finals, Powered by Rogue Fitness",2025-12-04,Men's 16-17 Age Group 71kg,TIMOTHY NEAL,68.25,94,97,100,114,118,121,100,121,221
"2025 Virus Weightlifting Finals, Powered by Rogue Fitness",2025-12-06,Men's 16-17 Age Group 94kg,Dean Chilton,92.6,96,99,102,118,-122,-125,102,118,220
"2025 Virus Weightlifting Finals, Powered by Rogue Fitness",2025-12-06,Men's Masters (40-44) 110+kg,Franz Blanchard,120.2,95,100,-103,115,120,-125,100,120,220
"2025 Virus Weightlifting Finals, Powered by Rogue Fitness",2025-12-04,Junior Men's 60kg,Michael Tucciarone,59.5,93,-98,100,114,120,-123,100,120,220
"2025 Virus Weightlifting Finals, Powered by Rogue Fitness",2025-12-06,Open Women's 69kg,Estelle Rohr,68.65,-92,-92,92,122,125,128,92,128,220
"2025 Virus Weightlifting Finals, Powered by Rogue Fitness",2025-12-07,Men's Masters (35-39) 88kg,Justin Flores,85.9,90,95,100,115,120,-125,100,120,220
"2025 Virus Weightlifting Finals, Powered by Rogue Fitness",2025-12-07,Men's Masters (35-39) 79kg,Ricardo Hernandez,76.35,92,-96,96,115,-119,123,96,123,219
"2025 Virus Weightlifting Finals, Powered by Rogue Fitness",2025-12-05,Men's Masters (35-39) 88kg,James Dantoni,81.2,89,92,95,115,120,124,95,124,219
"2025 Virus Weightlifting Finals, Powered by Rogue Fitness",2025-12-04,Men's 16-17 Age Group 65kg,Nicholas Luna,65,-91,-94,94,115,120,125,94,125,219
"2025 Virus Weightlifting Finals, Powered by Rogue Fitness",2025-12-06,Men's Masters (40-44) 88kg,Roddy Chim,85.85,93,97,-101,113,117,120,97,120,217
"2025 Virus Weightlifting Finals, Powered by Rogue Fitness",2025-12-07,Women's Masters (35-39) 86+kg,SARAH DAVILA,118.85,93,-96,97,115,120,-123,97,120,217
"2025 Virus Weightlifting Finals, Powered by Rogue Fitness",2025-12-07,Men's Masters (35-39) 94kg,Dan Sokolow,92.85,85,91,-95,115,121,126,91,126,217
"2025 Virus Weightlifting Finals, Powered by Rogue Fitness",2025-12-05,Men's 16-17 Age Group 79kg,Jackson Fedun,77.8,-91,-91,92,117,121,125,92,125,217
"2025 Virus Weightlifting Finals, Powered by Rogue Fitness",2025-12-07,Men's Masters (45-49) 110+kg,Cody Looney,112.35,88,95,-97,116,121,-125,95,121,216
"2025 Virus Weightlifting Finals, Powered by Rogue Fitness",2025-12-06,Women's 14-15 Age Group 69kg,Emily Ibanez Guerrero,66.4,93,-96,-97,117,120,123,93,123,216
"2025 Virus Weightlifting Finals, Powered by Rogue Fitness",2025-12-06,Open Women's 69kg,Alexia Gonzalez,68.95,93,96,-99,-118,120,-125,96,120,216
"2025 Virus Weightlifting Finals, Powered by Rogue Fitness",2025-12-06,Open Women's 77kg,Ava Biesterfeld,74.15,98,-101,-101,118,-122,-123,98,118,216
"2025 Virus Weightlifting Finals, Powered by Rogue Fitness",2025-12-06,Open Women's 77kg,Andrea Barrows,73.45,90,93,96,116,120,-124,96,120,216
"2025 Virus Weightlifting Finals, Powered by Rogue Fitness",2025-12-07,Open Women's 86kg,Halle Kotchman,81.85,91,94,-96,115,119,122,94,122,216
"2025 Virus Weightlifting Finals, Powered by Rogue Fitness",2025-12-05,Men's Masters (45-49) 110kg,Joel Quintong,110.05,85,90,95,110,115,120,95,120,215
"2025 Virus Weightlifting Finals, Powered by Rogue Fitness",2025-12-04,Junior Men's 65kg,Noel Walters,64,94,-99,-101,121,-124,-126,94,121,215
"2025 Virus Weightlifting Finals, Powered by Rogue Fitness",2025-12-07,Open Women's 86kg,Harley Creech,83.55,92,-96,-96,118,123,-128,92,123,215
"2025 Virus Weightlifting Finals, Powered by Rogue Fitness",2025-12-04,Open Men's 60kg,Chase Zilcosky,59.95,-93,96,99,-115,115,-119,99,115,214
"2025 Virus Weightlifting Finals, Powered by Rogue Fitness",2025-12-04,Junior Men's 60kg,Justin Thach,58.65,92,95,99,115,-122,-122,99,115,214
"2025 Virus Weightlifting Finals, Powered by Rogue Fitness",2025-12-04,Junior Men's 65kg,Luke Sterns,64.3,92,96,-100,114,118,-121,96,118,214
"2025 Virus Weightlifting Finals, Powered by Rogue Fitness",2025-12-07,Men's 16-17 Age Group 94+kg,Xander Whitlock,181.55,88,93,-98,115,120,-125,93,120,213
"2025 Virus Weightlifting Finals, Powered by Rogue Fitness",2025-12-07,Men's Masters (40-44) 110kg,Thomas Hunt,102.85,80,85,91,110,116,122,91,122,213
"2025 Virus Weightlifting Finals, Powered by Rogue Fitness",2025-12-06,Open Women's 77kg,Francesca Dooris,74.05,96,99,-102,-113,114,-117,99,114,213
"2025 Virus Weightlifting Finals, Powered by Rogue Fitness",2025-12-06,Junior Women's 77kg,Grace Montgomery,75.75,94,98,-100,114,-117,-118,98,114,212
"2025 Virus Weightlifting Finals, Powered by Rogue Fitness",2025-12-07,Women's Masters (35-39) 86kg,Laura Alexander,83.45,90,-94,95,117,-122,-124,95,117,212
"2025 Virus Weightlifting Finals, Powered by Rogue Fitness",2025-12-05,Men's 16-17 Age Group 79kg,Kyler Brown,79,84,88,92,115,118,120,92,120,212
"2025 Virus Weightlifting Finals, Powered by Rogue Fitness",2025-12-06,Junior Women's 69kg,Kailey Papas,67.4,91,94,-96,114,117,-121,94,117,211
"2025 Virus Weightlifting Finals, Powered by Rogue Fitness",2025-12-05,Men's Masters (45-49) 71kg,Sid Florendo,70,90,93,96,105,110,114,96,114,210
"2025 Virus Weightlifting Finals, Powered by Rogue Fitness",2025-12-05,Men's Masters (50-54) 110kg,Christopher Gregg,104.15,88,91,94,112,-115,116,94,116,210
"2025 Virus Weightlifting Finals, Powered by Rogue Fitness",2025-12-04,Men's Masters (55-59) 110kg,Johnny Williams,103.7,88,-95,95,111,115,-120,95,115,210
"2025 Virus Weightlifting Finals, Powered by Rogue Fitness",2025-12-07,Junior Women's 86kg,Kaylee Landa,85.4,93,-96,-96,113,117,-120,93,117,210
"2025 Virus Weightlifting Finals, Powered by Rogue Fitness",2025-12-04,Junior Men's 71kg,Kason Luu,67.25,89,92,-96,114,118,-122,92,118,210
"2025 Virus Weightlifting Finals, Powered by Rogue Fitness",2025-12-04,Men's 16-17 Age Group 71kg,Zach Kirson,69.15,93,-97,-98,112,-116,117,93,117,210
"2025 Virus Weightlifting Finals, Powered by Rogue Fitness",2025-12-06,Men's Masters (40-44) 94kg,Brandon Hocke,92.9,88,-91,91,114,118,-122,91,118,209
"2025 Virus Weightlifting Finals, Powered by Rogue Fitness",2025-12-04,Junior Men's 65kg,Christopher  Schrum ,63.8,86,89,-93,112,116,120,89,120,209
"2025 Virus Weightlifting Finals, Powered by Rogue Fitness",2025-12-07,Open Women's 86+kg,Kelsey Koontz,90,91,-95,-97,113,-117,118,91,118,209
"2025 Virus Weightlifting Finals, Powered by Rogue Fitness",2025-12-06,Men's Masters (40-44) 88kg,Kyle Willson,87.35,93,96,-98,112,-116,-119,96,112,208
"2025 Virus Weightlifting Finals, Powered by Rogue Fitness",2025-12-07,Open Women's 86+kg,Kristen Erickson,101.5,-93,93,96,108,112,-116,96,112,208
"2025 Virus Weightlifting Finals, Powered by Rogue Fitness",2025-12-06,Open Women's 69kg,Nicole Zettlemoyer,67.05,90,93,96,108,112,-116,96,112,208
"2025 Virus Weightlifting Finals, Powered by Rogue Fitness",2025-12-06,Men's Masters (40-44) 94kg,Christopher Grabill,93.2,88,92,-96,110,115,-118,92,115,207
"2025 Virus Weightlifting Finals, Powered by Rogue Fitness",2025-12-05,Open Women's 63kg,Jamie Hegg,62.45,85,-88,88,115,119,-123,88,119,207
"2025 Virus Weightlifting Finals, Powered by Rogue Fitness",2025-12-05,Men's Masters (35-39) 79kg,Calvin Miller,77.5,92,94,97,106,-110,110,97,110,207
"2025 Virus Weightlifting Finals, Powered by Rogue Fitness",2025-12-05,Men's Masters (35-39) 79kg,Matt Reeves,78.15,89,-92,-96,-118,118,-123,89,118,207
"2025 Virus Weightlifting Finals, Powered by Rogue Fitness",2025-12-06,Junior Women's 69kg,Kimberly Wiese,68.05,84,88,92,110,114,-118,92,114,206
"2025 Virus Weightlifting Finals, Powered by Rogue Fitness",2025-12-06,Women's 16-17 Age Group 77kg,Ella Bays,75.05,87,91,93,108,113,-116,93,113,206
"2025 Virus Weightlifting Finals, Powered by Rogue Fitness",2025-12-07,Men's Masters (35-39) 88kg,Joshua Williams,84.45,87,90,-93,112,116,-120,90,116,206
"2025 Virus Weightlifting Finals, Powered by Rogue Fitness",2025-12-07,Open Women's 86kg,Deborah Doran,80.55,83,86,-90,110,115,120,86,120,206
"2025 Virus Weightlifting Finals, Powered by Rogue Fitness",2025-12-06,Men's Masters (40-44) 88kg,Frederick Grevenberg,84.55,85,-90,90,110,115,-125,90,115,205
"2025 Virus Weightlifting Finals, Powered by Rogue Fitness",2025-12-07,Men's Masters (55-59) 110kg,Kevin Rojek,101.65,84,89,-94,106,112,116,89,116,205
"2025 Virus Weightlifting Finals, Powered by Rogue Fitness",2025-12-06,Open Women's 77kg,ivana austhof,74.2,91,-95,95,110,-114,-114,95,110,205
"2025 Virus Weightlifting Finals, Powered by Rogue Fitness",2025-12-04,Men's 16-17 Age Group 71kg,John Kinzer,69.35,-85,85,-91,-112,112,120,85,120,205
"2025 Virus Weightlifting Finals, Powered by Rogue Fitness",2025-12-06,Men's Masters (40-44) 71kg,Christopher Alcantara,70.35,80,86,90,106,112,115,90,115,205
"2025 Virus Weightlifting Finals, Powered by Rogue Fitness",2025-12-04,Junior Men's 60kg,Jaime Solano,59.85,88,92,-97,-109,109,112,92,112,204
"2025 Virus Weightlifting Finals, Powered by Rogue Fitness",2025-12-06,Open Women's 69kg,Alexa Snyder,68.2,85,88,91,105,110,113,91,113,204
"2025 Virus Weightlifting Finals, Powered by Rogue Fitness",2025-12-04,Men's 14-15 Age Group 65kg,Ashton McAllister,64.15,83,86,89,105,110,115,89,115,204
"2025 Virus Weightlifting Finals, Powered by Rogue Fitness",2025-12-07,Men's Masters (35-39) 88kg,Kyle Columbus,87.55,-87,87,-90,-115,-117,117,87,117,204
"2025 Virus Weightlifting Finals, Powered by Rogue Fitness",2025-12-04,Men's 16-17 Age Group 65kg,Lucas Mansier,62.65,85,91,-96,107,-112,113,91,113,204
"2025 Virus Weightlifting Finals, Powered by Rogue Fitness",2025-12-04,Men's 16-17 Age Group 71kg,Julian  Pina,70.15,88,-92,-94,116,-121,-122,88,116,204
"2025 Virus Weightlifting Finals, Powered by Rogue Fitness",2025-12-05,Men's Masters (45-49) 71kg,Tony Lau,70.15,85,90,-93,109,113,-121,90,113,203
"2025 Virus Weightlifting Finals, Powered by Rogue Fitness",2025-12-05,Men's Masters (50-54) 88kg,Douglas Desatnik,81.15,83,-86,86,112,-116,117,86,117,203
"2025 Virus Weightlifting Finals, Powered by Rogue Fitness",2025-12-07,Junior Women's 86+kg,Tristain Atwood,98.9,78,82,86,108,113,117,86,117,203
"2025 Virus Weightlifting Finals, Powered by Rogue Fitness",2025-12-07,Women's Masters (35-39) 86kg,Jillian Hall,80.2,83,87,90,105,110,113,90,113,203
"2025 Virus Weightlifting Finals, Powered by Rogue Fitness",2025-12-05,Men's 16-17 Age Group 88kg,Q Ferguson,80.35,88,-92,-92,106,110,114,88,114,202
"2025 Virus Weightlifting Finals, Powered by Rogue Fitness",2025-12-05,Men's Masters (45-49) 79kg,Cory Aun,73.8,-87,87,-92,110,115,-120,87,115,202
"2025 Virus Weightlifting Finals, Powered by Rogue Fitness",2025-12-05,Men's Masters (50-54) 94kg,Robert Malkin,91.05,90,-94,-96,108,112,-114,90,112,202
"2025 Virus Weightlifting Finals, Powered by Rogue Fitness",2025-12-07,Open Women's 86+kg,Jennifer Galemmo,119.35,88,91,94,108,-112,-112,94,108,202
"2025 Virus Weightlifting Finals, Powered by Rogue Fitness",2025-12-05,Men's 16-17 Age Group 88kg,Eduardo  Travieso ,86.95,90,95,-100,-106,106,-110,95,106,201
"2025 Virus Weightlifting Finals, Powered by Rogue Fitness",2025-12-04,Junior Men's 65kg,Felipe Alanis,61.8,85,-88,-88,106,110,116,85,116,201
"2025 Virus Weightlifting Finals, Powered by Rogue Fitness",2025-12-05,Men's 14-15 Age Group 79kg,Keegan McHale,75,77,80,83,115,118,-123,83,118,201
"2025 Virus Weightlifting Finals, Powered by Rogue Fitness",2025-12-07,Open Women's 86+kg,Haley Heard,134.05,78,82,85,107,112,116,85,116,201
"2025 Virus Weightlifting Finals, Powered by Rogue Fitness",2025-12-04,Men's 16-17 Age Group 71kg,Coen Hayes,69.5,-86,86,-91,-115,115,-119,86,115,201
"2025 Virus Weightlifting Finals, Powered by Rogue Fitness",2025-12-04,Men's 16-17 Age Group 71kg,Dikshant Acharya,69.1,84,-88,-88,112,-117,117,84,117,201
"2025 Virus Weightlifting Finals, Powered by Rogue Fitness",2025-12-06,Men's Masters (40-44) 94kg,Marciano Pimentel,92.6,81,85,89,-111,-111,111,89,111,200
"2025 Virus Weightlifting Finals, Powered by Rogue Fitness",2025-12-06,Men's Masters (40-44) 94kg,Jason Bolton,93.5,85,-89,-90,110,115,-118,85,115,200
"2025 Virus Weightlifting Finals, Powered by Rogue Fitness",2025-12-06,Men's Masters (40-44) 110+kg,Jeffrey Luzod,167.8,85,-90,-92,110,115,-120,85,115,200
"2025 Virus Weightlifting Finals, Powered by Rogue Fitness",2025-12-06,Junior Women's 69kg,Makiyah  Nickerson,67.15,89,92,-95,105,108,-111,92,108,200
"2025 Virus Weightlifting Finals, Powered by Rogue Fitness",2025-12-04,Open Men's 65kg,Isauro Felix,64.95,-85,-85,85,115,-120,-120,85,115,200
"2025 Virus Weightlifting Finals, Powered by Rogue Fitness",2025-12-06,Junior Women's 77kg,Ivy Gunn,76.15,86,89,-92,105,108,111,89,111,200
"2025 Virus Weightlifting Finals, Powered by Rogue Fitness",2025-12-04,Junior Men's 71kg,Jacob St. Aubin,70.05,-87,89,95,105,-110,-115,95,105,200
"2025 Virus Weightlifting Finals, Powered by Rogue Fitness",2025-12-05,Men's 14-15 Age Group 79kg,Sasha Millin,73.65,86,88,-89,103,108,112,88,112,200
"2025 Virus Weightlifting Finals, Powered by Rogue Fitness",2025-12-06,Open Women's 77kg,Brianna Chu,76.35,87,90,-93,104,-108,110,90,110,200
"2025 Virus Weightlifting Finals, Powered by Rogue Fitness",2025-12-07,Open Women's 86+kg,Carly Lansley,120,83,88,92,103,108,-112,92,108,200
"2025 Virus Weightlifting Finals, Powered by Rogue Fitness",2025-12-05,Men's 16-17 Age Group 79kg,Zane Grimes,75.75,85,-88,-90,115,-120,-121,85,115,200
"2025 Virus Weightlifting Finals, Powered by Rogue Fitness",2025-12-05,Men's 16-17 Age Group 79kg,Preston Griffing,74.45,-90,90,93,102,106,-110,93,106,199
"2025 Virus Weightlifting Finals, Powered by Rogue Fitness",2025-12-04,Men's 16-17 Age Group 71kg,Christian Russman ,69.85,86,90,-93,109,-114,0,90,109,199
"2025 Virus Weightlifting Finals, Powered by Rogue Fitness",2025-12-06,Open Women's 63kg,Charley Leonard,61.45,-84,85,-90,110,114,-120,85,114,199
"2025 Virus Weightlifting Finals, Powered by Rogue Fitness",2025-12-06,Men's Masters (40-44) 88kg,Jason Whittaker,86.33,85,88,-92,107,110,-114,88,110,198
"2025 Virus Weightlifting Finals, Powered by Rogue Fitness",2025-12-06,Open Women's 69kg,Shannon Cook,64.4,85,88,-90,104,107,110,88,110,198
"2025 Virus Weightlifting Finals, Powered by Rogue Fitness",2025-12-06,Open Women's 77kg,Victoria Fries,74.85,85,88,-91,107,110,-114,88,110,198
"2025 Virus Weightlifting Finals, Powered by Rogue Fitness",2025-12-06,Open Women's 77kg,Emma Hoffman,76.65,-82,82,86,108,112,-116,86,112,198
"2025 Virus Weightlifting Finals, Powered by Rogue Fitness",2025-12-07,Open Women's 86kg,Haley McDaniel,85.6,89,-92,-92,106,109,-111,89,109,198
"2025 Virus Weightlifting Finals, Powered by Rogue Fitness",2025-12-05,Men's 16-17 Age Group 71kg,Maverick  Grimm,71.05,80,84,-88,105,110,113,84,113,197
"2025 Virus Weightlifting Finals, Powered by Rogue Fitness",2025-12-06,Open Women's 69kg,Tiffany Roberts,67.25,88,91,-93,106,-110,-111,91,106,197
"2025 Virus Weightlifting Finals, Powered by Rogue Fitness",2025-12-06,Open Women's 69kg,Mariah merkle,67.55,82,-86,86,104,108,111,86,111,197
"2025 Virus Weightlifting Finals, Powered by Rogue Fitness",2025-12-07,Men's Masters (35-39) 65kg,Shamil Parbhoo,63.65,81,-84,87,-105,107,110,87,110,197
"2025 Virus Weightlifting Finals, Powered by Rogue Fitness",2025-12-04,Men's 14-15 Age Group 65kg,Jayden Whittaker,64.1,81,-85,85,108,112,-120,85,112,197
"2025 Virus Weightlifting Finals, Powered by Rogue Fitness",2025-12-06,Open Women's 77kg,Carly Brown,75.6,-86,88,90,103,105,107,90,107,197
"2025 Virus Weightlifting Finals, Powered by Rogue Fitness",2025-12-05,Junior Women's 63kg,Anna Rucker,62.15,80,83,86,106,110,-114,86,110,196
"2025 Virus Weightlifting Finals, Powered by Rogue Fitness",2025-12-04,Men's Masters (60-64) 88kg,Kent Neuerburg,85.55,76,79,82,106,111,114,82,114,196
"2025 Virus Weightlifting Finals, Powered by Rogue Fitness",2025-12-07,Women's 16-17 Age Group 77+kg,Kaia Jacobs,111.1,-83,83,-87,110,113,-116,83,113,196
"2025 Virus Weightlifting Finals, Powered by Rogue Fitness",2025-12-06,Open Women's 69kg,Leah Smith,67.75,81,-84,-86,110,115,-117,81,115,196
"2025 Virus Weightlifting Finals, Powered by Rogue Fitness",2025-12-06,Junior Women's 69kg,Allison Ambler,68.65,87,-90,-91,108,-111,-111,87,108,195
"2025 Virus Weightlifting Finals, Powered by Rogue Fitness",2025-12-06,Junior Women's 77kg,Arianna Durrum,74,82,86,-90,102,106,109,86,109,195
"2025 Virus Weightlifting Finals, Powered by Rogue Fitness",2025-12-06,Women's Masters (35-39) 69kg,Allie Jarvis,68.55,88,-92,-92,103,107,-110,88,107,195
"2025 Virus Weightlifting Finals, Powered by Rogue Fitness",2025-12-06,Open Women's 69kg,Rachael Skinner,69,-87,-88,88,103,-106,107,88,107,195
"2025 Virus Weightlifting Finals, Powered by Rogue Fitness",2025-12-06,Open Women's 69kg,Nicola Benfield,67,-84,85,-90,105,110,-115,85,110,195
"2025 Virus Weightlifting Finals, Powered by Rogue Fitness",2025-12-05,Men's Masters (35-39) 79kg,Marc DiGregorio,78.4,80,85,-90,-110,110,-116,85,110,195
"2025 Virus Weightlifting Finals, Powered by Rogue Fitness",2025-12-07,Open Women's 86kg,Sydney Collins,83.25,89,-91,-92,-106,106,-111,89,106,195
"2025 Virus Weightlifting Finals, Powered by Rogue Fitness",2025-12-07,Open Women's 86+kg,Marissa DelGado,118.75,86,89,-92,101,106,-109,89,106,195
"2025 Virus Weightlifting Finals, Powered by Rogue Fitness",2025-12-07,Open Women's 86+kg,Moriah Young,109.5,84,87,-90,104,108,-112,87,108,195
"2025 Virus Weightlifting Finals, Powered by Rogue Fitness",2025-12-05,Men's Masters (50-54) 88kg,Greg Karas,85.9,84,-87,-87,106,110,-113,84,110,194
"2025 Virus Weightlifting Finals, Powered by Rogue Fitness",2025-12-06,Women's 16-17 Age Group 69kg,Allison Rebustillo,66.85,83,-86,-86,106,-110,111,83,111,194
"2025 Virus Weightlifting Finals, Powered by Rogue Fitness",2025-12-05,Open Women's 63kg,Bryn Odberg,62.05,82,85,-87,103,106,109,85,109,194
"2025 Virus Weightlifting Finals, Powered by Rogue Fitness",2025-12-05,Women's Masters (40-44) 86+kg,Kimberlee Douglas,135.85,81,84,-86,109,-112,-112,84,109,193
"2025 Virus Weightlifting Finals, Powered by Rogue Fitness",2025-12-05,Open Women's 63kg,Siera Schuster,62.9,85,-87,-87,105,108,-110,85,108,193
"2025 Virus Weightlifting Finals, Powered by Rogue Fitness",2025-12-06,Women's Masters (35-39) 77kg,Tayler Harris,74.05,83,86,89,100,-103,104,89,104,193
"2025 Virus Weightlifting Finals, Powered by Rogue Fitness",2025-12-07,Open Women's 86kg,Grace Bustamante,85.5,80,83,85,104,-108,108,85,108,193
"2025 Virus Weightlifting Finals, Powered by Rogue Fitness",2025-12-04,Men's 16-17 Age Group 71kg,Dylan Brown,70.05,77,80,83,100,105,110,83,110,193
"2025 Virus Weightlifting Finals, Powered by Rogue Fitness",2025-12-05,Women's Masters (40-44) 86+kg,Liz Earley,111.3,80,85,-88,102,107,-108,85,107,192
"2025 Virus Weightlifting Finals, Powered by Rogue Fitness",2025-12-05,Men's Masters (50-54) 71kg,Brad Baldwin,67.7,83,87,-90,-102,102,105,87,105,192
"2025 Virus Weightlifting Finals, Powered by Rogue Fitness",2025-12-07,Junior Women's 86kg,Kayden Arliss,84.9,78,82,85,102,107,-110,85,107,192
"2025 Virus Weightlifting Finals, Powered by Rogue Fitness",2025-12-07,Junior Women's 86+kg,Ansley Amore,111.75,82,84,87,101,-105,105,87,105,192
"2025 Virus Weightlifting Finals, Powered by Rogue Fitness",2025-12-04,Open Women's 58kg,Tiffany Beaupré,57.2,80,83,-86,106,109,-112,83,109,192
"2025 Virus Weightlifting Finals, Powered by Rogue Fitness",2025-12-05,Women's Masters (40-44) 86kg,Amanda Cook,82.8,83,86,-89,100,105,-109,86,105,191
"2025 Virus Weightlifting Finals, Powered by Rogue Fitness",2025-12-05,Men's Masters (45-49) 71kg,Chris Miller,70,84,-88,89,-102,102,-110,89,102,191
"2025 Virus Weightlifting Finals, Powered by Rogue Fitness",2025-12-05,Men's Masters (50-54) 88kg,Kyle  Watterson ,86.7,80,-85,-87,107,111,-115,80,111,191
"2025 Virus Weightlifting Finals, Powered by Rogue Fitness",2025-12-04,Men's Masters (55-59) 88kg,Weston Winegar,86.85,82,86,-91,105,-111,-111,86,105,191
"2025 Virus Weightlifting Finals, Powered by Rogue Fitness",2025-12-06,Open Women's 77kg,Hannah Brennan,75.8,-86,86,-89,102,105,-108,86,105,191
"2025 Virus Weightlifting Finals, Powered by Rogue Fitness",2025-12-04,Men's 16-17 Age Group 56kg,Daniel LoTurco,55.62,78,81,86,100,105,-113,86,105,191
"2025 Virus Weightlifting Finals, Powered by Rogue Fitness",2025-12-04,Men's 16-17 Age Group 60kg,Cody Strawser,58.65,79,-83,83,108,-113,-114,83,108,191
"2025 Virus Weightlifting Finals, Powered by Rogue Fitness",2025-12-06,Open Women's 77kg,Ashlie Pankonin,74.3,-82,-82,82,-105,105,109,82,109,191
"2025 Virus Weightlifting Finals, Powered by Rogue Fitness",2025-12-05,Men's Masters (50-54) 94kg,Corbett McCallum,91.25,75,78,81,-107,109,-113,81,109,190
"2025 Virus Weightlifting Finals, Powered by Rogue Fitness",2025-12-04,Open Men's 65kg,Asraful Hassan,63.6,81,-85,85,100,105,-110,85,105,190
"2025 Virus Weightlifting Finals, Powered by Rogue Fitness",2025-12-06,Women's 16-17 Age Group 69kg,Adelyn Jones,66.85,79,82,85,99,102,105,85,105,190
"2025 Virus Weightlifting Finals, Powered by Rogue Fitness",2025-12-06,Women's 16-17 Age Group 77kg,McKenzie Hatcher,70.45,80,83,86,-97,99,104,86,104,190
"2025 Virus Weightlifting Finals, Powered by Rogue Fitness",2025-12-04,Men's 14-15 Age Group 71kg,liam gargan,70.65,76,79,82,101,106,108,82,108,190
"2025 Virus Weightlifting Finals, Powered by Rogue Fitness",2025-12-06,Open Women's 77kg,Donisha Traver,71.75,80,-83,84,98,102,106,84,106,190
"2025 Virus Weightlifting Finals, Powered by Rogue Fitness",2025-12-07,Open Women's 86kg,Emily Kessler-Lewis,85.35,85,88,-90,-102,102,-105,88,102,190
"2025 Virus Weightlifting Finals, Powered by Rogue Fitness",2025-12-07,Open Women's 86+kg,Kristen Dudley ,101.85,-82,85,-90,105,-110,-112,85,105,190
"2025 Virus Weightlifting Finals, Powered by Rogue Fitness",2025-12-07,Open Women's 86+kg,Jenna McClain,95.85,72,76,80,102,107,110,80,110,190
"2025 Virus Weightlifting Finals, Powered by Rogue Fitness",2025-12-07,Open Women's 86+kg,Autumn Makins-Null,136,81,-84,-84,105,-108,109,81,109,190
"2025 Virus Weightlifting Finals, Powered by Rogue Fitness",2025-12-07,Junior Women's 86+kg,Josie Lawrence,101.65,77,80,83,102,106,-110,83,106,189
"2025 Virus Weightlifting Finals, Powered by Rogue Fitness",2025-12-04,Men's 14-15 Age Group 71kg,Matias  Navarrete ,70.55,78,-81,83,97,102,106,83,106,189
"2025 Virus Weightlifting Finals, Powered by Rogue Fitness",2025-12-04,Men's 14-15 Age Group 71kg,Landon Latona,68.85,74,78,82,95,101,107,82,107,189
"2025 Virus Weightlifting Finals, Powered by Rogue Fitness",2025-12-06,Open Women's 77kg,Heather Mentone,74.2,-84,84,-88,105,-108,-108,84,105,189
"2025 Virus Weightlifting Finals, Powered by Rogue Fitness",2025-12-05,Men's 14-15 Age Group 79+kg,Noah Booth,79.55,72,76,80,100,105,109,80,109,189
"2025 Virus Weightlifting Finals, Powered by Rogue Fitness",2025-12-07,Open Women's 86kg,Clay Conley,84.1,-81,81,84,97,101,105,84,105,189
"2025 Virus Weightlifting Finals, Powered by Rogue Fitness",2025-12-04,Open Women's 58kg,Elena Schorr,57.35,-82,82,85,-101,101,103,85,103,188
"2025 Virus Weightlifting Finals, Powered by Rogue Fitness",2025-12-04,Junior Men's 60kg,Sebastian Rose,59.4,-81,81,-85,102,107,-112,81,107,188
"2025 Virus Weightlifting Finals, Powered by Rogue Fitness",2025-12-06,Open Women's 69kg,Shelby Krassilowsky,68.95,85,88,-92,100,-105,-105,88,100,188
"2025 Virus Weightlifting Finals, Powered by Rogue Fitness",2025-12-07,Women's Masters (35-39) 86+kg,Rebecca Dublin,102.2,78,-81,-81,105,110,-115,78,110,188
"2025 Virus Weightlifting Finals, Powered by Rogue Fitness",2025-12-06,Open Women's 77kg,Julia Daniel,74.95,82,85,88,96,100,-103,88,100,188
"2025 Virus Weightlifting Finals, Powered by Rogue Fitness",2025-12-05,Men's 14-15 Age Group 79+kg,Wyatt Kight,99.15,75,79,-82,104,109,-113,79,109,188
"2025 Virus Weightlifting Finals, Powered by Rogue Fitness",2025-12-05,Men's 14-15 Age Group 79+kg,Kaeleb  Havard,112,70,-77,77,-110,-111,111,77,111,188
"2025 Virus Weightlifting Finals, Powered by Rogue Fitness",2025-12-07,Open Women's 86kg,Michelle Ramsey,82.9,82,85,-88,100,103,-105,85,103,188
"2025 Virus Weightlifting Finals, Powered by Rogue Fitness",2025-12-07,Open Women's 86+kg,Keaton Poppe,124.1,80,-83,83,105,-109,-112,83,105,188
"2025 Virus Weightlifting Finals, Powered by Rogue Fitness",2025-12-05,Women's Masters (40-44) 86+kg,Sarah Tyler,101.75,81,84,-87,100,-103,103,84,103,187
"2025 Virus Weightlifting Finals, Powered by Rogue Fitness",2025-12-06,Junior Women's 77kg,Catessa Guadagnoli,75.25,76,79,82,98,101,105,82,105,187
"2025 Virus Weightlifting Finals, Powered by Rogue Fitness",2025-12-07,Women's 16-17 Age Group 77+kg,Eleanor Cler,107.8,79,85,-88,-102,102,-110,85,102,187
"2025 Virus Weightlifting Finals, Powered by Rogue Fitness",2025-12-04,Open Women's 58kg,Alexa  Estevez ,58,82,85,-87,95,99,102,85,102,187
"2025 Virus Weightlifting Finals, Powered by Rogue Fitness",2025-12-05,Open Women's 63kg,Madison Johnston,62.7,81,-84,86,-101,101,-105,86,101,187
"2025 Virus Weightlifting Finals, Powered by Rogue Fitness",2025-12-07,Women's Masters (35-39) 86kg,Jennifer Gusler,85.2,78,81,84,100,103,-105,84,103,187
"2025 Virus Weightlifting Finals, Powered by Rogue Fitness",2025-12-06,Open Women's 69kg,Cristine Schiavello,68.2,81,83,-85,100,102,104,83,104,187
"2025 Virus Weightlifting Finals, Powered by Rogue Fitness",2025-12-04,Men's 14-15 Age Group 71kg,Aiden  Liao,68.8,-82,82,-86,105,-108,-109,82,105,187
"2025 Virus Weightlifting Finals, Powered by Rogue Fitness",2025-12-06,Open Women's 77kg,Tamara Seager,75.45,83,86,-90,-100,-100,101,86,101,187
"2025 Virus Weightlifting Finals, Powered by Rogue Fitness",2025-12-04,Men's 16-17 Age Group 60kg,Santos Torres,60,-79,79,81,101,106,-112,81,106,187
"2025 Virus Weightlifting Finals, Powered by Rogue Fitness",2025-12-07,Open Women's 86kg,maicee Bradley,85.8,80,-85,-85,102,-105,107,80,107,187
"2025 Virus Weightlifting Finals, Powered by Rogue Fitness",2025-12-05,Men's 16-17 Age Group 79kg,Luca Bruno,71.3,-79,79,-83,101,-106,107,79,107,186
"2025 Virus Weightlifting Finals, Powered by Rogue Fitness",2025-12-06,Men's Masters (40-44) 79kg,Phillip Bost,78.95,85,-89,-89,-99,-101,101,85,101,186
"2025 Virus Weightlifting Finals, Powered by Rogue Fitness",2025-12-05,Men's Masters (50-54) 79kg,Dan Wells,77.4,-87,88,-91,94,98,-102,88,98,186
"2025 Virus Weightlifting Finals, Powered by Rogue Fitness",2025-12-05,Open Women's 63kg,Shelby Pflug,62.35,80,84,-87,102,-107,-108,84,102,186
"2025 Virus Weightlifting Finals, Powered by Rogue Fitness",2025-12-06,Open Women's 69kg,Lucie Gehringer,68.05,-82,-82,82,99,102,104,82,104,186
"2025 Virus Weightlifting Finals, Powered by Rogue Fitness",2025-12-05,Men's Masters (50-54) 71kg,Jonathan Willmoth,69.65,82,-85,-85,100,103,-105,82,103,185
"2025 Virus Weightlifting Finals, Powered by Rogue Fitness",2025-12-07,Women's 16-17 Age Group 77+kg,Olivia Bond-West,93.55,-80,-80,80,100,105,-110,80,105,185
"2025 Virus Weightlifting Finals, Powered by Rogue Fitness",2025-12-07,Open Men's 110kg,John-Edward Heath,103.95,-85,-85,85,100,-101,-101,85,100,185
"2025 Virus Weightlifting Finals, Powered by Rogue Fitness",2025-12-05,Open Women's 63kg,Laura Caggiano,62.7,79,81,83,99,-102,102,83,102,185
"2025 Virus Weightlifting Finals, Powered by Rogue Fitness",2025-12-05,Open Women's 63kg,Lily Damron,59.05,80,-83,-84,100,105,-110,80,105,185
"2025 Virus Weightlifting Finals, Powered by Rogue Fitness",2025-12-06,Open Women's 69kg,Nicole Rucker,64.75,79,82,-84,-103,103,-107,82,103,185
"2025 Virus Weightlifting Finals, Powered by Rogue Fitness",2025-12-07,Women's Masters (35-39) 86+kg,Lilliana Astralaga,100.45,77,81,84,-101,101,-104,84,101,185
"2025 Virus Weightlifting Finals, Powered by Rogue Fitness",2025-12-07,Women's Masters (35-39) 86+kg,Caitlin Whealy,130,82,-85,-85,100,103,-106,82,103,185
"2025 Virus Weightlifting Finals, Powered by Rogue Fitness",2025-12-06,Open Women's 77kg,Jocelyn Williams,75.15,78,82,-85,98,103,-106,82,103,185
"2025 Virus Weightlifting Finals, Powered by Rogue Fitness",2025-12-06,Open Women's 77kg,Mikayla Fischer,72.95,78,82,-85,97,100,103,82,103,185
"2025 Virus Weightlifting Finals, Powered by Rogue Fitness",2025-12-06,Open Women's 77kg,Sarah Kajdasz,75.4,78,80,82,100,-102,103,82,103,185
"2025 Virus Weightlifting Finals, Powered by Rogue Fitness",2025-12-04,Men's 16-17 Age Group 60kg,Jason Goico,59.65,80,-85,-85,94,100,105,80,105,185
"2025 Virus Weightlifting Finals, Powered by Rogue Fitness",2025-12-05,Men's Masters (45-49) 88kg,Michael Brown,85.9,82,-85,86,98,-103,-105,86,98,184
"2025 Virus Weightlifting Finals, Powered by Rogue Fitness",2025-12-06,Women's 14-15 Age Group 69kg,Gianna Van Hofwegen,67.1,80,83,-85,98,-101,101,83,101,184
"2025 Virus Weightlifting Finals, Powered by Rogue Fitness",2025-12-06,Women's Masters (35-39) 77kg,Amanda  Feist ,75.15,80,84,-87,-99,100,-104,84,100,184
"2025 Virus Weightlifting Finals, Powered by Rogue Fitness",2025-12-04,Men's 16-17 Age Group 56kg,Diego Cordero,54.1,80,84,-87,100,-106,-110,84,100,184
"2025 Virus Weightlifting Finals, Powered by Rogue Fitness",2025-12-04,Men's 16-17 Age Group 65kg,Alex Huynh,64.65,71,76,-80,100,104,108,76,108,184
"2025 Virus Weightlifting Finals, Powered by Rogue Fitness",2025-12-05,Men's Masters (50-54) 79kg,Darren Scott,78.15,-75,75,-78,104,108,-111,75,108,183
"2025 Virus Weightlifting Finals, Powered by Rogue Fitness",2025-12-07,Junior Women's 86+kg,Aleah Baron,104.6,78,-81,-83,-105,105,-110,78,105,183
"2025 Virus Weightlifting Finals, Powered by Rogue Fitness",2025-12-05,Open Women's 63kg,Kathryn Rose,61.2,77,81,-83,97,100,102,81,102,183
"2025 Virus Weightlifting Finals, Powered by Rogue Fitness",2025-12-07,Women's Masters (35-39) 86kg,Sasha Jarquin,83.55,81,-84,85,98,-101,-104,85,98,183
"2025 Virus Weightlifting Finals, Powered by Rogue Fitness",2025-12-07,Open Women's 86kg,Kristen Braccio,84.85,76,-80,-80,107,-111,-111,76,107,183
"2025 Virus Weightlifting Finals, Powered by Rogue Fitness",2025-12-04,Men's Masters (65-69) 110+kg,Robert Madsen,140.05,75,79,82,95,100,-105,82,100,182
"2025 Virus Weightlifting Finals, Powered by Rogue Fitness",2025-12-04,Open Women's 58kg,Nicole Mercier,57.65,79,-82,82,94,-98,100,82,100,182
"2025 Virus Weightlifting Finals, Powered by Rogue Fitness",2025-12-05,Open Women's 63kg,Aysia Hill,62.45,77,80,83,99,-102,-103,83,99,182
"2025 Virus Weightlifting Finals, Powered by Rogue Fitness",2025-12-05,Open Women's 63kg,Erica Sheagley,61.65,76,79,81,96,101,-106,81,101,182
"2025 Virus Weightlifting Finals, Powered by Rogue Fitness",2025-12-05,Open Women's 63kg,Angelique Matsushima,62.2,-80,-80,80,98,102,-106,80,102,182
"2025 Virus Weightlifting Finals, Powered by Rogue Fitness",2025-12-06,Open Women's 69kg,Molly Jacobs,68.85,78,82,85,93,97,-100,85,97,182
"2025 Virus Weightlifting Finals, Powered by Rogue Fitness",2025-12-06,Open Women's 69kg,Alexis Boutchie,68.45,-78,79,82,97,100,-103,82,100,182
"2025 Virus Weightlifting Finals, Powered by Rogue Fitness",2025-12-07,Women's Masters (35-39) 86+kg,Beth Whaley,94.45,74,76,78,100,102,104,78,104,182
"2025 Virus Weightlifting Finals, Powered by Rogue Fitness",2025-12-06,Open Women's 77kg,Aleigh Moore,73.4,78,-81,-81,-104,104,-108,78,104,182
"2025 Virus Weightlifting Finals, Powered by Rogue Fitness",2025-12-07,Junior Women's 86+kg,Rianna  Griffith,117.1,76,82,85,96,-100,-102,85,96,181
"2025 Virus Weightlifting Finals, Powered by Rogue Fitness",2025-12-05,Women's 16-17 Age Group 63kg,Keilana Brewer,60.95,76,79,81,94,97,100,81,100,181
"2025 Virus Weightlifting Finals, Powered by Rogue Fitness",2025-12-05,Open Women's 63kg,Alicia DiSpaltro,61.7,-78,78,81,95,-100,100,81,100,181
"2025 Virus Weightlifting Finals, Powered by Rogue Fitness",2025-12-05,Men's 14-15 Age Group 79+kg,Trey Peaden,90.4,80,83,-89,84,90,98,83,98,181
"2025 Virus Weightlifting Finals, Powered by Rogue Fitness",2025-12-07,Open Women's 86kg,Brianna Maxwell,82.15,-75,75,-80,-105,106,-111,75,106,181
"2025 Virus Weightlifting Finals, Powered by Rogue Fitness",2025-12-06,Men's Masters (40-44) 71kg,Arkadiy Makaron,69.3,71,75,78,95,100,103,78,103,181
"2025 Virus Weightlifting Finals, Powered by Rogue Fitness",2025-12-06,Women's 16-17 Age Group 69kg,Autumn Sands,68.6,-75,78,81,-96,99,-102,81,99,180
"2025 Virus Weightlifting Finals, Powered by Rogue Fitness",2025-12-06,Women's 16-17 Age Group 77kg,Emma Meads,74.8,77,80,-83,94,-97,100,80,100,180
"2025 Virus Weightlifting Finals, Powered by Rogue Fitness",2025-12-06,Open Women's 69kg,Anna Konrath,68.25,77,80,-83,96,100,-102,80,100,180
"2025 Virus Weightlifting Finals, Powered by Rogue Fitness",2025-12-06,Open Women's 77kg,Jamie Maffeo,72.9,-82,82,-85,95,98,-101,82,98,180
"2025 Virus Weightlifting Finals, Powered by Rogue Fitness",2025-12-05,Men's 14-15 Age Group 79+kg,William Adams,81.95,72,75,79,101,-105,-106,79,101,180
"2025 Virus Weightlifting Finals, Powered by Rogue Fitness",2025-12-07,Open Women's 86kg,Stefani Warnick,85.1,83,-85,85,-94,95,-100,85,95,180
"2025 Virus Weightlifting Finals, Powered by Rogue Fitness",2025-12-06,Open Women's 77kg,Taylor Maginnis,76.05,80,-83,-84,100,-105,-105,80,100,180
"2025 Virus Weightlifting Finals, Powered by Rogue Fitness",2025-12-06,Junior Women's 69kg,Ava Giorgi,66.25,75,79,82,93,97,-100,82,97,179
"2025 Virus Weightlifting Finals, Powered by Rogue Fitness",2025-12-06,Women's Masters (35-39) 69kg,Samantha Kuhles,67.9,78,-81,81,-98,98,-101,81,98,179
"2025 Virus Weightlifting Finals, Powered by Rogue Fitness",2025-12-06,Women's Masters (35-39) 77kg,Carly Best,76.65,-73,73,-77,102,106,-109,73,106,179
"2025 Virus Weightlifting Finals, Powered by Rogue Fitness",2025-12-04,Men's 14-15 Age Group 71kg,Ezekiel Macias,69.6,75,78,-81,95,101,-106,78,101,179
"2025 Virus Weightlifting Finals, Powered by Rogue Fitness",2025-12-04,Men's 16-17 Age Group 60kg,Diego Nieves ,59.25,75,78,-81,94,-99,101,78,101,179
"2025 Virus Weightlifting Finals, Powered by Rogue Fitness",2025-12-06,Junior Women's 69kg,Nia Black,66.05,75,78,-80,-94,95,100,78,100,178
"2025 Virus Weightlifting Finals, Powered by Rogue Fitness",2025-12-06,Open Women's 69kg,Addie Maher,64.45,76,80,83,91,95,-99,83,95,178
"2025 Virus Weightlifting Finals, Powered by Rogue Fitness",2025-12-07,Women's Masters (35-39) 86+kg,Katelyn Nies,100.45,73,76,-78,102,-106,-106,76,102,178
"2025 Virus Weightlifting Finals, Powered by Rogue Fitness",2025-12-04,Men's 14-15 Age Group 71kg,Aidan Griesser,70.55,-70,75,-80,90,97,103,75,103,178
"2025 Virus Weightlifting Finals, Powered by Rogue Fitness",2025-12-05,Women's Masters (40-44) 58kg,Nidia Pardo,57.65,75,77,-80,96,101,-103,77,101,178
"2025 Virus Weightlifting Finals, Powered by Rogue Fitness",2025-12-07,Open Women's 86+kg,Gentry Stevenson,91.35,75,78,-81,100,-104,-105,78,100,178
"2025 Virus Weightlifting Finals, Powered by Rogue Fitness",2025-12-05,Open Women's 63kg,Brittany Panerali,62.6,-77,77,80,-97,97,-102,80,97,177
"2025 Virus Weightlifting Finals, Powered by Rogue Fitness",2025-12-06,Open Women's 69kg,Chloe Wlad,68,70,74,77,96,100,-103,77,100,177
"2025 Virus Weightlifting Finals, Powered by Rogue Fitness",2025-12-06,Women's Masters (35-39) 63kg,Joelle Emery,62.9,77,-80,80,93,-96,96,80,96,176
"2025 Virus Weightlifting Finals, Powered by Rogue Fitness",2025-12-05,Open Women's 63kg,Taylor Hedke,61.05,73,77,81,91,-95,95,81,95,176
"2025 Virus Weightlifting Finals, Powered by Rogue Fitness",2025-12-07,Women's Masters (35-39) 86kg,Lauren McHugh,83.9,73,75,77,96,-98,99,77,99,176
"2025 Virus Weightlifting Finals, Powered by Rogue Fitness",2025-12-06,Open Women's 69kg,Alicia Fernandez,68.45,76,-79,80,96,-102,-102,80,96,176
"2025 Virus Weightlifting Finals, Powered by Rogue Fitness",2025-12-06,Open Women's 69kg,Talley Halvorson,68.35,76,-78,78,98,-101,-101,78,98,176
"2025 Virus Weightlifting Finals, Powered by Rogue Fitness",2025-12-06,Open Women's 77kg,Joy Vincent,75.8,78,81,83,93,-97,-99,83,93,176
"2025 Virus Weightlifting Finals, Powered by Rogue Fitness",2025-12-04,Men's 16-17 Age Group 60kg,Rey Ortiz,59,-71,71,80,86,92,96,80,96,176
"2025 Virus Weightlifting Finals, Powered by Rogue Fitness",2025-12-04,Men's 16-17 Age Group 65kg,Jackson Crane,61.95,-80,80,-86,-96,96,-100,80,96,176
"2025 Virus Weightlifting Finals, Powered by Rogue Fitness",2025-12-06,Women's Masters (35-39) 77kg,Holly Crane,73.95,76,79,-82,96,-100,-102,79,96,175
"2025 Virus Weightlifting Finals, Powered by Rogue Fitness",2025-12-05,Open Women's 63kg,Nina Sterckx,58.1,70,75,80,90,95,-101,80,95,175
"2025 Virus Weightlifting Finals, Powered by Rogue Fitness",2025-12-06,Women's Masters (35-39) 77kg,Karisa Rossman,71.95,74,77,80,90,93,95,80,95,175
"2025 Virus Weightlifting Finals, Powered by Rogue Fitness",2025-12-04,Men's 16-17 Age Group 60kg,Brodie Lacanilao,59,68,72,76,87,92,99,76,99,175
"2025 Virus Weightlifting Finals, Powered by Rogue Fitness",2025-12-04,Junior Women's 58kg,Alyssa Jordan,57.85,74,77,80,91,94,-97,80,94,174
"2025 Virus Weightlifting Finals, Powered by Rogue Fitness",2025-12-04,Open Women's 53kg,Alice McBroom,52.3,73,76,-78,90,94,98,76,98,174
"2025 Virus Weightlifting Finals, Powered by Rogue Fitness",2025-12-07,Women's 16-17 Age Group 77+kg,Stephanie Griffith,84.1,78,-82,-82,92,96,-101,78,96,174
"2025 Virus Weightlifting Finals, Powered by Rogue Fitness",2025-12-06,Women's Masters (35-39) 69kg,Christina Richards,67.5,76,-79,-80,98,-101,-101,76,98,174
"2025 Virus Weightlifting Finals, Powered by Rogue Fitness",2025-12-07,Women's Masters (35-39) 86kg,Annirose Womack,83.8,-77,-78,78,96,-99,-100,78,96,174
"2025 Virus Weightlifting Finals, Powered by Rogue Fitness",2025-12-06,Open Women's 69kg,Talia Binns,67.1,72,77,-82,97,-101,-104,77,97,174
"2025 Virus Weightlifting Finals, Powered by Rogue Fitness",2025-12-06,Open Women's 69kg,Jeanna Mullen,68.55,77,-80,-80,97,-100,-100,77,97,174
"2025 Virus Weightlifting Finals, Powered by Rogue Fitness",2025-12-04,Junior Women's 53kg,Jaycee Mann,51.85,76,-78,78,92,95,-98,78,95,173
"2025 Virus Weightlifting Finals, Powered by Rogue Fitness",2025-12-04,Men's Masters (55-59) 94kg,Mark Pratt,92.25,70,73,-76,90,95,100,73,100,173
"2025 Virus Weightlifting Finals, Powered by Rogue Fitness",2025-12-07,Junior Women's 86kg,Gillian Peaden,83.3,73,-76,77,93,96,-98,77,96,173
"2025 Virus Weightlifting Finals, Powered by Rogue Fitness",2025-12-07,Women's 16-17 Age Group 77+kg,Avery Miller,105.4,-70,75,-80,92,-97,98,75,98,173
"2025 Virus Weightlifting Finals, Powered by Rogue Fitness",2025-12-06,Open Women's 69kg,Rylee Kara,68.75,72,76,79,94,-98,-98,79,94,173
"2025 Virus Weightlifting Finals, Powered by Rogue Fitness",2025-12-07,Women's Masters (35-39) 86+kg,Rebecca Rivera,94.25,69,72,75,-93,94,98,75,98,173
"2025 Virus Weightlifting Finals, Powered by Rogue Fitness",2025-12-04,Men's 14-15 Age Group 60kg,Weston McGrath,58.3,70,-75,75,90,95,98,75,98,173
"2025 Virus Weightlifting Finals, Powered by Rogue Fitness",2025-12-04,Men's Masters (65-69) 79kg,Scott Obici,78,70,72,-75,90,95,100,72,100,172
"2025 Virus Weightlifting Finals, Powered by Rogue Fitness",2025-12-07,Junior Women's 86+kg,Clair Callahan,118.25,72,-76,-76,-96,100,-104,72,100,172
"2025 Virus Weightlifting Finals, Powered by Rogue Fitness",2025-12-06,Women's Masters (35-39) 69kg,Janae Ivery,67.25,76,79,-82,-90,93,-96,79,93,172
"2025 Virus Weightlifting Finals, Powered by Rogue Fitness",2025-12-06,Open Women's 69kg,Hattie Johnson,67.1,-77,77,-82,92,95,-98,77,95,172
"2025 Virus Weightlifting Finals, Powered by Rogue Fitness",2025-12-06,Open Women's 77kg,Ryan Westpfahl,73.95,73,77,-80,95,-100,-100,77,95,172
"2025 Virus Weightlifting Finals, Powered by Rogue Fitness",2025-12-06,Open Women's 58kg,Mandy O’Shell,57.15,72,75,77,92,95,-98,77,95,172
"2025 Virus Weightlifting Finals, Powered by Rogue Fitness",2025-12-06,Open Women's 58kg,Maria Hayden,56.35,70,73,76,92,96,-99,76,96,172
"2025 Virus Weightlifting Finals, Powered by Rogue Fitness",2025-12-05,Men's Masters (50-54) 79kg,Brian Zimmerman,78.35,-73,75,77,-93,94,-96,77,94,171
"2025 Virus Weightlifting Finals, Powered by Rogue Fitness",2025-12-07,Junior Women's 86kg,Virginia Holloway,83.9,74,76,78,-93,93,-96,78,93,171
"2025 Virus Weightlifting Finals, Powered by Rogue Fitness",2025-12-05,Women's Masters (35-39) 63kg,Elise Caron,62.7,70,73,76,90,93,95,76,95,171
"2025 Virus Weightlifting Finals, Powered by Rogue Fitness",2025-12-06,Women's Masters (35-39) 69kg,Belia rodriguez rivera,67.85,75,-78,78,-92,93,-100,78,93,171
"2025 Virus Weightlifting Finals, Powered by Rogue Fitness",2025-12-05,Open Women's 63kg,anna maguire,62.4,74,-77,77,91,94,-98,77,94,171
"2025 Virus Weightlifting Finals, Powered by Rogue Fitness",2025-12-06,Men's 13 Under Age Group 65+kg,Anthony Caceres,127.4,68,71,-75,95,100,-107,71,100,171
"2025 Virus Weightlifting Finals, Powered by Rogue Fitness",2025-12-04,Men's 16-17 Age Group 56kg,Manuel Hodgman,53.6,-74,74,-77,97,-100,-101,74,97,171
"2025 Virus Weightlifting Finals, Powered by Rogue Fitness",2025-12-05,Women's Masters (40-44) 69kg,Jennifer White,67.65,74,-77,77,91,94,-97,77,94,171
"2025 Virus Weightlifting Finals, Powered by Rogue Fitness",2025-12-06,Open Women's 63kg,Samantha Ellison,62.3,71,74,-77,93,97,-101,74,97,171
"2025 Virus Weightlifting Finals, Powered by Rogue Fitness",2025-12-04,Junior Women's 58kg,Violeta Fernandez Martino,56.7,73,77,-81,-92,93,-98,77,93,170
"2025 Virus Weightlifting Finals, Powered by Rogue Fitness",2025-12-07,Junior Women's 86kg,Sydney  Mack,79.75,73,77,-81,-93,93,-98,77,93,170
"2025 Virus Weightlifting Finals, Powered by Rogue Fitness",2025-12-07,Women's 16-17 Age Group 77+kg,Alexis Rissler,80.55,-72,72,76,86,90,94,76,94,170
"2025 Virus Weightlifting Finals, Powered by Rogue Fitness",2025-12-04,Open Women's 58kg,Angela Gallegos,57.5,70,74,-76,-91,91,96,74,96,170
"2025 Virus Weightlifting Finals, Powered by Rogue Fitness",2025-12-05,Open Women's 63kg,Lauren DeLong,60.75,-70,70,-73,100,-102,-102,70,100,170
"2025 Virus Weightlifting Finals, Powered by Rogue Fitness",2025-12-07,Women's Masters (35-39) 86kg,Olivia Piacentini,82.4,72,-75,75,88,92,95,75,95,170
"2025 Virus Weightlifting Finals, Powered by Rogue Fitness",2025-12-07,Women's Masters (35-39) 86+kg,Kali Fernandez,97.45,72,-76,-76,88,93,98,72,98,170
"2025 Virus Weightlifting Finals, Powered by Rogue Fitness",2025-12-05,Men's Masters (45-49) 65kg,Eric Chang,64.25,-70,70,74,88,95,-102,74,95,169
"2025 Virus Weightlifting Finals, Powered by Rogue Fitness",2025-12-04,Open Women's 48kg,Kaylin White,47.75,-70,70,73,92,-96,96,73,96,169
"2025 Virus Weightlifting Finals, Powered by Rogue Fitness",2025-12-04,Men's 16-17 Age Group 60kg,Vicente Trovao,58.25,70,-73,73,89,93,96,73,96,169
"2025 Virus Weightlifting Finals, Powered by Rogue Fitness",2025-12-05,Women's Masters (40-44) 86+kg,Erin Becker,114.5,70,73,76,89,92,-95,76,92,168
"2025 Virus Weightlifting Finals, Powered by Rogue Fitness",2025-12-05,Men's Masters (45-49) 88kg,Neil Skorka,87.45,66,69,-71,95,-99,99,69,99,168
"2025 Virus Weightlifting Finals, Powered by Rogue Fitness",2025-12-05,Women's Masters (45-49) 77kg,Amy Hovan,76,70,73,76,85,88,92,76,92,168
"2025 Virus Weightlifting Finals, Powered by Rogue Fitness",2025-12-05,Junior Women's 63kg,Emma Heck,62.95,70,-74,74,91,94,-100,74,94,168
"2025 Virus Weightlifting Finals, Powered by Rogue Fitness",2025-12-05,Women's 16-17 Age Group 63kg,Allie Nichols,62.8,68,70,73,92,-94,95,73,95,168
"2025 Virus Weightlifting Finals, Powered by Rogue Fitness",2025-12-04,Open Women's 58kg,Summer Daraio-Rivera,57.4,68,71,-74,90,94,97,71,97,168
"2025 Virus Weightlifting Finals, Powered by Rogue Fitness",2025-12-04,Open Women's 58kg,Katherine McCuaig,56.95,-70,70,75,93,-96,-98,75,93,168
"2025 Virus Weightlifting Finals, Powered by Rogue Fitness",2025-12-05,Women's Masters (40-44) 86kg,Leigh LeGare,80.9,67,-70,71,93,96,-100,71,96,167
"2025 Virus Weightlifting Finals, Powered by Rogue Fitness",2025-12-06,Women's 13 Under Age Group 63+kg,Loveline Zudie,75,68,-72,72,91,-95,95,72,95,167
"2025 Virus Weightlifting Finals, Powered by Rogue Fitness",2025-12-04,Open Women's 58kg,Jessica Rodriguez,56.15,71,-73,74,-91,91,93,74,93,167
"2025 Virus Weightlifting Finals, Powered by Rogue Fitness",2025-12-04,Open Women's 58kg,Jordyn Cooley,57.05,69,72,-75,92,95,-98,72,95,167
"2025 Virus Weightlifting Finals, Powered by Rogue Fitness",2025-12-05,Open Women's 63kg,Monica Parucho,62,70,73,-75,90,94,-98,73,94,167
"2025 Virus Weightlifting Finals, Powered by Rogue Fitness",2025-12-07,Women's Masters (35-39) 86kg,Elyssabeth Beers,85.25,73,76,-79,91,-94,-94,76,91,167
"2025 Virus Weightlifting Finals, Powered by Rogue Fitness",2025-12-05,Women's Masters (40-44) 69kg,Lauryn Ginsburg,68.35,71,74,-77,91,93,-95,74,93,167
"2025 Virus Weightlifting Finals, Powered by Rogue Fitness",2025-12-06,Open Women's 53kg,Sarah Wright,52.55,73,76,-79,85,88,91,76,91,167
"2025 Virus Weightlifting Finals, Powered by Rogue Fitness",2025-12-05,Women's Masters (40-44) 86+kg,Jamie Martin,103.6,70,-74,-74,90,93,96,70,96,166
"2025 Virus Weightlifting Finals, Powered by Rogue Fitness",2025-12-07,Women's Masters (40-44) 86+kg,Linda Lam,87.2,65,68,71,90,-94,95,71,95,166
"2025 Virus Weightlifting Finals, Powered by Rogue Fitness",2025-12-06,Junior Women's 69kg,Anna Carlson,65,73,-77,-77,93,-97,-98,73,93,166
"2025 Virus Weightlifting Finals, Powered by Rogue Fitness",2025-12-04,Women's 16-17 Age Group 58kg,Sadie Hayhoe,57.75,71,74,76,85,88,90,76,90,166
"2025 Virus Weightlifting Finals, Powered by Rogue Fitness",2025-12-04,Open Women's 53kg,Annie Gough,52.2,70,-72,75,85,88,91,75,91,166
"2025 Virus Weightlifting Finals, Powered by Rogue Fitness",2025-12-07,Women's 16-17 Age Group 77+kg,Reese Butler,89.25,70,-75,-75,90,96,-101,70,96,166
"2025 Virus Weightlifting Finals, Powered by Rogue Fitness",2025-12-04,Open Women's 58kg,Kailey Sidders,57.6,72,75,-78,-90,91,-100,75,91,166
"2025 Virus Weightlifting Finals, Powered by Rogue Fitness",2025-12-05,Women's Masters (40-44) 63kg,Teralyn Carter,63,70,73,76,87,90,-92,76,90,166
"2025 Virus Weightlifting Finals, Powered by Rogue Fitness",2025-12-04,Men's Masters (60-64) 79kg,Kevin Dittler,77.6,69,75,78,81,87,-93,78,87,165
"2025 Virus Weightlifting Finals, Powered by Rogue Fitness",2025-12-04,Women's 16-17 Age Group 58kg,Ava Myers,57.85,69,-72,72,88,91,93,72,93,165
"2025 Virus Weightlifting Finals, Powered by Rogue Fitness",2025-12-05,Women's 16-17 Age Group 63kg,Payton Mangay-ayam,61.1,-65,65,72,86,90,93,72,93,165
"2025 Virus Weightlifting Finals, Powered by Rogue Fitness",2025-12-06,Women's Masters (35-39) 69kg,Ericha Flateau,67.05,68,-70,70,88,91,95,70,95,165
"2025 Virus Weightlifting Finals, Powered by Rogue Fitness",2025-12-05,Women's Masters (40-44) 63kg,Karina Velez,60.35,70,-73,74,88,91,-93,74,91,165
"2025 Virus Weightlifting Finals, Powered by Rogue Fitness",2025-12-05,Women's Masters (40-44) 86kg,Kara Doherty,82.4,71,74,76,84,-87,88,76,88,164
"2025 Virus Weightlifting Finals, Powered by Rogue Fitness",2025-12-06,Women's 14-15 Age Group 69+kg,Ireland Manor,69.9,74,-77,-79,-90,90,-95,74,90,164
"2025 Virus Weightlifting Finals, Powered by Rogue Fitness",2025-12-04,Men's Masters (55-59) 88kg,Jack Mosher,86.1,65,67,70,90,-94,94,70,94,164
"2025 Virus Weightlifting Finals, Powered by Rogue Fitness",2025-12-05,Junior Women's 69kg,Alexa  Woodman ,66.75,70,73,76,88,-91,-94,76,88,164
"2025 Virus Weightlifting Finals, Powered by Rogue Fitness",2025-12-06,Women's Masters (35-39) 69kg,Sara Donis,68.9,-73,74,-78,90,-95,-98,74,90,164
"2025 Virus Weightlifting Finals, Powered by Rogue Fitness",2025-12-05,Women's Masters (40-44) 69kg,Stephanie Jefferson,68.55,71,-74,-75,88,91,93,71,93,164
"2025 Virus Weightlifting Finals, Powered by Rogue Fitness",2025-12-05,Women's Masters (45-49) 69kg,Aimee Anaya Everett,68.5,-73,73,-77,85,90,0,73,90,163
"2025 Virus Weightlifting Finals, Powered by Rogue Fitness",2025-12-04,Junior Women's 58kg,Karman Holley,57.95,68,71,-75,88,92,-96,71,92,163
"2025 Virus Weightlifting Finals, Powered by Rogue Fitness",2025-12-06,Women's Masters (35-39) 63kg,Stephanie Kuehne,61.45,68,-72,73,-88,-90,90,73,90,163
"2025 Virus Weightlifting Finals, Powered by Rogue Fitness",2025-12-04,Open Women's 58kg,Gwen Rivero,57.75,70,73,-75,90,-93,-94,73,90,163
"2025 Virus Weightlifting Finals, Powered by Rogue Fitness",2025-12-06,Women's Masters (35-39) 77kg,Andrea Altieri,73.05,73,77,-80,86,-90,-90,77,86,163
"2025 Virus Weightlifting Finals, Powered by Rogue Fitness",2025-12-04,Men's 16-17 Age Group 60kg,Ethan Campagna,59.65,65,-70,70,-85,86,93,70,93,163
"2025 Virus Weightlifting Finals, Powered by Rogue Fitness",2025-12-05,Women's Masters (40-44) 77kg,Kimberly Andrew,73.5,-73,73,-75,85,-89,90,73,90,163
"2025 Virus Weightlifting Finals, Powered by Rogue Fitness",2025-12-05,Women's Masters (40-44) 86kg,Eunice Rho,84.4,68,-71,74,88,-91,-91,74,88,162
"2025 Virus Weightlifting Finals, Powered by Rogue Fitness",2025-12-05,Junior Women's 63kg,Emily Green,62.8,70,72,-74,87,90,-92,72,90,162
"2025 Virus Weightlifting Finals, Powered by Rogue Fitness",2025-12-04,Women's Masters (50-54) 77kg,Katherine Brown,74.9,66,71,-75,86,91,-94,71,91,162
"2025 Virus Weightlifting Finals, Powered by Rogue Fitness",2025-12-04,Women's 16-17 Age Group 53kg,nya williams,52.2,62,66,69,85,89,93,69,93,162
"2025 Virus Weightlifting Finals, Powered by Rogue Fitness",2025-12-04,Open Men's 60kg,Joe Dang,56.75,65,68,-71,85,90,94,68,94,162
"2025 Virus Weightlifting Finals, Powered by Rogue Fitness",2025-12-04,Open Women's 53kg,Julia Tomasello,52.3,-67,67,69,87,90,93,69,93,162
"2025 Virus Weightlifting Finals, Powered by Rogue Fitness",2025-12-05,Women's Masters (40-44) 77kg,Cherisse Taylor,76.05,72,74,76,-86,86,-89,76,86,162
"2025 Virus Weightlifting Finals, Powered by Rogue Fitness",2025-12-05,Women's Masters (40-44) 86+kg,Amanda Cann,97.85,70,72,75,79,83,86,75,86,161
"2025 Virus Weightlifting Finals, Powered by Rogue Fitness",2025-12-05,Junior Women's 69kg,Emma Simms,66.3,67,70,75,81,86,-91,75,86,161
"2025 Virus Weightlifting Finals, Powered by Rogue Fitness",2025-12-04,Men's 14-15 Age Group 65kg,Evan Kellner,61.4,65,69,-75,82,87,92,69,92,161
"2025 Virus Weightlifting Finals, Powered by Rogue Fitness",2025-12-04,Men's 16-17 Age Group 60kg,Adam Ballantine,59.8,65,-69,69,85,89,92,69,92,161
"2025 Virus Weightlifting Finals, Powered by Rogue Fitness",2025-12-06,Women's 14-15 Age Group 69+kg,Alyssa Hines,75.35,65,68,71,83,86,89,71,89,160
"2025 Virus Weightlifting Finals, Powered by Rogue Fitness",2025-12-05,Men's 14-15 Age Group 79+kg,Ryan  Murphy,155.5,68,-71,-71,88,92,-95,68,92,160
"2025 Virus Weightlifting Finals, Powered by Rogue Fitness",2025-12-05,Women's Masters (40-44) 69kg,Tina Ramirez,67.85,65,-68,68,-92,-92,92,68,92,160
"2025 Virus Weightlifting Finals, Powered by Rogue Fitness",2025-12-05,Women's Masters (40-44) 77kg,Stephanie Rosario,75.65,-67,67,-70,86,89,92,67,92,159
"2025 Virus Weightlifting Finals, Powered by Rogue Fitness",2025-12-06,Junior Women's 69kg,Wynter Montgomery,67.3,67,69,-71,-87,87,90,69,90,159
"2025 Virus Weightlifting Finals, Powered by Rogue Fitness",2025-12-05,Women's Masters (40-44) 77kg,Angie Cornejo,76.85,65,68,-71,-85,88,91,68,91,159
"2025 Virus Weightlifting Finals, Powered by Rogue Fitness",2025-12-06,Women's 14-15 Age Group 69+kg,Bristol Dixon,83.4,-68,68,70,84,88,-91,70,88,158
"2025 Virus Weightlifting Finals, Powered by Rogue Fitness",2025-12-06,Junior Women's 77kg,Morgan Carbone,73.3,-64,64,-68,90,94,-97,64,94,158
"2025 Virus Weightlifting Finals, Powered by Rogue Fitness",2025-12-06,Junior Women's 77kg,Nina Pollack,72.55,64,67,70,85,88,-91,70,88,158
"2025 Virus Weightlifting Finals, Powered by Rogue Fitness",2025-12-06,Women's Masters (35-39) 63kg,Ariana Trinidad,62.75,65,68,71,84,87,-90,71,87,158
"2025 Virus Weightlifting Finals, Powered by Rogue Fitness",2025-12-06,Women's Masters (35-39) 69kg,Jacqui Avants,66.15,65,68,71,87,-91,-93,71,87,158
"2025 Virus Weightlifting Finals, Powered by Rogue Fitness",2025-12-06,Women's Masters (35-39) 77kg,Alyssa Kwast,74.35,-70,70,72,86,-89,-91,72,86,158
"2025 Virus Weightlifting Finals, Powered by Rogue Fitness",2025-12-04,Men's 14-15 Age Group 48kg,Damien Persico,48.01,68,71,-73,79,83,87,71,87,158
"2025 Virus Weightlifting Finals, Powered by Rogue Fitness",2025-12-06,Women's Masters (40-44) 77kg,Katherine Cirone,75.35,64,67,-70,84,-88,90,67,90,157
"2025 Virus Weightlifting Finals, Powered by Rogue Fitness",2025-12-04,Men's Masters (55-59) 88kg,Steve Schang,86.6,65,69,71,-85,86,-91,71,86,157
"2025 Virus Weightlifting Finals, Powered by Rogue Fitness",2025-12-04,Women's Masters (35-39) 53kg,Katherine Lee,51.9,70,-72,74,80,83,-86,74,83,157
"2025 Virus Weightlifting Finals, Powered by Rogue Fitness",2025-12-07,Women's Masters (35-39) 86+kg,Cleonie Meraz,97.2,71,-74,74,77,-82,83,74,83,157
"2025 Virus Weightlifting Finals, Powered by Rogue Fitness",2025-12-05,Women's Masters (40-44) 77kg,Shelby Riney,72.35,64,68,-72,84,-87,88,68,88,156
"2025 Virus Weightlifting Finals, Powered by Rogue Fitness",2025-12-05,Women's Masters (40-44) 86kg,Lisa Bagby,83.65,59,62,64,89,92,-94,64,92,156
"2025 Virus Weightlifting Finals, Powered by Rogue Fitness",2025-12-07,Open Women's 86+kg,Helen Filosa,170.2,64,66,68,84,86,88,68,88,156
"2025 Virus Weightlifting Finals, Powered by Rogue Fitness",2025-12-05,Junior Women's 63kg,Sophia Calderon,61.6,70,-74,-75,86,-89,-89,70,86,156
"2025 Virus Weightlifting Finals, Powered by Rogue Fitness",2025-12-05,Women's Masters (45-49) 86+kg,Anna martin,99.95,63,67,-70,88,-93,-93,67,88,155
"2025 Virus Weightlifting Finals, Powered by Rogue Fitness",2025-12-07,Women's 16-17 Age Group 77+kg,Madison Hoblit ,86.9,60,65,70,74,79,85,70,85,155
"2025 Virus Weightlifting Finals, Powered by Rogue Fitness",2025-12-06,Open Women's 58kg,Brooke McNicholas,57.2,65,-67,-67,87,-90,90,65,90,155
"2025 Virus Weightlifting Finals, Powered by Rogue Fitness",2025-12-05,Women's Masters (40-44) 86kg,Jennifer Miller,83.75,-66,66,70,84,-87,-90,70,84,154
"2025 Virus Weightlifting Finals, Powered by Rogue Fitness",2025-12-04,Women's 14-15 Age Group 58kg,Maryam Grafton,56.45,63,66,-69,83,86,88,66,88,154
"2025 Virus Weightlifting Finals, Powered by Rogue Fitness",2025-12-05,Women's 16-17 Age Group 69kg,Stevie Majoros,68.7,61,64,-67,84,87,90,64,90,154
"2025 Virus Weightlifting Finals, Powered by Rogue Fitness",2025-12-06,Open Women's 58kg,Stephanie Kennedy,56.3,65,68,-71,86,-89,-89,68,86,154
"2025 Virus Weightlifting Finals, Powered by Rogue Fitness",2025-12-05,Women's Masters (40-44) 86kg,Dani Whitmore,80.6,64,67,-70,83,86,-90,67,86,153
"2025 Virus Weightlifting Finals, Powered by Rogue Fitness",2025-12-06,Women's Masters (45-49) 77kg,maria shesiuk,76.1,65,67,-70,83,-86,86,67,86,153
"2025 Virus Weightlifting Finals, Powered by Rogue Fitness",2025-12-05,Junior Women's 63kg,Madi  Muse ,61.5,-66,66,-68,87,-91,-91,66,87,153
"2025 Virus Weightlifting Finals, Powered by Rogue Fitness",2025-12-06,Junior Women's 69kg,Tiana Bowers,68.25,65,-68,68,-85,85,-88,68,85,153
"2025 Virus Weightlifting Finals, Powered by Rogue Fitness",2025-12-04,Open Women's 48kg,Virginie Beljour,47.75,63,-66,68,85,-89,-90,68,85,153
"2025 Virus Weightlifting Finals, Powered by Rogue Fitness",2025-12-05,Junior Women's 63kg,Jalyssa Robinson,61.3,63,66,-70,82,86,-91,66,86,152
"2025 Virus Weightlifting Finals, Powered by Rogue Fitness",2025-12-04,Open Women's 53kg,Jessica Weiss,52.25,65,67,-69,-85,-85,85,67,85,152
"2025 Virus Weightlifting Finals, Powered by Rogue Fitness",2025-12-06,Women's Masters (45-49) 77kg,kristin hansen,75.8,60,64,67,80,84,-87,67,84,151
"2025 Virus Weightlifting Finals, Powered by Rogue Fitness",2025-12-05,Women's 16-17 Age Group 69kg,Naima Hodges,65.75,60,64,-67,78,83,87,64,87,151
"2025 Virus Weightlifting Finals, Powered by Rogue Fitness",2025-12-04,Open Women's 58kg,Sarah Hellwig,55.55,66,-68,-69,82,85,-88,66,85,151
"2025 Virus Weightlifting Finals, Powered by Rogue Fitness",2025-12-07,Women's Masters (35-39) 86+kg,Alexa Mohan,96.4,63,-67,67,81,84,-87,67,84,151
"2025 Virus Weightlifting Finals, Powered by Rogue Fitness",2025-12-04,Women's 14-15 Age Group 58kg,Reece Robinson,57.05,59,62,64,-84,86,-91,64,86,150
"2025 Virus Weightlifting Finals, Powered by Rogue Fitness",2025-12-04,Junior Women's 53kg,Adia Tomlinson,52.75,-67,-67,67,83,-85,-85,67,83,150
"2025 Virus Weightlifting Finals, Powered by Rogue Fitness",2025-12-05,Junior Women's 69kg,Priscilla Webley,67,-65,66,70,-80,80,-85,70,80,150
"2025 Virus Weightlifting Finals, Powered by Rogue Fitness",2025-12-05,Women's 16-17 Age Group 63kg,Lucy Korn,61.85,64,67,-69,83,-87,-88,67,83,150
"2025 Virus Weightlifting Finals, Powered by Rogue Fitness",2025-12-06,Women's Masters (35-39) 58kg,Lindsey Knight,56.85,64,67,-70,-83,83,-86,67,83,150
"2025 Virus Weightlifting Finals, Powered by Rogue Fitness",2025-12-06,Women's Masters (35-39) 77kg,Amanda  Shirley ,75.55,63,66,-68,80,84,-88,66,84,150
"2025 Virus Weightlifting Finals, Powered by Rogue Fitness",2025-12-04,Open Women's 48kg,Lucy Lapane,47.3,64,66,68,79,81,-83,68,81,149
"2025 Virus Weightlifting Finals, Powered by Rogue Fitness",2025-12-06,Women's Masters (35-39) 63kg,Kaitlyn Segur,62.15,60,63,66,80,83,-86,66,83,149
"2025 Virus Weightlifting Finals, Powered by Rogue Fitness",2025-12-05,Women's Masters (40-44) 69kg,Heather Zrebiec,67.05,63,66,-69,83,-87,-90,66,83,149
"2025 Virus Weightlifting Finals, Powered by Rogue Fitness",2025-12-05,Women's Masters (40-44) 77kg,Selena Cearley,75.95,65,-68,-69,83,-87,-88,65,83,148
"2025 Virus Weightlifting Finals, Powered by Rogue Fitness",2025-12-06,Women's 14-15 Age Group 69+kg,Kodi McBride,75.95,65,-67,69,-78,79,-83,69,79,148
"2025 Virus Weightlifting Finals, Powered by Rogue Fitness",2025-12-06,Women's Masters (35-39) 69kg,Melissa Lingafeldt,67.25,65,69,-73,75,79,-83,69,79,148
"2025 Virus Weightlifting Finals, Powered by Rogue Fitness",2025-12-04,Men's 14-15 Age Group 60kg,Rome Barker,56.9,58,61,64,76,80,84,64,84,148
"2025 Virus Weightlifting Finals, Powered by Rogue Fitness",2025-12-05,Women's Masters (40-44) 58kg,Jennifer Mickendrow,57.45,-62,63,-66,82,85,-87,63,85,148
"2025 Virus Weightlifting Finals, Powered by Rogue Fitness",2025-12-04,Women's 14-15 Age Group 63kg,Ava Luis,61.35,-64,67,70,-74,77,-81,70,77,147
"2025 Virus Weightlifting Finals, Powered by Rogue Fitness",2025-12-06,Women's 14-15 Age Group 69+kg,Chloe Desjardins,71.05,64,-67,68,75,79,-82,68,79,147
"2025 Virus Weightlifting Finals, Powered by Rogue Fitness",2025-12-04,Women's 16-17 Age Group 53kg,Amelia Phillips,51.05,62,65,-67,82,-85,-87,65,82,147
"2025 Virus Weightlifting Finals, Powered by Rogue Fitness",2025-12-06,Junior Women's 69kg,HarleyJane Carter,65.7,60,63,-66,80,84,-88,63,84,147
"2025 Virus Weightlifting Finals, Powered by Rogue Fitness",2025-12-04,Women's 16-17 Age Group 58kg,Maya Litt,55.9,60,62,64,78,81,83,64,83,147
"2025 Virus Weightlifting Finals, Powered by Rogue Fitness",2025-12-06,Women's Masters (35-39) 77kg,Amiee Lazar-Illenberg,71.35,-67,67,70,77,-80,-80,70,77,147
"2025 Virus Weightlifting Finals, Powered by Rogue Fitness",2025-12-06,Men's 13 Under Age Group 56kg,Francisco Chacon-Rovira,54.4,57,60,65,75,79,82,65,82,147
"2025 Virus Weightlifting Finals, Powered by Rogue Fitness",2025-12-05,Women's Masters (40-44) 58kg,Kristin Maselli,57.55,64,67,-70,-80,-80,80,67,80,147
"2025 Virus Weightlifting Finals, Powered by Rogue Fitness",2025-12-05,Women's Masters (45-49) 58kg,Antonia Plazibat,57.6,66,68,-70,73,-76,78,68,78,146
"2025 Virus Weightlifting Finals, Powered by Rogue Fitness",2025-12-06,Women's Masters (35-39) 58kg,Amanda Williams,57,62,64,66,-77,-80,80,66,80,146
"2025 Virus Weightlifting Finals, Powered by Rogue Fitness",2025-12-07,Women's 16-17 Age Group 77+kg,Jaida  Jackson ,90.6,58,61,-65,80,85,-88,61,85,146
"2025 Virus Weightlifting Finals, Powered by Rogue Fitness",2025-12-07,Women's Masters (35-39) 86+kg,Caitlin Coates,136.7,56,59,62,80,84,-87,62,84,146
"2025 Virus Weightlifting Finals, Powered by Rogue Fitness",2025-12-05,Women's Masters (40-44) 53kg,Nile Franklin,52.4,60,63,65,78,-81,81,65,81,146
"2025 Virus Weightlifting Finals, Powered by Rogue Fitness",2025-12-04,Men's 16-17 Age Group 56kg,Ty’Sun Howard,56,60,63,65,76,79,81,65,81,146
"2025 Virus Weightlifting Finals, Powered by Rogue Fitness",2025-12-05,Women's Masters (45-49) 63kg,Nikee Pomper,60.2,63,-65,65,80,-83,-85,65,80,145
"2025 Virus Weightlifting Finals, Powered by Rogue Fitness",2025-12-05,Women's 14-15 Age Group 69kg,Bryleigh Batz,65.8,59,62,65,74,77,80,65,80,145
"2025 Virus Weightlifting Finals, Powered by Rogue Fitness",2025-12-05,Men's Masters (60-64) 88kg,Samuel Gardner,84.8,-58,58,61,-80,80,84,61,84,145
"2025 Virus Weightlifting Finals, Powered by Rogue Fitness",2025-12-04,Women's Masters (40-44) 53kg,Amy Smith,51.85,57,60,63,79,82,-85,63,82,145
"2025 Virus Weightlifting Finals, Powered by Rogue Fitness",2025-12-05,Women's Masters (40-44) 58kg,Amy Callori,56.7,59,64,-67,75,78,81,64,81,145
"2025 Virus Weightlifting Finals, Powered by Rogue Fitness",2025-12-04,Men's 16-17 Age Group 60kg,Raymond Tatro,58.3,56,59,62,78,83,-88,62,83,145
"2025 Virus Weightlifting Finals, Powered by Rogue Fitness",2025-12-04,Junior Women's 48kg,Marena Morales,47.25,60,63,-65,78,81,-83,63,81,144
"2025 Virus Weightlifting Finals, Powered by Rogue Fitness",2025-12-04,Women's 16-17 Age Group 48kg,Jaedyn Orton,47.85,60,62,65,73,-77,79,65,79,144
"2025 Virus Weightlifting Finals, Powered by Rogue Fitness",2025-12-06,Women's Masters (35-39) 63kg,Rachel Garmon,61.3,57,60,63,77,81,-85,63,81,144
"2025 Virus Weightlifting Finals, Powered by Rogue Fitness",2025-12-05,Women's Masters (45-49) 69kg,Glenna Asmus,67.85,58,61,-64,75,78,82,61,82,143
"2025 Virus Weightlifting Finals, Powered by Rogue Fitness",2025-12-05,Women's Masters (45-49) 77kg,Colleen Moon,71.3,56,-58,-58,82,-85,87,56,87,143
"2025 Virus Weightlifting Finals, Powered by Rogue Fitness",2025-12-04,Men's Masters (60-64) 88kg,Todd Everett,86.45,57,60,63,77,80,-84,63,80,143
"2025 Virus Weightlifting Finals, Powered by Rogue Fitness",2025-12-04,Women's 16-17 Age Group 53kg,Zoey Morelli,51.4,60,63,66,70,74,77,66,77,143
"2025 Virus Weightlifting Finals, Powered by Rogue Fitness",2025-12-04,Women's Masters (50-54) 86kg,Cara Phillips,77.75,59,61,-63,76,79,82,61,82,143
"2025 Virus Weightlifting Finals, Powered by Rogue Fitness",2025-12-06,Women's Masters (35-39) 58kg,Lisa Guadagnolo,56.5,60,63,66,74,77,-80,66,77,143
"2025 Virus Weightlifting Finals, Powered by Rogue Fitness",2025-12-06,Women's 16-17 Age Group 77kg,Carli Hall,73.75,55,58,-62,80,85,-90,58,85,143
"2025 Virus Weightlifting Finals, Powered by Rogue Fitness",2025-12-06,Women's Masters (35-39) 63kg,Natalie Jean Vezina,62,58,61,63,77,80,-83,63,80,143
"2025 Virus Weightlifting Finals, Powered by Rogue Fitness",2025-12-05,Women's Masters (35-39) 69kg,Chelsea Bijansky,67.95,61,-63,63,-78,78,80,63,80,143
"2025 Virus Weightlifting Finals, Powered by Rogue Fitness",2025-12-06,Women's Masters (35-39) 69kg,Laura Bleiler,65.65,61,63,65,78,-81,-82,65,78,143
"2025 Virus Weightlifting Finals, Powered by Rogue Fitness",2025-12-06,Women's Masters (35-39) 69kg,Katy Posithai,68,59,62,65,75,78,-80,65,78,143
"2025 Virus Weightlifting Finals, Powered by Rogue Fitness",2025-12-04,Women's Masters (50-54) 86kg,Jennifer Valosek,83.75,60,62,63,75,79,-83,63,79,142
"2025 Virus Weightlifting Finals, Powered by Rogue Fitness",2025-12-06,Women's Masters (35-39) 63kg,Savannah Quezada ,61.65,54,57,60,75,79,82,60,82,142
"2025 Virus Weightlifting Finals, Powered by Rogue Fitness",2025-12-04,Women's 16-17 Age Group 58kg,Jordan Schwenneker,56.2,-65,-65,65,73,76,-79,65,76,141
"2025 Virus Weightlifting Finals, Powered by Rogue Fitness",2025-12-06,Women's Masters (35-39) 63kg,Nicole Trimble,63.01,57,60,63,75,78,-82,63,78,141
"2025 Virus Weightlifting Finals, Powered by Rogue Fitness",2025-12-05,Women's Masters (40-44) 69kg,Rebekah Horn,66.55,61,-63,-64,73,76,80,61,80,141
"2025 Virus Weightlifting Finals, Powered by Rogue Fitness",2025-12-05,Women's Masters (45-49) 63kg,Mariana Trevino,62.75,56,59,61,72,75,79,61,79,140
"2025 Virus Weightlifting Finals, Powered by Rogue Fitness",2025-12-04,Women's 16-17 Age Group 58kg,Taylyn Slater,55.7,-61,-62,62,78,-81,-81,62,78,140
"2025 Virus Weightlifting Finals, Powered by Rogue Fitness",2025-12-04,Open Women's 53kg,Judy Zhou,52.25,58,60,-63,-76,76,80,60,80,140
"2025 Virus Weightlifting Finals, Powered by Rogue Fitness",2025-12-05,Women's Masters (40-44) 63kg,Jessica Cummings,62.8,-67,67,-69,-73,73,-75,67,73,140
"2025 Virus Weightlifting Finals, Powered by Rogue Fitness",2025-12-05,Women's Masters (45-49) 63kg,Valerie Greenslade,62.75,60,62,64,70,73,75,64,75,139
"2025 Virus Weightlifting Finals, Powered by Rogue Fitness",2025-12-04,Junior Women's 53kg,Abigail Nelson,52.8,58,61,-64,71,75,78,61,78,139
"2025 Virus Weightlifting Finals, Powered by Rogue Fitness",2025-12-06,Women's Masters (35-39) 69kg,Minna Ranjeva,67.9,-60,60,-63,76,79,-81,60,79,139
"2025 Virus Weightlifting Finals, Powered by Rogue Fitness",2025-12-05,Women's Masters (40-44) 63kg,Kristin Curd,60.75,57,59,-61,-79,-80,80,59,80,139
"2025 Virus Weightlifting Finals, Powered by Rogue Fitness",2025-12-05,Women's Masters (40-44) 69kg,Daisy May Gutierrez,69,60,-63,-64,76,79,-83,60,79,139
"2025 Virus Weightlifting Finals, Powered by Rogue Fitness",2025-12-05,Women's Masters (40-44) 69kg,Lisa Nichols,67,54,-57,58,74,78,81,58,81,139
"2025 Virus Weightlifting Finals, Powered by Rogue Fitness",2025-12-05,Women's Masters (45-49) 69kg,Jessica Johns-Green,69,57,59,62,72,-75,76,62,76,138
"2025 Virus Weightlifting Finals, Powered by Rogue Fitness",2025-12-05,Women's Masters (45-49) 86kg,Marissa Sterrett,83.35,-60,-60,60,72,75,78,60,78,138
"2025 Virus Weightlifting Finals, Powered by Rogue Fitness",2025-12-04,Women's Masters (50-54) 58kg,Jara MacDermott,56.35,58,60,-62,74,76,78,60,78,138
"2025 Virus Weightlifting Finals, Powered by Rogue Fitness",2025-12-04,Women's 16-17 Age Group 48kg,Piper Jones,47.5,59,-61,-61,-78,79,-81,59,79,138
"2025 Virus Weightlifting Finals, Powered by Rogue Fitness",2025-12-05,Women's 16-17 Age Group 69kg,Samantha Goodman,67.95,59,62,-65,76,-78,-78,62,76,138
"2025 Virus Weightlifting Finals, Powered by Rogue Fitness",2025-12-05,Women's Masters (40-44) 58kg,Emily Lau,55.25,54,57,60,72,76,78,60,78,138
"2025 Virus Weightlifting Finals, Powered by Rogue Fitness",2025-12-05,Women's Masters (40-44) 69kg,Tiffany Pan,66.6,60,63,65,70,73,-75,65,73,138
"2025 Virus Weightlifting Finals, Powered by Rogue Fitness",2025-12-05,Women's Masters (40-44) 69kg,Lara Boyer,63.95,60,63,-66,75,-80,-81,63,75,138
"2025 Virus Weightlifting Finals, Powered by Rogue Fitness",2025-12-06,Men's Masters (60-64) 94kg,Sean  gardner,93.25,-57,57,-59,-80,-80,80,57,80,137
"2025 Virus Weightlifting Finals, Powered by Rogue Fitness",2025-12-06,Women's Masters (35-39) 77kg,Miranda Geoghegan,71.75,55,58,60,70,74,77,60,77,137
"2025 Virus Weightlifting Finals, Powered by Rogue Fitness",2025-12-05,Women's Masters (40-44) 63kg,Natasha Henson,61.65,58,60,62,72,75,-78,62,75,137
"2025 Virus Weightlifting Finals, Powered by Rogue Fitness",2025-12-05,Women's Masters (40-44) 63kg,Rachel Bryla,62.05,-56,56,-58,78,81,-85,56,81,137
"2025 Virus Weightlifting Finals, Powered by Rogue Fitness",2025-12-05,Women's 16-17 Age Group 63kg,Brynn Naylor,62.4,-60,60,-62,71,73,76,60,76,136
"2025 Virus Weightlifting Finals, Powered by Rogue Fitness",2025-12-06,Women's Masters (35-39) 63kg,Jeana Boughton,62.85,-62,62,-65,-71,71,74,62,74,136
"2025 Virus Weightlifting Finals, Powered by Rogue Fitness",2025-12-06,Women's Masters (35-39) 69kg,Kady Gusky,68.55,-62,-62,62,70,74,-77,62,74,136
"2025 Virus Weightlifting Finals, Powered by Rogue Fitness",2025-12-04,Men's 14-15 Age Group 56kg,Kaige  McDonnell,54.2,52,55,-57,74,77,81,55,81,136
"2025 Virus Weightlifting Finals, Powered by Rogue Fitness",2025-12-05,Women's Masters (40-44) 69kg,Bethany Weaver,65.95,58,-60,60,73,-76,76,60,76,136
"2025 Virus Weightlifting Finals, Powered by Rogue Fitness",2025-12-05,Women's Masters (40-44) 86kg,Jen Segadelli,85.4,56,58,-60,72,-76,77,58,77,135
"2025 Virus Weightlifting Finals, Powered by Rogue Fitness",2025-12-05,Women's 16-17 Age Group 63kg,Mia Murphy,61.35,-58,58,61,71,74,-77,61,74,135
"2025 Virus Weightlifting Finals, Powered by Rogue Fitness",2025-12-05,Women's Masters (35-39) 69kg,Casandra Krier ,68.25,-55,56,58,74,77,-80,58,77,135
"2025 Virus Weightlifting Finals, Powered by Rogue Fitness",2025-12-04,Women's 14-15 Age Group 53kg,Brinlee Huber,52.65,55,57,59,72,75,-77,59,75,134
"2025 Virus Weightlifting Finals, Powered by Rogue Fitness",2025-12-05,Women's 14-15 Age Group 69kg,Bella Blitch,66.4,53,-57,-58,70,75,81,53,81,134
"2025 Virus Weightlifting Finals, Powered by Rogue Fitness",2025-12-04,Women's Masters (55-59) 77kg,Michelle Picking,73.5,-57,57,-60,69,73,77,57,77,134
"2025 Virus Weightlifting Finals, Powered by Rogue Fitness",2025-12-04,Women's 16-17 Age Group 58kg,Tonya Hinks,56.85,52,55,58,70,73,76,58,76,134
"2025 Virus Weightlifting Finals, Powered by Rogue Fitness",2025-12-04,Open Women's 48kg,Aria Zayed,47.85,58,-60,61,73,-77,-77,61,73,134
"2025 Virus Weightlifting Finals, Powered by Rogue Fitness",2025-12-07,Women's Masters (35-39) 86+kg,Christina Lam,93.55,54,57,-60,74,77,-80,57,77,134
"2025 Virus Weightlifting Finals, Powered by Rogue Fitness",2025-12-05,Women's Masters (40-44) 53kg,Elaine Tsay,51.5,55,58,-61,70,73,76,58,76,134
"2025 Virus Weightlifting Finals, Powered by Rogue Fitness",2025-12-05,Women's 14-15 Age Group 69kg,Delaney Brown,68.45,54,57,-60,73,-76,76,57,76,133
"2025 Virus Weightlifting Finals, Powered by Rogue Fitness",2025-12-05,Women's Masters (45-49) 86+kg,Kelli Wells,118.6,57,60,-62,70,73,-76,60,73,133
"2025 Virus Weightlifting Finals, Powered by Rogue Fitness",2025-12-04,Women's 16-17 Age Group 58kg,Ellen Lehman,57.5,58,-60,-62,69,72,75,58,75,133
"2025 Virus Weightlifting Finals, Powered by Rogue Fitness",2025-12-04,Women's Masters (35-39) 53kg,Heather Coffey,52.1,53,56,-60,74,77,-80,56,77,133
"2025 Virus Weightlifting Finals, Powered by Rogue Fitness",2025-12-05,Women's 16-17 Age Group 69kg,Andi Roberts,67.05,56,58,-60,72,75,-78,58,75,133
"2025 Virus Weightlifting Finals, Powered by Rogue Fitness",2025-12-05,Women's Masters (35-39) 69kg,Kelley Roberts,66.55,55,57,60,70,73,-76,60,73,133
"2025 Virus Weightlifting Finals, Powered by Rogue Fitness",2025-12-07,Women's Masters (35-39) 86kg,Dori Logiodice,85.1,54,57,59,68,71,74,59,74,133
"2025 Virus Weightlifting Finals, Powered by Rogue Fitness",2025-12-07,Women's Masters (35-39) 86+kg,Shannon Totman,95.5,57,61,-65,64,68,72,61,72,133
"2025 Virus Weightlifting Finals, Powered by Rogue Fitness",2025-12-05,Women's Masters (45-49) 63kg,Crysta Parkin,62.15,53,55,57,72,75,-78,57,75,132
"2025 Virus Weightlifting Finals, Powered by Rogue Fitness",2025-12-06,Women's Masters (35-39) 63kg,Samantha Love,63,60,-63,-63,-72,72,-75,60,72,132
"2025 Virus Weightlifting Finals, Powered by Rogue Fitness",2025-12-05,Women's Masters (40-44) 63kg,Libby Elias,61.95,63,-66,-67,65,69,0,63,69,132
"2025 Virus Weightlifting Finals, Powered by Rogue Fitness",2025-12-05,Women's Masters (40-44) 77kg,Silvia Mangas,76,53,55,-58,76,-79,-79,55,76,131
"2025 Virus Weightlifting Finals, Powered by Rogue Fitness",2025-12-05,Women's Masters (40-44) 86kg,Brigitte Bieyro,80.65,57,60,-62,67,69,71,60,71,131
"2025 Virus Weightlifting Finals, Powered by Rogue Fitness",2025-12-04,Junior Women's 53kg,Reagan Best,52.5,57,-60,-60,74,-78,-79,57,74,131
"2025 Virus Weightlifting Finals, Powered by Rogue Fitness",2025-12-04,Women's Masters (50-54) 86+kg,Kristina Teel,109.95,55,57,-60,70,-73,74,57,74,131
"2025 Virus Weightlifting Finals, Powered by Rogue Fitness",2025-12-05,Women's 14-15 Age Group 69kg,Penelope Perez,67.35,55,60,-63,70,-75,-75,60,70,130
"2025 Virus Weightlifting Finals, Powered by Rogue Fitness",2025-12-05,Women's 14-15 Age Group 69kg,Dahlia Sokolow,67.9,54,57,-60,67,70,73,57,73,130
"2025 Virus Weightlifting Finals, Powered by Rogue Fitness",2025-12-06,Junior Women's 77kg,Dana Tolleson,75.8,55,58,-61,65,68,72,58,72,130
"2025 Virus Weightlifting Finals, Powered by Rogue Fitness",2025-12-05,Women's Masters (35-39) 69kg,Marion Crowley,66.7,56,-59,-60,71,74,-77,56,74,130
"2025 Virus Weightlifting Finals, Powered by Rogue Fitness",2025-12-05,Women's Masters (40-44) 58kg,Tea Gluhak,57.25,58,60,-62,67,70,-72,60,70,130
"2025 Virus Weightlifting Finals, Powered by Rogue Fitness",2025-12-04,Women's 16-17 Age Group 53kg,Mariam Petit,52.9,54,-57,58,68,71,-75,58,71,129
"2025 Virus Weightlifting Finals, Powered by Rogue Fitness",2025-12-04,Women's Masters (55-59) 58kg,Rosanna Sansone,56.7,52,55,58,66,69,71,58,71,129
"2025 Virus Weightlifting Finals, Powered by Rogue Fitness",2025-12-06,Women's Masters (35-39) 69kg,Georgina Moss,67,57,-60,-60,69,72,-75,57,72,129
"2025 Virus Weightlifting Finals, Powered by Rogue Fitness",2025-12-07,Women's Masters (35-39) 86+kg,Emili Alexander,118.1,52,-54,-55,70,73,77,52,77,129
"2025 Virus Weightlifting Finals, Powered by Rogue Fitness",2025-12-05,Women's Masters (40-44) 69kg,J. Ashleigh Spees,67.35,50,54,-59,64,68,75,54,75,129
"2025 Virus Weightlifting Finals, Powered by Rogue Fitness",2025-12-05,Women's Masters (45-49) 69kg,Alison Roark,67.45,-53,53,58,65,70,-74,58,70,128
"2025 Virus Weightlifting Finals, Powered by Rogue Fitness",2025-12-04,Women's 14-15 Age Group 58kg,Scarlet Ruiz,57.05,50,53,56,64,68,72,56,72,128
"2025 Virus Weightlifting Finals, Powered by Rogue Fitness",2025-12-07,Women's Masters (45-49) 86+kg,Jade Clemmons,91.45,-63,-63,63,65,-68,-68,63,65,128
"2025 Virus Weightlifting Finals, Powered by Rogue Fitness",2025-12-05,Women's 16-17 Age Group 63kg,Gladiuska  Guzman ,62.4,50,52,-55,73,76,-79,52,76,128
"2025 Virus Weightlifting Finals, Powered by Rogue Fitness",2025-12-05,Women's Masters (35-39) 63kg,Karisa Hoke ,62.85,-53,54,-57,-73,74,-77,54,74,128
"2025 Virus Weightlifting Finals, Powered by Rogue Fitness",2025-12-07,Women's Masters (35-39) 86kg,Rhoda Ko,83.75,53,57,-60,67,71,-75,57,71,128
"2025 Virus Weightlifting Finals, Powered by Rogue Fitness",2025-12-04,Women's Masters (40-44) 58kg,Bianca Leone,56.8,53,-55,56,68,-70,72,56,72,128
"2025 Virus Weightlifting Finals, Powered by Rogue Fitness",2025-12-06,Women's 13 Under Age Group 63+kg,Lily Ontiveros,88.6,-53,53,55,68,72,-75,55,72,127
"2025 Virus Weightlifting Finals, Powered by Rogue Fitness",2025-12-06,Women's 14-15 Age Group 69+kg,Vivienne Lefebvre,103.05,52,55,57,63,67,70,57,70,127
"2025 Virus Weightlifting Finals, Powered by Rogue Fitness",2025-12-04,Women's Masters (50-54) 58kg,Mira Kwon Gracia,57.65,56,-59,-59,68,71,-74,56,71,127
"2025 Virus Weightlifting Finals, Powered by Rogue Fitness",2025-12-04,Women's 16-17 Age Group 53kg,Amelia Ciriaco,52.25,55,57,-60,70,-73,-73,57,70,127
"2025 Virus Weightlifting Finals, Powered by Rogue Fitness",2025-12-05,Women's Masters (40-44) 86+kg,Diana Thorne,114.95,52,55,-57,71,-75,-75,55,71,126
"2025 Virus Weightlifting Finals, Powered by Rogue Fitness",2025-12-05,Women's Masters (45-49) 58kg,Rachel Batista,57.05,53,-55,55,65,68,71,55,71,126
"2025 Virus Weightlifting Finals, Powered by Rogue Fitness",2025-12-04,Junior Women's 48kg,Jayleen Sanchez,47.7,49,-51,52,70,74,-77,52,74,126
"2025 Virus Weightlifting Finals, Powered by Rogue Fitness",2025-12-04,Women's Masters (35-39) 53kg,Amy Livingston,52.8,51,-53,53,68,71,73,53,73,126
"2025 Virus Weightlifting Finals, Powered by Rogue Fitness",2025-12-06,Men's 13 Under Age Group 65+kg,Aiden Aintrazi,91.05,50,53,55,65,-69,71,55,71,126
"2025 Virus Weightlifting Finals, Powered by Rogue Fitness",2025-12-07,Women's Masters (35-39) 86+kg,SARAH FORGUE,88.75,53,56,-59,70,-73,-73,56,70,126
"2025 Virus Weightlifting Finals, Powered by Rogue Fitness",2025-12-07,Women's Masters (35-39) 86+kg,Christine Harris,96.7,52,54,-56,69,-71,72,54,72,126
"2025 Virus Weightlifting Finals, Powered by Rogue Fitness",2025-12-05,Women's Masters (40-44) 69kg,Karen O'Donnell,68.8,52,55,-58,-69,-71,71,55,71,126
"2025 Virus Weightlifting Finals, Powered by Rogue Fitness",2025-12-05,Women's Masters (45-49) 69kg,Alexis Horn,68.2,53,-56,56,63,66,69,56,69,125
"2025 Virus Weightlifting Finals, Powered by Rogue Fitness",2025-12-05,Women's 14-15 Age Group 63kg,Kimmiann Porter,62.05,52,55,60,65,-70,-70,60,65,125
"2025 Virus Weightlifting Finals, Powered by Rogue Fitness",2025-12-05,Women's Masters (45-49) 86+kg,Candace  Sneed,90.4,-57,60,-63,-65,65,-66,60,65,125
"2025 Virus Weightlifting Finals, Powered by Rogue Fitness",2025-12-06,Women's 14-15 Age Group 69+kg,Abigail Wunderlich,70.55,-55,55,-60,66,70,-73,55,70,125
"2025 Virus Weightlifting Finals, Powered by Rogue Fitness",2025-12-06,Women's Masters (35-39) 77kg,Claire Ungashick,75.3,55,58,60,65,-68,-68,60,65,125
"2025 Virus Weightlifting Finals, Powered by Rogue Fitness",2025-12-04,Men's 14-15 Age Group 56kg,Arin Santosh,55.5,55,60,-63,65,-70,-70,60,65,125
"2025 Virus Weightlifting Finals, Powered by Rogue Fitness",2025-12-07,Women's Masters (40-44) 86kg,Yvonne Rodriguez,83.9,47,50,52,69,72,-75,52,72,124
"2025 Virus Weightlifting Finals, Powered by Rogue Fitness",2025-12-04,Men's Masters (65-69) 88kg,Carlos Martinez,84.45,50,52,54,65,70,-75,54,70,124
"2025 Virus Weightlifting Finals, Powered by Rogue Fitness",2025-12-05,Women's 16-17 Age Group 63kg,Victoria  Winn,59.45,53,56,-59,65,68,-71,56,68,124
"2025 Virus Weightlifting Finals, Powered by Rogue Fitness",2025-12-06,Women's Masters (35-39) 77kg,Alexandrea Canlas,75.85,53,57,-60,64,-67,67,57,67,124
"2025 Virus Weightlifting Finals, Powered by Rogue Fitness",2025-12-06,Men's 13 Under Age Group 65+kg,Justin Kleppen ,76.55,50,54,56,63,68,-72,56,68,124
"2025 Virus Weightlifting Finals, Powered by Rogue Fitness",2025-12-05,Women's Masters (40-44) 69kg,Kathleen Hafeli,68.75,57,-59,-60,-67,67,-72,57,67,124
"2025 Virus Weightlifting Finals, Powered by Rogue Fitness",2025-12-05,Women's Masters (40-44) 77kg,Tracy Wong,75.3,53,-56,-57,65,70,-74,53,70,123
"2025 Virus Weightlifting Finals, Powered by Rogue Fitness",2025-12-04,Women's 14-15 Age Group 53kg,Emersyn Formanek,50.7,50,53,56,64,67,-70,56,67,123
"2025 Virus Weightlifting Finals, Powered by Rogue Fitness",2025-12-04,Women's 16-17 Age Group 53kg,Julia Smith,50.9,46,50,53,63,67,70,53,70,123
"2025 Virus Weightlifting Finals, Powered by Rogue Fitness",2025-12-04,Women's 16-17 Age Group 58kg,Elizabeth Klinge,56.2,55,58,-62,-65,65,-69,58,65,123
"2025 Virus Weightlifting Finals, Powered by Rogue Fitness",2025-12-04,Women's Masters (50-54) 77kg,Gwendolyn Montgomery,73.5,55,-57,-57,63,65,67,55,67,122
"2025 Virus Weightlifting Finals, Powered by Rogue Fitness",2025-12-06,Men's 13 Under Age Group 60kg,Armando Gonzalez,58.8,48,-52,54,64,68,-71,54,68,122
"2025 Virus Weightlifting Finals, Powered by Rogue Fitness",2025-12-07,Women's Masters (35-39) 86+kg,Nicole Jokola,101.25,46,49,51,68,-71,71,51,71,122
"2025 Virus Weightlifting Finals, Powered by Rogue Fitness",2025-12-05,Women's Masters (40-44) 86kg,Morgan Lueck,85.35,45,48,51,65,68,70,51,70,121
"2025 Virus Weightlifting Finals, Powered by Rogue Fitness",2025-12-06,Women's 14-15 Age Group 69+kg,Hannelore Brown,75.1,-55,-55,55,66,-69,-69,55,66,121
"2025 Virus Weightlifting Finals, Powered by Rogue Fitness",2025-12-04,Women's Masters (50-54) 77kg,Elizabeth Korchnak,73.4,55,-57,-57,-65,65,-68,55,65,120
"2025 Virus Weightlifting Finals, Powered by Rogue Fitness",2025-12-06,Women's Masters (35-39) 77kg,Ashley Castro,72.85,46,-48,48,68,-71,72,48,72,120
"2025 Virus Weightlifting Finals, Powered by Rogue Fitness",2025-12-05,Women's Masters (45-49) 86+kg,Janice Truitt,90.4,50,53,56,-62,63,-66,56,63,119
"2025 Virus Weightlifting Finals, Powered by Rogue Fitness",2025-12-05,Women's Masters (45-49) 48kg,Melissa Sue Jutras Kamphake,47.8,50,52,54,-63,63,65,54,65,119
"2025 Virus Weightlifting Finals, Powered by Rogue Fitness",2025-12-05,Women's Masters (45-49) 63kg,Jessie Amanda Higdon,61.7,50,54,-58,65,-69,-70,54,65,119
"2025 Virus Weightlifting Finals, Powered by Rogue Fitness",2025-12-06,Women's 14-15 Age Group 69+kg,Kinlee Apalategui ,82.6,50,53,56,-63,63,-66,56,63,119
"2025 Virus Weightlifting Finals, Powered by Rogue Fitness",2025-12-06,Women's Masters (35-39) 53kg,Chelsea Hardesty,51.5,45,48,51,62,65,68,51,68,119
"2025 Virus Weightlifting Finals, Powered by Rogue Fitness",2025-12-06,Women's Masters (35-39) 63kg,Derien Pratt,59.55,52,-55,-56,-65,67,-71,52,67,119
"2025 Virus Weightlifting Finals, Powered by Rogue Fitness",2025-12-06,Women's Masters (35-39) 86kg,Hope  Justice,80.9,50,53,-56,63,66,-70,53,66,119
"2025 Virus Weightlifting Finals, Powered by Rogue Fitness",2025-12-05,Women's Masters (40-44) 53kg,Karen Agena,52.55,47,49,52,64,67,-70,52,67,119
"2025 Virus Weightlifting Finals, Powered by Rogue Fitness",2025-12-06,Women's Masters (40-44) 77kg,Rebecka Guilfoyle,74.75,-46,47,49,64,-67,69,49,69,118
"2025 Virus Weightlifting Finals, Powered by Rogue Fitness",2025-12-06,Women's 13 Under Age Group 63+kg,Mikaella Bowens,97.95,47,49,52,63,-66,66,52,66,118
"2025 Virus Weightlifting Finals, Powered by Rogue Fitness",2025-12-04,Women's Masters (55-59) 77kg,Lisa Talcott,74.05,50,53,55,60,-63,63,55,63,118
"2025 Virus Weightlifting Finals, Powered by Rogue Fitness",2025-12-05,Women's Masters (35-39) 77kg,Christina Barajas,70.75,49,51,-53,64,67,-70,51,67,118
"2025 Virus Weightlifting Finals, Powered by Rogue Fitness",2025-12-06,Men's 13 Under Age Group 60kg,Anthony De-La-Cruz,57.95,50,53,55,63,-67,-69,55,63,118
"2025 Virus Weightlifting Finals, Powered by Rogue Fitness",2025-12-07,Women's Masters (45-49) 86+kg,Monica Tokarsky,106.95,48,51,54,59,63,-66,54,63,117
"2025 Virus Weightlifting Finals, Powered by Rogue Fitness",2025-12-07,Women's Masters (35-39) 86kg,Amy Haberstich,80.35,44,47,50,60,64,67,50,67,117
"2025 Virus Weightlifting Finals, Powered by Rogue Fitness",2025-12-05,Women's Masters (40-44) 69kg,Stormy Weather,68.6,55,-57,-57,60,-62,62,55,62,117
"2025 Virus Weightlifting Finals, Powered by Rogue Fitness",2025-12-05,Women's Masters (45-49) 58kg,Michelle Kempner,57.9,50,-53,-54,63,-66,66,50,66,116
"2025 Virus Weightlifting Finals, Powered by Rogue Fitness",2025-12-06,Women's 13 Under Age Group 63+kg,Hadiza Issa-Michaud,67.2,50,52,-53,61,64,-66,52,64,116
"2025 Virus Weightlifting Finals, Powered by Rogue Fitness",2025-12-06,Women's 13 Under Age Group 63+kg,Abigail Teper,110,43,47,51,-60,60,65,51,65,116
"2025 Virus Weightlifting Finals, Powered by Rogue Fitness",2025-12-04,Women's 16-17 Age Group 58kg,Alana Kargas,55.3,50,53,-58,58,-63,63,53,63,116
"2025 Virus Weightlifting Finals, Powered by Rogue Fitness",2025-12-06,Women's Masters (35-39) 69kg,Ashley Burnell,67.9,49,51,-53,60,63,65,51,65,116
"2025 Virus Weightlifting Finals, Powered by Rogue Fitness",2025-12-06,Women's Masters (35-39) 77kg,Jane Kruszewski,76,46,48,50,64,66,-68,50,66,116
"2025 Virus Weightlifting Finals, Powered by Rogue Fitness",2025-12-05,Women's Masters (40-44) 63kg,Desiree Gonzalez,60.7,50,-52,-52,63,66,-68,50,66,116
"2025 Virus Weightlifting Finals, Powered by Rogue Fitness",2025-12-05,Women's Masters (40-44) 69kg,Samantha Belgard,66.6,50,-53,-54,-65,66,-70,50,66,116
"2025 Virus Weightlifting Finals, Powered by Rogue Fitness",2025-12-04,Women's Masters (55-59) 77kg,Candace Dees-Barrios,74.2,49,-51,-51,63,66,-69,49,66,115
"2025 Virus Weightlifting Finals, Powered by Rogue Fitness",2025-12-04,Women's 16-17 Age Group 58kg,Jolie Busby,56.15,50,-53,-55,65,-70,-71,50,65,115
"2025 Virus Weightlifting Finals, Powered by Rogue Fitness",2025-12-04,Women's Masters (35-39) 58kg,Marissa Reeves,57.6,-49,49,52,60,63,-67,52,63,115
"2025 Virus Weightlifting Finals, Powered by Rogue Fitness",2025-12-06,Men's 13 Under Age Group 48kg,Mirko Persico,44.75,49,-52,52,58,60,63,52,63,115
"2025 Virus Weightlifting Finals, Powered by Rogue Fitness",2025-12-04,Women's Masters (40-44) 53kg,Sabrina Liu,50.95,51,-53,53,-61,62,-65,53,62,115
"2025 Virus Weightlifting Finals, Powered by Rogue Fitness",2025-12-06,Women's 13 Under Age Group 63kg,Madison Hatcher,62.8,46,-49,49,59,62,65,49,65,114
"2025 Virus Weightlifting Finals, Powered by Rogue Fitness",2025-12-05,Women's Masters (45-49) 63kg,Lita Morris,60.2,42,44,-46,67,70,-73,44,70,114
"2025 Virus Weightlifting Finals, Powered by Rogue Fitness",2025-12-05,Women's Masters (45-49) 77kg,Heather Krause,74.4,49,51,53,59,61,-64,53,61,114
"2025 Virus Weightlifting Finals, Powered by Rogue Fitness",2025-12-04,Men's Masters (55-59) 65kg,John Destacamento,64.65,52,-55,-56,62,-66,-66,52,62,114
"2025 Virus Weightlifting Finals, Powered by Rogue Fitness",2025-12-04,Women's Masters (50-54) 63kg,Teresa Miller,61.05,50,52,-54,60,62,-64,52,62,114
"2025 Virus Weightlifting Finals, Powered by Rogue Fitness",2025-12-04,Women's 16-17 Age Group 53kg,shayla strickland,50.6,48,51,-55,60,63,-67,51,63,114
"2025 Virus Weightlifting Finals, Powered by Rogue Fitness",2025-12-06,Women's Masters (35-39) 58kg,Gina Gatlin,57.4,-47,47,50,58,61,64,50,64,114
"2025 Virus Weightlifting Finals, Powered by Rogue Fitness",2025-12-05,Women's Masters (40-44) 69kg,Rachel Romano,68.1,49,-51,-51,59,62,65,49,65,114
"2025 Virus Weightlifting Finals, Powered by Rogue Fitness",2025-12-05,Women's Masters (45-49) 48kg,Heather Thrush,46.75,-49,49,-51,61,64,-66,49,64,113
"2025 Virus Weightlifting Finals, Powered by Rogue Fitness",2025-12-05,Women's Masters (45-49) 77kg,Veronica Noone,75.45,47,-50,-50,-66,-66,66,47,66,113
"2025 Virus Weightlifting Finals, Powered by Rogue Fitness",2025-12-06,Women's 14-15 Age Group 69+kg,Ellie Kichler,69.3,50,-53,-54,63,-66,-66,50,63,113
"2025 Virus Weightlifting Finals, Powered by Rogue Fitness",2025-12-05,Women's Masters (45-49) 58kg,Rebecca Lee,57.6,45,47,50,62,-65,-67,50,62,112
"2025 Virus Weightlifting Finals, Powered by Rogue Fitness",2025-12-04,Women's 14-15 Age Group 58kg,Addison Williams,54.45,44,47,49,60,63,-66,49,63,112
"2025 Virus Weightlifting Finals, Powered by Rogue Fitness",2025-12-05,Women's 14-15 Age Group 69kg,Aubrey Gibbs,66.95,45,-48,-48,64,67,-70,45,67,112
"2025 Virus Weightlifting Finals, Powered by Rogue Fitness",2025-12-04,Women's Masters (50-54) 77kg,Jennifer Powers,74.55,48,51,53,53,56,59,53,59,112
"2025 Virus Weightlifting Finals, Powered by Rogue Fitness",2025-12-04,Women's 16-17 Age Group 53kg,Emaan Qayyum,51.05,-45,45,48,60,64,-67,48,64,112
"2025 Virus Weightlifting Finals, Powered by Rogue Fitness",2025-12-04,Women's 16-17 Age Group 58kg,Gia  Duva,57.75,46,-49,-49,66,-69,-70,46,66,112
"2025 Virus Weightlifting Finals, Powered by Rogue Fitness",2025-12-06,Women's Masters (35-39) 58kg,Stephanie Langdon,57.45,49,52,-55,60,-64,-66,52,60,112
"2025 Virus Weightlifting Finals, Powered by Rogue Fitness",2025-12-06,Women's Masters (35-39) 58kg,Nicole Meyer ,57.15,47,49,-51,60,62,63,49,63,112
"2025 Virus Weightlifting Finals, Powered by Rogue Fitness",2025-12-06,Women's 13 Under Age Group 58kg,Daniela Millin,54.4,47,-50,50,58,61,-63,50,61,111
"2025 Virus Weightlifting Finals, Powered by Rogue Fitness",2025-12-07,Open Women's 86kg,Ashley Collazo,85.25,48,-53,-53,63,-67,-67,48,63,111
"2025 Virus Weightlifting Finals, Powered by Rogue Fitness",2025-12-05,Women's Masters (40-44) 58kg,Rebecca Chow,57.55,48,-50,-50,61,63,-65,48,63,111
"2025 Virus Weightlifting Finals, Powered by Rogue Fitness",2025-12-06,Women's 13 Under Age Group 63kg,Kayla Doherty,62.75,41,43,46,56,59,64,46,64,110
"2025 Virus Weightlifting Finals, Powered by Rogue Fitness",2025-12-05,Women's Masters (45-49) 63kg,Linda Nguyen,60.3,44,-46,-47,62,64,66,44,66,110
"2025 Virus Weightlifting Finals, Powered by Rogue Fitness",2025-12-04,Women's Masters (55-59) 86kg,Krista Dornbush,78.35,41,44,-46,61,63,66,44,66,110
"2025 Virus Weightlifting Finals, Powered by Rogue Fitness",2025-12-06,Men's 13 Under Age Group 44kg,David Grafton,43.85,-48,48,-51,58,60,62,48,62,110
"2025 Virus Weightlifting Finals, Powered by Rogue Fitness",2025-12-05,Women's Masters (40-44) 58kg,Joy Munyan,55.15,-48,49,-52,-61,61,-64,49,61,110
"2025 Virus Weightlifting Finals, Powered by Rogue Fitness",2025-12-06,Women's 13 Under Age Group 48kg,Lila Mangan,47.5,44,47,49,54,57,60,49,60,109
"2025 Virus Weightlifting Finals, Powered by Rogue Fitness",2025-12-07,Women's Masters (40-44) 86kg,Eileen Brown,85.95,-48,48,-50,61,-63,-63,48,61,109
"2025 Virus Weightlifting Finals, Powered by Rogue Fitness",2025-12-06,Women's 13 Under Age Group 63kg,Taylor Madlansacay,60.4,40,43,46,55,58,63,46,63,109
"2025 Virus Weightlifting Finals, Powered by Rogue Fitness",2025-12-05,Women's Masters (45-49) 77kg,Dena Joyce,76.6,47,49,-50,60,-63,-63,49,60,109
"2025 Virus Weightlifting Finals, Powered by Rogue Fitness",2025-12-04,Women's 16-17 Age Group 53kg,Nora Paoloni,51.35,46,48,-50,58,61,-63,48,61,109
"2025 Virus Weightlifting Finals, Powered by Rogue Fitness",2025-12-04,Women's Masters (40-44) 58kg,Dijana Stojanovski,56.35,-45,46,-48,-61,63,-64,46,63,109
"2025 Virus Weightlifting Finals, Powered by Rogue Fitness",2025-12-05,Women's Masters (45-49) 69kg,Jodi Satkunam,68.15,49,-52,-52,54,-58,59,49,59,108
"2025 Virus Weightlifting Finals, Powered by Rogue Fitness",2025-12-05,Women's Masters (45-49) 86+kg,Jennifer Fournier,91.65,45,-48,48,-60,-60,60,48,60,108
"2025 Virus Weightlifting Finals, Powered by Rogue Fitness",2025-12-06,Men's 13 Under Age Group 65+kg,Carson Rhodas,89.1,-50,50,-53,58,-62,-65,50,58,108
"2025 Virus Weightlifting Finals, Powered by Rogue Fitness",2025-12-05,Women's Masters (45-49) 77kg,Pennye Stansel,69.4,45,-47,47,58,60,-63,47,60,107
"2025 Virus Weightlifting Finals, Powered by Rogue Fitness",2025-12-04,Women's Masters (55-59) 63kg,Evelyn Knight,58.85,42,-44,44,59,61,63,44,63,107
"2025 Virus Weightlifting Finals, Powered by Rogue Fitness",2025-12-04,Women's Masters (55-59) 86+kg,Zara Williams,95.55,46,49,52,55,-57,-57,52,55,107
"2025 Virus Weightlifting Finals, Powered by Rogue Fitness",2025-12-06,Women's Masters (35-39) 77kg,kristi Cooke,72.3,-46,46,49,-58,58,-61,49,58,107
"2025 Virus Weightlifting Finals, Powered by Rogue Fitness",2025-12-06,Men's 13 Under Age Group 60kg,Gideon Hayhoe,59.6,-45,45,47,56,60,-64,47,60,107
"2025 Virus Weightlifting Finals, Powered by Rogue Fitness",2025-12-05,Women's Masters (40-44) 48kg,Tiffany Gutknecht,46.8,45,47,49,55,58,-62,49,58,107
"2025 Virus Weightlifting Finals, Powered by Rogue Fitness",2025-12-06,Women's 13 Under Age Group 63+kg,Imani Washington,77.95,41,44,-46,60,-62,62,44,62,106
"2025 Virus Weightlifting Finals, Powered by Rogue Fitness",2025-12-04,Women's 14-15 Age Group 53kg,Makennah Goh,52.5,43,-45,45,55,58,61,45,61,106
"2025 Virus Weightlifting Finals, Powered by Rogue Fitness",2025-12-04,Women's 16-17 Age Group 53kg,Ciara Livingston,51,46,-49,-50,-60,60,-63,46,60,106
"2025 Virus Weightlifting Finals, Powered by Rogue Fitness",2025-12-04,Women's Masters (70-74) 69kg,Holly Arrow,63.6,44,46,48,56,58,-60,48,58,106
"2025 Virus Weightlifting Finals, Powered by Rogue Fitness",2025-12-04,Women's Masters (40-44) 58kg,Angela White,57.7,-48,48,-51,58,-61,-63,48,58,106
"2025 Virus Weightlifting Finals, Powered by Rogue Fitness",2025-12-06,Women's 13 Under Age Group 63+kg,Mia Brown,80.85,46,50,-54,55,-59,-59,50,55,105
"2025 Virus Weightlifting Finals, Powered by Rogue Fitness",2025-12-04,Women's 14-15 Age Group 58kg,Jaliyah Thurmon,56.95,43,45,-48,57,-60,60,45,60,105
"2025 Virus Weightlifting Finals, Powered by Rogue Fitness",2025-12-06,Men's 13 Under Age Group 65+kg,Jackson Price,71.8,42,44,-46,56,59,61,44,61,105
"2025 Virus Weightlifting Finals, Powered by Rogue Fitness",2025-12-06,Women's Masters (45-49) 77kg,Torie Mathis,70,44,46,48,-55,56,-59,48,56,104
"2025 Virus Weightlifting Finals, Powered by Rogue Fitness",2025-12-04,Women's 16-17 Age Group 48kg,Skylar  Fernandes,46.35,43,46,-48,-58,58,-62,46,58,104
"2025 Virus Weightlifting Finals, Powered by Rogue Fitness",2025-12-06,Women's 13 Under Age Group 53kg,Sophia Hippelheuser,49.45,43,45,-48,53,55,58,45,58,103
"2025 Virus Weightlifting Finals, Powered by Rogue Fitness",2025-12-04,Men's Masters (80+) 88kg,Barry Lewis,86.25,43,45,-47,55,58,-61,45,58,103
"2025 Virus Weightlifting Finals, Powered by Rogue Fitness",2025-12-04,Women's Masters (55-59) 86kg,Kelley Howell,80.3,43,45,-47,55,58,-61,45,58,103
"2025 Virus Weightlifting Finals, Powered by Rogue Fitness",2025-12-04,Women's Masters (60-64) 63kg,Kelly Garber,61.25,42,45,47,53,56,-58,47,56,103
"2025 Virus Weightlifting Finals, Powered by Rogue Fitness",2025-12-06,Women's Masters (35-39) 58kg,Meagan Chisholm,57.1,43,-45,-45,60,-65,-65,43,60,103
"2025 Virus Weightlifting Finals, Powered by Rogue Fitness",2025-12-05,Women's Masters (40-44) 58kg,Michelle Wu,57.15,-45,45,-47,-58,58,-60,45,58,103
"2025 Virus Weightlifting Finals, Powered by Rogue Fitness",2025-12-06,Women's 13 Under Age Group 44kg,Annalee Seek,43.45,41,44,46,53,56,-59,46,56,102
"2025 Virus Weightlifting Finals, Powered by Rogue Fitness",2025-12-06,Women's 13 Under Age Group 63kg,Hadley Chandler,61.75,41,43,45,54,57,-60,45,57,102
"2025 Virus Weightlifting Finals, Powered by Rogue Fitness",2025-12-04,Women's Masters (55-59) 63kg,Susan Gerhard,59.75,43,45,47,-55,55,-58,47,55,102
"2025 Virus Weightlifting Finals, Powered by Rogue Fitness",2025-12-04,Women's Masters (60-64) 77kg,Gwen Chamberlin,72.95,41,44,46,52,54,56,46,56,102
"2025 Virus Weightlifting Finals, Powered by Rogue Fitness",2025-12-04,Women's Masters (35-39) 58kg,Alyssa Cypher,57.65,-43,43,-46,-56,56,59,43,59,102
"2025 Virus Weightlifting Finals, Powered by Rogue Fitness",2025-12-06,Men's 13 Under Age Group 65+kg,Cooper Kinsley,68.1,40,43,46,52,56,-60,46,56,102
"2025 Virus Weightlifting Finals, Powered by Rogue Fitness",2025-12-05,Women's Masters (40-44) 58kg,Allyson Cochran,56.95,46,48,50,50,52,-55,50,52,102
"2025 Virus Weightlifting Finals, Powered by Rogue Fitness",2025-12-04,Women's 16-17 Age Group 53kg,Desirae Phoenix,51.6,45,-47,-47,56,-59,-59,45,56,101
"2025 Virus Weightlifting Finals, Powered by Rogue Fitness",2025-12-04,Women's 16-17 Age Group 53kg,Zoe Macias,52.3,-42,43,-45,55,58,-61,43,58,101
"2025 Virus Weightlifting Finals, Powered by Rogue Fitness",2025-12-04,Women's 14-15 Age Group 58kg,Collette Yokel,53.3,-41,41,-43,56,-59,59,41,59,100
"2025 Virus Weightlifting Finals, Powered by Rogue Fitness",2025-12-04,Women's 16-17 Age Group 53kg,Ivy Weiss,52.45,-42,43,-46,-57,57,-60,43,57,100
"2025 Virus Weightlifting Finals, Powered by Rogue Fitness",2025-12-05,Women's Masters (40-44) 63kg,Lorena Pole,60.95,40,43,45,50,53,55,45,55,100
"2025 Virus Weightlifting Finals, Powered by Rogue Fitness",2025-12-07,Women's Masters (50-54) 86+kg,Carrie Evavold,104.1,-42,42,-44,55,57,-60,42,57,99
"2025 Virus Weightlifting Finals, Powered by Rogue Fitness",2025-12-04,Women's Masters (55-59) 69kg,LeAlyce Miller,66.35,38,40,43,50,53,56,43,56,99
"2025 Virus Weightlifting Finals, Powered by Rogue Fitness",2025-12-05,Women's Masters (45-49) 63kg,Cheryl Banks,61.2,35,38,40,55,58,-61,40,58,98
"2025 Virus Weightlifting Finals, Powered by Rogue Fitness",2025-12-04,Women's 14-15 Age Group 53kg,Emma Hutchison,51.65,-40,-41,41,54,57,-60,41,57,98
"2025 Virus Weightlifting Finals, Powered by Rogue Fitness",2025-12-05,Women's Masters (45-49) 69kg,Jennifer Thomas,68.5,41,43,-45,55,-57,-58,43,55,98
"2025 Virus Weightlifting Finals, Powered by Rogue Fitness",2025-12-05,Women's Masters (45-49) 77kg,Renee Michelle Burnette,72.25,40,43,-45,50,53,55,43,55,98
"2025 Virus Weightlifting Finals, Powered by Rogue Fitness",2025-12-06,Men's 13 Under Age Group 60kg,Angel Santiago,58.8,39,42,45,45,-50,53,45,53,98
"2025 Virus Weightlifting Finals, Powered by Rogue Fitness",2025-12-06,Men's 13 Under Age Group 52kg,Roman Costa,51,40,43,46,46,49,52,46,52,98
"2025 Virus Weightlifting Finals, Powered by Rogue Fitness",2025-12-06,Women's 13 Under Age Group 53kg,Eloise Kostal,52.3,41,-43,43,52,54,-59,43,54,97
"2025 Virus Weightlifting Finals, Powered by Rogue Fitness",2025-12-06,Women's 13 Under Age Group 63+kg,Lucy Brunson,71.2,38,40,-43,55,57,-60,40,57,97
"2025 Virus Weightlifting Finals, Powered by Rogue Fitness",2025-12-06,Women's 13 Under Age Group 58kg,Rylee DeBoer-Rowse,57.65,38,41,44,49,52,-54,44,52,96
"2025 Virus Weightlifting Finals, Powered by Rogue Fitness",2025-12-06,Women's 13 Under Age Group 63+kg,Katelynn Pearce,63.85,39,42,-45,48,-52,54,42,54,96
"2025 Virus Weightlifting Finals, Powered by Rogue Fitness",2025-12-05,Women's 14-15 Age Group 63kg,Leila Ray,62.05,43,-46,-47,53,-56,-58,43,53,96
"2025 Virus Weightlifting Finals, Powered by Rogue Fitness",2025-12-04,Women's Masters (50-54) 58kg,Kim Saito,57.45,38,41,-43,55,-58,-58,41,55,96
"2025 Virus Weightlifting Finals, Powered by Rogue Fitness",2025-12-06,Women's 13 Under Age Group 63+kg,Kiera Woods,67.5,38,40,-42,52,55,-57,40,55,95
"2025 Virus Weightlifting Finals, Powered by Rogue Fitness",2025-12-04,Women's 16-17 Age Group 48kg,Zairah Farid,47.2,-37,-39,39,53,56,-59,39,56,95
"2025 Virus Weightlifting Finals, Powered by Rogue Fitness",2025-12-04,Women's Masters (55-59) 58kg,Lucille Lopez,56.05,36,-38,38,52,55,57,38,57,95
"2025 Virus Weightlifting Finals, Powered by Rogue Fitness",2025-12-05,Women's Masters (40-44) 63kg,Amber Ellis,62.5,36,-38,38,55,57,-59,38,57,95
"2025 Virus Weightlifting Finals, Powered by Rogue Fitness",2025-12-06,Women's 13 Under Age Group 44kg,Layla Johnson,40.65,35,37,39,50,53,55,39,55,94
"2025 Virus Weightlifting Finals, Powered by Rogue Fitness",2025-12-06,Men's 13 Under Age Group 65kg,Ashton Gibbs,61.8,34,37,40,54,-57,-60,40,54,94
"2025 Virus Weightlifting Finals, Powered by Rogue Fitness",2025-12-06,Men's 13 Under Age Group 65+kg,Christopher Walker,68.6,38,-41,41,-50,52,-57,41,52,93
"2025 Virus Weightlifting Finals, Powered by Rogue Fitness",2025-12-06,Women's 13 Under Age Group 58kg,Eesha Pallath,56.7,38,41,44,48,-51,-51,44,48,92
"2025 Virus Weightlifting Finals, Powered by Rogue Fitness",2025-12-04,Women's Masters (55-59) 58kg,Holly Santwire,56.45,42,44,-47,45,48,-50,44,48,92
"2025 Virus Weightlifting Finals, Powered by Rogue Fitness",2025-12-04,Women's 16-17 Age Group 48kg,Trinity Woodley ,44.4,39,-42,-42,46,49,52,39,52,91
"2025 Virus Weightlifting Finals, Powered by Rogue Fitness",2025-12-04,Women's Masters (65-69) 86+kg,Deborah Strobel,88.25,37,39,41,47,50,-53,41,50,91
"2025 Virus Weightlifting Finals, Powered by Rogue Fitness",2025-12-04,Women's Masters (50-54) 48kg,Janet Chow,43.8,35,37,39,49,51,-54,39,51,90
"2025 Virus Weightlifting Finals, Powered by Rogue Fitness",2025-12-04,Women's Masters (50-54) 58kg,Wendi Lubinus,56.5,40,-42,-42,-49,-50,50,40,50,90
"2025 Virus Weightlifting Finals, Powered by Rogue Fitness",2025-12-04,Women's Masters (55-59) 63kg,Sharon Wetherall,61.25,38,40,42,45,47,-50,42,47,89
"2025 Virus Weightlifting Finals, Powered by Rogue Fitness",2025-12-06,Women's 13 Under Age Group 53kg,Sadie Cirbus,52.45,39,-41,-42,-49,50,-53,39,50,89
"2025 Virus Weightlifting Finals, Powered by Rogue Fitness",2025-12-06,Women's 13 Under Age Group 44kg,Violet Hayhoe,41.65,32,35,-38,50,-52,53,35,53,88
"2025 Virus Weightlifting Finals, Powered by Rogue Fitness",2025-12-06,Women's 13 Under Age Group 53kg,Charlee Meyer,52.1,34,37,40,41,44,48,40,48,88
"2025 Virus Weightlifting Finals, Powered by Rogue Fitness",2025-12-05,Women's Masters (45-49) 58kg,Ann Marie Hicho,56.8,40,-43,-43,48,-51,-53,40,48,88
"2025 Virus Weightlifting Finals, Powered by Rogue Fitness",2025-12-04,Women's Masters (50-54) 48kg,Julie Carmody,43.4,36,38,-40,46,48,50,38,50,88
"2025 Virus Weightlifting Finals, Powered by Rogue Fitness",2025-12-04,Women's Masters (55-59) 69kg,Vicki Myers,67.35,37,40,-43,-48,-48,48,40,48,88
"2025 Virus Weightlifting Finals, Powered by Rogue Fitness",2025-12-04,Women's Masters (40-44) 53kg,Gina  Caplan,51.35,36,38,41,47,-50,-53,41,47,88
"2025 Virus Weightlifting Finals, Powered by Rogue Fitness",2025-12-06,Women's 13 Under Age Group 44kg,Alena Griesser,40.7,32,37,-42,46,50,-54,37,50,87
"2025 Virus Weightlifting Finals, Powered by Rogue Fitness",2025-12-04,Women's 16-17 Age Group 44kg,Adalae Caruso,43.45,-35,35,38,45,49,-53,38,49,87
"2025 Virus Weightlifting Finals, Powered by Rogue Fitness",2025-12-04,Women's Masters (55-59) 86+kg,Jana Berhow,108.7,36,38,40,43,45,47,40,47,87
"2025 Virus Weightlifting Finals, Powered by Rogue Fitness",2025-12-04,Women's Masters (65-69) 86kg,Doncella Young,84.65,35,37,39,44,46,48,39,48,87
"2025 Virus Weightlifting Finals, Powered by Rogue Fitness",2025-12-06,Men's 13 Under Age Group 52kg,Kayden Doherty,48.2,32,34,36,48,51,-53,36,51,87
"2025 Virus Weightlifting Finals, Powered by Rogue Fitness",2025-12-06,Men's 13 Under Age Group 52kg,Xander Boese,51.45,31,34,37,42,46,50,37,50,87
"2025 Virus Weightlifting Finals, Powered by Rogue Fitness",2025-12-06,Women's 13 Under Age Group 63+kg,Veisinia Kaho,69.8,34,36,37,45,47,49,37,49,86
"2025 Virus Weightlifting Finals, Powered by Rogue Fitness",2025-12-05,Women's Masters (45-49) 63kg,Maja Hart,61.6,36,-39,-39,-49,-49,49,36,49,85
"2025 Virus Weightlifting Finals, Powered by Rogue Fitness",2025-12-04,Women's Masters (50-54) 58kg,Leandra Smith,57.45,36,-38,38,46,-48,-48,38,46,84
"2025 Virus Weightlifting Finals, Powered by Rogue Fitness",2025-12-04,Women's Masters (55-59) 53kg,Beth DiFelice,52.05,35,-37,37,45,47,-49,37,47,84
"2025 Virus Weightlifting Finals, Powered by Rogue Fitness",2025-12-06,Women's 13 Under Age Group 44kg,Avery Morelli,41.1,31,34,37,43,46,-51,37,46,83
"2025 Virus Weightlifting Finals, Powered by Rogue Fitness",2025-12-06,Women's 13 Under Age Group 53kg,Avery Deaver,51.4,34,36,38,-42,42,45,38,45,83
"2025 Virus Weightlifting Finals, Powered by Rogue Fitness",2025-12-04,Women's Masters (55-59) 53kg,Elizabeth Weil,51.2,31,33,35,45,47,-49,35,47,82
"2025 Virus Weightlifting Finals, Powered by Rogue Fitness",2025-12-06,Women's 13 Under Age Group 44kg,Charlotte Sullivan,42.7,31,33,35,-43,43,46,35,46,81
"2025 Virus Weightlifting Finals, Powered by Rogue Fitness",2025-12-06,Men's 13 Under Age Group 48kg,Hector Garcia,47.4,-34,34,-35,44,47,-50,34,47,81
"2025 Virus Weightlifting Finals, Powered by Rogue Fitness",2025-12-06,Women's 13 Under Age Group 30kg,Rayya Howard,29.3,33,-36,-36,43,45,47,33,47,80
"2025 Virus Weightlifting Finals, Powered by Rogue Fitness",2025-12-06,Women's 13 Under Age Group 58kg,Mila Kaufman,57.25,30,32,34,40,43,46,34,46,80
"2025 Virus Weightlifting Finals, Powered by Rogue Fitness",2025-12-04,Women's Masters (65-69) 69kg,Kate Mitchell,64.5,30,-32,32,45,48,-51,32,48,80
"2025 Virus Weightlifting Finals, Powered by Rogue Fitness",2025-12-04,Women's Masters (65-69) 86kg,Lenore Grijalva,84.65,32,-34,34,45,-48,-48,34,45,79
"2025 Virus Weightlifting Finals, Powered by Rogue Fitness",2025-12-04,Women's Masters (55-59) 69kg,Gladys Spaulding,67.8,33,-35,-36,43,45,-47,33,45,78
"2025 Virus Weightlifting Finals, Powered by Rogue Fitness",2025-12-04,Women's Masters (60-64) 48kg,Akiko Stojek,47.1,33,-35,-35,43,45,-49,33,45,78
"2025 Virus Weightlifting Finals, Powered by Rogue Fitness",2025-12-06,Women's 13 Under Age Group 48kg,Aurora Garland,44.9,33,35,-37,42,-44,-44,35,42,77
"2025 Virus Weightlifting Finals, Powered by Rogue Fitness",2025-12-06,Women's 13 Under Age Group 58kg,Diya Vijayaraj,57.5,32,-34,34,41,43,-45,34,43,77
"2025 Virus Weightlifting Finals, Powered by Rogue Fitness",2025-12-04,Women's Masters (65-69) 58kg,Kellie Moylan,56.45,32,34,-35,40,42,-44,34,42,76
"2025 Virus Weightlifting Finals, Powered by Rogue Fitness",2025-12-04,Women's Masters (70-74) 63kg,Deborah Robinson,60.4,29,33,-35,-41,41,-43,33,41,74
"2025 Virus Weightlifting Finals, Powered by Rogue Fitness",2025-12-06,Women's 13 Under Age Group 53kg,Marie (Paige) Stull,48.95,27,30,33,37,40,-42,33,40,73
"2025 Virus Weightlifting Finals, Powered by Rogue Fitness",2025-12-06,Men's 13 Under Age Group 52kg,"Al Costa, Jr",52,30,33,36,-35,37,-43,36,37,73
"2025 Virus Weightlifting Finals, Powered by Rogue Fitness",2025-12-04,Women's Masters (60-64) 58kg,Deanna Johnson,56.95,32,34,-36,38,-40,-40,34,38,72
"2025 Virus Weightlifting Finals, Powered by Rogue Fitness",2025-12-06,Women's 13 Under Age Group 53kg,Leah Kaufman,52.85,28,31,-33,40,-43,-45,31,40,71
"2025 Virus Weightlifting Finals, Powered by Rogue Fitness",2025-12-04,Women's Masters (60-64) 58kg,Debbie Bennett,53.65,26,28,-30,38,40,43,28,43,71
"2025 Virus Weightlifting Finals, Powered by Rogue Fitness",2025-12-04,Women's Masters (65-69) 53kg,Robin Lewis-Dimond,51.3,28,-30,-30,38,40,-44,28,40,68
"2025 Virus Weightlifting Finals, Powered by Rogue Fitness",2025-12-05,Women's Masters (65-69) 63kg,Kim Washington,60.65,30,32,33,32,34,35,33,35,68
"2025 Virus Weightlifting Finals, Powered by Rogue Fitness",2025-12-04,Women's Masters (70-74) 58kg,Janet Gelman,54.35,25,27,30,30,33,36,30,36,66
"2025 Virus Weightlifting Finals, Powered by Rogue Fitness",2025-12-06,Men's 13 Under Age Group 36kg,Bryce Miller,33.05,25,-27,27,35,38,-41,27,38,65
"2025 Virus Weightlifting Finals, Powered by Rogue Fitness",2025-12-04,Women's Masters (60-64) 53kg,gaby morgerman,51.1,22,24,-25,33,-35,36,24,36,60
"2025 Virus Weightlifting Finals, Powered by Rogue Fitness",2025-12-04,Women's Masters (60-64) 69kg,Shannon Sanchez,66.5,22,24,-26,31,-33,35,24,35,59
"2025 Virus Weightlifting Finals, Powered by Rogue Fitness",2025-12-06,Men's 13 Under Age Group 32kg,Grayson Ibrahim,31.95,-26,-26,26,-31,32,-34,26,32,58
"2025 Virus Weightlifting Finals, Powered by Rogue Fitness",2025-12-04,Women's Masters (65-69) 58kg,Jocelyn Ludlow,56.65,21,23,-25,-32,33,-35,23,33,56
"2025 Virus Weightlifting Finals, Powered by Rogue Fitness",2025-12-06,Women's 13 Under Age Group 36kg,Gianna Palmer,33.3,20,-23,23,28,30,31,23,31,54
"2025 Virus Weightlifting Finals, Powered by Rogue Fitness",2025-12-06,Men's 13 Under Age Group 40kg,Garrett White,37.2,21,24,-27,-28,28,30,24,30,54
"2025 Virus Weightlifting Finals, Powered by Rogue Fitness",2025-12-06,Men's 13 Under Age Group 40kg,Ellis Ruiz,39.65,18,20,22,27,29,31,22,31,53
"2025 Virus Weightlifting Finals, Powered by Rogue Fitness",2025-12-04,Women's 16-17 Age Group 58kg,Miley Vaughan,54.35,20,-22,-22,30,32,-33,20,32,52
"2025 Virus Weightlifting Finals, Powered by Rogue Fitness",2025-12-06,Women's 13 Under Age Group 33kg,Avery Gillum,30.3,18,20,21,27,29,-31,21,29,50
"2025 Virus Weightlifting Finals, Powered by Rogue Fitness",2025-12-06,Women's 13 Under Age Group 33kg,Gabrielle Myles,31.45,18,20,-22,26,28,-30,20,28,48
"2025 Virus Weightlifting Finals, Powered by Rogue Fitness",2025-12-04,Women's Masters (75+) 48kg,Linda Hunter,46.7,20,-22,-22,25,-28,28,20,28,48
"2025 Virus Weightlifting Finals, Powered by Rogue Fitness",2025-12-05,Women's Masters (40-44) 77kg,Mary Bays,75.4,57,60,-66,-66,-67,-67,60,0,0
"2025 Virus Weightlifting Finals, Powered by Rogue Fitness",2025-12-06,Men's 16-17 Age Group 88kg,Robert Whitlock,86,117,120,-123,-150,-151,-152,120,0,0
"2025 Virus Weightlifting Finals, Powered by Rogue Fitness",2025-12-05,Men's 16-17 Age Group 88kg,Liam Cincotta,86.7,88,-92,93,-103,-104,-104,93,0,0
"2025 Virus Weightlifting Finals, Powered by Rogue Fitness",2025-12-06,Men's Masters (40-44) 94kg,Jordan Jacobs,93.1,108,-111,111,-142,-142,-142,111,0,0
"2025 Virus Weightlifting Finals, Powered by Rogue Fitness",2025-12-05,Men's Masters (45-49) 110kg,Orlando Aspurias ,109.8,-85,-87,-87,110,-112,-114,0,110,0
"2025 Virus Weightlifting Finals, Powered by Rogue Fitness",2025-12-05,Women's Masters (45-49) 69kg,Jennifer Riley,68.3,-57,-58,-58,67,-69,71,0,71,0
"2025 Virus Weightlifting Finals, Powered by Rogue Fitness",2025-12-05,Men's Masters (50-54) 88kg,Mike Osborn,84.35,-81,-81,-83,108,-112,-112,0,108,0
"2025 Virus Weightlifting Finals, Powered by Rogue Fitness",2025-12-05,Men's Masters (50-54) 110+kg,Michael Alchus,116,-80,-80,-80,95,101,107,0,107,0
"2025 Virus Weightlifting Finals, Powered by Rogue Fitness",2025-12-05,Women's Masters (45-49) 86+kg,Natasha Wunderlich,89.9,49,-53,53,-65,-65,-65,53,0,0
"2025 Virus Weightlifting Finals, Powered by Rogue Fitness",2025-12-04,Women's Masters (50-54) 58kg,Amy Herrera,56.65,-41,-41,-41,50,-52,-52,0,50,0
"2025 Virus Weightlifting Finals, Powered by Rogue Fitness",2025-12-06,Junior Women's 69kg,Rilee Whitmore ,67.4,66,-69,71,-95,-95,-96,71,0,0
"2025 Virus Weightlifting Finals, Powered by Rogue Fitness",2025-12-04,Women's 16-17 Age Group 53kg,Isabella Martinez,50.2,-48,-50,-50,60,-64,-67,0,60,0
"2025 Virus Weightlifting Finals, Powered by Rogue Fitness",2025-12-04,Women's 16-17 Age Group 53kg,Trinity Sing,51.45,38,-41,-42,-58,-58,-58,38,0,0
"2025 Virus Weightlifting Finals, Powered by Rogue Fitness",2025-12-06,Junior Women's 77kg,Victoria Carter,76.25,-73,-73,-73,-91,-91,-91,0,0,0
"2025 Virus Weightlifting Finals, Powered by Rogue Fitness",2025-12-04,Women's 16-17 Age Group 58kg,Rebecca Gaden,53.95,-56,-58,-58,70,75,-80,0,75,0
"2025 Virus Weightlifting Finals, Powered by Rogue Fitness",2025-12-04,Women's 16-17 Age Group 58kg,Jaylynne DeMuth,56.1,-51,-52,-52,-64,65,-68,0,65,0
"2025 Virus Weightlifting Finals, Powered by Rogue Fitness",2025-12-05,Open Men's 79kg,Luc Spalding,78.4,-123,-125,-125,153,-158,0,0,153,0
"2025 Virus Weightlifting Finals, Powered by Rogue Fitness",2025-12-05,Open Men's 79kg,Jacob Echols,77.95,115,121,-127,-151,-153,-153,121,0,0
"2025 Virus Weightlifting Finals, Powered by Rogue Fitness",2025-12-05,Open Men's 79kg,Clarence Cummings,78.95,-144,-144,-144,0,0,0,0,0,0
"2025 Virus Weightlifting Finals, Powered by Rogue Fitness",2025-12-05,Women's 16-17 Age Group 63kg,Anaya Brown,61.6,-58,-58,-61,70,74,-78,0,74,0
"2025 Virus Weightlifting Finals, Powered by Rogue Fitness",2025-12-06,Open Men's 88kg,Calvin Lackey,87.9,-125,125,-131,0,0,0,125,0,0
"2025 Virus Weightlifting Finals, Powered by Rogue Fitness",2025-12-06,Open Men's 88kg,Anthony Kerr,87.45,-130,130,135,-155,-155,-155,135,0,0
"2025 Virus Weightlifting Finals, Powered by Rogue Fitness",2025-12-06,Women's 16-17 Age Group 77kg,Madeleine Maher,75.05,-54,-55,-55,-75,-76,76,0,76,0
"2025 Virus Weightlifting Finals, Powered by Rogue Fitness",2025-12-06,Women's Masters (35-39) 63kg,Tara Mann,61.1,60,62,64,-67,-68,-68,64,0,0
"2025 Virus Weightlifting Finals, Powered by Rogue Fitness",2025-12-06,Open Men's 94kg,Ryan Helton,93,133,137,142,-175,-175,-175,142,0,0
"2025 Virus Weightlifting Finals, Powered by Rogue Fitness",2025-12-04,Junior Men's 60kg,Samuel Lewis,59.65,96,-100,-100,-115,-115,-115,96,0,0
"2025 Virus Weightlifting Finals, Powered by Rogue Fitness",2025-12-04,Junior Men's 65kg,Gavin Beach,63.6,-94,-94,-95,-115,-115,-115,0,0,0
"2025 Virus Weightlifting Finals, Powered by Rogue Fitness",2025-12-07,Open Men's 110kg,James Tice,109.9,136,-145,-150,0,0,0,136,0,0
"2025 Virus Weightlifting Finals, Powered by Rogue Fitness",2025-12-04,Junior Men's 71kg,Malachi Woodard,69.6,115,120,124,-150,-152,-152,124,0,0
"2025 Virus Weightlifting Finals, Powered by Rogue Fitness",2025-12-04,Junior Men's 71kg,Thomas Kniss,69.85,-92,-92,-92,-122,123,127,0,127,0
"2025 Virus Weightlifting Finals, Powered by Rogue Fitness",2025-12-07,Open Men's 110+kg,Nooh Dastgir Butt,179.9,145,-151,151,-205,-205,-206,151,0,0
"2025 Virus Weightlifting Finals, Powered by Rogue Fitness",2025-12-05,Open Women's 63kg,Madeline Staniszewski,59.85,93,95,-97,-114,-115,-115,95,0,0
"2025 Virus Weightlifting Finals, Powered by Rogue Fitness",2025-12-05,Open Women's 63kg,Laura Cochran,62.45,-78,78,81,-97,-97,-98,81,0,0
"2025 Virus Weightlifting Finals, Powered by Rogue Fitness",2025-12-05,Junior Men's 79kg,Henry Ludbrook,75.75,-112,-112,-112,145,-151,-152,0,145,0
"2025 Virus Weightlifting Finals, Powered by Rogue Fitness",2025-12-05,Junior Men's 79kg,Caden Chapman,78.75,-103,-103,-103,-137,137,-138,0,137,0
"2025 Virus Weightlifting Finals, Powered by Rogue Fitness",2025-12-06,Women's Masters (35-39) 77kg,Coty Brennan,72.3,71,74,-77,-89,-89,-90,74,0,0
"2025 Virus Weightlifting Finals, Powered by Rogue Fitness",2025-12-06,Women's Masters (35-39) 77kg,Johnelys Díaz,76.4,-58,-58,-58,68,-72,-72,0,68,0
"2025 Virus Weightlifting Finals, Powered by Rogue Fitness",2025-12-06,Junior Men's 88kg,Brayan Ibanez,84.6,140,145,150,0,0,0,150,0,0
"2025 Virus Weightlifting Finals, Powered by Rogue Fitness",2025-12-06,Open Women's 69kg,Gretchen Stolte,67.65,-84,-85,-85,101,105,-109,0,105,0
"2025 Virus Weightlifting Finals, Powered by Rogue Fitness",2025-12-07,Junior Men's 110kg,Edward Quillin,104.75,-140,-145,-150,-170,0,0,0,0,0
"2025 Virus Weightlifting Finals, Powered by Rogue Fitness",2025-12-06,Open Women's 69kg,Hayden Mentzer,68.9,67,-70,-71,-96,-96,-96,67,0,0
"2025 Virus Weightlifting Finals, Powered by Rogue Fitness",2025-12-07,Junior Men's 110kg,Joshua Canet,103.95,120,126,-130,-148,-150,-150,126,0,0
"2025 Virus Weightlifting Finals, Powered by Rogue Fitness",2025-12-07,Men's Masters (35-39) 65kg,Nico Paulo Tolentino,63.85,82,-84,-86,-107,-110,-110,82,0,0
"2025 Virus Weightlifting Finals, Powered by Rogue Fitness",2025-12-07,Women's Masters (35-39) 86+kg,Elizabeth Paller,103.9,36,38,40,0,0,0,40,0,0
"2025 Virus Weightlifting Finals, Powered by Rogue Fitness",2025-12-05,Men's 14-15 Age Group 79kg,Kevin Hall,77.2,-95,-95,-96,-127,-130,-133,0,0,0
"2025 Virus Weightlifting Finals, Powered by Rogue Fitness",2025-12-05,Men's 14-15 Age Group 79kg,Erubey Garcia,78.5,-83,-85,-85,101,-107,-107,0,101,0
"2025 Virus Weightlifting Finals, Powered by Rogue Fitness",2025-12-05,Men's 14-15 Age Group 79kg,Jonathan Banu,75.75,82,-87,-88,-115,-116,-118,82,0,0
"2025 Virus Weightlifting Finals, Powered by Rogue Fitness",2025-12-05,Men's Masters (35-39) 79kg,Luis Martinez,76.3,100,103,107,-125,0,0,107,0,0
"2025 Virus Weightlifting Finals, Powered by Rogue Fitness",2025-12-06,Open Women's 77kg,Darci Molina,75.05,96,100,-103,-123,-125,-125,100,0,0
"2025 Virus Weightlifting Finals, Powered by Rogue Fitness",2025-12-05,Women's Masters (40-44) 58kg,Emily Jones,54.5,49,52,54,-70,-70,-70,54,0,0
"2025 Virus Weightlifting Finals, Powered by Rogue Fitness",2025-12-05,Women's Masters (40-44) 58kg,Andrea Sudjapun,57.65,-53,-53,-53,60,-63,63,0,63,0
"2025 Virus Weightlifting Finals, Powered by Rogue Fitness",2025-12-07,Men's Masters (35-39) 88kg,cameron williams,87.55,110,-113,-113,-130,-130,0,110,0,0
"2025 Virus Weightlifting Finals, Powered by Rogue Fitness",2025-12-07,Open Women's 86kg,Emily  Roberts,85.95,78,-81,-84,-96,-96,-96,78,0,0
"2025 Virus Weightlifting Finals, Powered by Rogue Fitness",2025-12-04,Men's 16-17 Age Group 60kg,Jaxson Van Horn,57.7,-70,-72,-72,90,93,95,0,95,0
"2025 Virus Weightlifting Finals, Powered by Rogue Fitness",2025-12-05,Women's Masters (40-44) 63kg,Julie Mizak,61.55,-57,-58,-58,77,-81,-82,0,77,0
"2025 Virus Weightlifting Finals, Powered by Rogue Fitness",2025-12-05,Women's Masters (40-44) 63kg,Jennifer  Spafford,62.45,-55,-55,-56,-65,-65,-65,0,0,0
"2025 Virus Weightlifting Finals, Powered by Rogue Fitness",2025-12-05,Women's Masters (40-44) 63kg,Charlene Sattler,61.55,-54,-54,-54,65,67,69,0,69,0
"2025 Virus Weightlifting Finals, Powered by Rogue Fitness",2025-12-04,Open Women's 53kg,Juliana Flynn,52.85,-65,65,-68,-84,-86,-86,65,0,0
"2025 Virus Weightlifting Finals, Powered by Rogue Fitness",2025-12-04,Men's 16-17 Age Group 71kg,Maddux Hernandez,69.1,90,-93,-94,-110,-115,-115,90,0,0
"2025 Virus Weightlifting Finals, Powered by Rogue Fitness",2025-12-07,Men's Masters (35-39) 110+kg,Michael Pott,116.5,121,-126,-126,-150,-151,-151,121,0,0
"2025 Virus Weightlifting Finals, Powered by Rogue Fitness",2025-12-06,Men's Masters (40-44) 60kg,Daniel Louie,58.2,77,80,-83,-95,-95,-95,80,0,0
