meet,date,age_category,lifter,body_weight_(kg),snatch_lift_1,snatch_lift_2,snatch_lift_3,c&j_lift_1,c&j_lift_2,c&j_lift_3,best_snatch,best_c&j,total
2026 Virus Weightlifting Series 1,2026-03-06,Open Men's 110+kg,Aaron Williams,172.55,178,185,-191,215,225,233,185,233,418
2026 Virus Weightlifting Series 1,2026-03-06,Open Men's 110kg,Bekdoolot Rasulbekov,106.1,160,165,-170,190,200,210,165,210,375
2026 Virus Weightlifting Series 1,2026-03-06,Men's Masters (35-39) 110+kg,Dimitri Albury,171.4,-150,152,-158,198,206,-213,152,206,358
2026 Virus Weightlifting Series 1,2026-03-08,Open Men's 110+kg,Matthew Naugle,138.65,153,157,-160,188,193,-196,157,193,350
2026 Virus Weightlifting Series 1,2026-03-08,Open Men's 110+kg,Karston Spradley,150.43,150,154,-158,180,-185,188,154,188,342
2026 Virus Weightlifting Series 1,2026-03-08,Men's Masters (35-39) 110+kg,Dominic Puopolo,141.1,141,147,152,170,-176,180,152,180,332
2026 Virus Weightlifting Series 1,2026-03-06,Open Men's 110kg,Joshua Magee,104.6,145,151,155,170,177,-182,155,177,332
2026 Virus Weightlifting Series 1,2026-03-06,Open Men's 94kg,Blaine Brooks,92.9,143,148,-152,180,-186,-186,148,180,328
2026 Virus Weightlifting Series 1,2026-03-08,Open Men's 110+kg,David Jorge,122.4,145,150,-155,175,-183,-185,150,175,325
2026 Virus Weightlifting Series 1,2026-03-08,Open Men's 94kg,Charles Shervheim,93.7,132,-138,-139,191,-197,-197,132,191,323
2026 Virus Weightlifting Series 1,2026-03-08,Open Men's 110+kg,Jake Anderson,137.33,140,145,150,162,-166,170,150,170,320
2026 Virus Weightlifting Series 1,2026-03-06,Open Men's 88kg,Caleb Goodman,86.25,127,-134,137,-175,175,183,137,183,320
2026 Virus Weightlifting Series 1,2026-03-08,Open Men's 110kg,Jacob Cluff,109.55,133,137,-140,178,183,-187,137,183,320
2026 Virus Weightlifting Series 1,2026-03-07,Open Men's 88kg,Wyatt Coffey,87.75,-138,138,142,170,-175,176,142,176,318
2026 Virus Weightlifting Series 1,2026-03-08,Open Men's 110kg,David McKellar,110,128,132,139,165,175,-182,139,175,314
2026 Virus Weightlifting Series 1,2026-03-08,Open Men's 110kg,Benjamin Brancaleon,105.5,140,144,148,-162,165,-170,148,165,313
2026 Virus Weightlifting Series 1,2026-03-08,Open Men's 110+kg,Andrew Montoya,176.7,125,130,135,177,-182,-183,135,177,312
2026 Virus Weightlifting Series 1,2026-03-08,Men's Masters (40-44) 110+kg,Mateo Villa,122.7,132,136,140,160,166,-175,140,166,306
2026 Virus Weightlifting Series 1,2026-03-08,Open Men's 110kg,Michael Banks,106.45,-135,140,-145,166,-171,-174,140,166,306
2026 Virus Weightlifting Series 1,2026-03-08,Junior Men's 110kg,Edward Quillin,103.9,133,140,-150,-162,165,-175,140,165,305
2026 Virus Weightlifting Series 1,2026-03-06,Junior Men's 79kg,Carter Sing,78.9,130,134,137,160,165,-170,137,165,302
2026 Virus Weightlifting Series 1,2026-03-06,Open Men's 79kg,Emil Moldodosov,78.5,135,140,-144,155,160,162,140,162,302
2026 Virus Weightlifting Series 1,2026-03-08,Junior Men's 110+kg,Bradley  Bingham ,130.8,126,131,-136,166,171,-176,131,171,302
2026 Virus Weightlifting Series 1,2026-03-08,Junior Men's 110+kg,Lucas Diehl,126.8,130,135,-140,160,166,-171,135,166,301
2026 Virus Weightlifting Series 1,2026-03-08,Open Men's 110kg,Maurice McClain Jr,100.1,126,130,-135,165,-169,171,130,171,301
2026 Virus Weightlifting Series 1,2026-03-08,Open Men's 110kg,Cameron Fyffe,103.75,-135,135,-140,166,-174,-174,135,166,301
2026 Virus Weightlifting Series 1,2026-03-06,Open Men's 79kg,Matthew McCullough,75.85,130,135,-140,160,165,-171,135,165,300
2026 Virus Weightlifting Series 1,2026-03-08,Open Men's 110kg,Charley Chang,99.6,132,-136,138,157,162,-171,138,162,300
2026 Virus Weightlifting Series 1,2026-03-08,Open Men's 110kg,James Sayger,102.3,118,121,124,169,-174,176,124,176,300
2026 Virus Weightlifting Series 1,2026-03-08,Junior Men's 110+kg,Madden Mones,127.2,-131,-133,133,161,166,-171,133,166,299
2026 Virus Weightlifting Series 1,2026-03-07,Open Men's 88kg,Marcus Leydecker,87.75,131,-136,-136,162,167,-172,131,167,298
2026 Virus Weightlifting Series 1,2026-03-08,Open Men's 110+kg,Michael Richards,125.2,-128,130,-140,155,160,165,130,165,295
2026 Virus Weightlifting Series 1,2026-03-07,Men's Masters (40-44) 110kg,Albert Chun,107.9,123,127,130,-157,160,164,130,164,294
2026 Virus Weightlifting Series 1,2026-03-08,Open Men's 94kg,Matt Wiitanen,92.35,-125,125,-130,160,167,-172,125,167,292
2026 Virus Weightlifting Series 1,2026-03-08,Open Men's 94kg,Andrés Felipe Álvarez Ortega,93.85,130,135,-140,-150,150,156,135,156,291
2026 Virus Weightlifting Series 1,2026-03-07,Open Men's 88kg,Ivan Escott,86.15,130,135,-140,150,154,-165,135,154,289
2026 Virus Weightlifting Series 1,2026-03-08,Men's 16-17 Age Group 94kg,Baron Baker,91.2,115,123,126,155,163,-170,126,163,289
2026 Virus Weightlifting Series 1,2026-03-08,Open Men's 110kg,Alfred Grenon,102.05,-125,-125,130,158,-164,-165,130,158,288
2026 Virus Weightlifting Series 1,2026-03-07,Junior Men's 88kg,CJ Fernandez,82.8,127,-132,-133,156,160,-165,127,160,287
2026 Virus Weightlifting Series 1,2026-03-08,Open Men's 110kg,Daniel Drach,100.5,117,122,-125,155,160,165,122,165,287
2026 Virus Weightlifting Series 1,2026-03-07,Open Men's 88kg,Vinnie Hoffman,85.5,123,126,-129,-160,160,-165,126,160,286
2026 Virus Weightlifting Series 1,2026-03-07,Men's Masters (35-39) 88kg,Jack Wilson,87.3,118,122,126,150,155,160,126,160,286
2026 Virus Weightlifting Series 1,2026-03-08,Open Men's 110+kg,Devin Cloud,117.85,118,122,125,155,160,-165,125,160,285
2026 Virus Weightlifting Series 1,2026-03-08,Open Men's 110kg,Owen Putman,102.15,115,-125,130,145,155,-165,130,155,285
2026 Virus Weightlifting Series 1,2026-03-08,Open Men's 110kg,Trenton Moorehead,106.8,-125,-125,125,-155,155,160,125,160,285
2026 Virus Weightlifting Series 1,2026-03-08,Open Men's 110kg,Connor Sloboda,104.65,-125,126,130,155,-156,-163,130,155,285
2026 Virus Weightlifting Series 1,2026-03-06,Open Men's 79kg,Luc Spalding,77.9,-122,-123,123,155,161,-167,123,161,284
2026 Virus Weightlifting Series 1,2026-03-08,Open Men's 94kg,Matthew Tung,93.15,-135,-135,135,148,-153,-153,135,148,283
2026 Virus Weightlifting Series 1,2026-03-07,Open Men's 88kg,Shane Pruitt,87.55,113,118,-122,157,164,-168,118,164,282
2026 Virus Weightlifting Series 1,2026-03-08,Men's Masters (35-39) 110kg,Danny Choi,101.38,127,-131,-131,155,-160,-160,127,155,282
2026 Virus Weightlifting Series 1,2026-03-08,Open Men's 110kg,Dean Scicchitano,97.85,115,120,-125,161,-165,-166,120,161,281
2026 Virus Weightlifting Series 1,2026-03-07,Open Men's 110kg,Alec Olson,104,115,120,125,-145,146,156,125,156,281
2026 Virus Weightlifting Series 1,2026-03-08,Open Men's 110kg,Nicholas Bader,101.25,115,120,-123,149,155,160,120,160,280
2026 Virus Weightlifting Series 1,2026-03-06,Junior Men's 79kg,Roy  Maher,78.3,120,-124,-126,160,-164,-164,120,160,280
2026 Virus Weightlifting Series 1,2026-03-07,Open Men's 88kg,Elias Talcott,86.4,120,-125,-125,-156,156,160,120,160,280
2026 Virus Weightlifting Series 1,2026-03-08,Open Men's 94kg,joseph Moos,93.4,118,121,125,155,-163,-163,125,155,280
2026 Virus Weightlifting Series 1,2026-03-08,Men's Masters (45-49) 110+kg,Gavin Hough,135.7,111,116,121,145,153,158,121,158,279
2026 Virus Weightlifting Series 1,2026-03-06,Open Women's 77kg,Olivia Reeves,72.1,117,122,125,148,154,-160,125,154,279
2026 Virus Weightlifting Series 1,2026-03-07,Men's 16-17 Age Group 88kg,Robert Whitlock,85.7,120,-123,123,152,156,-161,123,156,279
2026 Virus Weightlifting Series 1,2026-03-08,Open Men's 110kg,Alexander Nordstrom,101.5,120,-126,-127,157,-162,-162,120,157,277
2026 Virus Weightlifting Series 1,2026-03-08,Open Men's 94kg,Christopher Celona,91.2,110,115,120,150,157,-162,120,157,277
2026 Virus Weightlifting Series 1,2026-03-07,Open Men's 88kg,Tyler Steffensen,86.6,-120,120,-123,153,-156,156,120,156,276
2026 Virus Weightlifting Series 1,2026-03-08,Open Men's 110+kg,Eric Fiacable,134,117,124,-130,140,146,151,124,151,275
2026 Virus Weightlifting Series 1,2026-03-07,Junior Men's 88kg,Kaden Quick,86.65,115,120,-125,145,150,155,120,155,275
2026 Virus Weightlifting Series 1,2026-03-07,Open Men's 88kg,Jerod Peters,87.1,120,-125,-125,150,155,-160,120,155,275
2026 Virus Weightlifting Series 1,2026-03-08,Men's Masters (40-44) 94kg,Jason Wyns,93.3,120,-125,125,150,-155,-155,125,150,275
2026 Virus Weightlifting Series 1,2026-03-08,Open Men's 110kg,Patrick McDonnell,101.5,-118,-118,118,150,156,-162,118,156,274
2026 Virus Weightlifting Series 1,2026-03-08,Open Men's 110kg,kaixi zou,107.4,115,122,-125,145,-151,152,122,152,274
2026 Virus Weightlifting Series 1,2026-03-08,Open Men's 94kg,Nick Sanchez,89.85,-124,124,-128,150,-158,-161,124,150,274
2026 Virus Weightlifting Series 1,2026-03-08,Men's Masters (35-39) 94kg,Alex Smith,94,118,-122,-122,155,-160,-161,118,155,273
2026 Virus Weightlifting Series 1,2026-03-08,Men's Masters (35-39) 110kg,Corey Frey,103.85,115,-122,-122,151,158,-168,115,158,273
2026 Virus Weightlifting Series 1,2026-03-08,Open Men's 94kg,Will Edmond,92.5,-128,-128,128,145,-150,-153,128,145,273
2026 Virus Weightlifting Series 1,2026-03-06,Open Men's 79kg,Jacob Echols,77.2,120,-123,123,-145,145,149,123,149,272
2026 Virus Weightlifting Series 1,2026-03-07,Men's Masters (35-39) 110kg,Tashawn Williams,110,121,125,-129,-146,-147,147,125,147,272
2026 Virus Weightlifting Series 1,2026-03-08,Men's Masters (40-44) 110kg,Vincent Spratte,105.55,110,-115,-116,152,156,162,110,162,272
2026 Virus Weightlifting Series 1,2026-03-08,Open Men's 110kg,Christopher Keegan,108.35,125,-130,-132,-145,-145,145,125,145,270
2026 Virus Weightlifting Series 1,2026-03-08,Open Men's 110kg,Sydney Phillips,106.35,115,120,125,140,145,-150,125,145,270
2026 Virus Weightlifting Series 1,2026-03-08,Open Men's 110kg,Daniel Lee,103.35,120,-125,-127,145,150,-156,120,150,270
2026 Virus Weightlifting Series 1,2026-03-08,Open Men's 110kg,Blake Atwell,108.1,109,115,119,141,147,151,119,151,270
2026 Virus Weightlifting Series 1,2026-03-08,Open Men's 110+kg,Alexis Ayala,116,105,110,-115,148,153,160,110,160,270
2026 Virus Weightlifting Series 1,2026-03-08,Junior Men's 110+kg,Brodie Hollis,123.65,-115,115,-125,150,155,-167,115,155,270
2026 Virus Weightlifting Series 1,2026-03-06,Junior Men's 71kg,Christopher  Cruz,67.5,112,117,-121,145,152,-158,117,152,269
2026 Virus Weightlifting Series 1,2026-03-06,Junior Men's 79kg,Asher Hayhoe,76.85,115,121,-124,141,147,-149,121,147,268
2026 Virus Weightlifting Series 1,2026-03-08,Open Men's 94kg,John Metzinger,91.6,117,121,-125,147,-153,-153,121,147,268
2026 Virus Weightlifting Series 1,2026-03-08,Open Men's 110+kg,Ryan Newton,115.85,-115,115,120,140,147,-150,120,147,267
2026 Virus Weightlifting Series 1,2026-03-06,Open Men's 79kg,Stav Caplan,78.65,107,110,114,148,153,-158,114,153,267
2026 Virus Weightlifting Series 1,2026-03-08,Open Men's 110kg,Anthony White,107.7,110,-115,116,-145,145,150,116,150,266
2026 Virus Weightlifting Series 1,2026-03-06,Open Men's 71kg,Evan Fukuhara,68.7,-114,114,120,-146,146,-151,120,146,266
2026 Virus Weightlifting Series 1,2026-03-07,Open Men's 88kg,Gary Evans Jr,86.45,112,116,120,140,146,-150,120,146,266
2026 Virus Weightlifting Series 1,2026-03-08,Men's Masters (40-44) 94kg,Justin Frimmel,93.15,110,-114,115,-147,-151,151,115,151,266
2026 Virus Weightlifting Series 1,2026-03-08,Open Men's 110kg,Kamiakin Craig,108.6,-115,115,-120,150,-157,-157,115,150,265
2026 Virus Weightlifting Series 1,2026-03-08,Open Men's 110+kg,Brian Stryffeler,162.2,102,108,113,141,147,152,113,152,265
2026 Virus Weightlifting Series 1,2026-03-06,Junior Men's 79kg,John Henry Jamieson,78.45,115,120,-125,139,145,-150,120,145,265
2026 Virus Weightlifting Series 1,2026-03-06,Open Men's 79kg,Cory O'Connor,74.95,110,113,115,140,145,150,115,150,265
2026 Virus Weightlifting Series 1,2026-03-08,Men's 16-17 Age Group 94+kg,Emory McFann,131.3,120,125,-131,140,-145,-146,125,140,265
2026 Virus Weightlifting Series 1,2026-03-08,Open Men's 94kg,Hunter Kocken,91.65,109,114,-118,144,-149,151,114,151,265
2026 Virus Weightlifting Series 1,2026-03-08,Open Men's 110kg,Ian Graham,110,118,-124,-125,146,-150,-151,118,146,264
2026 Virus Weightlifting Series 1,2026-03-07,Open Men's 88kg,Christopher Boudreau,85.45,118,-122,-123,140,-144,146,118,146,264
2026 Virus Weightlifting Series 1,2026-03-08,Men's Masters (35-39) 110kg,Andrew Robinson,98.65,-117,118,121,143,-147,-149,121,143,264
2026 Virus Weightlifting Series 1,2026-03-08,Men's Masters (40-44) 110kg,Jeffrey Gerlach,108.7,110,-115,116,-148,148,-153,116,148,264
2026 Virus Weightlifting Series 1,2026-03-08,Open Men's 110+kg,Kade Tippet,122.5,108,113,-117,138,144,150,113,150,263
2026 Virus Weightlifting Series 1,2026-03-06,Open Men's 71kg,Evan Gehret,70.4,112,115,-120,137,143,148,115,148,263
2026 Virus Weightlifting Series 1,2026-03-08,Open Men's 94kg,Tyler Marsengill,92.55,-112,-112,113,-143,143,150,113,150,263
2026 Virus Weightlifting Series 1,2026-03-07,Open Men's 110kg,Lucas Moylan,108.65,115,120,122,140,-143,-143,122,140,262
2026 Virus Weightlifting Series 1,2026-03-07,Junior Men's 110kg,Desmond Rich,98.65,113,-118,120,142,-147,-148,120,142,262
2026 Virus Weightlifting Series 1,2026-03-08,Open Men's 94kg,Samuel Melgoza,89.55,115,117,-119,142,145,-148,117,145,262
2026 Virus Weightlifting Series 1,2026-03-06,Men's Masters (40-44) 79kg,Jeffrey Jenkins,79,116,119,122,-140,140,-148,122,140,262
2026 Virus Weightlifting Series 1,2026-03-07,Junior Men's 110kg,Alex Urtecho,104.25,-113,113,117,135,138,144,117,144,261
2026 Virus Weightlifting Series 1,2026-03-08,Men's Masters (40-44) 110kg,Adrian Francis,107.5,119,-122,122,-139,139,-145,122,139,261
2026 Virus Weightlifting Series 1,2026-03-06,Junior Men's 79kg,Henry Ludbrook,75.95,-114,-115,115,145,-150,-154,115,145,260
2026 Virus Weightlifting Series 1,2026-03-06,Open Men's 79kg,Tyler Hedlund,77.55,110,115,-120,140,145,-150,115,145,260
2026 Virus Weightlifting Series 1,2026-03-06,Open Men's 79kg,David Zhu,78.45,110,115,-120,145,-150,-153,115,145,260
2026 Virus Weightlifting Series 1,2026-03-07,Open Men's 88kg,Jazz Widney,87.65,-115,-115,115,141,143,145,115,145,260
2026 Virus Weightlifting Series 1,2026-03-07,Men's Masters (35-39) 94kg,Andrew Pensko Jr.,92.8,107,109,-111,140,145,150,109,150,259
2026 Virus Weightlifting Series 1,2026-03-08,Open Men's 94kg,Vincent Tavoletti,91.95,106,110,114,140,145,-150,114,145,259
2026 Virus Weightlifting Series 1,2026-03-07,Open Men's 110kg,Steven Evans Jr,105.55,109,114,118,130,136,140,118,140,258
2026 Virus Weightlifting Series 1,2026-03-07,Open Men's 110kg,Kevin Sena,96.95,108,112,116,137,-142,142,116,142,258
2026 Virus Weightlifting Series 1,2026-03-08,Open Men's 110kg,William Robbins,98.9,111,116,-120,138,142,-146,116,142,258
2026 Virus Weightlifting Series 1,2026-03-06,Men's Masters (35-39) 79kg,Cory Ebert,77.75,107,-110,-111,145,-150,151,107,151,258
2026 Virus Weightlifting Series 1,2026-03-06,Men's Masters (45-49) 88kg,Christopher Douglas,80.15,108,-113,113,140,145,-152,113,145,258
2026 Virus Weightlifting Series 1,2026-03-07,Open Men's 88kg,Ryan McNerlin,86,110,-115,115,138,-142,142,115,142,257
2026 Virus Weightlifting Series 1,2026-03-07,Open Men's 110kg,Zachary Brown,96.9,110,-115,115,141,-146,-146,115,141,256
2026 Virus Weightlifting Series 1,2026-03-06,Open Women's 77kg,Martha Rogers,76.35,107,111,113,137,140,143,113,143,256
2026 Virus Weightlifting Series 1,2026-03-06,Open Men's 79kg,Noah Ranno,77.3,112,116,-120,140,-145,-148,116,140,256
2026 Virus Weightlifting Series 1,2026-03-07,Open Men's 88kg,Anthony Fontan,86.25,105,110,113,143,-148,-150,113,143,256
2026 Virus Weightlifting Series 1,2026-03-07,Men's 16-17 Age Group 88kg,Evan  Kniss ,87.75,-113,113,-120,-143,-143,143,113,143,256
2026 Virus Weightlifting Series 1,2026-03-08,Open Men's 94kg,Ishban Aziz,93.2,-110,110,115,-140,141,-150,115,141,256
2026 Virus Weightlifting Series 1,2026-03-07,Open Men's 110kg,Cooper Johnson,104.65,110,115,-120,-140,140,-150,115,140,255
2026 Virus Weightlifting Series 1,2026-03-07,Open Men's 110kg,Joseph McNulty,105.75,108,113,-118,142,-146,-147,113,142,255
2026 Virus Weightlifting Series 1,2026-03-08,Open Men's 110kg,Jake Quinn,104.95,-110,110,-120,145,-150,-152,110,145,255
2026 Virus Weightlifting Series 1,2026-03-06,Open Men's 79kg,Louis Greco,77.25,105,110,-115,137,-142,145,110,145,255
2026 Virus Weightlifting Series 1,2026-03-06,Open Men's 79kg,Andrew Raudabaugh,75.95,112,117,-121,138,-145,-151,117,138,255
2026 Virus Weightlifting Series 1,2026-03-06,Open Men's 79kg,Thomas Osborne Bird,79,-110,110,-114,-140,140,145,110,145,255
2026 Virus Weightlifting Series 1,2026-03-07,Junior Men's 110kg,Frank Jimenez,102.35,-112,112,116,135,139,-146,116,139,255
2026 Virus Weightlifting Series 1,2026-03-07,Open Men's 88kg,Thomas Wellington,86.8,110,-115,115,140,-145,-145,115,140,255
2026 Virus Weightlifting Series 1,2026-03-07,Open Men's 88kg,George Bakatsias,85.25,-110,112,115,-138,140,-145,115,140,255
2026 Virus Weightlifting Series 1,2026-03-07,Open Men's 94kg,Jon Vore,92.85,115,119,122,-128,128,133,122,133,255
2026 Virus Weightlifting Series 1,2026-03-08,Open Men's 94kg,Kyle Lee,93.75,-115,115,-120,130,-140,140,115,140,255
2026 Virus Weightlifting Series 1,2026-03-07,Men's Masters (40-44) 88kg,Bryann Turner,87.6,110,-113,-115,145,-152,-152,110,145,255
2026 Virus Weightlifting Series 1,2026-03-07,Men's Masters (40-44) 94kg,Akindele Famoyegun,93.45,106,110,-114,140,145,-150,110,145,255
2026 Virus Weightlifting Series 1,2026-03-07,Open Men's 88kg,Michael Headings,86.7,105,110,114,130,135,140,114,140,254
2026 Virus Weightlifting Series 1,2026-03-08,Men's Masters (35-39) 110+kg,Philip Angelo,134.15,119,-122,-124,125,130,135,119,135,254
2026 Virus Weightlifting Series 1,2026-03-07,Open Men's 94kg,Michael Smosny,92.9,105,-111,112,135,-141,142,112,142,254
2026 Virus Weightlifting Series 1,2026-03-08,Open Men's 94kg,Peter Bound,93.1,-101,101,-110,145,-152,153,101,153,254
2026 Virus Weightlifting Series 1,2026-03-07,Men's Masters (35-39) 110kg,Jose Cruz Richardson,108.55,110,113,-116,130,135,140,113,140,253
2026 Virus Weightlifting Series 1,2026-03-08,Open Men's 94kg,Thomas Vinetti,92.7,108,-116,-116,137,-143,145,108,145,253
2026 Virus Weightlifting Series 1,2026-03-08,Open Men's 110+kg,Daniel Perry,119.65,102,-107,-107,138,144,150,102,150,252
2026 Virus Weightlifting Series 1,2026-03-06,Junior Men's 79kg,Dilan Gonzalez,78.95,107,-111,-113,-135,135,145,107,145,252
2026 Virus Weightlifting Series 1,2026-03-07,Open Men's 88kg,Jacob Senate,85.7,107,111,115,137,-140,-140,115,137,252
2026 Virus Weightlifting Series 1,2026-03-07,Open Men's 110kg,Cesar Gomez,108.15,-110,110,113,-138,-138,138,113,138,251
2026 Virus Weightlifting Series 1,2026-03-07,Men's Masters (35-39) 110kg,Aaron Torres,108.1,102,107,111,-138,140,-145,111,140,251
2026 Virus Weightlifting Series 1,2026-03-06,Junior Women's 86kg,Ella Nicholson,80.25,110,-113,114,133,137,-141,114,137,251
2026 Virus Weightlifting Series 1,2026-03-08,Open Men's 94kg,Samuel Winiarski,91.85,113,115,-117,133,136,-140,115,136,251
2026 Virus Weightlifting Series 1,2026-03-07,Men's Masters (35-39) 88kg,Andrew Stegelmann,87.25,102,-107,109,136,141,-145,109,141,250
2026 Virus Weightlifting Series 1,2026-03-07,Open Men's 94kg,Grant Miller,90.3,100,103,106,135,140,144,106,144,250
2026 Virus Weightlifting Series 1,2026-03-07,Open Men's 94kg,Bryan Opaskar,89.7,100,105,110,133,140,-145,110,140,250
2026 Virus Weightlifting Series 1,2026-03-08,Men's Masters (40-44) 110+kg,Irwin Battle,113.95,108,112,-115,138,-142,-142,112,138,250
2026 Virus Weightlifting Series 1,2026-03-06,Men's 16-17 Age Group 71kg,Desmond Myles,70.75,102,107,111,133,138,-143,111,138,249
2026 Virus Weightlifting Series 1,2026-03-08,Open Men's 110+kg,Yuval  Jacobson,116.8,113,-118,-118,135,-145,-145,113,135,248
2026 Virus Weightlifting Series 1,2026-03-06,Open Men's 71kg,Will  McFadden,69.25,102,106,110,-138,138,-143,110,138,248
2026 Virus Weightlifting Series 1,2026-03-07,Open Men's 110kg,Chris Weatherly,100.55,-107,107,-110,-135,137,140,107,140,247
2026 Virus Weightlifting Series 1,2026-03-05,Open Men's 60kg,Kaiden Mima,59.7,101,106,109,130,134,138,109,138,247
2026 Virus Weightlifting Series 1,2026-03-06,Junior Men's 79kg,Tobin O'Neal,76.55,-104,104,-108,136,143,-146,104,143,247
2026 Virus Weightlifting Series 1,2026-03-07,Junior Men's 110kg,Adam Webb,101.85,107,-110,-115,135,140,-145,107,140,247
2026 Virus Weightlifting Series 1,2026-03-07,Open Men's 88kg,Maurice Edwards,81.25,104,108,112,130,135,-138,112,135,247
2026 Virus Weightlifting Series 1,2026-03-07,Men's Masters (35-39) 88kg,Ivon Levan,84.2,107,111,115,128,132,-137,115,132,247
2026 Virus Weightlifting Series 1,2026-03-08,Men's Masters (45-49) 110+kg,Joseph Chauvin,127.9,-110,110,-114,130,133,136,110,136,246
2026 Virus Weightlifting Series 1,2026-03-07,Open Men's 110kg,Ian Schwind,101.6,-100,101,106,140,-147,-147,106,140,246
2026 Virus Weightlifting Series 1,2026-03-06,Men's Masters (35-39) 79kg,Aaron Denney,78.3,106,110,-113,132,136,-140,110,136,246
2026 Virus Weightlifting Series 1,2026-03-07,Open Men's 88kg,David Banu,84.6,109,-112,-113,-137,137,-141,109,137,246
2026 Virus Weightlifting Series 1,2026-03-08,Men's Masters (35-39) 94kg,Evan Melendez,93.2,108,111,114,-128,128,132,114,132,246
2026 Virus Weightlifting Series 1,2026-03-07,Men's Masters (35-39) 110kg,Jordan Holland,102,106,110,114,126,-131,132,114,132,246
2026 Virus Weightlifting Series 1,2026-03-07,Open Men's 110kg,Aidan Luther,97.3,115,-120,-120,130,-135,-140,115,130,245
2026 Virus Weightlifting Series 1,2026-03-07,Open Men's 88kg,Blain McFarland,85.05,105,-110,-110,135,140,-146,105,140,245
2026 Virus Weightlifting Series 1,2026-03-07,Open Men's 88kg,Julian Love,85.35,-110,110,-114,135,-140,-142,110,135,245
2026 Virus Weightlifting Series 1,2026-03-07,Men's Masters (40-44) 110kg,Geoffrey Martin,107.75,103,107,110,135,-140,-140,110,135,245
2026 Virus Weightlifting Series 1,2026-03-05,Open Men's 65kg,Christopher Camenares,64.35,102,106,-110,133,138,-143,106,138,244
2026 Virus Weightlifting Series 1,2026-03-06,Open Men's 79kg,Connor Callaway,73.2,105,108,-110,132,136,-140,108,136,244
2026 Virus Weightlifting Series 1,2026-03-07,Junior Men's 110kg,Owen Davis,106.25,104,107,-110,133,-137,137,107,137,244
2026 Virus Weightlifting Series 1,2026-03-06,Men's Masters (35-39) 79kg,Alexander Schulien,78.4,105,109,112,128,132,-136,112,132,244
2026 Virus Weightlifting Series 1,2026-03-06,Men's Masters (35-39) 79kg,Justin Negrete,77.6,110,113,-116,-127,127,131,113,131,244
2026 Virus Weightlifting Series 1,2026-03-07,Men's Masters (35-39) 110kg,Taylor  Baugh,105.6,97,104,110,125,-133,134,110,134,244
2026 Virus Weightlifting Series 1,2026-03-07,Open Men's 94kg,Greg Addai,91.95,-105,105,-110,133,-138,139,105,139,244
2026 Virus Weightlifting Series 1,2026-03-07,Open Men's 110kg,Isaac Piper,99.45,113,-117,-118,-125,125,130,113,130,243
2026 Virus Weightlifting Series 1,2026-03-06,Open Men's 79kg,Malik Hamblin,74.35,108,112,-115,126,131,-136,112,131,243
2026 Virus Weightlifting Series 1,2026-03-06,Men's Masters (35-39) 79kg,Vincent Pietracupa,78.7,98,103,108,120,-130,135,108,135,243
2026 Virus Weightlifting Series 1,2026-03-07,Open Men's 88kg,Kory McKitrick,86.8,102,106,111,-131,132,-137,111,132,243
2026 Virus Weightlifting Series 1,2026-03-07,Open Men's 88kg,Kyle Thebado,84.95,-108,108,-113,135,-143,-143,108,135,243
2026 Virus Weightlifting Series 1,2026-03-07,Junior Men's 94kg,Tristan Segrest,93.55,101,104,-108,-134,134,138,104,138,242
2026 Virus Weightlifting Series 1,2026-03-07,Open Men's 88kg,Perceval Park,83.75,98,102,-105,130,135,140,102,140,242
2026 Virus Weightlifting Series 1,2026-03-07,Open Men's 110kg,Jonathan Small,107.35,100,-105,106,-135,135,-138,106,135,241
2026 Virus Weightlifting Series 1,2026-03-08,Open Men's 110+kg,Spencer Berthold,117.05,95,100,105,125,130,136,105,136,241
2026 Virus Weightlifting Series 1,2026-03-08,Open Men's 110+kg,Samuel Ordonez,140.8,-103,103,-107,-136,-137,138,103,138,241
2026 Virus Weightlifting Series 1,2026-03-06,Men's Masters (35-39) 71kg,Justin Barber,70.75,102,-107,108,125,-132,133,108,133,241
2026 Virus Weightlifting Series 1,2026-03-07,Open Men's 88kg,Brian Le,85.6,102,-107,108,-133,133,-136,108,133,241
2026 Virus Weightlifting Series 1,2026-03-07,Men's Masters (40-44) 88kg,Nicholas Lee,87.6,103,107,-110,127,131,134,107,134,241
2026 Virus Weightlifting Series 1,2026-03-06,Open Men's 79kg,Harrison Ogbewe,78.05,103,107,-110,129,133,-137,107,133,240
2026 Virus Weightlifting Series 1,2026-03-07,Junior Men's 88kg,Braeden Moore,85.75,101,-103,104,131,134,136,104,136,240
2026 Virus Weightlifting Series 1,2026-03-06,Men's 16-17 Age Group 71kg,Dryden Yates,70,100,104,108,128,132,-136,108,132,240
2026 Virus Weightlifting Series 1,2026-03-06,Open Men's 88kg,Matthew Benson,84.75,-100,100,105,130,135,-137,105,135,240
2026 Virus Weightlifting Series 1,2026-03-06,Open Women's 86+kg,Caitlin Thilges,139.15,100,-105,-105,140,-145,-148,100,140,240
2026 Virus Weightlifting Series 1,2026-03-08,Men's Masters (35-39) 110+kg,Edward Kwok,125.3,100,105,-110,130,135,-140,105,135,240
2026 Virus Weightlifting Series 1,2026-03-06,Open Women's 63kg,Sophia Shaft,62.45,103,105,107,127,130,133,107,133,240
2026 Virus Weightlifting Series 1,2026-03-06,Men's Masters (35-39) 79kg,Jason Ryu,73.85,101,104,-107,130,135,-139,104,135,239
2026 Virus Weightlifting Series 1,2026-03-06,Open Men's 88kg,Joshua Copeland,83.65,101,106,111,121,128,-132,111,128,239
2026 Virus Weightlifting Series 1,2026-03-07,Open Men's 110kg,Joseph  Webster ,103.35,93,98,-102,-135,135,140,98,140,238
2026 Virus Weightlifting Series 1,2026-03-06,Open Men's 79kg,Rodney Register,78.1,98,101,104,130,134,-137,104,134,238
2026 Virus Weightlifting Series 1,2026-03-08,Men's Masters (35-39) 110+kg,Michael Rios,123.95,95,100,105,120,125,133,105,133,238
2026 Virus Weightlifting Series 1,2026-03-07,Men's Masters (45-49) 110kg,Scott Zack,100.9,95,98,101,-136,137,-139,101,137,238
2026 Virus Weightlifting Series 1,2026-03-06,Open Men's 71kg,Kenn Hoe,70.35,100,103,-105,134,-137,-138,103,134,237
2026 Virus Weightlifting Series 1,2026-03-07,Open Men's 88kg,Spencer Johnson,86.5,92,97,102,125,130,135,102,135,237
2026 Virus Weightlifting Series 1,2026-03-07,Open Men's 94kg,Andrew Veith,91.95,107,-110,-110,130,-133,-133,107,130,237
2026 Virus Weightlifting Series 1,2026-03-07,Open Men's 94kg,Noble Duke,91.25,100,104,107,125,130,-133,107,130,237
2026 Virus Weightlifting Series 1,2026-03-07,Junior Men's 94kg,Ethan Barosela,91.75,-92,92,97,132,137,139,97,139,236
2026 Virus Weightlifting Series 1,2026-03-07,Open Men's 94kg,Andrew Duff,91.25,99,103,106,-125,125,130,106,130,236
2026 Virus Weightlifting Series 1,2026-03-07,Open Men's 110kg,Corbin King,98.25,-105,110,-115,125,-133,-134,110,125,235
2026 Virus Weightlifting Series 1,2026-03-06,Open Men's 79kg,Josh Otero,74.25,105,-110,-111,130,-135,-138,105,130,235
2026 Virus Weightlifting Series 1,2026-03-07,Men's Masters (40-44) 110kg,Willie Smalls,102.2,100,105,-110,125,-130,130,105,130,235
2026 Virus Weightlifting Series 1,2026-03-07,Men's Masters (45-49) 94kg,Jonathan  Herrera ,92.75,101,105,-110,125,130,-135,105,130,235
2026 Virus Weightlifting Series 1,2026-03-06,Open Men's 79kg,Noah Zucker,77.7,97,102,-105,132,-137,-137,102,132,234
2026 Virus Weightlifting Series 1,2026-03-07,Open Men's 94kg,Nathan Morehart,89.4,99,102,104,130,-134,-136,104,130,234
2026 Virus Weightlifting Series 1,2026-03-07,Open Men's 94kg,Michael Shoup,92.3,98,104,-107,124,127,130,104,130,234
2026 Virus Weightlifting Series 1,2026-03-07,Open Men's 94kg,Alfred Westley,92.25,-98,98,-103,128,132,136,98,136,234
2026 Virus Weightlifting Series 1,2026-03-07,Men's Masters (50-54) 94kg,Kurby Brown Jr,92.2,95,100,-105,-125,125,133,100,133,233
2026 Virus Weightlifting Series 1,2026-03-06,Men's 14-15 Age Group 79kg,Kevin Hall,78.25,92,95,103,125,130,-140,103,130,233
2026 Virus Weightlifting Series 1,2026-03-07,Open Men's 94kg,Dylan Lingenau,90.9,95,100,105,123,128,-133,105,128,233
2026 Virus Weightlifting Series 1,2026-03-07,Open Men's 94kg,Eric Markaryan,93.35,103,-107,-107,123,127,130,103,130,233
2026 Virus Weightlifting Series 1,2026-03-07,Men's Masters (40-44) 94kg,Gregory Malnassy,91.9,97,101,-104,127,132,-137,101,132,233
2026 Virus Weightlifting Series 1,2026-03-07,Men's Masters (50-54) 94kg,Paul Ralston,92.95,93,98,102,-126,126,130,102,130,232
2026 Virus Weightlifting Series 1,2026-03-06,Open Women's 77kg,Celia Gold,75.4,97,-100,101,128,131,-133,101,131,232
2026 Virus Weightlifting Series 1,2026-03-07,Men's Masters (35-39) 88kg,David Swails,82.4,-95,-97,97,-135,135,-141,97,135,232
2026 Virus Weightlifting Series 1,2026-03-07,Open Men's 88kg,Brandon Kha,83.95,-97,97,-102,130,135,-140,97,135,232
2026 Virus Weightlifting Series 1,2026-03-07,Open Men's 94kg,Christian Johnson,89.15,100,-104,105,121,-125,127,105,127,232
2026 Virus Weightlifting Series 1,2026-03-07,Men's Masters (40-44) 110kg,Mike Isman,94.95,102,-106,108,119,-124,124,108,124,232
2026 Virus Weightlifting Series 1,2026-03-07,Open Men's 110kg,Kevin Deitz,94.35,100,103,106,120,-125,125,106,125,231
2026 Virus Weightlifting Series 1,2026-03-06,Men's 16-17 Age Group 79kg,Levi Atwell,77.85,91,-102,103,120,-126,128,103,128,231
2026 Virus Weightlifting Series 1,2026-03-06,Open Men's 88kg,Luke Lauther,83,92,96,100,121,125,131,100,131,231
2026 Virus Weightlifting Series 1,2026-03-07,Open Men's 88kg,Danny Kim,85.25,90,-95,100,120,-130,131,100,131,231
2026 Virus Weightlifting Series 1,2026-03-07,Open Men's 94kg,Kyle Dorsten,92.25,-102,102,106,125,-134,-134,106,125,231
2026 Virus Weightlifting Series 1,2026-03-08,Open Men's 94kg,Dustin Craig,92.35,-103,103,106,125,-130,-131,106,125,231
2026 Virus Weightlifting Series 1,2026-03-07,Men's Masters (50-54) 110kg,Gregory Vallee,107.1,92,97,-102,128,133,-138,97,133,230
2026 Virus Weightlifting Series 1,2026-03-05,Open Men's 65kg,Angelo Kelly,64.7,95,97,99,124,128,131,99,131,230
2026 Virus Weightlifting Series 1,2026-03-05,Open Men's 71kg,Isamu Harrison,69.55,100,105,-107,125,-130,-132,105,125,230
2026 Virus Weightlifting Series 1,2026-03-06,Open Men's 79kg,Eric Chen,75.45,100,-105,-105,130,-135,-140,100,130,230
2026 Virus Weightlifting Series 1,2026-03-06,Men's 16-17 Age Group 79kg,Jonathan Banu,77.75,102,105,-107,125,-130,-130,105,125,230
2026 Virus Weightlifting Series 1,2026-03-07,Men's Masters (35-39) 88kg,Xhavier Suarez,86.4,95,99,-103,125,-129,131,99,131,230
2026 Virus Weightlifting Series 1,2026-03-07,Men's Masters (35-39) 88kg,Justin Tebedo,84.35,95,100,105,-125,125,-130,105,125,230
2026 Virus Weightlifting Series 1,2026-03-07,Open Men's 88kg,Eric Zucaro,86.9,-95,95,-98,-130,131,135,95,135,230
2026 Virus Weightlifting Series 1,2026-03-07,Open Men's 94kg,Clay Troyer,90.85,95,100,-105,120,125,130,100,130,230
2026 Virus Weightlifting Series 1,2026-03-07,Open Men's 94kg,Kaden Darrow,92.65,95,98,101,121,125,129,101,129,230
2026 Virus Weightlifting Series 1,2026-03-07,Open Men's 94kg,Will Edmonds,92.95,101,-103,103,123,127,-131,103,127,230
2026 Virus Weightlifting Series 1,2026-03-07,Men's Masters (45-49) 94kg,Lee Sikon,92.5,-100,100,-104,125,130,-135,100,130,230
2026 Virus Weightlifting Series 1,2026-03-05,Junior Men's 71kg,Isaiah Miles,68.65,97,100,102,120,125,127,102,127,229
2026 Virus Weightlifting Series 1,2026-03-07,Men's Masters (40-44) 94kg,Alan Noble,92.55,-103,103,-107,122,126,-130,103,126,229
2026 Virus Weightlifting Series 1,2026-03-06,Men's 16-17 Age Group 71kg,Bradley Bates,65.6,99,-103,-103,126,-129,129,99,129,228
2026 Virus Weightlifting Series 1,2026-03-06,Men's Masters (35-39) 79kg,Telesforo Dacanay,78.1,97,100,-103,-128,-128,128,100,128,228
2026 Virus Weightlifting Series 1,2026-03-07,Men's Masters (40-44) 88kg,Clayton Polk,86.9,-93,93,100,120,124,128,100,128,228
2026 Virus Weightlifting Series 1,2026-03-07,Women's 16-17 Age Group 69kg,Emily Ibanez Guerrero,67.15,95,99,102,120,125,-126,102,125,227
2026 Virus Weightlifting Series 1,2026-03-06,Open Women's 77kg,Ava Biesterfeld,75.25,100,-105,-105,120,124,127,100,127,227
2026 Virus Weightlifting Series 1,2026-03-07,Men's Masters (40-44) 94kg,Kevin Davies,91.45,97,-101,-101,-130,130,-135,97,130,227
2026 Virus Weightlifting Series 1,2026-03-06,Open Women's 69kg,Abigail Cooper,68.45,97,-100,101,120,125,-129,101,125,226
2026 Virus Weightlifting Series 1,2026-03-06,Open Men's 88kg,Lanz le Roux,86.75,90,93,96,120,124,130,96,130,226
2026 Virus Weightlifting Series 1,2026-03-08,Open Women's 86+kg,Stephanie Gousse,100.5,97,100,-103,117,122,126,100,126,226
2026 Virus Weightlifting Series 1,2026-03-07,Men's Masters (35-39) 94kg,Mark Harvey,94.05,-96,99,103,123,-127,-127,103,123,226
2026 Virus Weightlifting Series 1,2026-03-07,Open Men's 94kg,William Wilkerson,93.4,100,-105,-106,126,0,0,100,126,226
2026 Virus Weightlifting Series 1,2026-03-06,Junior Men's 79kg,Lane Stewart,77.05,97,-101,-103,-120,121,128,97,128,225
2026 Virus Weightlifting Series 1,2026-03-07,Open Men's 88kg,Michael Cheng,86.3,90,93,-96,125,129,132,93,132,225
2026 Virus Weightlifting Series 1,2026-03-07,Men's Masters (35-39) 110kg,Kevin Chemleski,107.1,85,90,95,120,125,130,95,130,225
2026 Virus Weightlifting Series 1,2026-03-06,Men's Masters (40-44) 79kg,Rey Jan Garma,77.45,90,93,98,117,122,127,98,127,225
2026 Virus Weightlifting Series 1,2026-03-06,Open Men's 71kg,Benjamin Engelbracht,69.55,94,97,101,118,123,-125,101,123,224
2026 Virus Weightlifting Series 1,2026-03-05,Junior Men's 71kg,TIMOTHY NEAL,68.35,94,97,101,114,119,123,101,123,224
2026 Virus Weightlifting Series 1,2026-03-06,Junior Men's 88kg,Max Bolan,83.3,98,-102,102,114,118,122,102,122,224
2026 Virus Weightlifting Series 1,2026-03-06,Junior Men's 79kg,Jonathan Zinger,76.9,96,-100,100,120,123,-125,100,123,223
2026 Virus Weightlifting Series 1,2026-03-07,Junior Men's 94kg,Milo Janata,92.55,103,-107,-111,120,-128,-128,103,120,223
2026 Virus Weightlifting Series 1,2026-03-06,Men's 14-15 Age Group 79+kg,Walker Stanley,101.15,-98,100,102,118,-121,121,102,121,223
2026 Virus Weightlifting Series 1,2026-03-07,Open Men's 88kg,Christopher Beattie,86.1,95,-103,103,120,-126,-126,103,120,223
2026 Virus Weightlifting Series 1,2026-03-07,Open Men's 88kg,Abraham Cha,85.6,-97,97,-100,118,-125,126,97,126,223
2026 Virus Weightlifting Series 1,2026-03-07,Men's Masters (35-39) 94kg,Joseph Bossard,92.45,-97,97,103,115,-120,120,103,120,223
2026 Virus Weightlifting Series 1,2026-03-07,Men's Masters (35-39) 110kg,Kyle Stillwell,97.95,93,97,101,112,117,122,101,122,223
2026 Virus Weightlifting Series 1,2026-03-07,Open Men's 94kg,Nadav David,90.48,90,93,97,118,122,126,97,126,223
2026 Virus Weightlifting Series 1,2026-03-08,Men's Masters (40-44) 110+kg,Franz Blanchard,119.55,93,98,-102,120,-125,125,98,125,223
2026 Virus Weightlifting Series 1,2026-03-06,Open Men's 79kg,Daniel Younk,77.15,95,-98,98,118,-122,124,98,124,222
2026 Virus Weightlifting Series 1,2026-03-07,Men's 16-17 Age Group 94+kg,Jonah Rubin,101.15,84,88,92,120,-127,130,92,130,222
2026 Virus Weightlifting Series 1,2026-03-06,Open Men's 88kg,Wyatt Mechalke,86.8,93,97,100,117,-122,122,100,122,222
2026 Virus Weightlifting Series 1,2026-03-07,Open Men's 110kg,Luke Maginnis,108.1,88,92,96,-123,-125,125,96,125,221
2026 Virus Weightlifting Series 1,2026-03-06,Open Men's 71kg,Felix Lien,70.85,100,103,106,-115,115,-118,106,115,221
2026 Virus Weightlifting Series 1,2026-03-06,Men's Masters (35-39) 79kg,Jacob Howard,78.7,-99,99,-105,122,-127,0,99,122,221
2026 Virus Weightlifting Series 1,2026-03-07,Men's Masters (35-39) 88kg,Ryan Tyler Pumphrey,83.75,-101,101,-106,120,-125,-130,101,120,221
2026 Virus Weightlifting Series 1,2026-03-06,Open Men's 88kg,Michael Sardo,81.65,91,96,-100,-120,120,125,96,125,221
2026 Virus Weightlifting Series 1,2026-03-07,Open Men's 94kg,Sean Appelson,90.8,95,98,-103,123,-127,-127,98,123,221
2026 Virus Weightlifting Series 1,2026-03-07,Open Men's 110kg,Tyllin Walker,96,95,100,-104,120,-124,-125,100,120,220
2026 Virus Weightlifting Series 1,2026-03-06,Open Men's 79kg,Michael Sauer,77,95,-100,100,115,120,-125,100,120,220
2026 Virus Weightlifting Series 1,2026-03-07,Men's Masters (35-39) 110kg,Maxwell Anderson,98.1,93,96,100,113,116,120,100,120,220
2026 Virus Weightlifting Series 1,2026-03-08,Men's Masters (35-39) 110+kg,Anthony Kinsey,131.3,91,95,-100,120,125,-130,95,125,220
2026 Virus Weightlifting Series 1,2026-03-07,Open Men's 94kg,William Hong,90,90,93,96,120,124,-128,96,124,220
2026 Virus Weightlifting Series 1,2026-03-07,Open Men's 94kg,Isaiah Anderson,92.7,90,-95,100,-120,120,-127,100,120,220
2026 Virus Weightlifting Series 1,2026-03-07,Open Men's 94kg,Spencer Checkoway,90,90,95,-100,120,125,-128,95,125,220
2026 Virus Weightlifting Series 1,2026-03-06,Open Men's 79kg,Keshav Nair,74.2,92,95,-98,120,124,-128,95,124,219
2026 Virus Weightlifting Series 1,2026-03-07,Open Men's 94kg,Alex Pan,89.85,97,-102,-103,117,122,-127,97,122,219
2026 Virus Weightlifting Series 1,2026-03-05,Junior Men's 71kg,Micale Smith,69.95,95,-99,-100,118,-122,123,95,123,218
2026 Virus Weightlifting Series 1,2026-03-08,Open Women's 77kg,Francesca Dooris,72.7,96,99,102,-116,116,-120,102,116,218
2026 Virus Weightlifting Series 1,2026-03-06,Open Men's 79kg,Isaac Marron,78.35,-98,98,-103,120,-125,-125,98,120,218
2026 Virus Weightlifting Series 1,2026-03-05,Men's 16-17 Age Group 65kg,Jesse Castillo,63.7,-100,100,-105,-118,118,-128,100,118,218
2026 Virus Weightlifting Series 1,2026-03-06,Open Men's 88kg,Brady Hoffman,86.5,87,91,95,117,-121,123,95,123,218
2026 Virus Weightlifting Series 1,2026-03-07,Men's Masters (40-44) 110kg,Parvin Zaki,105.95,93,98,-102,120,-126,-128,98,120,218
2026 Virus Weightlifting Series 1,2026-03-06,Open Men's 71kg,Victor Martin,69.15,90,-93,94,118,-122,123,94,123,217
2026 Virus Weightlifting Series 1,2026-03-06,Junior Men's 79kg,James Thomas,75.15,96,-99,-100,-118,-121,121,96,121,217
2026 Virus Weightlifting Series 1,2026-03-05,Junior Men's 71kg,Kason Luu,69.1,91,96,-100,106,110,120,96,120,216
2026 Virus Weightlifting Series 1,2026-03-07,Men's Masters (35-39) 88kg,Jacob Sterny,86,95,98,101,115,-120,-121,101,115,216
2026 Virus Weightlifting Series 1,2026-03-06,Open Men's 88kg,Jeremy Herrington,86.55,88,93,98,115,118,-124,98,118,216
2026 Virus Weightlifting Series 1,2026-03-07,Open Men's 94kg,Tony Freeman,93.25,-91,92,95,121,-125,-127,95,121,216
2026 Virus Weightlifting Series 1,2026-03-06,Open Men's 79kg,Erick Mishell Medina Aguilar,78.85,-85,85,-88,120,125,130,85,130,215
2026 Virus Weightlifting Series 1,2026-03-06,Open Men's 79kg,Devin Kelly,75.55,90,-95,-98,-125,125,-131,90,125,215
2026 Virus Weightlifting Series 1,2026-03-07,Men's Masters (35-39) 88kg,Jacob Bockelmann,87.75,98,-103,-103,117,-123,-125,98,117,215
2026 Virus Weightlifting Series 1,2026-03-07,Men's Masters (35-39) 94kg,Drury Borchers,91.2,95,-100,100,115,-125,-134,100,115,215
2026 Virus Weightlifting Series 1,2026-03-06,Open Men's 88kg,Aidan Zimmerman,80.65,85,90,95,115,120,-125,95,120,215
2026 Virus Weightlifting Series 1,2026-03-05,Open Men's 71kg,Brandon Bolden,69.85,90,94,-100,120,-125,-126,94,120,214
2026 Virus Weightlifting Series 1,2026-03-06,Open Men's 79kg,Christopher Lam,76.35,90,93,96,-117,-118,118,96,118,214
2026 Virus Weightlifting Series 1,2026-03-06,Open Men's 79kg,Anthony Paiva,76.7,90,94,-100,120,-125,-128,94,120,214
2026 Virus Weightlifting Series 1,2026-03-06,Open Men's 88kg,Travis Pak,83,-88,89,-92,120,125,-130,89,125,214
2026 Virus Weightlifting Series 1,2026-03-06,Open Men's 88kg,Aaron Sivilay,84.5,90,93,96,-117,118,-122,96,118,214
2026 Virus Weightlifting Series 1,2026-03-06,Open Men's 88kg,Gregory Sweat,86.6,90,94,-98,115,120,-125,94,120,214
2026 Virus Weightlifting Series 1,2026-03-07,Men's Masters (50-54) 110kg,Anthony  Craig,109.05,88,-92,-92,119,-124,125,88,125,213
2026 Virus Weightlifting Series 1,2026-03-06,Open Women's 69kg,Estelle Rohr,69,90,93,-95,120,-124,-125,93,120,213
2026 Virus Weightlifting Series 1,2026-03-07,Men's 16-17 Age Group 94+kg,Wyatt Kight,98,85,89,92,-120,121,-128,92,121,213
2026 Virus Weightlifting Series 1,2026-03-06,Men's Masters (40-44) 79kg,Brian Leung,78,91,94,97,113,116,-119,97,116,213
2026 Virus Weightlifting Series 1,2026-03-07,Men's Masters (40-44) 94kg,Kellen Crouse,92.6,-95,96,-99,110,114,117,96,117,213
2026 Virus Weightlifting Series 1,2026-03-05,Open Men's 60kg,Austin Martin,59.65,86,90,94,-113,113,118,94,118,212
2026 Virus Weightlifting Series 1,2026-03-05,Open Men's 71kg,Elijah Alvarado,69.9,88,91,94,115,118,-120,94,118,212
2026 Virus Weightlifting Series 1,2026-03-05,Junior Men's 71kg,Julian  Pina,70.35,-90,-90,92,120,-124,-124,92,120,212
2026 Virus Weightlifting Series 1,2026-03-06,Open Men's 79kg,Aldo Ayala,77.1,85,88,-91,117,120,124,88,124,212
2026 Virus Weightlifting Series 1,2026-03-06,Open Men's 88kg,Kyle Sanchez,86.9,90,-93,93,115,119,-124,93,119,212
2026 Virus Weightlifting Series 1,2026-03-07,Open Men's 88kg,Liam Ramsay,86,87,91,-94,118,121,-125,91,121,212
2026 Virus Weightlifting Series 1,2026-03-07,Open Men's 94kg,Zach Ferrenburg,93.75,-90,-90,90,112,118,122,90,122,212
2026 Virus Weightlifting Series 1,2026-03-05,Open Men's 71kg,Ali Dougish,69.05,80,85,-90,115,121,126,85,126,211
2026 Virus Weightlifting Series 1,2026-03-05,Men's Masters (35-39) 71kg,Daniel Lema,70.15,-83,84,90,116,121,-125,90,121,211
2026 Virus Weightlifting Series 1,2026-03-06,Men's Masters (35-39) 79kg,Matt Reeves,76.6,-89,-92,92,-118,-118,119,92,119,211
2026 Virus Weightlifting Series 1,2026-03-08,Open Women's 86kg,Kateri Peters,82.75,-90,90,-93,114,117,121,90,121,211
2026 Virus Weightlifting Series 1,2026-03-06,Men's Masters (35-39) 88kg,Vincent Nguyen-Bui,87.15,-88,88,91,120,-125,-125,91,120,211
2026 Virus Weightlifting Series 1,2026-03-06,Open Men's 88kg,David Corradetti,86.9,87,-91,91,110,115,120,91,120,211
2026 Virus Weightlifting Series 1,2026-03-07,Open Women's 69kg,Nicole Caamano,68.55,89,92,-95,111,115,118,92,118,210
2026 Virus Weightlifting Series 1,2026-03-05,Junior Men's 71kg,Jacob St. Aubin,70.2,90,95,-100,110,115,-120,95,115,210
2026 Virus Weightlifting Series 1,2026-03-07,Junior Men's 88kg,Eduardo  Travieso ,86.15,95,-98,-100,115,-120,-120,95,115,210
2026 Virus Weightlifting Series 1,2026-03-06,Open Men's 79kg,Tim Garland,76.75,90,94,-98,110,116,-120,94,116,210
2026 Virus Weightlifting Series 1,2026-03-08,Open Women's 86kg,Kaylee Landa,85.25,93,-96,96,114,-118,-120,96,114,210
2026 Virus Weightlifting Series 1,2026-03-06,Open Women's 53kg,Miranda Ulrey,52.65,90,93,95,112,115,-118,95,115,210
2026 Virus Weightlifting Series 1,2026-03-06,Open Men's 88kg,Nikhil Shah,85.4,90,95,-100,115,-120,-120,95,115,210
2026 Virus Weightlifting Series 1,2026-03-07,Open Men's 88kg,Ian Jones,87.05,95,-98,-100,-115,115,-120,95,115,210
2026 Virus Weightlifting Series 1,2026-03-06,Open Women's 63kg,Jamie Hegg,60.6,86,89,91,115,-119,119,91,119,210
2026 Virus Weightlifting Series 1,2026-03-08,Open Women's 77kg,Deborah Doran,75,84,88,-91,113,117,121,88,121,209
2026 Virus Weightlifting Series 1,2026-03-07,Men's Masters (35-39) 110kg,Taylor Williams,105.7,90,94,-98,115,-118,-120,94,115,209
2026 Virus Weightlifting Series 1,2026-03-08,Men's Masters (50-54) 110+kg,Anthony Surre,114.3,87,90,93,112,115,-118,93,115,208
2026 Virus Weightlifting Series 1,2026-03-05,Open Men's 71kg,Keven Dubreil,69.85,93,96,-99,108,-111,112,96,112,208
2026 Virus Weightlifting Series 1,2026-03-06,Open Men's 79kg,Alexis Villegas,75.75,-89,90,-94,-114,118,-123,90,118,208
2026 Virus Weightlifting Series 1,2026-03-06,Open Men's 79kg,Evan Kimball,71.9,90,93,-96,115,-118,-118,93,115,208
2026 Virus Weightlifting Series 1,2026-03-08,Open Women's 77kg,Ivy Gunn,72.6,-91,91,94,109,113,-115,94,113,207
2026 Virus Weightlifting Series 1,2026-03-06,Junior Men's 79kg,Colin Corr,77.2,89,-92,-93,-118,-118,118,89,118,207
2026 Virus Weightlifting Series 1,2026-03-06,Open Men's 88kg,Wayne Ngo,85.55,85,89,-92,-116,-117,118,89,118,207
2026 Virus Weightlifting Series 1,2026-03-07,Men's Masters (55-59) 110kg,Christopher Gregg,104.4,85,-93,-93,110,116,121,85,121,206
2026 Virus Weightlifting Series 1,2026-03-05,Open Men's 71kg,Alec Flynn,70.3,88,91,94,112,-115,-115,94,112,206
2026 Virus Weightlifting Series 1,2026-03-08,Open Women's 77kg,Carly Brown,75.85,87,-90,91,109,112,115,91,115,206
2026 Virus Weightlifting Series 1,2026-03-05,Junior Men's 79kg,Neeko Washington,78.15,90,-95,-95,116,-121,-125,90,116,206
2026 Virus Weightlifting Series 1,2026-03-05,Men's 16-17 Age Group 79kg,Jared Adkins,77.95,83,86,89,108,112,117,89,117,206
2026 Virus Weightlifting Series 1,2026-03-08,Open Women's 86kg,Alexandria Fillmore,85.15,89,92,95,106,-110,111,95,111,206
2026 Virus Weightlifting Series 1,2026-03-07,Men's Masters (40-44) 94kg,Richard Mcfadden,91.05,-89,89,-94,-114,-117,117,89,117,206
2026 Virus Weightlifting Series 1,2026-03-07,Men's Masters (55-59) 110kg,James Roudebush,100.75,87,92,-98,108,113,-118,92,113,205
2026 Virus Weightlifting Series 1,2026-03-05,Open Men's 65kg,Isauro Felix,64.65,87,-90,90,-115,115,-120,90,115,205
2026 Virus Weightlifting Series 1,2026-03-05,Open Men's 71kg,Michael Wu,66.95,85,88,91,108,111,114,91,114,205
2026 Virus Weightlifting Series 1,2026-03-07,Junior Men's 88kg,Alexander Preble,85.2,85,-90,90,115,-120,-120,90,115,205
2026 Virus Weightlifting Series 1,2026-03-08,Junior Men's 110+kg,morgan bernstein,127,90,-93,-93,110,115,-120,90,115,205
2026 Virus Weightlifting Series 1,2026-03-05,Men's Masters (35-39) 79kg,Matt Medeiros,75.8,87,90,-94,110,-113,115,90,115,205
2026 Virus Weightlifting Series 1,2026-03-05,Men's 16-17 Age Group 79kg,Noah Booth,78.35,82,87,90,106,111,115,90,115,205
2026 Virus Weightlifting Series 1,2026-03-06,Men's 16-17 Age Group 88kg,Marcos  Pujol ,86.5,-89,91,-93,110,114,-120,91,114,205
2026 Virus Weightlifting Series 1,2026-03-06,Men's Masters (35-39) 88kg,Matthew Cannon,83.15,85,90,-100,110,115,-120,90,115,205
2026 Virus Weightlifting Series 1,2026-03-07,Junior Women's 69kg,Kimberly Wiese,68.65,83,87,90,110,-115,115,90,115,205
2026 Virus Weightlifting Series 1,2026-03-06,Open Men's 88kg,Austin Wright,86.3,91,93,95,110,-115,-115,95,110,205
2026 Virus Weightlifting Series 1,2026-03-06,Open Men's 88kg,Lucas Bastin,84.35,-86,86,-92,113,119,-125,86,119,205
2026 Virus Weightlifting Series 1,2026-03-08,Open Women's 86+kg,Marissa DelGado,118.9,90,93,96,109,-112,-115,96,109,205
2026 Virus Weightlifting Series 1,2026-03-08,Open Women's 86+kg,Kristen Erickson,104.45,90,-95,95,110,-113,-114,95,110,205
2026 Virus Weightlifting Series 1,2026-03-07,Men's Masters (40-44) 94kg,Christopher Grabill,93.8,89,-93,93,112,-116,-116,93,112,205
2026 Virus Weightlifting Series 1,2026-03-07,Men's Masters (45-49) 94kg,Hafsteinn Gislason,93.1,89,92,95,106,110,-115,95,110,205
2026 Virus Weightlifting Series 1,2026-03-07,Open Women's 69kg,Alexa Snyder,68.25,88,-91,91,110,113,-116,91,113,204
2026 Virus Weightlifting Series 1,2026-03-06,Open Men's 79kg,Taylor Tredinnick,77.15,88,-92,-95,107,113,116,88,116,204
2026 Virus Weightlifting Series 1,2026-03-06,Open Men's 79kg,Elijah Yoder,77.25,90,-94,-96,110,114,-118,90,114,204
2026 Virus Weightlifting Series 1,2026-03-05,Men's Masters (35-39) 60kg,Timothy Luistro,59.45,-92,93,96,105,108,-110,96,108,204
2026 Virus Weightlifting Series 1,2026-03-07,Men's Masters (35-39) 88kg,Ciaran Nugent,85.3,84,88,-93,-113,-116,116,88,116,204
2026 Virus Weightlifting Series 1,2026-03-06,Open Men's 88kg,Paolo Fernando,83.1,78,86,-91,110,114,118,86,118,204
2026 Virus Weightlifting Series 1,2026-03-08,Women's Masters (35-39) 86+kg,Carly Lansley,113.3,85,89,93,105,110,-115,93,110,203
2026 Virus Weightlifting Series 1,2026-03-05,Junior Men's 60kg,Jagarii Gardner,58.1,85,-88,-88,-115,118,-121,85,118,203
2026 Virus Weightlifting Series 1,2026-03-05,Junior Men's 79kg,Connor Nowikowski,76.25,82,85,-90,114,118,-122,85,118,203
2026 Virus Weightlifting Series 1,2026-03-05,Open Men's 79kg,Justin Manipis,72.95,90,93,-96,110,-114,-117,93,110,203
2026 Virus Weightlifting Series 1,2026-03-06,Open Men's 79kg,Jake Colburn,76.85,85,88,91,107,112,-117,91,112,203
2026 Virus Weightlifting Series 1,2026-03-06,Open Men's 79kg,Christian Rogacion,77.55,84,-87,87,113,116,-120,87,116,203
2026 Virus Weightlifting Series 1,2026-03-05,Men's Masters (35-39) 79kg,Yiran Guo,77,88,-92,-95,106,-111,115,88,115,203
2026 Virus Weightlifting Series 1,2026-03-06,Men's 16-17 Age Group 88kg,Adam Hawrylchak,84.5,85,-91,92,111,-115,-121,92,111,203
2026 Virus Weightlifting Series 1,2026-03-07,Men's 16-17 Age Group 94+kg,Irvin Mejia,120.85,76,81,86,107,112,117,86,117,203
2026 Virus Weightlifting Series 1,2026-03-07,Men's Masters (35-39) 94kg,Sean ODay,93.35,-91,93,96,102,107,-111,96,107,203
2026 Virus Weightlifting Series 1,2026-03-07,Junior Women's 69kg,Allison Rebustillo,67.75,83,86,89,-112,-114,114,89,114,203
2026 Virus Weightlifting Series 1,2026-03-07,Men's Masters (35-39) 110kg,Eric Wolk,98.5,84,87,-90,111,113,116,87,116,203
2026 Virus Weightlifting Series 1,2026-03-06,Men's Masters (40-44) 88kg,Brandon Beaver,86.95,83,87,91,102,106,112,91,112,203
2026 Virus Weightlifting Series 1,2026-03-06,Men's Masters (45-49) 79kg,Shawn Robertson,78.45,-88,88,-91,-114,-115,115,88,115,203
2026 Virus Weightlifting Series 1,2026-03-05,Men's 16-17 Age Group 71kg,Dominic Fruchtenicht,69.25,-90,90,-95,111,-112,112,90,112,202
2026 Virus Weightlifting Series 1,2026-03-08,Open Women's 86+kg,Kiara Earle,91.5,82,84,86,113,116,-119,86,116,202
2026 Virus Weightlifting Series 1,2026-03-06,Open Men's 88kg,Benjamin Busarow,83.15,90,95,-100,106,-112,-116,95,106,201
2026 Virus Weightlifting Series 1,2026-03-06,Men's Masters (40-44) 88kg,Timothy Johnson,80.3,85,88,91,102,107,110,91,110,201
2026 Virus Weightlifting Series 1,2026-03-06,Open Women's 63kg,Makiyah  Nickerson,62.95,-91,91,-93,106,108,110,91,110,201
2026 Virus Weightlifting Series 1,2026-03-08,Men's Masters (45-49) 110+kg,Michael Signore,147.05,81,84,-87,110,-115,116,84,116,200
2026 Virus Weightlifting Series 1,2026-03-07,Women's 16-17 Age Group 69kg,Adelyn Jones,67.9,84,87,90,104,107,110,90,110,200
2026 Virus Weightlifting Series 1,2026-03-08,Open Women's 77kg,Christine Yee,75.45,80,87,-89,107,110,113,87,113,200
2026 Virus Weightlifting Series 1,2026-03-07,Junior Men's 110kg,Samuel Cler,96.4,-92,-92,92,108,-112,-112,92,108,200
2026 Virus Weightlifting Series 1,2026-03-08,Women's Masters (45-49) 86+kg,Kimberlee Douglas,133.6,-84,-84,84,110,113,116,84,116,200
2026 Virus Weightlifting Series 1,2026-03-06,Open Men's 88kg,Nathan Mark,82,-90,90,-97,110,-115,-115,90,110,200
2026 Virus Weightlifting Series 1,2026-03-06,Men's Masters (45-49) 88kg,Devall Wilson,85.55,80,85,90,105,-109,110,90,110,200
2026 Virus Weightlifting Series 1,2026-03-07,Men's Masters (35-39) 94kg,KRISTOFFER DELACRUZ,92.3,85,88,90,105,109,-112,90,109,199
2026 Virus Weightlifting Series 1,2026-03-08,Men's Masters (35-39) 110+kg,Jonathan Murray,125.85,85,88,90,105,-108,109,90,109,199
2026 Virus Weightlifting Series 1,2026-03-07,Men's Masters (50-54) 94kg,Jeremy Givens,94,85,88,-91,110,-115,-118,88,110,198
2026 Virus Weightlifting Series 1,2026-03-05,Junior Men's 65kg,Lucas Mansier,62,83,87,91,100,107,-111,91,107,198
2026 Virus Weightlifting Series 1,2026-03-08,Open Women's 86+kg,Keaton Poppe,131.85,83,86,-90,105,109,112,86,112,198
2026 Virus Weightlifting Series 1,2026-03-07,Men's Masters (35-39) 110kg,Fabrizio Apodaca,107,85,88,-92,110,-115,-117,88,110,198
2026 Virus Weightlifting Series 1,2026-03-06,Open Women's 63kg,Madeline Staniszewski,61.25,90,-93,93,105,-108,-108,93,105,198
2026 Virus Weightlifting Series 1,2026-03-06,Junior Men's 94kg,Heston Mullis,90.15,84,-88,88,-107,-108,109,88,109,197
2026 Virus Weightlifting Series 1,2026-03-06,Open Men's 88kg,Luke Berardinelli,86.7,87,-91,-92,-108,-110,110,87,110,197
2026 Virus Weightlifting Series 1,2026-03-07,Open Women's 69kg,Rachael Skinner,69,86,89,-91,103,-106,107,89,107,196
2026 Virus Weightlifting Series 1,2026-03-07,Open Women's 69kg,Siera Schuster,64.6,84,-87,87,105,109,-111,87,109,196
2026 Virus Weightlifting Series 1,2026-03-07,Open Women's 69kg,Taylor Lucas,67.1,83,86,-90,106,110,-113,86,110,196
2026 Virus Weightlifting Series 1,2026-03-08,Women's 16-17 Age Group 77+kg,Kinsley Rodden,120.25,80,84,86,101,105,110,86,110,196
2026 Virus Weightlifting Series 1,2026-03-05,Men's 16-17 Age Group 60kg,Andrew Weymer,58.85,90,-93,-95,103,106,-108,90,106,196
2026 Virus Weightlifting Series 1,2026-03-05,Men's Masters (35-39) 65kg,Nico Paulo Tolentino,64.4,80,84,-88,102,106,112,84,112,196
2026 Virus Weightlifting Series 1,2026-03-06,Men's Masters (40-44) 88kg,wai yu,86.55,-88,88,-91,103,108,-113,88,108,196
2026 Virus Weightlifting Series 1,2026-03-08,Women's Masters (35-39) 86kg,Denise Hom,84,80,83,87,103,-108,109,87,109,196
2026 Virus Weightlifting Series 1,2026-03-08,Women's Masters (35-39) 86kg,Haley McDaniel,85.1,88,90,-93,105,-108,-110,90,105,195
2026 Virus Weightlifting Series 1,2026-03-08,Men's Masters (50-54) 110+kg,Travis Partington,156.55,80,85,-88,100,105,110,85,110,195
2026 Virus Weightlifting Series 1,2026-03-05,Men's 16-17 Age Group 79kg,Ethan  Takacs,77.3,82,86,90,-104,105,-110,90,105,195
2026 Virus Weightlifting Series 1,2026-03-08,Open Women's 86kg,maicee Bradley,85.95,85,-90,-90,110,-115,-115,85,110,195
2026 Virus Weightlifting Series 1,2026-03-08,Open Women's 86+kg,Trisha Mank,112.1,82,-85,85,-110,110,-113,85,110,195
2026 Virus Weightlifting Series 1,2026-03-07,Men's Masters (40-44) 94kg,Bradley Graves,92.25,84,88,-92,-106,107,-111,88,107,195
2026 Virus Weightlifting Series 1,2026-03-05,Men's 16-17 Age Group 56kg,Diego Yoo,53.25,80,83,-85,105,-111,111,83,111,194
2026 Virus Weightlifting Series 1,2026-03-05,Men's Masters (45-49) 71kg,Joshua Medeiros,69.65,75,80,86,100,108,-114,86,108,194
2026 Virus Weightlifting Series 1,2026-03-08,Men's Masters (45-49) 110+kg,Cedar Coleman,156.9,-78,78,81,105,109,112,81,112,193
2026 Virus Weightlifting Series 1,2026-03-08,Men's Masters (45-49) 110+kg,Phillip Snyder,151.85,75,78,-81,110,-115,115,78,115,193
2026 Virus Weightlifting Series 1,2026-03-06,Men's Masters (50-54) 88kg,Christopher Bohonis,86.25,80,83,-86,102,106,110,83,110,193
2026 Virus Weightlifting Series 1,2026-03-06,Men's Masters (50-54) 88kg,Greg Karas,86,85,-87,88,105,-110,-111,88,105,193
2026 Virus Weightlifting Series 1,2026-03-06,Men's Masters (65-69) 88kg,Kent Neuerburg,85.75,75,78,81,105,109,112,81,112,193
2026 Virus Weightlifting Series 1,2026-03-05,Junior Men's 71kg,Caleb Sprenger,70.8,75,80,85,100,105,108,85,108,193
2026 Virus Weightlifting Series 1,2026-03-07,Men's Masters (35-39) 94kg,Joseph Mattera,92.7,74,78,80,106,110,113,80,113,193
2026 Virus Weightlifting Series 1,2026-03-07,Men's Masters (35-39) 94kg,Adam Weaver,88.6,85,87,-89,106,-108,-108,87,106,193
2026 Virus Weightlifting Series 1,2026-03-07,Women's Masters (35-39) 69kg,Gretchen Stolte,68.25,81,-84,86,103,107,-110,86,107,193
2026 Virus Weightlifting Series 1,2026-03-07,Men's Masters (40-44) 94kg,Ryan Hunter,91.15,83,-86,86,103,107,-109,86,107,193
2026 Virus Weightlifting Series 1,2026-03-06,Men's Masters (50-54) 88kg,Kyle  Watterson ,86.2,80,-84,-84,-112,112,-114,80,112,192
2026 Virus Weightlifting Series 1,2026-03-08,Women's Masters (35-39) 86+kg,Moriah Young,112.95,84,-87,-90,108,-112,-116,84,108,192
2026 Virus Weightlifting Series 1,2026-03-07,Open Women's 69kg,Madison Johnston,66.55,83,86,-89,103,-105,106,86,106,192
2026 Virus Weightlifting Series 1,2026-03-08,Women's 16-17 Age Group 77+kg,Kaia Jacobs,110.15,81,-84,-85,108,111,-116,81,111,192
2026 Virus Weightlifting Series 1,2026-03-05,Open Men's 79kg,Anthony Paarporn,74.25,78,82,86,98,102,106,86,106,192
2026 Virus Weightlifting Series 1,2026-03-06,Men's Masters (50-54) 88kg,Mathew Corr,84.85,78,-82,-83,105,110,113,78,113,191
2026 Virus Weightlifting Series 1,2026-03-08,Junior Women's 86+kg,Aleah Baron,109.7,75,-80,80,106,111,-115,80,111,191
2026 Virus Weightlifting Series 1,2026-03-05,Men's Masters (40-44) 79kg,Scott Gonzalez,75.75,82,-85,87,101,104,-107,87,104,191
2026 Virus Weightlifting Series 1,2026-03-06,Men's Masters (40-44) 88kg,Michael Kim,85.55,80,85,-88,100,-105,106,85,106,191
2026 Virus Weightlifting Series 1,2026-03-07,Men's Masters (45-49) 110kg,Matt Greene,104.3,74,78,-81,108,113,-118,78,113,191
2026 Virus Weightlifting Series 1,2026-03-07,Men's Masters (50-54) 110kg,Corbett McCallum,100.25,75,80,-83,101,106,110,80,110,190
2026 Virus Weightlifting Series 1,2026-03-07,Open Women's 69kg,Lucie Gehringer,67.05,82,84,86,-101,102,104,86,104,190
2026 Virus Weightlifting Series 1,2026-03-06,Men's Masters (60-64) 88kg,Robert O'Day,86.3,85,-88,-90,-105,105,-115,85,105,190
2026 Virus Weightlifting Series 1,2026-03-08,Open Women's 86+kg,Shelbey Phelps,113.9,-81,81,85,100,105,-110,85,105,190
2026 Virus Weightlifting Series 1,2026-03-05,Junior Men's 79kg,Sean Mork,76.25,73,80,84,100,105,-110,84,105,189
2026 Virus Weightlifting Series 1,2026-03-06,Junior Men's 88kg,Jesse Mork,87.1,80,86,91,98,-102,-105,91,98,189
2026 Virus Weightlifting Series 1,2026-03-06,Open Men's 79kg,Carson Castelli,75.75,83,-87,-87,102,106,-110,83,106,189
2026 Virus Weightlifting Series 1,2026-03-05,Men's 16-17 Age Group 79kg,Matias Navarrete,76.4,78,82,-87,103,-106,107,82,107,189
2026 Virus Weightlifting Series 1,2026-03-08,Open Women's 86kg,Sydney Collins,84.5,84,-87,87,98,102,-105,87,102,189
2026 Virus Weightlifting Series 1,2026-03-05,Men's Masters (40-44) 71kg,Ferron Harris,70.4,-79,79,83,97,101,106,83,106,189
2026 Virus Weightlifting Series 1,2026-03-05,Men's Masters (40-44) 88kg,Guillermo Salcedo,80.25,79,-83,-85,-104,106,110,79,110,189
2026 Virus Weightlifting Series 1,2026-03-07,Men's Masters (45-49) 110kg,Jonathan Korn,100.05,77,80,-82,100,104,108,80,108,188
2026 Virus Weightlifting Series 1,2026-03-08,Women's Masters (35-39) 86kg,Jennifer Gusler,85.25,79,81,83,100,103,105,83,105,188
2026 Virus Weightlifting Series 1,2026-03-08,Men's Masters (50-54) 110+kg,Michael Alchus,118.65,77,82,-89,99,106,-116,82,106,188
2026 Virus Weightlifting Series 1,2026-03-07,Open Women's 69kg,Tatiana Melnichenko,68.95,83,-86,-86,105,-110,-110,83,105,188
2026 Virus Weightlifting Series 1,2026-03-05,Open Men's 71kg,Denis Zotaj,67.5,75,80,85,95,-100,103,85,103,188
2026 Virus Weightlifting Series 1,2026-03-05,Men's Masters (35-39) 79kg,Joshua Womack,77.75,77,81,-83,100,-106,107,81,107,188
2026 Virus Weightlifting Series 1,2026-03-07,Men's 16-17 Age Group 94+kg,Joseph POWELL,100.9,80,82,-84,102,104,106,82,106,188
2026 Virus Weightlifting Series 1,2026-03-08,Junior Women's 77kg,McKenzie Hatcher,71.75,80,84,-87,95,100,104,84,104,188
2026 Virus Weightlifting Series 1,2026-03-06,Men's Masters (45-49) 88kg,Ryan Espiritu,86.9,-82,82,-85,103,106,-109,82,106,188
2026 Virus Weightlifting Series 1,2026-03-07,Open Women's 69kg,Shannon Cook,65.4,82,84,-86,103,-106,-107,84,103,187
2026 Virus Weightlifting Series 1,2026-03-05,Open Men's 65kg,Jadier Rivera,64.95,73,76,79,104,108,-111,79,108,187
2026 Virus Weightlifting Series 1,2026-03-05,Open Men's 79kg,Ankit Bhandary,78.1,80,-85,-85,102,-106,107,80,107,187
2026 Virus Weightlifting Series 1,2026-03-05,Men's 16-17 Age Group 71kg,Rowland Young,71.05,75,79,82,95,100,105,82,105,187
2026 Virus Weightlifting Series 1,2026-03-07,Men's Masters (35-39) 110kg,John-Edward Heath,106.55,80,81,82,100,102,105,82,105,187
2026 Virus Weightlifting Series 1,2026-03-06,Men's Masters (40-44) 88kg,Paul Coover,81.25,80,84,87,95,100,-105,87,100,187
2026 Virus Weightlifting Series 1,2026-03-08,Men's Masters (45-49) 110+kg,William Holencsak,137.2,81,-85,-87,96,101,105,81,105,186
2026 Virus Weightlifting Series 1,2026-03-08,Women's Masters (35-39) 86+kg,Emily Rodriguez,102.8,77,80,83,98,103,-106,83,103,186
2026 Virus Weightlifting Series 1,2026-03-07,Men's Masters (50-54) 110kg,Daniel Garza,108.7,-77,77,-80,100,105,109,77,109,186
2026 Virus Weightlifting Series 1,2026-03-06,Women's 16-17 Age Group 63kg,Keilana Brewer,61.6,79,82,-84,101,104,-107,82,104,186
2026 Virus Weightlifting Series 1,2026-03-05,Junior Men's 71kg,Jonathan Tworek,68.3,79,83,-86,103,-106,-109,83,103,186
2026 Virus Weightlifting Series 1,2026-03-06,Men's 14-15 Age Group 79+kg,Randy Troy,88.4,67,72,77,101,106,109,77,109,186
2026 Virus Weightlifting Series 1,2026-03-05,Men's 16-17 Age Group 71kg,Caleb Hunter,69.8,70,75,78,100,104,108,78,108,186
2026 Virus Weightlifting Series 1,2026-03-07,Women's Masters (35-39) 77kg,Tayler Harris,73.9,84,-88,-89,102,-107,-107,84,102,186
2026 Virus Weightlifting Series 1,2026-03-06,Women's Masters (40-44) 63kg,Traci Beaune,61.85,79,81,-83,98,101,104,81,104,185
2026 Virus Weightlifting Series 1,2026-03-08,Open Women's 77kg,Meaghan Callahan,75.1,82,85,-88,100,-104,-106,85,100,185
2026 Virus Weightlifting Series 1,2026-03-08,Open Women's 77kg,Andi Johnson,73.25,82,-86,-86,98,-102,103,82,103,185
2026 Virus Weightlifting Series 1,2026-03-05,Junior Men's 79kg,Jackson Carrigan,76.85,70,75,-80,105,110,-115,75,110,185
2026 Virus Weightlifting Series 1,2026-03-05,Men's 16-17 Age Group 65kg,Jayson Drouillard,63.8,78,84,-88,101,-108,-112,84,101,185
2026 Virus Weightlifting Series 1,2026-03-08,Open Women's 86kg,Michelle Ramsey,81.25,82,-84,84,101,-104,-105,84,101,185
2026 Virus Weightlifting Series 1,2026-03-06,Men's Masters (35-39) 88kg,Jonathan Larcom,80.25,-80,80,-90,100,105,-110,80,105,185
2026 Virus Weightlifting Series 1,2026-03-08,Junior Women's 77kg,Catessa Guadagnoli,75.15,-79,79,-83,101,106,-110,79,106,185
2026 Virus Weightlifting Series 1,2026-03-07,Men's Masters (35-39) 110kg,Kyle Himes,105.1,74,77,80,-99,102,105,80,105,185
2026 Virus Weightlifting Series 1,2026-03-07,Men's Masters (40-44) 94kg,Lance Hardy,91.9,80,-83,83,102,-105,-107,83,102,185
2026 Virus Weightlifting Series 1,2026-03-07,Men's Masters (45-49) 110kg,Ruben Martinez,99.75,77,80,-83,104,-108,-108,80,104,184
2026 Virus Weightlifting Series 1,2026-03-06,Open Women's 53kg,D. Irizarry,52.15,74,77,80,101,104,-107,80,104,184
2026 Virus Weightlifting Series 1,2026-03-07,Men's Masters (45-49) 110kg,Douglas Seamans,108.2,77,80,83,96,100,-102,83,100,183
2026 Virus Weightlifting Series 1,2026-03-06,Women's 16-17 Age Group 63kg,Chassity Del Balso,62.45,75,-78,78,101,105,-109,78,105,183
2026 Virus Weightlifting Series 1,2026-03-08,Open Women's 77kg,Nyah Namisnak,75,81,84,86,93,97,-100,86,97,183
2026 Virus Weightlifting Series 1,2026-03-06,Open Women's 63kg,Danielle Sheppard,61.9,-77,77,80,99,103,-107,80,103,183
2026 Virus Weightlifting Series 1,2026-03-07,Open Women's 69kg,Brena Andrews,67.75,78,-81,81,-95,95,101,81,101,182
2026 Virus Weightlifting Series 1,2026-03-08,Women's 16-17 Age Group 77+kg,Eleanor Cler,106.8,77,81,-85,-100,-101,101,81,101,182
2026 Virus Weightlifting Series 1,2026-03-08,Women's Masters (35-39) 77kg,Taylor Maginnis,75.6,79,-82,-83,103,-106,-112,79,103,182
2026 Virus Weightlifting Series 1,2026-03-08,Women's Masters (40-44) 86+kg,Katelyn Nies,101.6,74,-76,77,104,-107,-107,77,104,181
2026 Virus Weightlifting Series 1,2026-03-05,Men's 16-17 Age Group 79kg,DJ Williams ,77.55,80,83,-86,-93,93,98,83,98,181
2026 Virus Weightlifting Series 1,2026-03-06,Open Women's 58kg,Nicole Mercier,57.5,78,81,-84,97,100,-102,81,100,181
2026 Virus Weightlifting Series 1,2026-03-08,Open Women's 86+kg,Hannah Curren Vo,117.25,74,77,80,98,101,-104,80,101,181
2026 Virus Weightlifting Series 1,2026-03-08,Men's Masters (55-59) 110+kg,Christopher Feenstra,115.7,-75,75,80,95,100,-106,80,100,180
2026 Virus Weightlifting Series 1,2026-03-07,Open Women's 69kg,Alicia Fernandez,68.9,80,-82,-82,97,100,-102,80,100,180
2026 Virus Weightlifting Series 1,2026-03-08,Open Women's 77kg,Tamara Seager,75.65,84,-87,-88,-96,96,-100,84,96,180
2026 Virus Weightlifting Series 1,2026-03-08,Women's Masters (35-39) 77kg,Holly Crane,73.8,76,79,81,-98,98,-102,81,98,179
2026 Virus Weightlifting Series 1,2026-03-07,Women's 16-17 Age Group 69kg,Lise Sterckx,68.7,78,-81,-81,-95,95,100,78,100,178
2026 Virus Weightlifting Series 1,2026-03-08,Open Women's 77kg,Joy Vincent,75.95,78,81,-85,97,-100,-101,81,97,178
2026 Virus Weightlifting Series 1,2026-03-06,Men's Masters (35-39) 88kg,Zach Wyatt,87.7,78,-82,-82,-100,100,-110,78,100,178
2026 Virus Weightlifting Series 1,2026-03-05,Men's Masters (40-44) 71kg,Arkadiy Makaron,68.5,71,-75,75,95,100,103,75,103,178
2026 Virus Weightlifting Series 1,2026-03-06,Open Women's 63kg,Morgan Beattie,61.55,80,83,-85,95,-100,-100,83,95,178
2026 Virus Weightlifting Series 1,2026-03-08,Women's Masters (35-39) 86+kg,Beth Whaley,95.45,74,-77,-77,100,-103,103,74,103,177
2026 Virus Weightlifting Series 1,2026-03-05,Junior Men's 60kg,Jason Goico,59.1,77,82,-87,-95,95,-100,82,95,177
2026 Virus Weightlifting Series 1,2026-03-05,Junior Men's 60kg,Rey Ortiz,58.85,72,76,-82,93,97,101,76,101,177
2026 Virus Weightlifting Series 1,2026-03-07,Junior Women's 69kg,Autumn Sands,68.6,-75,75,-80,95,99,102,75,102,177
2026 Virus Weightlifting Series 1,2026-03-06,Women's Masters (35-39) 63kg,Lisa Ho,62.65,76,79,-82,96,-98,98,79,98,177
2026 Virus Weightlifting Series 1,2026-03-07,Women's Masters (35-39) 69kg,MATTIE FLICKINGER,68.35,75,77,-80,95,100,-106,77,100,177
2026 Virus Weightlifting Series 1,2026-03-07,Women's Masters (35-39) 69kg,Melissa Salazar,68.65,77,80,-82,93,97,-100,80,97,177
2026 Virus Weightlifting Series 1,2026-03-06,Open Women's 63kg,gretchen messner,62.3,80,-83,-83,97,-100,-100,80,97,177
2026 Virus Weightlifting Series 1,2026-03-07,Junior Men's 94kg,Jaxon Miller,90.85,72,-76,76,95,-100,100,76,100,176
2026 Virus Weightlifting Series 1,2026-03-06,Men's 14-15 Age Group 79+kg,Anthony Caceres,134.65,-70,72,76,100,-107,-107,76,100,176
2026 Virus Weightlifting Series 1,2026-03-07,Junior Men's 110kg,Andrew Fajardo,98.65,-76,-76,76,97,100,-103,76,100,176
2026 Virus Weightlifting Series 1,2026-03-08,Open Women's 86kg,Lauryn Nutter,84.8,79,-82,-82,97,-102,-103,79,97,176
2026 Virus Weightlifting Series 1,2026-03-06,Women's Masters (35-39) 63kg,Corynne Francis,62.45,78,81,84,89,92,-97,84,92,176
2026 Virus Weightlifting Series 1,2026-03-07,Men's 16-17 Age Group 94kg,Fernando Suarez-Solis,90.1,70,-75,75,-90,93,100,75,100,175
2026 Virus Weightlifting Series 1,2026-03-08,Open Women's 86+kg,Shayla Breedlove,125.95,71,74,78,93,97,-100,78,97,175
2026 Virus Weightlifting Series 1,2026-03-06,Open Women's 63kg,Couger Jaramillo,62.55,78,-81,-81,97,-100,-102,78,97,175
2026 Virus Weightlifting Series 1,2026-03-06,Men's Masters (50-54) 88kg,Michael Ben-Hain,84.85,73,76,-78,95,-98,98,76,98,174
2026 Virus Weightlifting Series 1,2026-03-08,Women's Masters (40-44) 77kg,Lucille Murphy,73.95,71,74,77,93,97,-100,77,97,174
2026 Virus Weightlifting Series 1,2026-03-05,Men's Masters (35-39) 79kg,Anthony Pacheco,73.95,68,72,-76,94,98,102,72,102,174
2026 Virus Weightlifting Series 1,2026-03-06,Women's 16-17 Age Group 58kg,Sadie Hayhoe,56.8,74,77,80,93,-96,-96,80,93,173
2026 Virus Weightlifting Series 1,2026-03-05,Open Men's 79kg,Aadam Husain,73.05,-73,73,-75,95,100,-103,73,100,173
2026 Virus Weightlifting Series 1,2026-03-06,Open Women's 58kg,Kathryn Rose,57.85,75,-78,-79,-98,98,-100,75,98,173
2026 Virus Weightlifting Series 1,2026-03-06,Men's Masters (40-44) 88kg,Joshua Ortiz,84.45,67,70,73,93,97,100,73,100,173
2026 Virus Weightlifting Series 1,2026-03-05,Men's Masters (55-59) 71kg,Eric Bramwell,70.15,68,72,-75,-95,95,100,72,100,172
2026 Virus Weightlifting Series 1,2026-03-08,Open Women's 86kg,Jennifer Berry,84.1,73,77,-80,91,95,-99,77,95,172
2026 Virus Weightlifting Series 1,2026-03-07,Junior Women's 69kg,Allie Nichols,67.15,70,73,75,91,94,97,75,97,172
2026 Virus Weightlifting Series 1,2026-03-08,Open Women's 86+kg,Maya Nichols,103.1,70,75,-80,90,-97,97,75,97,172
2026 Virus Weightlifting Series 1,2026-03-08,Open Women's 86+kg,Chioma Onyekwere-Lyons,107.75,70,73,-75,-99,99,-101,73,99,172
2026 Virus Weightlifting Series 1,2026-03-06,Open Women's 63kg,Gabriella Mowery,61.75,72,-75,75,93,97,-100,75,97,172
2026 Virus Weightlifting Series 1,2026-03-08,Open Women's 77kg,Bethany Thompson,75.45,72,76,81,90,-95,-100,81,90,171
2026 Virus Weightlifting Series 1,2026-03-05,Men's 14-15 Age Group 65kg,Vitaliy  Kipran,63.9,75,78,-80,85,90,93,78,93,171
2026 Virus Weightlifting Series 1,2026-03-06,Men's Masters (35-39) 88kg,William Nollenberger,84.1,70,73,-76,-98,98,-103,73,98,171
2026 Virus Weightlifting Series 1,2026-03-06,Open Women's 58kg,Kaziah Jones,55.2,72,75,-78,91,96,-100,75,96,171
2026 Virus Weightlifting Series 1,2026-03-08,Open Women's 86+kg,Madeleine Jones,92,-70,71,74,93,97,-100,74,97,171
2026 Virus Weightlifting Series 1,2026-03-05,Men's Masters (40-44) 79kg,Peter Cole,77.7,69,-73,74,97,-102,-103,74,97,171
2026 Virus Weightlifting Series 1,2026-03-07,Men's Masters (65-69) 110kg,Stephen Powell,96.45,71,75,-78,86,90,95,75,95,170
2026 Virus Weightlifting Series 1,2026-03-05,Open Men's 71kg,Henry Iraheta,69.75,68,71,75,95,-100,-100,75,95,170
2026 Virus Weightlifting Series 1,2026-03-05,Junior Men's 79kg,Josh Wager,75.7,75,-80,-83,95,-100,-100,75,95,170
2026 Virus Weightlifting Series 1,2026-03-05,Men's 14-15 Age Group 65kg,Brock Bates,63.6,71,75,-78,95,-99,-100,75,95,170
2026 Virus Weightlifting Series 1,2026-03-08,Women's Masters (35-39) 86kg,Amanda Harmon,80.7,72,74,76,91,93,-95,76,93,169
2026 Virus Weightlifting Series 1,2026-03-06,Men's Masters (55-59) 88kg,Jack Mosher,87.25,69,72,-75,91,95,97,72,97,169
2026 Virus Weightlifting Series 1,2026-03-05,Open Women's 53kg,Jaycee Mann,51.5,77,-80,-80,92,-94,-94,77,92,169
2026 Virus Weightlifting Series 1,2026-03-08,Open Women's 86+kg,Grace Worobel,110.45,63,-66,67,94,98,102,67,102,169
2026 Virus Weightlifting Series 1,2026-03-06,Open Women's 63kg,anna maguire,62.3,74,77,79,90,-93,-96,79,90,169
2026 Virus Weightlifting Series 1,2026-03-07,Men's Masters (50-54) 110+kg,Travis Johnson,111.1,-68,68,-71,100,-105,-107,68,100,168
2026 Virus Weightlifting Series 1,2026-03-07,Open Women's 69kg,Megan Maccio,68.55,70,73,-76,88,92,95,73,95,168
2026 Virus Weightlifting Series 1,2026-03-07,Open Women's 69kg,Gabrielle Vanek,67.75,72,-75,75,-92,-93,93,75,93,168
2026 Virus Weightlifting Series 1,2026-03-07,Open Women's 77kg,Lenore Namou,72.3,75,-79,-82,84,88,93,75,93,168
2026 Virus Weightlifting Series 1,2026-03-05,Men's 14-15 Age Group 52kg,Damien Persico,48.85,72,74,-76,85,90,94,74,94,168
2026 Virus Weightlifting Series 1,2026-03-06,Men's 14-15 Age Group 79+kg,Ryan  Murphy,153.9,-68,68,72,92,96,-101,72,96,168
2026 Virus Weightlifting Series 1,2026-03-05,Men's 16-17 Age Group 79kg,Cameron Childers,77.15,68,73,-77,90,95,-100,73,95,168
2026 Virus Weightlifting Series 1,2026-03-08,Open Women's 86kg,Rachel Guiles,83.05,-68,-68,68,90,95,100,68,100,168
2026 Virus Weightlifting Series 1,2026-03-08,Junior Women's 86kg,Ella Crane,84.95,73,-77,-77,-95,95,-98,73,95,168
2026 Virus Weightlifting Series 1,2026-03-06,Women's Masters (35-39) 58kg,Katherine Lee,55.25,-70,72,75,85,90,93,75,93,168
2026 Virus Weightlifting Series 1,2026-03-08,Women's Masters (35-39) 77kg,Andrea Altieri,73.25,77,80,-83,88,-92,-93,80,88,168
2026 Virus Weightlifting Series 1,2026-03-06,Men's Masters (45-49) 88kg,Nicholas Morris,79.8,-70,-73,73,95,-100,-100,73,95,168
2026 Virus Weightlifting Series 1,2026-03-08,Women's Masters (35-39) 86kg,Olivia Piacentini,82.6,73,-76,76,91,-96,-97,76,91,167
2026 Virus Weightlifting Series 1,2026-03-08,Women's Masters (35-39) 86+kg,Yetunde Olayinka,110,68,71,75,84,88,92,75,92,167
2026 Virus Weightlifting Series 1,2026-03-05,Junior Men's 79kg,Ryan Hammond,74.55,-76,-76,77,90,-101,-101,77,90,167
2026 Virus Weightlifting Series 1,2026-03-08,Open Women's 77kg,Jane Miller,71.65,-70,70,73,-90,90,94,73,94,167
2026 Virus Weightlifting Series 1,2026-03-08,Women's Masters (35-39) 77kg,Coty Brennan,74.9,74,78,-82,89,-93,-94,78,89,167
2026 Virus Weightlifting Series 1,2026-03-08,Women's Masters (35-39) 86kg,Molly Mooney,83.95,-70,70,73,-89,90,93,73,93,166
2026 Virus Weightlifting Series 1,2026-03-07,Open Women's 69kg,Anna Watkin,68.25,70,-73,73,90,93,-96,73,93,166
2026 Virus Weightlifting Series 1,2026-03-07,Open Women's 69kg,Andrea Nguyen,67.3,70,-72,72,90,94,-98,72,94,166
2026 Virus Weightlifting Series 1,2026-03-08,Women's Masters (40-44) 86kg,Traci Gonzales,81.6,72,-75,76,-88,89,90,76,90,166
2026 Virus Weightlifting Series 1,2026-03-05,Men's 16-17 Age Group 71kg,Niko Labella-choo,69.4,66,71,76,90,-96,-96,76,90,166
2026 Virus Weightlifting Series 1,2026-03-06,Women's Masters (35-39) 63kg,Stephanie Kuehne,61.7,72,-75,75,91,-95,-96,75,91,166
2026 Virus Weightlifting Series 1,2026-03-07,Men's Masters (60-64) 110kg,Bodie Stegelmann,105.7,68,-72,72,93,-98,-100,72,93,165
2026 Virus Weightlifting Series 1,2026-03-08,Women's Masters (40-44) 77kg,Kimberly Andrew,74.05,72,-75,75,87,90,-94,75,90,165
2026 Virus Weightlifting Series 1,2026-03-05,Men's Masters (35-39) 79kg,Chun-Kai Kao,78.25,65,-68,68,94,97,-100,68,97,165
2026 Virus Weightlifting Series 1,2026-03-06,Junior Women's 58kg,Ava Myers,57.65,-70,71,-74,90,-93,94,71,94,165
2026 Virus Weightlifting Series 1,2026-03-06,Open Women's 58kg,Angela Gallegos,57.45,67,73,-77,92,-96,-96,73,92,165
2026 Virus Weightlifting Series 1,2026-03-08,Junior Women's 86kg,Madison Hoblit ,83.35,-70,70,75,86,90,-95,75,90,165
2026 Virus Weightlifting Series 1,2026-03-08,Open Women's 86+kg,Robyn Teed,120.7,-75,75,78,87,-89,-90,78,87,165
2026 Virus Weightlifting Series 1,2026-03-06,Open Women's 63kg,Erica Sheagley,62.25,70,-74,75,90,-95,-95,75,90,165
2026 Virus Weightlifting Series 1,2026-03-05,Men's Masters (60-64) 71kg,Jim Lambert,69.05,67,71,-74,88,-92,93,71,93,164
2026 Virus Weightlifting Series 1,2026-03-05,Open Men's 65kg,Ziyao Ngai,63.6,-74,74,-77,90,-94,-94,74,90,164
2026 Virus Weightlifting Series 1,2026-03-08,Women's Masters (40-44) 86+kg,Stephanie Teare,131.25,70,74,-77,85,90,-95,74,90,164
2026 Virus Weightlifting Series 1,2026-03-08,Women's Masters (45-49) 86kg,Marina Gidcumb ,83,70,73,76,88,-92,-93,76,88,164
2026 Virus Weightlifting Series 1,2026-03-06,Junior Women's 63kg,Sophia Calderon,61.8,-70,70,73,85,88,91,73,91,164
2026 Virus Weightlifting Series 1,2026-03-05,Open Women's 53kg,Sarah Wright,52.55,72,-75,-76,88,92,-95,72,92,164
2026 Virus Weightlifting Series 1,2026-03-07,Women's Masters (35-39) 69kg,Chloe Starr,66.8,-70,70,-73,90,-93,94,70,94,164
2026 Virus Weightlifting Series 1,2026-03-07,Men's Masters (55-59) 94kg,Mark Pratt,93.1,70,-73,73,90,-95,0,73,90,163
2026 Virus Weightlifting Series 1,2026-03-07,Open Women's 69kg,Adriana Ufferman,68,-70,-70,70,93,-96,-98,70,93,163
2026 Virus Weightlifting Series 1,2026-03-05,Open Men's 60kg,Pranav Pagadala,58,70,-74,-75,85,89,93,70,93,163
2026 Virus Weightlifting Series 1,2026-03-05,Open Men's 65kg,Bryan Contreras,64.8,70,-73,-75,90,93,-96,70,93,163
2026 Virus Weightlifting Series 1,2026-03-08,Open Women's 77kg,Halie Thornton,74.25,68,70,-72,87,90,93,70,93,163
2026 Virus Weightlifting Series 1,2026-03-08,Open Women's 77kg,Arthi Nithi,74.5,66,-69,-70,92,-96,97,66,97,163
2026 Virus Weightlifting Series 1,2026-03-07,Women's Masters (35-39) 69kg,Julie Wolfe,67.4,64,67,-70,93,96,-99,67,96,163
2026 Virus Weightlifting Series 1,2026-03-08,Women's Masters (35-39) 77kg,Stephanie Brownstein,76.6,-69,70,74,85,89,-94,74,89,163
2026 Virus Weightlifting Series 1,2026-03-08,Women's Masters (35-39) 86+kg,Samantha Sills,95.2,64,67,71,83,87,91,71,91,162
2026 Virus Weightlifting Series 1,2026-03-08,Women's Masters (35-39) 86+kg,Lauren Thiel,132.55,65,68,-71,-93,94,-100,68,94,162
2026 Virus Weightlifting Series 1,2026-03-07,Women's Masters (40-44) 69kg,Alise Enriquez,68.25,67,69,-71,88,91,93,69,93,162
2026 Virus Weightlifting Series 1,2026-03-07,Open Women's 69kg,Adina Anamuah-Mensah,66.8,-71,-72,72,-89,-89,90,72,90,162
2026 Virus Weightlifting Series 1,2026-03-07,Open Women's 69kg,McKenzie Borchers,66.8,-65,65,70,89,92,-95,70,92,162
2026 Virus Weightlifting Series 1,2026-03-07,Open Women's 69kg,Lauren Gremizzi,68.25,70,73,76,-83,83,86,76,86,162
2026 Virus Weightlifting Series 1,2026-03-08,Open Women's 77kg,Renee Schroeder,70.5,66,-69,70,88,92,-95,70,92,162
2026 Virus Weightlifting Series 1,2026-03-07,Men's 16-17 Age Group 94+kg,Rickey Pecina,129.5,64,67,-70,-90,-95,95,67,95,162
2026 Virus Weightlifting Series 1,2026-03-07,Women's Masters (35-39) 69kg,Janae Ivery,68.4,-70,-70,72,90,-93,-93,72,90,162
2026 Virus Weightlifting Series 1,2026-03-07,Women's Masters (35-39) 86kg,Nastassja Thomas,81.25,60,64,68,85,90,93,68,93,161
2026 Virus Weightlifting Series 1,2026-03-06,Women's 16-17 Age Group 58kg,Brynn Catalano,57.3,70,73,-76,88,-92,-92,73,88,161
2026 Virus Weightlifting Series 1,2026-03-07,Open Women's 69kg,Taylor Bjork,68.95,69,-72,-72,89,-92,92,69,92,161
2026 Virus Weightlifting Series 1,2026-03-05,Open Men's 60kg,Joe Dang,57.95,-66,66,-69,85,90,95,66,95,161
2026 Virus Weightlifting Series 1,2026-03-08,Open Women's 77kg,Tessandra Sage,73.4,65,68,-71,90,93,-95,68,93,161
2026 Virus Weightlifting Series 1,2026-03-05,Men's Masters (35-39) 60kg,Derick Puff,59.7,70,-73,73,82,85,88,73,88,161
2026 Virus Weightlifting Series 1,2026-03-05,Men's 16-17 Age Group 65kg,Maxson Salveo,60.1,65,68,70,85,90,91,70,91,161
2026 Virus Weightlifting Series 1,2026-03-06,Open Women's 58kg,Hanna Digenis,57.5,-67,67,-70,94,-97,-98,67,94,161
2026 Virus Weightlifting Series 1,2026-03-05,Men's Masters (40-44) 79kg,Stephen Kennedy,75.75,61,64,-67,92,97,-101,64,97,161
2026 Virus Weightlifting Series 1,2026-03-06,Open Women's 63kg,Megan Schroeder,59.05,69,72,-75,85,89,-92,72,89,161
2026 Virus Weightlifting Series 1,2026-03-08,Women's Masters (35-39) 86kg,Jackie Griswold,83.95,66,70,-74,86,90,-93,70,90,160
2026 Virus Weightlifting Series 1,2026-03-07,Open Women's 69kg,Reese Hayward,67,69,72,-75,-88,88,-92,72,88,160
2026 Virus Weightlifting Series 1,2026-03-07,Women's 16-17 Age Group 77kg,Alyssa Hines,76.8,69,72,-75,-84,84,88,72,88,160
2026 Virus Weightlifting Series 1,2026-03-08,Women's Masters (40-44) 77kg,Karina Nigmatullina,71.3,70,-73,-73,90,-94,-96,70,90,160
2026 Virus Weightlifting Series 1,2026-03-08,Open Women's 77kg,Courtney Beale,74.75,69,72,75,82,85,-88,75,85,160
2026 Virus Weightlifting Series 1,2026-03-05,Men's 16-17 Age Group 79kg,Adrian Pawar,74.25,65,68,70,85,-90,90,70,90,160
2026 Virus Weightlifting Series 1,2026-03-06,Open Women's 58kg,Danlin Bao,57.75,-69,70,73,87,-91,-91,73,87,160
2026 Virus Weightlifting Series 1,2026-03-07,Women's Masters (35-39) 69kg,Rebecca Broeckel,66.9,63,69,72,81,84,88,72,88,160
2026 Virus Weightlifting Series 1,2026-03-06,Open Women's 63kg,Taylor Perry,61.45,72,75,-78,85,-89,-90,75,85,160
2026 Virus Weightlifting Series 1,2026-03-08,Women's Masters (35-39) 86+kg,Ashley Gregory,133.1,70,74,-78,-83,-83,85,74,85,159
2026 Virus Weightlifting Series 1,2026-03-07,Open Women's 69kg,Haley Headrick,66.3,65,70,-72,85,-88,89,70,89,159
2026 Virus Weightlifting Series 1,2026-03-08,Open Women's 77kg,Emily Faas,73.75,65,68,71,83,88,-93,71,88,159
2026 Virus Weightlifting Series 1,2026-03-08,Open Women's 77kg,Paige Wiersema,72.55,68,71,-74,88,-92,-93,71,88,159
2026 Virus Weightlifting Series 1,2026-03-08,Open Women's 86kg,Patricia Van Buren,79,65,68,71,82,86,88,71,88,159
2026 Virus Weightlifting Series 1,2026-03-08,Open Women's 86+kg,MaryAnn Burdek,101.75,71,74,-77,85,-88,-88,74,85,159
2026 Virus Weightlifting Series 1,2026-03-06,Open Women's 63kg,Anasia Clairvoyant,59.15,68,-71,71,85,88,-91,71,88,159
2026 Virus Weightlifting Series 1,2026-03-06,Open Women's 63kg,Emily Khaykin,61.3,64,67,70,84,87,89,70,89,159
2026 Virus Weightlifting Series 1,2026-03-07,Open Women's 69kg,Elise Garza,66.6,65,68,70,85,88,-90,70,88,158
2026 Virus Weightlifting Series 1,2026-03-05,Men's Masters (35-39) 71kg,Oscar Benavides Hatakeda,68.1,62,-68,68,86,90,-93,68,90,158
2026 Virus Weightlifting Series 1,2026-03-07,Women's Masters (35-39) 69kg,Leah  Vertullo,67.5,71,-73,-74,84,-87,87,71,87,158
2026 Virus Weightlifting Series 1,2026-03-06,Men's Masters (50-54) 88kg,William Young III,85.15,60,63,66,85,88,91,66,91,157
2026 Virus Weightlifting Series 1,2026-03-07,Open Women's 69kg,Bianca Macias,66.7,67,-70,-71,84,87,90,67,90,157
2026 Virus Weightlifting Series 1,2026-03-08,Open Women's 86kg,Gina Guillory,81.55,68,70,72,85,-88,-90,72,85,157
2026 Virus Weightlifting Series 1,2026-03-06,Open Women's 63kg,Natalie Stanghill,62.25,63,66,70,82,85,87,70,87,157
2026 Virus Weightlifting Series 1,2026-03-07,Women's Masters (35-39) 77kg,Brittni Perry,76.4,-69,69,73,84,-88,-90,73,84,157
2026 Virus Weightlifting Series 1,2026-03-08,Open Women's 77kg,Halona Stephenson,76.55,69,-71,-72,84,87,-90,69,87,156
2026 Virus Weightlifting Series 1,2026-03-08,Women's Masters (45-49) 77kg,Amy Hovan,76.3,65,68,71,80,85,-88,71,85,156
2026 Virus Weightlifting Series 1,2026-03-06,Men's Masters (50-54) 88kg,Scott Stamey,86.4,64,-68,68,-83,83,87,68,87,155
2026 Virus Weightlifting Series 1,2026-03-07,Open Women's 69kg,Kylie Rathbun,65.2,-66,66,70,77,81,85,70,85,155
2026 Virus Weightlifting Series 1,2026-03-08,Women's Masters (40-44) 77kg,Katherine Cirone,75.4,65,-68,68,87,-90,-92,68,87,155
2026 Virus Weightlifting Series 1,2026-03-08,Open Women's 77kg,BRIEANNA HERNANDEZ,73.35,-68,68,-71,84,87,-90,68,87,155
2026 Virus Weightlifting Series 1,2026-03-06,Women's Masters (35-39) 63kg,Erin Huss,58.25,68,70,-72,-85,-85,85,70,85,155
2026 Virus Weightlifting Series 1,2026-03-06,Open Women's 63kg,Nicole Johnson,60.2,65,-68,68,87,-90,-90,68,87,155
2026 Virus Weightlifting Series 1,2026-03-06,Open Women's 63kg,Lesa Powell,61.15,62,65,-68,84,87,90,65,90,155
2026 Virus Weightlifting Series 1,2026-03-06,Women's 16-17 Age Group 58kg,Reece Robinson,57.3,62,65,-67,89,-93,-94,65,89,154
2026 Virus Weightlifting Series 1,2026-03-07,Open Men's 88kg,Justus Foster,81.5,60,64,67,80,84,87,67,87,154
2026 Virus Weightlifting Series 1,2026-03-07,Open Women's 77kg,Madeline Valenzuela,72.6,70,-73,73,81,-83,-83,73,81,154
2026 Virus Weightlifting Series 1,2026-03-06,Open Women's 58kg,Emi Smith,57.8,68,-71,72,78,-81,82,72,82,154
2026 Virus Weightlifting Series 1,2026-03-06,Women's Masters (35-39) 58kg,Meredith Reyes,54.25,61,-63,-64,89,93,-95,61,93,154
2026 Virus Weightlifting Series 1,2026-03-08,Women's Masters (35-39) 77kg,Cassie Anglin,76,68,-72,-72,78,82,86,68,86,154
2026 Virus Weightlifting Series 1,2026-03-05,Women's 16-17 Age Group 53kg,Amelia Phillips,52.2,63,66,68,81,85,-87,68,85,153
2026 Virus Weightlifting Series 1,2026-03-06,Women's 16-17 Age Group 58kg,Maya Litt,56,62,65,-67,82,85,88,65,88,153
2026 Virus Weightlifting Series 1,2026-03-07,Women's Masters (45-49) 69kg,Glenna Asmus,67.55,63,66,-68,81,84,87,66,87,153
2026 Virus Weightlifting Series 1,2026-03-07,Women's Masters (45-49) 69kg,Heather Zrebiec,67.9,65,69,-72,84,-88,-88,69,84,153
2026 Virus Weightlifting Series 1,2026-03-05,Men's 14-15 Age Group 65kg,Tyler Evans,61.95,-60,60,68,75,-85,85,68,85,153
2026 Virus Weightlifting Series 1,2026-03-08,Open Women's 77kg,Morgan Johnson,74.6,62,65,68,79,82,85,68,85,153
2026 Virus Weightlifting Series 1,2026-03-08,Women's Masters (45-49) 86kg,Jenny Ordon,81.1,57,62,68,77,82,85,68,85,153
2026 Virus Weightlifting Series 1,2026-03-07,Open Women's 86+kg,Virginia Constable,140.65,60,64,68,82,85,-90,68,85,153
2026 Virus Weightlifting Series 1,2026-03-06,Open Women's 58kg,Kareema Salah,57.2,63,66,69,80,84,-88,69,84,153
2026 Virus Weightlifting Series 1,2026-03-06,Women's Masters (35-39) 58kg,Joanie Ouellet,57.7,60,64,68,80,85,-88,68,85,153
2026 Virus Weightlifting Series 1,2026-03-06,Open Women's 63kg,Lindsey Yeom,60.25,-65,65,70,83,-86,-86,70,83,153
2026 Virus Weightlifting Series 1,2026-03-06,Women's 16-17 Age Group 58kg,Maryam Grafton,55.85,63,66,-69,83,86,-89,66,86,152
2026 Virus Weightlifting Series 1,2026-03-06,Men's Masters (60-64) 88kg,stuart grimsley,86.95,63,67,-70,85,-90,-90,67,85,152
2026 Virus Weightlifting Series 1,2026-03-07,Open Women's 69kg,Jenna Godfrey,67.4,66,-68,68,81,-84,84,68,84,152
2026 Virus Weightlifting Series 1,2026-03-08,Women's Masters (40-44) 77kg,Shelby Riney,73.2,68,-70,-71,84,-90,-90,68,84,152
2026 Virus Weightlifting Series 1,2026-03-07,Open Women's 77kg,Shelby Weaver,73.7,63,-66,67,82,85,-90,67,85,152
2026 Virus Weightlifting Series 1,2026-03-07,Open Women's 77kg,Jessie Debshaw,72.9,69,-71,-71,80,83,-86,69,83,152
2026 Virus Weightlifting Series 1,2026-03-08,Open Women's 77kg,Annika Van Kessel,75.95,68,71,-74,81,-85,-85,71,81,152
2026 Virus Weightlifting Series 1,2026-03-08,Open Women's 77kg,Danielle Purtell,73.8,64,-67,-67,82,85,88,64,88,152
2026 Virus Weightlifting Series 1,2026-03-05,Men's 16-17 Age Group 79kg,Holden Humphreys,71.9,65,68,70,79,82,-85,70,82,152
2026 Virus Weightlifting Series 1,2026-03-06,Open Women's 58kg,Haylee Rawdin,56.2,60,63,68,75,80,84,68,84,152
2026 Virus Weightlifting Series 1,2026-03-08,Open Women's 86+kg,Courtney Dimmig,92.1,62,65,68,76,80,84,68,84,152
2026 Virus Weightlifting Series 1,2026-03-06,Open Women's 63kg,Kayla Bouckhuyt,62.05,63,66,-69,-83,86,-88,66,86,152
2026 Virus Weightlifting Series 1,2026-03-06,Women's Masters (40-44) 63kg,Shayla Ford,61.35,65,67,-69,78,-81,84,67,84,151
2026 Virus Weightlifting Series 1,2026-03-07,Open Women's 69kg,Alicyn DeLoa,67.1,63,65,67,84,-88,-89,67,84,151
2026 Virus Weightlifting Series 1,2026-03-07,Open Women's 69kg,Lydia Graham,68,66,-68,-69,85,-88,-88,66,85,151
2026 Virus Weightlifting Series 1,2026-03-07,Open Women's 77kg,Julia VanBurger,75.3,66,69,72,76,79,-83,72,79,151
2026 Virus Weightlifting Series 1,2026-03-05,Men's Masters (35-39) 65kg,William Meredith,60.9,-60,60,63,85,88,-91,63,88,151
2026 Virus Weightlifting Series 1,2026-03-08,Open Women's 86+kg,Emmalee Harding,99.7,63,65,-67,83,86,-88,65,86,151
2026 Virus Weightlifting Series 1,2026-03-07,Women's Masters (35-39) 77kg,C. E. Brooks,72.2,62,65,67,80,84,-87,67,84,151
2026 Virus Weightlifting Series 1,2026-03-08,Women's Masters (35-39) 86kg,Michelle Wagner,78.25,-68,-68,68,82,-84,-84,68,82,150
2026 Virus Weightlifting Series 1,2026-03-05,Women's 16-17 Age Group 48kg,Jaedyn Orton,47.45,65,70,0,80,-85,0,70,80,150
2026 Virus Weightlifting Series 1,2026-03-07,Open Women's 69kg,Kelly Carr,68.2,63,67,-70,80,83,-86,67,83,150
2026 Virus Weightlifting Series 1,2026-03-07,Open Women's 69kg,Jessica Ferrari,68,66,-69,-70,84,-87,-87,66,84,150
2026 Virus Weightlifting Series 1,2026-03-08,Open Women's 77kg,Kelly Cumberledge,71.7,62,-65,65,85,-90,-94,65,85,150
2026 Virus Weightlifting Series 1,2026-03-05,Men's 16-17 Age Group 65kg,Luca Nachtrab,64.8,62,65,68,74,78,82,68,82,150
2026 Virus Weightlifting Series 1,2026-03-06,Open Women's 58kg,Nicole Reiner,58,65,-67,-68,80,-82,85,65,85,150
2026 Virus Weightlifting Series 1,2026-03-06,Open Women's 58kg,Brooke McNicholas,58,63,65,-67,82,-85,85,65,85,150
2026 Virus Weightlifting Series 1,2026-03-07,Women's 16-17 Age Group 77kg,Stevie Majoros,70,61,64,-67,-85,85,-89,64,85,149
2026 Virus Weightlifting Series 1,2026-03-07,Open Women's 69kg,Christina Boyd,67.45,63,-66,-66,83,86,-89,63,86,149
2026 Virus Weightlifting Series 1,2026-03-08,Open Women's 77kg,Amanda Fishbein,70.3,-67,-67,68,-80,81,-84,68,81,149
2026 Virus Weightlifting Series 1,2026-03-08,Open Women's 77kg,Catherine Ridella,74.2,60,64,-68,80,85,-91,64,85,149
2026 Virus Weightlifting Series 1,2026-03-07,Women's Masters (50-54) 86kg,Katherine Brown,77.5,-63,63,66,80,83,-86,66,83,149
2026 Virus Weightlifting Series 1,2026-03-08,Women's Masters (50-54) 86+kg,Delores Hill,105.75,65,-69,-69,80,-84,84,65,84,149
2026 Virus Weightlifting Series 1,2026-03-08,Open Women's 86kg,Mia Colozza,82.95,-68,68,71,75,78,-81,71,78,149
2026 Virus Weightlifting Series 1,2026-03-08,Open Women's 86+kg,Lauren Baney,104,58,61,64,77,81,85,64,85,149
2026 Virus Weightlifting Series 1,2026-03-07,Open Women's 69kg,Artemis Zohali,67.35,60,63,-65,80,85,-87,63,85,148
2026 Virus Weightlifting Series 1,2026-03-05,Junior Men's 65kg,James Saenz,62.65,59,64,-69,84,-89,-94,64,84,148
2026 Virus Weightlifting Series 1,2026-03-08,Women's Masters (40-44) 86kg,Angie Cornejo,79.6,63,-66,-69,80,85,-88,63,85,148
2026 Virus Weightlifting Series 1,2026-03-08,Open Women's 77kg,Erin Sly,74.9,63,66,-68,82,-85,-85,66,82,148
2026 Virus Weightlifting Series 1,2026-03-08,Open Women's 86kg,Shannon Chalich,79.45,62,65,-70,83,-87,-88,65,83,148
2026 Virus Weightlifting Series 1,2026-03-08,Open Women's 86+kg,Kelsey Ogle,91.6,60,63,65,83,-87,-88,65,83,148
2026 Virus Weightlifting Series 1,2026-03-05,Open Women's 63kg,Aubrey Heersema,61.9,60,63,66,75,79,82,66,82,148
2026 Virus Weightlifting Series 1,2026-03-06,Open Women's 63kg,jennifer morales,59.55,-62,-62,62,78,83,86,62,86,148
2026 Virus Weightlifting Series 1,2026-03-06,Open Women's 63kg,Sophie Desatnik,58.3,60,63,-66,-85,-85,85,63,85,148
2026 Virus Weightlifting Series 1,2026-03-06,Women's 14-15 Age Group 58kg,Reagan Herchold,56.15,61,66,-69,82,-85,-85,66,82,148
2026 Virus Weightlifting Series 1,2026-03-08,Women's Masters (40-44) 77kg,Natalie Smith,76.85,64,-67,-67,80,83,-85,64,83,147
2026 Virus Weightlifting Series 1,2026-03-08,Women's 16-17 Age Group 77+kg,Eva Windsor,111.4,64,-70,-70,83,-88,-89,64,83,147
2026 Virus Weightlifting Series 1,2026-03-06,Open Women's 58kg,Mila Skibinski,57.6,57,60,63,78,81,84,63,84,147
2026 Virus Weightlifting Series 1,2026-03-08,Open Women's 86+kg,Kaelyn Button,87.8,63,66,68,73,76,79,68,79,147
2026 Virus Weightlifting Series 1,2026-03-08,Open Women's 86+kg,Madelyn Bowlin,102.4,55,58,62,78,-83,85,62,85,147
2026 Virus Weightlifting Series 1,2026-03-06,Women's Masters (35-39) 63kg,Britta Castillo,62.05,64,67,70,77,-80,-80,70,77,147
2026 Virus Weightlifting Series 1,2026-03-07,Women's Masters (35-39) 69kg,Carly Attanasio,66.65,63,65,67,74,77,80,67,80,147
2026 Virus Weightlifting Series 1,2026-03-06,Open Women's 63kg,Amber Bailey,60.45,62,65,-69,82,-86,-86,65,82,147
2026 Virus Weightlifting Series 1,2026-03-07,Women's Masters (40-44) 77kg,Joanne Whitmer,74.7,63,65,68,-78,78,-81,68,78,146
2026 Virus Weightlifting Series 1,2026-03-07,Open Women's 77kg,Amy Slagel,71.35,60,62,64,80,82,-84,64,82,146
2026 Virus Weightlifting Series 1,2026-03-06,Open Women's 58kg,Juliana Flynn,56.4,63,-66,-66,83,-87,-88,63,83,146
2026 Virus Weightlifting Series 1,2026-03-07,Women's Masters (35-39) 69kg,Chelsea Bijansky,66.95,63,-65,-65,80,83,-86,63,83,146
2026 Virus Weightlifting Series 1,2026-03-07,Women's Masters (35-39) 69kg,Marissa Stockham,65.8,-60,-60,60,80,83,86,60,86,146
2026 Virus Weightlifting Series 1,2026-03-06,Open Women's 63kg,Karla  Ramon ,62.25,62,65,67,76,79,-81,67,79,146
2026 Virus Weightlifting Series 1,2026-03-05,Men's Masters (60-64) 79kg,Andrew Kramer,76.4,59,62,64,77,79,81,64,81,145
2026 Virus Weightlifting Series 1,2026-03-07,Women's Masters (40-44) 69kg,Carly Lemmond,68.9,59,62,-65,77,80,83,62,83,145
2026 Virus Weightlifting Series 1,2026-03-07,Open Women's 77kg,Abigail Johansen,72.65,60,-63,64,75,-80,81,64,81,145
2026 Virus Weightlifting Series 1,2026-03-05,Men's 16-17 Age Group 71kg,Luke Gourno,66.25,58,62,-65,-80,80,83,62,83,145
2026 Virus Weightlifting Series 1,2026-03-07,Junior Women's 69kg,Samantha Goodman,67.8,61,63,66,79,-82,-82,66,79,145
2026 Virus Weightlifting Series 1,2026-03-06,Open Women's 58kg,Maria Castillo,57.8,60,-63,-63,82,85,-88,60,85,145
2026 Virus Weightlifting Series 1,2026-03-06,Open Women's 58kg,Connie Yu,57.15,-60,60,-62,82,85,-88,60,85,145
2026 Virus Weightlifting Series 1,2026-03-08,Women's Masters (35-39) 77kg,Rebecca Mckinnon,73.85,-61,61,-64,81,84,-87,61,84,145
2026 Virus Weightlifting Series 1,2026-03-06,Women's 16-17 Age Group 63kg,Sadie Bischoff,61.7,61,-64,-65,75,79,83,61,83,144
2026 Virus Weightlifting Series 1,2026-03-06,Open Women's 69kg,Angela Grupe,68.4,59,61,-63,79,-83,83,61,83,144
2026 Virus Weightlifting Series 1,2026-03-06,Women's Masters (45-49) 63kg,Leah EdwArds,61,60,63,-65,76,79,81,63,81,144
2026 Virus Weightlifting Series 1,2026-03-08,Open Women's 86kg,Ashleigh Hulett,84.85,64,67,-71,73,77,-83,67,77,144
2026 Virus Weightlifting Series 1,2026-03-07,Junior Women's 77kg,Olivia Drevlow,75.3,55,58,60,76,80,84,60,84,144
2026 Virus Weightlifting Series 1,2026-03-06,Open Women's 58kg,Emiko Wilks,54.65,-64,64,66,75,78,-80,66,78,144
2026 Virus Weightlifting Series 1,2026-03-06,Women's Masters (35-39) 63kg,Tess Kallmeyer,60.3,58,60,62,79,82,-84,62,82,144
2026 Virus Weightlifting Series 1,2026-03-06,Open Women's 63kg,Elaine Buchmeier,61.9,62,65,67,73,77,-80,67,77,144
2026 Virus Weightlifting Series 1,2026-03-07,Open Women's 69kg,Alexandra Kashani,68.8,55,58,-62,78,81,85,58,85,143
2026 Virus Weightlifting Series 1,2026-03-07,Open Women's 69kg,Morgan Kiser,64.2,55,58,61,79,82,-84,61,82,143
2026 Virus Weightlifting Series 1,2026-03-07,Open Women's 69kg,Alyssa Cox,66.65,60,63,-66,80,-84,-84,63,80,143
2026 Virus Weightlifting Series 1,2026-03-07,Women's Masters (40-44) 86kg,Melissa Boguslawski,83.35,57,60,63,72,76,80,63,80,143
2026 Virus Weightlifting Series 1,2026-03-07,Women's Masters (35-39) 69kg,Samantha Love,66.9,63,66,-69,74,77,-80,66,77,143
2026 Virus Weightlifting Series 1,2026-03-07,Women's Masters (35-39) 77kg,Brittany Disch,76.15,60,64,67,72,76,-80,67,76,143
2026 Virus Weightlifting Series 1,2026-03-07,Open Women's 69kg,Deja Beechum,66.3,60,-63,-64,-82,-82,82,60,82,142
2026 Virus Weightlifting Series 1,2026-03-07,Open Women's 77kg,Ksenia Potapov,74.65,57,61,64,70,75,78,64,78,142
2026 Virus Weightlifting Series 1,2026-03-07,Open Women's 77kg,paige vallei,76.35,58,-61,62,75,78,80,62,80,142
2026 Virus Weightlifting Series 1,2026-03-08,Open Women's 77kg,Mikaela O’Barr,72.65,62,-66,-66,80,-85,-87,62,80,142
2026 Virus Weightlifting Series 1,2026-03-06,Junior Women's 58kg,Teelilly Abrighach,58,60,63,-65,76,79,-82,63,79,142
2026 Virus Weightlifting Series 1,2026-03-06,Junior Women's 63kg,Sharibel Vazquez,62.15,60,-63,-63,75,78,82,60,82,142
2026 Virus Weightlifting Series 1,2026-03-07,Junior Women's 86kg,Deja Lee,81.55,60,63,66,76,-78,-79,66,76,142
2026 Virus Weightlifting Series 1,2026-03-08,Open Women's 86+kg,Carolina Saavedra,127.1,55,-58,-58,81,84,87,55,87,142
2026 Virus Weightlifting Series 1,2026-03-06,Open Women's 63kg,Jessica Dubin,60.85,58,61,63,76,79,-82,63,79,142
2026 Virus Weightlifting Series 1,2026-03-06,Open Women's 63kg,Ariel Hekier,59.2,60,63,66,73,76,-79,66,76,142
2026 Virus Weightlifting Series 1,2026-03-06,Open Women's 63kg,Elizabeth Eiting,60.55,62,-65,-67,74,77,80,62,80,142
2026 Virus Weightlifting Series 1,2026-03-06,Women's Masters (40-44) 69kg,Julie Mizak,63.6,55,58,-62,77,-81,83,58,83,141
2026 Virus Weightlifting Series 1,2026-03-05,Men's 14-15 Age Group 79kg,Harrison Bradford,74.65,56,58,-61,77,80,83,58,83,141
2026 Virus Weightlifting Series 1,2026-03-06,Women's Masters (55-59) 69kg,Margaret Hogwood,66.8,-60,60,63,75,78,-81,63,78,141
2026 Virus Weightlifting Series 1,2026-03-08,Open Women's 86kg,Karina Falkstrom,84.15,57,60,-63,75,-78,81,60,81,141
2026 Virus Weightlifting Series 1,2026-03-07,Women's Masters (35-39) 77kg,Katherine Young,73.4,57,60,62,76,78,79,62,79,141
2026 Virus Weightlifting Series 1,2026-03-06,Open Women's 63kg,Amelia Hammer,61.9,57,60,62,74,76,79,62,79,141
2026 Virus Weightlifting Series 1,2026-03-08,Men's Masters (55-59) 110+kg,Benn McNeill,114.95,50,55,60,75,80,-85,60,80,140
2026 Virus Weightlifting Series 1,2026-03-07,Men's Masters (65-69) 110kg,Jay Coleman,107.8,55,57,60,68,72,80,60,80,140
2026 Virus Weightlifting Series 1,2026-03-07,Open Women's 69kg,Camille Lafferty,67.5,-59,59,62,78,-83,-84,62,78,140
2026 Virus Weightlifting Series 1,2026-03-07,Open Women's 77kg,Jaden Spondike,75.9,56,59,62,74,78,-82,62,78,140
2026 Virus Weightlifting Series 1,2026-03-06,Junior Women's 58kg,Hailey Harford,55.15,59,62,64,70,73,76,64,76,140
2026 Virus Weightlifting Series 1,2026-03-08,Open Women's 86kg,Rachel Memenza,84.8,60,-63,-64,-80,80,-82,60,80,140
2026 Virus Weightlifting Series 1,2026-03-05,Open Women's 63kg,Abbey Early,61.05,57,60,63,70,73,76,63,76,139
2026 Virus Weightlifting Series 1,2026-03-05,Women's 16-17 Age Group 48kg,Piper Jones,47.9,60,-62,-62,-79,-79,79,60,79,139
2026 Virus Weightlifting Series 1,2026-03-06,Open Women's 69kg,Lyndi Grossman,66.45,60,64,-67,-75,-75,75,64,75,139
2026 Virus Weightlifting Series 1,2026-03-07,Women's Masters (40-44) 86kg,Brigitte Bieyro,82.1,61,63,-65,70,73,76,63,76,139
2026 Virus Weightlifting Series 1,2026-03-08,Open Women's 86kg,Autumn Lester,81.8,60,62,65,74,-78,-79,65,74,139
2026 Virus Weightlifting Series 1,2026-03-07,Junior Women's 77kg,Paige Stewart,71.4,61,-64,65,74,-78,-80,65,74,139
2026 Virus Weightlifting Series 1,2026-03-06,Women's Masters (35-39) 63kg,Brittany Steward,60.15,60,63,-64,74,76,-77,63,76,139
2026 Virus Weightlifting Series 1,2026-03-05,Women's 14-15 Age Group 53kg,Emersyn Formanek,51.15,57,-60,61,74,-78,78,61,78,139
2026 Virus Weightlifting Series 1,2026-03-05,Men's Masters (45-49) 79kg,Vincent Betette,77.05,58,61,64,72,75,-78,64,75,139
2026 Virus Weightlifting Series 1,2026-03-06,Women's 16-17 Age Group 58kg,Tonya Hinks,56.5,58,-60,61,77,-80,-80,61,77,138
2026 Virus Weightlifting Series 1,2026-03-06,Open Women's 69kg,Frankie Lanzaro,68.25,55,-58,58,72,76,80,58,80,138
2026 Virus Weightlifting Series 1,2026-03-06,Open Women's 69kg,Dnijah Sanders,67.5,61,-64,-65,77,-82,-82,61,77,138
2026 Virus Weightlifting Series 1,2026-03-07,Open Women's 77kg,Piper Gasaway,72.7,-60,60,-62,76,78,-80,60,78,138
2026 Virus Weightlifting Series 1,2026-03-05,Men's 16-17 Age Group 71kg,Caden Awishes,68.4,61,-63,-65,71,74,77,61,77,138
2026 Virus Weightlifting Series 1,2026-03-08,Open Women's 86kg,Mary Larrivee,78.75,56,59,62,76,-79,-79,62,76,138
2026 Virus Weightlifting Series 1,2026-03-08,Open Women's 86kg,maria sanchez,84.35,-52,54,-58,78,-82,84,54,84,138
2026 Virus Weightlifting Series 1,2026-03-05,Open Women's 53kg,Judy Zhou,52.5,-60,-60,60,78,-82,-82,60,78,138
2026 Virus Weightlifting Series 1,2026-03-08,Women's 16-17 Age Group 77kg,Laura Griffin,76.2,60,-63,65,-72,-72,72,65,72,137
2026 Virus Weightlifting Series 1,2026-03-07,Women's Masters (40-44) 77kg,Meredith Frost,76,-61,62,63,70,-74,74,63,74,137
2026 Virus Weightlifting Series 1,2026-03-07,Women's Masters (40-44) 77kg,Melissa  Ozuna,73.4,56,59,62,75,-78,-79,62,75,137
2026 Virus Weightlifting Series 1,2026-03-06,Women's Masters (45-49) 63kg,Mariana Trevino,62.25,58,60,-62,74,77,-80,60,77,137
2026 Virus Weightlifting Series 1,2026-03-05,Men's 13 Under Age Group 65+kg,Aiden Aintrazi,93,-56,56,60,73,-77,77,60,77,137
2026 Virus Weightlifting Series 1,2026-03-08,Women's Masters (45-49) 86+kg,Ana Salas,95.95,58,61,-63,73,76,-79,61,76,137
2026 Virus Weightlifting Series 1,2026-03-08,Open Women's 86kg,Kylie Thomsen,85.25,57,59,-61,71,75,78,59,78,137
2026 Virus Weightlifting Series 1,2026-03-08,Junior Women's 86kg,Charleigh Smith,85,59,62,-66,72,75,-80,62,75,137
2026 Virus Weightlifting Series 1,2026-03-06,Open Women's 58kg,Maeve Willis,57.95,62,64,-65,73,-77,-77,64,73,137
2026 Virus Weightlifting Series 1,2026-03-06,Women's Masters (35-39) 58kg,Alana Kuzmik,57.05,-60,60,-63,73,75,77,60,77,137
2026 Virus Weightlifting Series 1,2026-03-05,Open Women's 63kg,Jillian Meisinger,62.35,-61,61,-64,72,75,-78,61,75,136
2026 Virus Weightlifting Series 1,2026-03-06,Women's 16-17 Age Group 63kg,Sierra Anderson,59.15,57,59,-61,72,-76,77,59,77,136
2026 Virus Weightlifting Series 1,2026-03-07,Women's 16-17 Age Group 77kg,Sarah MacMullan,73.25,63,-66,-67,73,-76,-76,63,73,136
2026 Virus Weightlifting Series 1,2026-03-07,Open Women's 69kg,Taylor Stone,68.1,55,59,62,74,-78,-79,62,74,136
2026 Virus Weightlifting Series 1,2026-03-07,Open Women's 77kg,Marisa Castrogiovanni,74.1,52,55,-58,75,78,81,55,81,136
2026 Virus Weightlifting Series 1,2026-03-06,Women's Masters (50-54) 63kg,Amy Farrell,61.25,58,-63,-64,78,-83,-88,58,78,136
2026 Virus Weightlifting Series 1,2026-03-08,Women's Masters (50-54) 86+kg,Chelsea Hopkins,99.95,55,58,-61,78,-81,-83,58,78,136
2026 Virus Weightlifting Series 1,2026-03-07,Open Women's 86kg,Alexandra Vespico,84.05,57,-60,-61,76,79,-82,57,79,136
2026 Virus Weightlifting Series 1,2026-03-08,Women's Masters (35-39) 86kg,Hollis O'Brien,85.25,56,58,60,75,-78,-78,60,75,135
2026 Virus Weightlifting Series 1,2026-03-08,Women's Masters (35-39) 86+kg,Lauren Tackett,117.5,57,60,63,72,-76,-80,63,72,135
2026 Virus Weightlifting Series 1,2026-03-05,Junior Men's 60kg,Dylan Martinez,58.05,55,-58,58,77,-81,-82,58,77,135
2026 Virus Weightlifting Series 1,2026-03-08,Women's Masters (40-44) 86kg,Darianne Craven,81.9,55,58,-64,-77,-77,77,58,77,135
2026 Virus Weightlifting Series 1,2026-03-07,Women's Masters (45-49) 69kg,Kathryn Flores,68.4,-60,60,-63,75,-78,-78,60,75,135
2026 Virus Weightlifting Series 1,2026-03-07,Open Women's 77kg,Jalyn Altemus,76.85,55,57,60,71,-75,75,60,75,135
2026 Virus Weightlifting Series 1,2026-03-07,Open Women's 77kg,Devin Coyne,72.85,58,60,-63,75,-80,-80,60,75,135
2026 Virus Weightlifting Series 1,2026-03-07,Open Women's 77kg,Lauren Bolnius,75.15,52,57,60,75,-81,-84,60,75,135
2026 Virus Weightlifting Series 1,2026-03-08,Open Women's 86kg,Tara Mackey ,77.4,55,58,61,67,70,74,61,74,135
2026 Virus Weightlifting Series 1,2026-03-05,Women's Masters (35-39) 48kg,tiffany leung,47.95,60,62,64,-71,71,-74,64,71,135
2026 Virus Weightlifting Series 1,2026-03-06,Women's Masters (35-39) 58kg,Rebecca Fidler,56.05,-57,57,60,72,75,-78,60,75,135
2026 Virus Weightlifting Series 1,2026-03-06,Women's 14-15 Age Group 69kg,Dahlia Sokolow,67.65,56,-60,60,74,-77,-78,60,74,134
2026 Virus Weightlifting Series 1,2026-03-06,Women's 16-17 Age Group 63kg,Amiya Drury,61.4,-62,-62,62,68,72,-76,62,72,134
2026 Virus Weightlifting Series 1,2026-03-06,Women's 16-17 Age Group 69kg,Maha Salah,66.65,55,58,-60,-71,71,76,58,76,134
2026 Virus Weightlifting Series 1,2026-03-06,Women's Masters (40-44) 69kg,Brittany Mutton,66.75,-58,58,60,70,74,-77,60,74,134
2026 Virus Weightlifting Series 1,2026-03-07,Women's Masters (45-49) 77kg,Brenda Emery,74.75,-57,57,59,75,-77,-78,59,75,134
2026 Virus Weightlifting Series 1,2026-03-06,Junior Women's 63kg,Anaya Brown,61.75,60,-63,-63,74,-78,-82,60,74,134
2026 Virus Weightlifting Series 1,2026-03-08,Open Women's 86kg,Jacqueline Rojas,83.45,59,61,-63,73,-76,-76,61,73,134
2026 Virus Weightlifting Series 1,2026-03-06,Women's Masters (35-39) 58kg,Houry Gebeshian,56.4,58,62,-65,68,70,72,62,72,134
2026 Virus Weightlifting Series 1,2026-03-05,Open Women's 63kg,Sofia Ryan,60.15,55,58,60,68,71,73,60,73,133
2026 Virus Weightlifting Series 1,2026-03-07,Women's Masters (40-44) 77kg,Raquel Barreto,74.2,60,-63,-63,70,73,-75,60,73,133
2026 Virus Weightlifting Series 1,2026-03-06,Open Women's 69kg,Allison Bignall,67.3,58,-61,-63,75,-78,-81,58,75,133
2026 Virus Weightlifting Series 1,2026-03-05,Men's 14-15 Age Group 60kg,Anthony De-La-Cruz,58.1,55,-58,58,-70,70,75,58,75,133
2026 Virus Weightlifting Series 1,2026-03-06,Women's Masters (45-49) 69kg,Crysta Parkin,63.3,52,54,56,71,74,77,56,77,133
2026 Virus Weightlifting Series 1,2026-03-07,Open Women's 77kg,Elizabeth Berg,72.95,55,-58,58,72,75,-78,58,75,133
2026 Virus Weightlifting Series 1,2026-03-08,Women's Masters (50-54) 77kg,Cara Phillips,76.05,58,-60,-60,70,-75,75,58,75,133
2026 Virus Weightlifting Series 1,2026-03-05,Open Women's 48kg,Aria Zayed,48,-58,-58,59,71,-74,74,59,74,133
2026 Virus Weightlifting Series 1,2026-03-07,Junior Women's 77kg,Moana Kitamura,71.28,56,59,-62,74,-77,-77,59,74,133
2026 Virus Weightlifting Series 1,2026-03-06,Open Women's 58kg,Makayla Cogan,57.15,60,-62,-62,70,73,-75,60,73,133
2026 Virus Weightlifting Series 1,2026-03-08,Women's Masters (35-39) 86+kg,Ariana Canalez,97.5,52,54,-56,72,75,78,54,78,132
2026 Virus Weightlifting Series 1,2026-03-06,Women's Masters (40-44) 63kg,Emily Downing,58.95,57,-61,61,71,-75,-75,61,71,132
2026 Virus Weightlifting Series 1,2026-03-07,Open Women's 69kg,Chloe Farnham,67.1,55,-58,-59,70,74,77,55,77,132
2026 Virus Weightlifting Series 1,2026-03-07,Open Women's 77kg,Stephanie N. Ramos Plaza,72.9,56,59,-63,68,-72,73,59,73,132
2026 Virus Weightlifting Series 1,2026-03-06,Open Women's 58kg,Chloe Bechdolt,57.55,-53,54,56,73,76,-78,56,76,132
2026 Virus Weightlifting Series 1,2026-03-06,Women's Masters (35-39) 69kg,Danielle Balmer,66.4,-57,57,-63,69,-73,75,57,75,132
2026 Virus Weightlifting Series 1,2026-03-07,Women's Masters (40-44) 77kg,Liv Bellanti,74.3,55,58,-61,70,73,-75,58,73,131
2026 Virus Weightlifting Series 1,2026-03-06,Open Women's 69kg,Shelley Labanowski,66.55,54,57,59,72,-76,-76,59,72,131
2026 Virus Weightlifting Series 1,2026-03-07,Open Women's 77kg,Carissa Holt,75.55,54,57,-60,74,-78,-78,57,74,131
2026 Virus Weightlifting Series 1,2026-03-07,Open Women's 86kg,Sarah Baumgardner ,85.65,58,61,-64,65,70,-74,61,70,131
2026 Virus Weightlifting Series 1,2026-03-06,Women's Masters (35-39) 63kg,Derien Pratt,61.55,53,56,-59,70,-74,75,56,75,131
2026 Virus Weightlifting Series 1,2026-03-08,Women's Masters (35-39) 86+kg,Shannon Totman,94.4,56,-59,-59,70,-74,74,56,74,130
2026 Virus Weightlifting Series 1,2026-03-05,Men's 13 Under Age Group 48kg,David Grafton,47.15,52,54,56,68,71,74,56,74,130
2026 Virus Weightlifting Series 1,2026-03-07,Open Women's 77kg,Brooklynn Hanna,73.3,50,55,60,70,-75,-75,60,70,130
2026 Virus Weightlifting Series 1,2026-03-05,Men's 16-17 Age Group 71kg,Cole Nanny,67.05,57,-60,-60,70,73,-76,57,73,130
2026 Virus Weightlifting Series 1,2026-03-07,Women's Masters (35-39) 77kg,Georgina Moss,69.2,57,-60,60,70,-73,-74,60,70,130
2026 Virus Weightlifting Series 1,2026-03-05,Open Women's 63kg,Bree Solis,62.7,52,54,-56,68,72,75,54,75,129
2026 Virus Weightlifting Series 1,2026-03-06,Women's 14-15 Age Group 63kg,Scarlet Ruiz,59.35,53,55,57,65,68,72,57,72,129
2026 Virus Weightlifting Series 1,2026-03-06,Women's Masters (40-44) 58kg,Holly Mahoney,56,52,54,57,68,71,72,57,72,129
2026 Virus Weightlifting Series 1,2026-03-06,Open Women's 69kg,Annie Long,67.4,57,-60,-61,-72,-72,72,57,72,129
2026 Virus Weightlifting Series 1,2026-03-07,Open Women's 77kg,Kiyoka Yahaba,71.35,-55,55,57,68,72,-75,57,72,129
2026 Virus Weightlifting Series 1,2026-03-07,Open Women's 77kg,Aerin  Krebs ,76.3,54,-57,-58,67,71,75,54,75,129
2026 Virus Weightlifting Series 1,2026-03-07,Open Women's 77kg,Mary Tilley,75.75,57,59,61,65,68,-71,61,68,129
2026 Virus Weightlifting Series 1,2026-03-07,Open Women's 77kg,Lyla Ott,74,54,-57,-57,-75,75,-78,54,75,129
2026 Virus Weightlifting Series 1,2026-03-08,Open Women's 86+kg,Rachel Oakley,108.65,-55,55,57,70,72,-74,57,72,129
2026 Virus Weightlifting Series 1,2026-03-07,Women's Masters (40-44) 77kg,Nicole Long,71.35,53,56,58,66,-69,70,58,70,128
2026 Virus Weightlifting Series 1,2026-03-06,Open Women's 69kg,Adrien Gates,64.85,55,-58,58,70,-73,-73,58,70,128
2026 Virus Weightlifting Series 1,2026-03-05,Men's 14-15 Age Group 60kg,Armando Gonzalez,59.1,53,-56,-58,70,75,-80,53,75,128
2026 Virus Weightlifting Series 1,2026-03-05,Men's 16-17 Age Group 56kg,Jackson Rose,53.4,56,58,-60,64,67,70,58,70,128
2026 Virus Weightlifting Series 1,2026-03-06,Junior Women's 63kg,Rosie Hankins,60.25,58,-60,-60,70,-75,-75,58,70,128
2026 Virus Weightlifting Series 1,2026-03-06,Open Women's 58kg,Abby Winkler,57.45,55,58,-61,70,-73,-74,58,70,128
2026 Virus Weightlifting Series 1,2026-03-06,Open Women's 58kg,Eleanor Burgess,55.05,50,53,56,64,68,72,56,72,128
2026 Virus Weightlifting Series 1,2026-03-07,Women's Masters (35-39) 77kg,Danielle Gallant,74.6,-52,52,55,67,70,73,55,73,128
2026 Virus Weightlifting Series 1,2026-03-07,Women's Masters (35-39) 86kg,Tara Orphanos,80.6,54,57,-60,-70,70,-73,57,70,127
2026 Virus Weightlifting Series 1,2026-03-06,Women's 16-17 Age Group 58kg,Amelia Cone,57.5,52,55,58,63,66,69,58,69,127
2026 Virus Weightlifting Series 1,2026-03-06,Open Women's 69kg,Esther Seeland,63.95,50,53,-56,70,-73,74,53,74,127
2026 Virus Weightlifting Series 1,2026-03-07,Open Women's 77kg,Chloe DePiano,72.9,50,-54,55,65,68,72,55,72,127
2026 Virus Weightlifting Series 1,2026-03-08,Women's Masters (35-39) 86+kg,Alexis Adkins,90.3,53,56,-59,-70,70,-75,56,70,126
2026 Virus Weightlifting Series 1,2026-03-06,Women's Masters (40-44) 58kg,Emily Jones,55.35,49,52,55,67,69,71,55,71,126
2026 Virus Weightlifting Series 1,2026-03-08,Women's Masters (40-44) 86kg,Dori Logiodice,84.55,53,55,57,61,65,69,57,69,126
2026 Virus Weightlifting Series 1,2026-03-05,Men's 13 Under Age Group 52kg,Mirko Persico,48.55,-55,55,58,64,-68,68,58,68,126
2026 Virus Weightlifting Series 1,2026-03-07,Open Women's 77kg,Yassmina Youssif,73.55,53,-56,56,67,70,-73,56,70,126
2026 Virus Weightlifting Series 1,2026-03-05,Junior Women's 63kg,Akina Kizuka,59.25,53,56,-60,65,-68,70,56,70,126
2026 Virus Weightlifting Series 1,2026-03-05,Open Women's 63kg,Anna McGee,59.65,52,-54,-55,70,73,-75,52,73,125
2026 Virus Weightlifting Series 1,2026-03-07,Women's 16-17 Age Group 77+kg,Nyanza Wilson,122.15,51,54,-56,71,-75,-75,54,71,125
2026 Virus Weightlifting Series 1,2026-03-07,Women's 16-17 Age Group 77+kg,Lilyana Saavedra,82.8,-54,54,-56,68,71,-75,54,71,125
2026 Virus Weightlifting Series 1,2026-03-05,Men's 16-17 Age Group 60kg,Ryan Molina,60.05,47,50,-55,70,75,-80,50,75,125
2026 Virus Weightlifting Series 1,2026-03-07,Open Women's 77kg,Crystal Poole,71.6,48,50,-53,-75,75,-78,50,75,125
2026 Virus Weightlifting Series 1,2026-03-06,Junior Women's 58kg,Elizabeth Klinge,54.7,-57,58,-62,65,67,-70,58,67,125
2026 Virus Weightlifting Series 1,2026-03-05,Open Women's 53kg,Morgan Gosselin,52.65,51,53,55,70,-73,-74,55,70,125
2026 Virus Weightlifting Series 1,2026-03-07,Women's Masters (35-39) 77kg,Rebecca Murdoch,71.1,51,53,56,63,66,69,56,69,125
2026 Virus Weightlifting Series 1,2026-03-05,Open Women's 63kg,Pratima Satish,62,51,53,55,-69,69,-72,55,69,124
2026 Virus Weightlifting Series 1,2026-03-07,Women's Masters (35-39) 86kg,Griselda Velado,84.1,54,-57,-57,-69,70,-73,54,70,124
2026 Virus Weightlifting Series 1,2026-03-05,Men's Masters (60-64) 79kg,Wayne Gold,79,53,-56,-56,-70,-71,71,53,71,124
2026 Virus Weightlifting Series 1,2026-03-05,Men's 14-15 Age Group 65kg,Leonel Nunez,61.9,52,-54,55,-68,-69,69,55,69,124
2026 Virus Weightlifting Series 1,2026-03-07,Open Women's 77kg,Elise Burkhardt,75.85,57,59,-62,65,-68,-69,59,65,124
2026 Virus Weightlifting Series 1,2026-03-05,Junior Women's 53kg,Adalynn Smith,51.9,-52,-52,52,68,70,72,52,72,124
2026 Virus Weightlifting Series 1,2026-03-05,Junior Women's 53kg,Emaan Qayyum,51.75,50,-53,53,-67,67,71,53,71,124
2026 Virus Weightlifting Series 1,2026-03-05,Women's Masters (40-44) 63kg,Aubrey Raymond,61.1,55,-58,-58,68,-71,-72,55,68,123
2026 Virus Weightlifting Series 1,2026-03-07,Women's Masters (40-44) 77kg,Kathryn North,75.85,53,56,-59,64,67,-70,56,67,123
2026 Virus Weightlifting Series 1,2026-03-05,Men's 14-15 Age Group 65kg,Daniel Hunter,63.1,48,53,-56,65,70,-73,53,70,123
2026 Virus Weightlifting Series 1,2026-03-05,Men's 14-15 Age Group 79kg,Justin Kleppen,75.55,48,52,55,62,-66,68,55,68,123
2026 Virus Weightlifting Series 1,2026-03-06,Men's 14-15 Age Group 79+kg,Neil Fuenmayor,85.95,53,57,-60,60,63,66,57,66,123
2026 Virus Weightlifting Series 1,2026-03-05,Men's 16-17 Age Group 60kg,Kellan Brown,57.6,53,55,-58,65,68,-70,55,68,123
2026 Virus Weightlifting Series 1,2026-03-06,Women's Masters (50-54) 58kg,Heather Albro,56.65,52,-55,-57,68,71,-74,52,71,123
2026 Virus Weightlifting Series 1,2026-03-05,Open Women's 58kg,Alexandra Sheldrup,57.35,51,54,57,63,66,-70,57,66,123
2026 Virus Weightlifting Series 1,2026-03-06,Open Women's 58kg,Afua Yeboah-Antwi,57.9,52,54,-56,67,69,-71,54,69,123
2026 Virus Weightlifting Series 1,2026-03-05,Open Women's 63kg,Angela Mar,60.7,48,50,52,68,70,-72,52,70,122
2026 Virus Weightlifting Series 1,2026-03-08,Women's Masters (35-39) 86+kg,Amber Carter,100.1,46,-48,-48,70,73,76,46,76,122
2026 Virus Weightlifting Series 1,2026-03-05,Women's Masters (40-44) 53kg,Gabriela Delgadillo Sarabia,51.9,49,51,-53,68,71,-74,51,71,122
2026 Virus Weightlifting Series 1,2026-03-07,Open Women's 69kg,Maria Todd,67.9,54,56,-58,66,-69,-70,56,66,122
2026 Virus Weightlifting Series 1,2026-03-05,Women's Masters (35-39) 53kg,Kelsey Abdallah,51.7,53,56,-59,63,66,-68,56,66,122
2026 Virus Weightlifting Series 1,2026-03-06,Open Women's 58kg,Heidi Venturine,57.35,52,54,57,62,65,-68,57,65,122
2026 Virus Weightlifting Series 1,2026-03-07,Women's Masters (35-39) 86kg,Amy Haberstich,81.2,44,-47,48,65,69,73,48,73,121
2026 Virus Weightlifting Series 1,2026-03-07,Women's Masters (35-39) 86kg,Kira Figg,79.55,-52,52,54,-65,67,-70,54,67,121
2026 Virus Weightlifting Series 1,2026-03-07,Women's Masters (35-39) 86kg,Karissa Lambert,81.15,51,53,-55,64,68,-71,53,68,121
2026 Virus Weightlifting Series 1,2026-03-06,Women's 16-17 Age Group 58kg,Addison Williams,55.2,48,50,-52,67,69,71,50,71,121
2026 Virus Weightlifting Series 1,2026-03-06,Open Women's 69kg,Erin  Pruitt,68.45,54,57,-60,60,64,-68,57,64,121
2026 Virus Weightlifting Series 1,2026-03-06,Women's Masters (45-49) 69kg,Sarah Fryover,67.3,54,-56,-57,-66,-66,67,54,67,121
2026 Virus Weightlifting Series 1,2026-03-08,Women's Masters (45-49) 86+kg,Diana Thorne,117.8,46,49,52,62,-66,69,52,69,121
2026 Virus Weightlifting Series 1,2026-03-05,Women's Masters (35-39) 48kg,Jessica Prashaw,47.4,50,52,54,-65,65,67,54,67,121
2026 Virus Weightlifting Series 1,2026-03-06,Open Women's 58kg,Sarah Hillsburg,57,52,55,-58,66,-69,-70,55,66,121
2026 Virus Weightlifting Series 1,2026-03-05,Open Women's 63kg,Sarah Forsaith,61.2,46,48,-50,68,-71,72,48,72,120
2026 Virus Weightlifting Series 1,2026-03-05,Women's 16-17 Age Group 58kg,shayla strickland,53.6,53,-57,-58,-67,-67,67,53,67,120
2026 Virus Weightlifting Series 1,2026-03-06,Women's 16-17 Age Group 69kg,bailey hoffman,66.65,47,50,53,59,63,67,53,67,120
2026 Virus Weightlifting Series 1,2026-03-07,Women's Masters (40-44) 77kg,Alaina Prewitt,76.5,-50,50,52,65,68,-70,52,68,120
2026 Virus Weightlifting Series 1,2026-03-06,Open Women's 69kg,Samantha Schultz,63.95,48,-51,52,64,68,-71,52,68,120
2026 Virus Weightlifting Series 1,2026-03-06,Open Women's 69kg,Christa Degidio ,63.75,45,-50,50,60,65,70,50,70,120
2026 Virus Weightlifting Series 1,2026-03-06,Women's Masters (45-49) 69kg,Meaghan Giansiracusa,66.6,50,53,-57,60,63,67,53,67,120
2026 Virus Weightlifting Series 1,2026-03-08,Women's Masters (45-49) 86+kg,Brandy Basey,92.45,55,-57,-57,65,-70,-72,55,65,120
2026 Virus Weightlifting Series 1,2026-03-05,Women's Masters (50-54) 63kg,Maria Bruno,62.1,46,48,50,66,68,70,50,70,120
2026 Virus Weightlifting Series 1,2026-03-07,Women's Masters (55-59) 77kg,Lisa Talcott,73.45,55,58,-61,62,-65,-65,58,62,120
2026 Virus Weightlifting Series 1,2026-03-05,Open Women's 63kg,Andrea Riojas,61.6,43,46,-49,70,73,-76,46,73,119
2026 Virus Weightlifting Series 1,2026-03-05,Women's 16-17 Age Group 53kg,Isabella Martinez,50.9,-52,52,-55,64,67,-69,52,67,119
2026 Virus Weightlifting Series 1,2026-03-07,Women's Masters (40-44) 77kg,Isarna  Pacher,76.2,50,52,54,65,-67,-68,54,65,119
2026 Virus Weightlifting Series 1,2026-03-07,Women's Masters (40-44) 86kg,Hema Patel,81.9,40,43,46,70,73,-75,46,73,119
2026 Virus Weightlifting Series 1,2026-03-06,Women's Masters (45-49) 58kg,Esther Kim,57.45,54,-57,-59,62,65,-67,54,65,119
2026 Virus Weightlifting Series 1,2026-03-08,Women's Masters (55-59) 86+kg,Kristina Teel,109.15,51,-53,-53,65,68,-71,51,68,119
2026 Virus Weightlifting Series 1,2026-03-05,Junior Women's 53kg,Ciara Livingston,51.75,52,-55,-55,61,64,67,52,67,119
2026 Virus Weightlifting Series 1,2026-03-05,Women's 14-15 Age Group 63kg,Hazyl Castillo,61.8,-51,51,53,-63,63,65,53,65,118
2026 Virus Weightlifting Series 1,2026-03-05,Open Women's 63kg,Priscilla Del Moral,62.4,50,53,56,-55,55,62,56,62,118
2026 Virus Weightlifting Series 1,2026-03-05,Women's 16-17 Age Group 63kg,Kiara Liang,60.3,45,48,-52,65,68,70,48,70,118
2026 Virus Weightlifting Series 1,2026-03-07,Women's Masters (40-44) 77kg,Allison Hall,72.3,47,-50,-50,65,68,71,47,71,118
2026 Virus Weightlifting Series 1,2026-03-05,Open Women's 53kg,Ericka Almeida,51.1,45,47,50,-65,65,68,50,68,118
2026 Virus Weightlifting Series 1,2026-03-06,Open Women's 58kg,Payton Lessner ,56.4,-50,51,-54,63,67,-70,51,67,118
2026 Virus Weightlifting Series 1,2026-03-05,Open Women's 63kg,Nicole Phaneuf,60.15,49,51,-53,57,60,66,51,66,117
2026 Virus Weightlifting Series 1,2026-03-07,Women's 14-15 Age Group 69kg,Ava Fitzpatrick,69.01,48,-51,51,60,63,66,51,66,117
2026 Virus Weightlifting Series 1,2026-03-06,Women's Masters (40-44) 69kg,Alexis Bancroft,68.8,-50,50,52,-63,63,65,52,65,117
2026 Virus Weightlifting Series 1,2026-03-06,Open Women's 69kg,Sophia Simons,63.7,53,-57,-60,64,-67,-70,53,64,117
2026 Virus Weightlifting Series 1,2026-03-05,Men's 14-15 Age Group 48kg,Ferron  Harris ,46.2,46,49,52,59,62,65,52,65,117
2026 Virus Weightlifting Series 1,2026-03-05,Men's 14-15 Age Group 60kg,Gideon Hayhoe,59.15,45,48,51,60,63,66,51,66,117
2026 Virus Weightlifting Series 1,2026-03-05,Women's Masters (50-54) 63kg,Rachel Dacks,60.05,50,52,-54,65,-68,-69,52,65,117
2026 Virus Weightlifting Series 1,2026-03-07,Women's Masters (60-64) 86kg,Brandi Herring,83.6,47,-49,50,62,65,67,50,67,117
2026 Virus Weightlifting Series 1,2026-03-05,Open Women's 53kg,Paige Steuber,51.95,50,54,-58,60,63,-66,54,63,117
2026 Virus Weightlifting Series 1,2026-03-05,Open Women's 58kg,Sally Jones,54.05,48,51,-53,63,-66,66,51,66,117
2026 Virus Weightlifting Series 1,2026-03-06,Open Women's 58kg,Kaitlyn Gastineau,55,53,-56,-57,64,-66,-66,53,64,117
2026 Virus Weightlifting Series 1,2026-03-06,Open Women's 58kg,Cyrielle Kolbecher,55,-50,50,53,64,-67,-68,53,64,117
2026 Virus Weightlifting Series 1,2026-03-05,Women's Masters (35-39) 63kg,Amelia Parsons,60.75,48,51,-54,60,63,66,51,66,117
2026 Virus Weightlifting Series 1,2026-03-06,Open Women's 63kg,Sophia Rizzuto,61.45,51,-54,-54,62,65,-68,51,65,116
2026 Virus Weightlifting Series 1,2026-03-08,Women's Masters (35-39) 86+kg,Ashley Kulka,89.15,49,-51,-51,-64,64,67,49,67,116
2026 Virus Weightlifting Series 1,2026-03-06,Women's Masters (40-44) 69kg,Rachel Romano,68.45,-51,51,54,62,-65,-66,54,62,116
2026 Virus Weightlifting Series 1,2026-03-06,Women's Masters (40-44) 69kg,Christine Baker,64.75,47,49,-50,62,65,67,49,67,116
2026 Virus Weightlifting Series 1,2026-03-06,Open Women's 69kg,Arianna Meade,66.65,-48,48,50,63,-66,66,50,66,116
2026 Virus Weightlifting Series 1,2026-03-05,Women's Masters (45-49) 63kg,Lita Morris,60.5,41,44,46,67,-70,70,46,70,116
2026 Virus Weightlifting Series 1,2026-03-07,Women's Masters (50-54) 77kg,Shelley Gast,74.4,50,53,-56,60,63,-67,53,63,116
2026 Virus Weightlifting Series 1,2026-03-07,Open Women's 86+kg,Ashley Collazo,87.1,52,-55,-58,60,64,-68,52,64,116
2026 Virus Weightlifting Series 1,2026-03-05,Open Women's 48kg,Isadora Delatorre Coldebella,47,49,-51,52,64,-66,-66,52,64,116
2026 Virus Weightlifting Series 1,2026-03-05,Women's Masters (35-39) 53kg,Chelsea Dillon,52,44,46,48,63,66,68,48,68,116
2026 Virus Weightlifting Series 1,2026-03-06,Women's Masters (35-39) 58kg,Stephanie Langdon,57.5,49,52,-55,60,-64,64,52,64,116
2026 Virus Weightlifting Series 1,2026-03-06,Open Women's 58kg,Karen Nunez,56.95,48,-50,50,63,-66,66,50,66,116
2026 Virus Weightlifting Series 1,2026-03-06,Women's Masters (40-44) 69kg,Sara Kleiman,68.2,48,-49,-50,63,65,67,48,67,115
2026 Virus Weightlifting Series 1,2026-03-07,Women's 16-17 Age Group 77kg,Isabella abebie,70.9,-45,-45,45,-67,67,70,45,70,115
2026 Virus Weightlifting Series 1,2026-03-07,Women's Masters (40-44) 77kg,Ruby Martin,75.55,45,47,-49,62,65,68,47,68,115
2026 Virus Weightlifting Series 1,2026-03-05,Open Women's 63kg,Natalie Stahl,60.2,46,-48,48,62,64,66,48,66,114
2026 Virus Weightlifting Series 1,2026-03-05,Men's Masters (65-69) 71kg,Michel Pietracupa,66.55,50,54,-56,-60,60,-70,54,60,114
2026 Virus Weightlifting Series 1,2026-03-06,Open Women's 69kg,Emma Smith ,66.15,48,-50,-51,66,-68,-68,48,66,114
2026 Virus Weightlifting Series 1,2026-03-05,Women's Masters (45-49) 58kg,Angela White,56.2,46,49,52,57,59,62,52,62,114
2026 Virus Weightlifting Series 1,2026-03-05,Open Women's 63kg,Tiffany MacElhaney,61.75,-50,50,52,-61,61,-63,52,61,113
2026 Virus Weightlifting Series 1,2026-03-05,Open Women's 63kg,Aliya Abdelhak,62.55,46,48,50,-61,-63,63,50,63,113
2026 Virus Weightlifting Series 1,2026-03-06,Women's Masters (45-49) 69kg,Michelle Freyre,67.5,-47,47,49,62,64,-66,49,64,113
2026 Virus Weightlifting Series 1,2026-03-07,Women's Masters (45-49) 77kg,Melissa Selk,75.35,44,47,50,58,-63,63,50,63,113
2026 Virus Weightlifting Series 1,2026-03-06,Women's Masters (35-39) 58kg,Kamerie  Allen,55.9,49,-52,-52,60,64,-68,49,64,113
2026 Virus Weightlifting Series 1,2026-03-05,Open Women's 58kg,Emma hennigan,53.75,48,51,-53,-61,-62,62,51,62,113
2026 Virus Weightlifting Series 1,2026-03-06,Open Women's 58kg,Madison Schmitz,54.95,-48,48,51,58,62,-64,51,62,113
2026 Virus Weightlifting Series 1,2026-03-05,Women's 13 Under Age Group 48kg,Hailey Sprenger,47.5,48,50,-52,58,61,63,50,63,113
2026 Virus Weightlifting Series 1,2026-03-05,Women's 14-15 Age Group 53kg,Abigail Negron,51.55,45,47,50,58,60,63,50,63,113
2026 Virus Weightlifting Series 1,2026-03-05,Women's 14-15 Age Group 53kg,Thevini Withana,52.9,45,48,-50,60,63,65,48,65,113
2026 Virus Weightlifting Series 1,2026-03-06,Women's 14-15 Age Group 69kg,Matilda Palmeri,68.65,-48,49,-54,63,-68,-68,49,63,112
2026 Virus Weightlifting Series 1,2026-03-05,Open Women's 63kg,Marissa Burts,61.05,46,48,52,60,-62,-63,52,60,112
2026 Virus Weightlifting Series 1,2026-03-08,Women's Masters (35-39) 86+kg,Jessica Hendricks,99.15,45,48,-50,60,-63,64,48,64,112
2026 Virus Weightlifting Series 1,2026-03-06,Women's 16-17 Age Group 69kg,Misato Kasumi,66.2,50,53,-55,57,59,-61,53,59,112
2026 Virus Weightlifting Series 1,2026-03-06,Women's Masters (35-39) 58kg,Marissa Reeves,57.65,50,-53,-53,-60,62,-66,50,62,112
2026 Virus Weightlifting Series 1,2026-03-05,Open Women's 58kg,Jennifer Rawe,54.95,43,45,47,60,63,65,47,65,112
2026 Virus Weightlifting Series 1,2026-03-05,Open Women's 63kg,Chelsea Neeley,61.55,-51,51,-53,-60,60,-62,51,60,111
2026 Virus Weightlifting Series 1,2026-03-06,Men's Masters (70-74) 88kg,ALAN CANIGLIA,81.95,42,45,48,56,60,63,48,63,111
2026 Virus Weightlifting Series 1,2026-03-05,Men's 14-15 Age Group 79kg,Grant Worthington,78.25,46,48,50,55,58,61,50,61,111
2026 Virus Weightlifting Series 1,2026-03-05,Open Women's 48kg,Hamido Hassan,47.15,43,46,49,62,-65,-65,49,62,111
2026 Virus Weightlifting Series 1,2026-03-06,Open Women's 58kg,Jessica Carrillo,56.5,-50,-50,50,-61,61,-70,50,61,111
2026 Virus Weightlifting Series 1,2026-03-05,Open Women's 63kg,Yuwei Yang,61.35,45,47,-49,60,63,-66,47,63,110
2026 Virus Weightlifting Series 1,2026-03-05,Women's Masters (40-44) 63kg,Liz Morrow,59.85,-46,-46,46,61,63,64,46,64,110
2026 Virus Weightlifting Series 1,2026-03-07,Women's Masters (45-49) 77kg,Dena Joyce,76.4,47,49,-51,58,61,-63,49,61,110
2026 Virus Weightlifting Series 1,2026-03-07,Women's Masters (50-54) 77kg,Veronica Noone,75.4,43,-45,46,60,-64,64,46,64,110
2026 Virus Weightlifting Series 1,2026-03-06,Junior Women's 69kg,L’Kia Wilson ,66.15,48,50,-52,57,60,-64,50,60,110
2026 Virus Weightlifting Series 1,2026-03-06,Women's 13 Under Age Group 63+kg,Imani Washington,76.1,45,-47,-47,60,63,65,45,65,110
2026 Virus Weightlifting Series 1,2026-03-07,Women's Masters (35-39) 77kg,Lana Heinrich,71.15,41,44,46,-63,64,-67,46,64,110
2026 Virus Weightlifting Series 1,2026-03-05,Open Women's 63kg,Lindsey Sefried,61.5,-45,46,48,57,-60,61,48,61,109
2026 Virus Weightlifting Series 1,2026-03-07,Women's 16-17 Age Group 77+kg,Elke Brock,123.85,40,43,45,58,61,64,45,64,109
2026 Virus Weightlifting Series 1,2026-03-07,Women's Masters (45-49) 86kg,Jennifer Eun,84.8,45,48,51,55,58,-61,51,58,109
2026 Virus Weightlifting Series 1,2026-03-05,Men's 16-17 Age Group 56kg,Karson Hood,55.2,43,46,-48,-63,63,-68,46,63,109
2026 Virus Weightlifting Series 1,2026-03-06,Women's Masters (50-54) 69kg,Nicole Kennedy-Raymes,65.8,-48,48,51,58,-61,-61,51,58,109
2026 Virus Weightlifting Series 1,2026-03-05,Open Women's 53kg,Nina Mergen,50.75,45,-48,-51,60,64,-68,45,64,109
2026 Virus Weightlifting Series 1,2026-03-07,Junior Women's 77kg,Kennidy Paulk,72.95,48,-51,51,56,58,-60,51,58,109
2026 Virus Weightlifting Series 1,2026-03-05,Open Women's 58kg,Emily Johnston,56.6,44,46,49,58,60,-63,49,60,109
2026 Virus Weightlifting Series 1,2026-03-06,Open Women's 58kg,Megan Wedeking,57.1,45,47,-50,-62,62,-65,47,62,109
2026 Virus Weightlifting Series 1,2026-03-06,Women's Masters (35-39) 69kg,Korinne Piper,64.6,45,47,-50,55,58,62,47,62,109
2026 Virus Weightlifting Series 1,2026-03-06,Women's Masters (35-39) 77kg,Tyra Hosfelt,71.1,46,48,-50,61,-63,-65,48,61,109
2026 Virus Weightlifting Series 1,2026-03-05,Women's 16-17 Age Group 63kg,Juliana DaSilva,60.9,44,46,48,-58,58,60,48,60,108
2026 Virus Weightlifting Series 1,2026-03-05,Women's Masters (45-49) 48kg,Heather Thrush,47.2,-46,46,48,60,-63,-65,48,60,108
2026 Virus Weightlifting Series 1,2026-03-07,Women's Masters (55-59) 86kg,Krista Dornbush,78,42,44,-46,62,64,-67,44,64,108
2026 Virus Weightlifting Series 1,2026-03-05,Women's 13 Under Age Group 63kg,Taylor Madlansacay,62.5,-44,44,-50,-64,64,-68,44,64,108
2026 Virus Weightlifting Series 1,2026-03-07,Women's 14-15 Age Group 69+kg,Paris Rodriguez,85.45,40,45,-50,56,62,-70,45,62,107
2026 Virus Weightlifting Series 1,2026-03-06,Women's 16-17 Age Group 69kg,Laurel Davis,68,45,47,49,52,55,58,49,58,107
2026 Virus Weightlifting Series 1,2026-03-07,Women's Masters (55-59) 77kg,Lori Fox,76.2,-43,-44,44,60,63,-64,44,63,107
2026 Virus Weightlifting Series 1,2026-03-06,Open Women's 58kg,Eileen Hess,57,43,45,47,54,57,60,47,60,107
2026 Virus Weightlifting Series 1,2026-03-06,Women's 14-15 Age Group 69kg,Hadley Chandler,64.85,41,43,-45,57,60,63,43,63,106
2026 Virus Weightlifting Series 1,2026-03-05,Open Women's 63kg,Ashley Visconti,62.65,46,-50,-52,60,-65,-65,46,60,106
2026 Virus Weightlifting Series 1,2026-03-07,Women's Masters (40-44) 86kg,Lisa Lease,81.75,45,48,-50,55,58,-63,48,58,106
2026 Virus Weightlifting Series 1,2026-03-05,Men's 13 Under Age Group 56kg,Roman Costa,52.7,-44,44,48,51,55,58,48,58,106
2026 Virus Weightlifting Series 1,2026-03-05,Women's Masters (45-49) 58kg,Sarah Siebenaler,56.9,-45,45,48,55,-58,58,48,58,106
2026 Virus Weightlifting Series 1,2026-03-06,Women's Masters (60-64) 69kg,Kelly Garber,63.6,44,-46,48,-52,52,58,48,58,106
2026 Virus Weightlifting Series 1,2026-03-06,Women's 16-17 Age Group 69kg,Catherine  Cox,65.8,44,-46,-46,56,58,61,44,61,105
2026 Virus Weightlifting Series 1,2026-03-05,Women's Masters (35-39) 63kg,Leah Putlek,62.35,41,43,45,60,-64,-64,45,60,105
2026 Virus Weightlifting Series 1,2026-03-05,Women's Masters (35-39) 63kg,VANESSA KNOX,59.2,40,-44,47,50,54,58,47,58,105
2026 Virus Weightlifting Series 1,2026-03-05,Women's 16-17 Age Group 63kg,Sidney  Kempf,59.85,44,-46,-47,58,59,60,44,60,104
2026 Virus Weightlifting Series 1,2026-03-07,Women's Masters (45-49) 77kg,Jean Aquino,74.95,43,45,48,56,-59,-59,48,56,104
2026 Virus Weightlifting Series 1,2026-03-08,Women's Masters (45-49) 86+kg,Melissa Morgan,106,40,42,-44,58,-61,62,42,62,104
2026 Virus Weightlifting Series 1,2026-03-07,Women's Masters (45-49) 77kg,Renee Michelle Burnette,69.9,42,45,47,53,56,-60,47,56,103
2026 Virus Weightlifting Series 1,2026-03-05,Open Women's 53kg,Allison Hanna,50.4,42,44,46,53,55,57,46,57,103
2026 Virus Weightlifting Series 1,2026-03-05,Open Women's 58kg,Megan Warburg,55.45,45,-48,48,55,-58,-60,48,55,103
2026 Virus Weightlifting Series 1,2026-03-06,Women's Masters (35-39) 69kg,Megan Berringer,68.75,42,45,-48,53,56,58,45,58,103
2026 Virus Weightlifting Series 1,2026-03-05,Women's Masters (45-49) 63kg,Laura Wonch,60.9,42,-44,44,55,58,-61,44,58,102
2026 Virus Weightlifting Series 1,2026-03-05,Open Women's 58kg,Mori Betancourt ,56.3,37,41,-45,57,61,-65,41,61,102
2026 Virus Weightlifting Series 1,2026-03-06,Open Women's 58kg,Maddy Northman,57.15,42,44,-46,58,-61,-61,44,58,102
2026 Virus Weightlifting Series 1,2026-03-07,Women's Masters (40-44) 77kg,Rebekah Lopez,74.4,43,-45,45,53,56,-60,45,56,101
2026 Virus Weightlifting Series 1,2026-03-05,Women's Masters (50-54) 58kg,Shannon Strzynski,57.95,44,-46,46,53,55,-57,46,55,101
2026 Virus Weightlifting Series 1,2026-03-05,Open Women's 48kg,Sheri Jean,45.85,38,-40,40,56,59,61,40,61,101
2026 Virus Weightlifting Series 1,2026-03-05,Women's 16-17 Age Group 53kg,Emma Hutchison,52.5,39,-41,43,55,57,-61,43,57,100
2026 Virus Weightlifting Series 1,2026-03-05,Women's 16-17 Age Group 63kg,Ava Flores,60.9,-43,43,-46,57,-60,-60,43,57,100
2026 Virus Weightlifting Series 1,2026-03-05,Men's Masters (65-69) 65kg,Russell Seay,64.3,42,44,45,50,53,55,45,55,100
2026 Virus Weightlifting Series 1,2026-03-07,Women's Masters (45-49) 86kg,Amy Schultheis,84.1,40,42,-44,58,-61,-61,42,58,100
2026 Virus Weightlifting Series 1,2026-03-07,Women's Masters (50-54) 86kg,Rachel Stahlke,79.8,43,-46,-46,55,-57,57,43,57,100
2026 Virus Weightlifting Series 1,2026-03-07,Women's Masters (65-69) 86kg,Margaret binzer,82.4,36,38,40,58,-60,60,40,60,100
2026 Virus Weightlifting Series 1,2026-03-07,Women's 14-15 Age Group 69+kg,Ella Barnard,72.85,42,-44,44,52,-55,55,44,55,99
2026 Virus Weightlifting Series 1,2026-03-05,Men's 13 Under Age Group 48kg,Tripp Hillenburg,46.05,-38,38,41,52,55,58,41,58,99
2026 Virus Weightlifting Series 1,2026-03-05,Women's Masters (45-49) 63kg,Cheryl Banks,60.4,37,39,-41,57,60,-63,39,60,99
2026 Virus Weightlifting Series 1,2026-03-05,Women's Masters (50-54) 58kg,Rhodora  Derpo,54.25,41,44,-46,49,52,55,44,55,99
2026 Virus Weightlifting Series 1,2026-03-05,Women's 14-15 Age Group 58kg,Catherine Lemire,56.7,43,-45,46,50,-53,53,46,53,99
2026 Virus Weightlifting Series 1,2026-03-06,Women's Masters (45-49) 69kg,Rachelle Marzola,67.2,40,43,-46,50,55,-58,43,55,98
2026 Virus Weightlifting Series 1,2026-03-05,Open Women's 53kg,Lily Le,53,-42,44,46,52,-55,-56,46,52,98
2026 Virus Weightlifting Series 1,2026-03-06,Women's Masters (35-39) 69kg,Andrea Abad,64,40,-42,-42,53,56,58,40,58,98
2026 Virus Weightlifting Series 1,2026-03-07,Women's Masters (35-39) 77kg,Madeline Jarzembak ,75.1,38,41,-44,54,57,-60,41,57,98
2026 Virus Weightlifting Series 1,2026-03-05,Junior Women's 58kg,Chloe Catalfino,57.75,40,43,-46,-54,54,-56,43,54,97
2026 Virus Weightlifting Series 1,2026-03-05,Open Women's 58kg,Allison Esposito,54.4,38,43,-48,49,54,-63,43,54,97
2026 Virus Weightlifting Series 1,2026-03-05,Men's Masters (65-69) 71kg,Chuck Lynch,69.4,-41,41,43,53,-56,-57,43,53,96
2026 Virus Weightlifting Series 1,2026-03-05,Men's 13 Under Age Group 52kg,Kayden Doherty,49.05,37,39,41,51,53,55,41,55,96
2026 Virus Weightlifting Series 1,2026-03-06,Women's Masters (35-39) 69kg,Rebecca Levis,67.4,41,-44,-44,51,55,-58,41,55,96
2026 Virus Weightlifting Series 1,2026-03-06,Women's Masters (35-39) 69kg,Mary Lewandowski,66.7,41,44,-46,52,-55,-57,44,52,96
2026 Virus Weightlifting Series 1,2026-03-07,Women's Masters (40-44) 86kg,Mayumi Okamoto,82.7,39,-41,-41,53,-55,56,39,56,95
2026 Virus Weightlifting Series 1,2026-03-05,Women's Masters (45-49) 53kg,Huyen-Lam Nguyen,50.65,42,-44,45,48,50,-52,45,50,95
2026 Virus Weightlifting Series 1,2026-03-05,Open Women's 53kg,Sally Dagher,51.95,39,41,43,52,-55,-57,43,52,95
2026 Virus Weightlifting Series 1,2026-03-05,Women's 13 Under Age Group 58kg,Eesha Pallath,56.2,39,42,44,45,48,51,44,51,95
2026 Virus Weightlifting Series 1,2026-03-05,Women's 14-15 Age Group 58kg,Sonya Nunez,55.8,37,39,-41,53,55,-57,39,55,94
2026 Virus Weightlifting Series 1,2026-03-06,Women's 14-15 Age Group 69kg,Sravya Chebrolu,66.25,-35,35,37,50,-56,56,37,56,93
2026 Virus Weightlifting Series 1,2026-03-07,Women's Masters (40-44) 69kg,Stephanie Kelley,67.7,-42,42,-45,-48,48,51,42,51,93
2026 Virus Weightlifting Series 1,2026-03-07,Women's Masters (40-44) 77kg,Johanna Gempeler,72.7,-36,36,-38,-55,55,57,36,57,93
2026 Virus Weightlifting Series 1,2026-03-05,Women's Masters (45-49) 63kg,Gloria Vaughan,62.1,38,40,42,49,51,-53,42,51,93
2026 Virus Weightlifting Series 1,2026-03-07,Men's Masters (75-79) 94kg,Arthur Auwaerter,89.3,40,42,-44,-48,48,50,42,50,92
2026 Virus Weightlifting Series 1,2026-03-05,Women's Masters (50-54) 58kg,Amy Herrera,56.35,38,40,42,50,-53,-55,42,50,92
2026 Virus Weightlifting Series 1,2026-03-05,Women's Masters (50-54) 58kg,Kim Saito,56.65,37,-39,-39,-53,53,55,37,55,92
2026 Virus Weightlifting Series 1,2026-03-07,Women's Masters (50-54) 77kg,Sheila Welker,74.5,-35,35,-37,50,54,57,35,57,92
2026 Virus Weightlifting Series 1,2026-03-05,Women's 13 Under Age Group 44kg,Layla Johnson,41.85,-36,36,38,51,-54,54,38,54,92
2026 Virus Weightlifting Series 1,2026-03-05,Women's 13 Under Age Group 44kg,Harper Belsky,42.95,36,38,40,45,48,51,40,51,91
2026 Virus Weightlifting Series 1,2026-03-05,Women's 13 Under Age Group 58kg,Sadie Cirbus,53.15,39,41,-43,50,-54,-56,41,50,91
2026 Virus Weightlifting Series 1,2026-03-05,Men's 13 Under Age Group 48kg,Raiden Liao,46.85,-36,36,39,48,-51,51,39,51,90
2026 Virus Weightlifting Series 1,2026-03-05,Men's 13 Under Age Group 65+kg,J Williams,92.05,35,39,-43,41,45,50,39,50,89
2026 Virus Weightlifting Series 1,2026-03-05,Women's Masters (40-44) 58kg,Louisa Lee,54,36,38,-40,48,50,-52,38,50,88
2026 Virus Weightlifting Series 1,2026-03-05,Men's 13 Under Age Group 56kg,Eduardo Marquez,53.15,35,38,40,45,48,-51,40,48,88
2026 Virus Weightlifting Series 1,2026-03-07,Women's Masters (55-59) 77kg,angela beechum,72.9,33,35,37,46,49,51,37,51,88
2026 Virus Weightlifting Series 1,2026-03-05,Women's 13 Under Age Group 44kg,Kate Yetter,42.95,36,-38,38,44,47,50,38,50,88
2026 Virus Weightlifting Series 1,2026-03-06,Women's 13 Under Age Group 63+kg,Olivia Dumas,77.15,35,38,-41,47,50,-55,38,50,88
2026 Virus Weightlifting Series 1,2026-03-06,Women's Masters (45-49) 69kg,Bobbie Catalano,65.9,35,-37,-37,-49,49,52,35,52,87
2026 Virus Weightlifting Series 1,2026-03-05,Women's Masters (55-59) 58kg,Jean Beattie,57.5,-38,38,-41,-48,49,-54,38,49,87
2026 Virus Weightlifting Series 1,2026-03-06,Women's 13 Under Age Group 63+kg,Cally Coffee,84.6,36,-39,39,41,44,48,39,48,87
2026 Virus Weightlifting Series 1,2026-03-05,Men's 13 Under Age Group 60kg,Zayne Gillum,57.05,30,33,36,42,46,50,36,50,86
2026 Virus Weightlifting Series 1,2026-03-06,Women's Masters (45-49) 69kg,KARI WILLIAMS,66.75,31,-33,34,49,52,-55,34,52,86
2026 Virus Weightlifting Series 1,2026-03-05,Women's 14-15 Age Group 53kg,Rylee DeBoer-Rowse,52.95,-38,38,-40,44,46,48,38,48,86
2026 Virus Weightlifting Series 1,2026-03-05,Women's 14-15 Age Group 58kg,Diya Vijayaraj,56.4,35,37,39,44,-47,47,39,47,86
2026 Virus Weightlifting Series 1,2026-03-05,Men's 13 Under Age Group 56kg,Charles Epperson,53,34,-37,37,45,48,-50,37,48,85
2026 Virus Weightlifting Series 1,2026-03-05,Men's 13 Under Age Group 52kg,Benjamin Weymer,51.1,34,37,-39,-48,-48,48,37,48,85
2026 Virus Weightlifting Series 1,2026-03-07,Women's Masters (45-49) 86kg,Jessica Blechar,84.95,32,34,36,42,45,48,36,48,84
2026 Virus Weightlifting Series 1,2026-03-06,Women's 13 Under Age Group 63kg,Adeline Hearn,63.05,33,36,38,43,46,-49,38,46,84
2026 Virus Weightlifting Series 1,2026-03-05,Women's 14-15 Age Group 48kg,Carmen Gurley,47.55,33,35,-38,44,46,49,35,49,84
2026 Virus Weightlifting Series 1,2026-03-05,Women's 14-15 Age Group 58kg,Ellasyn Pearce,56.2,33,35,37,43,46,-49,37,46,83
2026 Virus Weightlifting Series 1,2026-03-07,Women's 14-15 Age Group 69+kg,Juneau Miller,73,35,37,-38,-43,44,46,37,46,83
2026 Virus Weightlifting Series 1,2026-03-05,Women's Masters (45-49) 53kg,Cathleen  Mahoney ,50.95,33,35,-37,43,46,48,35,48,83
2026 Virus Weightlifting Series 1,2026-03-06,Women's Masters (45-49) 69kg,Emily Glenn,66.35,-35,35,-37,46,48,-50,35,48,83
2026 Virus Weightlifting Series 1,2026-03-05,Women's 13 Under Age Group 40kg,Brooklynn Vella,38.9,32,34,36,42,45,47,36,47,83
2026 Virus Weightlifting Series 1,2026-03-05,Men's 14-15 Age Group 48kg,Scott Smith,40.65,-32,32,34,42,45,48,34,48,82
2026 Virus Weightlifting Series 1,2026-03-06,Women's Masters (55-59) 69kg,Gladys Spaulding,67.05,32,34,36,41,43,46,36,46,82
2026 Virus Weightlifting Series 1,2026-03-05,Women's Masters (35-39) 48kg,Tracy Liu,42.55,34,36,-38,43,45,-47,36,45,81
2026 Virus Weightlifting Series 1,2026-03-05,Women's 14-15 Age Group 58kg,Annabelle Janton,57.7,30,32,34,40,43,46,34,46,80
2026 Virus Weightlifting Series 1,2026-03-05,Women's Masters (60-64) 48kg,Akiko Stojek,47.3,33,35,-38,42,-45,45,35,45,80
2026 Virus Weightlifting Series 1,2026-03-05,Women's 13 Under Age Group 48kg,Taylor Kunkel,44.85,34,37,-39,43,-46,-46,37,43,80
2026 Virus Weightlifting Series 1,2026-03-05,Men's 14-15 Age Group 56kg,"Al Costa, Jr",53.2,-34,34,-38,39,42,45,34,45,79
2026 Virus Weightlifting Series 1,2026-03-05,Women's 14-15 Age Group 53kg,Kaylee Bass,52.4,-32,32,33,42,44,46,33,46,79
2026 Virus Weightlifting Series 1,2026-03-05,Men's 13 Under Age Group 48kg,William Wheeler,44.55,30,33,-36,35,40,45,33,45,78
2026 Virus Weightlifting Series 1,2026-03-05,Men's 13 Under Age Group 60kg,Lyndon Smith,58.05,30,31,34,40,42,44,34,44,78
2026 Virus Weightlifting Series 1,2026-03-05,Women's Masters (55-59) 53kg,Rebecca Pawlikiewicz-Peacock,51.95,31,33,35,41,43,-45,35,43,78
2026 Virus Weightlifting Series 1,2026-03-05,Women's 14-15 Age Group 53kg,Lindsay Adkins,51.95,-35,35,-37,41,43,-45,35,43,78
2026 Virus Weightlifting Series 1,2026-03-05,Women's Masters (65-69) 58kg,Kellie Moylan,56.4,31,33,-35,40,42,44,33,44,77
2026 Virus Weightlifting Series 1,2026-03-07,Women's Masters (65-69) 77kg,Nancy Becker,71.15,28,30,32,40,43,45,32,45,77
2026 Virus Weightlifting Series 1,2026-03-05,Women's 13 Under Age Group 48kg,Sejal Patel,46.65,-31,31,-33,43,-46,46,31,46,77
2026 Virus Weightlifting Series 1,2026-03-05,Women's 14-15 Age Group 58kg,Ruthie Daniel,53.65,30,33,35,36,39,41,35,41,76
2026 Virus Weightlifting Series 1,2026-03-05,Men's 13 Under Age Group 36kg,Trae Dauch,34.25,30,32,34,40,42,-45,34,42,76
2026 Virus Weightlifting Series 1,2026-03-05,Women's Masters (45-49) 58kg,Gloria Chun,56.05,32,-34,-34,-42,42,44,32,44,76
2026 Virus Weightlifting Series 1,2026-03-05,Men's 13 Under Age Group 60kg,Tae Davern,57,29,32,35,33,38,41,35,41,76
2026 Virus Weightlifting Series 1,2026-03-05,Women's Masters (55-59) 63kg,Michelle Hart,61.95,29,32,-35,40,43,-46,32,43,75
2026 Virus Weightlifting Series 1,2026-03-05,Women's Masters (60-64) 58kg,Deanna Johnson,56.6,30,32,34,38,-40,41,34,41,75
2026 Virus Weightlifting Series 1,2026-03-06,Women's 13 Under Age Group 63+kg,Harper Haeberle,75.35,31,33,-35,39,42,-44,33,42,75
2026 Virus Weightlifting Series 1,2026-03-05,Women's 14-15 Age Group 53kg,Grayson Miller,49.5,27,30,-33,40,43,-45,30,43,73
2026 Virus Weightlifting Series 1,2026-03-05,Women's 14-15 Age Group 48kg,Julianna Snyder,46.9,28,30,32,38,-40,40,32,40,72
2026 Virus Weightlifting Series 1,2026-03-05,Women's Masters (65-69) 63kg,Kim Washington,60.7,31,33,-35,33,35,37,33,37,70
2026 Virus Weightlifting Series 1,2026-03-05,Women's 13 Under Age Group 40kg,Avery Shupe,37.8,29,-32,32,35,38,-42,32,38,70
2026 Virus Weightlifting Series 1,2026-03-05,Men's 13 Under Age Group 36kg,Richard Konyek IV,34.9,27,29,-31,35,37,40,29,40,69
2026 Virus Weightlifting Series 1,2026-03-05,Men's 13 Under Age Group 65kg,Ezekiel Barboza,60.4,28,30,32,32,35,37,32,37,69
2026 Virus Weightlifting Series 1,2026-03-05,Women's 13 Under Age Group 58kg,Ashley Aguilar,53.85,25,29,-32,32,35,40,29,40,69
2026 Virus Weightlifting Series 1,2026-03-05,Men's 13 Under Age Group 32kg,Nixon Catalano,30.4,25,28,30,32,35,38,30,38,68
2026 Virus Weightlifting Series 1,2026-03-07,Women's Masters (60-64) 77kg,Michelle Pardee,76.25,28,30,-32,35,-37,37,30,37,67
2026 Virus Weightlifting Series 1,2026-03-05,Women's 14-15 Age Group 53kg,Antonela Jansta,49.45,28,30,-32,35,-37,37,30,37,67
2026 Virus Weightlifting Series 1,2026-03-05,Men's 13 Under Age Group 40kg,Lucas Konyek,38.2,26,27,28,33,35,38,28,38,66
2026 Virus Weightlifting Series 1,2026-03-05,Men's 13 Under Age Group 40kg,Wyatt Graeffe,36.35,29,31,32,-33,34,-36,32,34,66
2026 Virus Weightlifting Series 1,2026-03-05,Men's 13 Under Age Group 44kg,Ellis Ruiz,40.45,23,26,28,33,35,37,28,37,65
2026 Virus Weightlifting Series 1,2026-03-05,Women's 13 Under Age Group 53kg,Madison Cundiff,50.3,27,29,-32,34,36,-39,29,36,65
2026 Virus Weightlifting Series 1,2026-03-05,Men's Masters (75-79) 79kg,WILLIE SKLAROFF,77.5,29,-31,-32,33,35,-36,29,35,64
2026 Virus Weightlifting Series 1,2026-03-05,Men's 13 Under Age Group 40kg,Wyatt Cundiff,36.35,26,-27,27,33,36,-40,27,36,63
2026 Virus Weightlifting Series 1,2026-03-05,Women's 13 Under Age Group 40kg,Ava Yetter,38.35,24,26,28,-32,32,34,28,34,62
2026 Virus Weightlifting Series 1,2026-03-05,Women's 13 Under Age Group 48kg,Autumn Whitmer,47.9,26,-29,-30,30,33,36,26,36,62
2026 Virus Weightlifting Series 1,2026-03-05,Men's 13 Under Age Group 44kg,Max Wheeler,40.95,25,26,27,29,31,34,27,34,61
2026 Virus Weightlifting Series 1,2026-03-05,Men's 13 Under Age Group 48kg,Charles Moss,48,24,26,28,31,-33,33,28,33,61
2026 Virus Weightlifting Series 1,2026-03-05,Women's 13 Under Age Group 33kg,Avery Gillum,30.7,22,24,26,31,33,35,26,35,61
2026 Virus Weightlifting Series 1,2026-03-05,Men's 13 Under Age Group 48kg,Sean Aldrich,46.15,23,25,-28,-33,33,35,25,35,60
2026 Virus Weightlifting Series 1,2026-03-05,Women's 13 Under Age Group 53kg,Charlie Miller,51.85,24,26,28,28,30,32,28,32,60
2026 Virus Weightlifting Series 1,2026-03-05,Men's 13 Under Age Group 36kg,Grayson Ibrahim,33.6,25,-26,-26,32,34,-35,25,34,59
2026 Virus Weightlifting Series 1,2026-03-05,Men's 13 Under Age Group 48kg,issam al achkar,47.1,22,24,27,29,32,-35,27,32,59
2026 Virus Weightlifting Series 1,2026-03-05,Women's Masters (75-79) 53kg,Susan Gunther,51.85,23,25,-26,31,33,-35,25,33,58
2026 Virus Weightlifting Series 1,2026-03-05,Women's 13 Under Age Group 36kg,Quinn Drury,35.9,-23,23,-25,32,34,35,23,35,58
2026 Virus Weightlifting Series 1,2026-03-05,Women's 13 Under Age Group 36kg,Kamden Opfer,36,21,23,24,30,-32,32,24,32,56
2026 Virus Weightlifting Series 1,2026-03-05,Women's 13 Under Age Group 44kg,Taliya Bernard,42.35,20,22,25,27,29,31,25,31,56
2026 Virus Weightlifting Series 1,2026-03-05,Men's 13 Under Age Group 36kg,Nicodimas Costa,35.45,-20,22,25,26,30,-32,25,30,55
2026 Virus Weightlifting Series 1,2026-03-06,Women's Masters (55-59) 69kg,Kolleen Simons,66.07,21,23,-25,29,31,-34,23,31,54
2026 Virus Weightlifting Series 1,2026-03-07,Junior Women's 58kg,Miley Vaughan,54.1,18,20,-22,29,31,34,20,34,54
2026 Virus Weightlifting Series 1,2026-03-05,Women's 13 Under Age Group 40kg,Abigail Moeder,37.65,18,20,22,28,30,32,22,32,54
2026 Virus Weightlifting Series 1,2026-03-05,Men's 13 Under Age Group 44kg,Maximus Black,40.95,19,21,23,26,29,-31,23,29,52
2026 Virus Weightlifting Series 1,2026-03-05,Men's 13 Under Age Group 56kg,Alan De-La-Cruz,52.1,22,-25,-27,28,-31,-33,22,28,50
2026 Virus Weightlifting Series 1,2026-03-05,Women's 13 Under Age Group 48kg,Avayah Flores,47.65,20,23,-26,-25,25,27,23,27,50
2026 Virus Weightlifting Series 1,2026-03-05,Men's 13 Under Age Group 56kg,Juan Piedrahita,53.15,21,-24,-24,28,-31,-33,21,28,49
2026 Virus Weightlifting Series 1,2026-03-05,Women's Masters (75-79) 63kg,Marcy Seymour,59.9,18,20,22,22,24,27,22,27,49
2026 Virus Weightlifting Series 1,2026-03-05,Women's 13 Under Age Group 40kg,Mia Kleppen,37.2,18,21,-24,28,-31,-31,21,28,49
2026 Virus Weightlifting Series 1,2026-03-05,Women's 13 Under Age Group 44kg,Julia Eaton,43.8,-22,22,-23,-27,27,-29,22,27,49
2026 Virus Weightlifting Series 1,2026-03-05,Women's Masters (70-74) 53kg,Linda Foess,50.3,20,21,22,-25,25,-27,22,25,47
2026 Virus Weightlifting Series 1,2026-03-05,Women's 13 Under Age Group 36kg,Charli Grueshaber,35.95,20,-21,-21,25,27,-28,20,27,47
2026 Virus Weightlifting Series 1,2026-03-05,Men's 13 Under Age Group 48kg,Daniel Matos,44.25,15,19,21,20,25,-28,21,25,46
2026 Virus Weightlifting Series 1,2026-03-05,Women's 13 Under Age Group 40kg,Adalyn Enriquez,39.1,16,17,18,23,25,27,18,27,45
2026 Virus Weightlifting Series 1,2026-03-05,Men's 13 Under Age Group 32kg,Jack Hendricks,31.75,17,18,19,22,23,25,19,25,44
2026 Virus Weightlifting Series 1,2026-03-05,Men's 13 Under Age Group 44kg,Chael  Sanchez ,42.25,17,-19,19,23,-25,25,19,25,44
2026 Virus Weightlifting Series 1,2026-03-05,Men's 13 Under Age Group 40kg,Jacob Kovach,39.55,16,18,-21,21,23,25,18,25,43
2026 Virus Weightlifting Series 1,2026-03-05,Men's 13 Under Age Group 32kg,Jace Bernard,31,15,-17,17,21,23,25,17,25,42
2026 Virus Weightlifting Series 1,2026-03-05,Women's 13 Under Age Group 30kg,Jayde Duncan,26,15,16,17,20,23,25,17,25,42
2026 Virus Weightlifting Series 1,2026-03-05,Women's 13 Under Age Group 44kg,Alexa Costa,42.75,19,-21,-22,22,-24,-24,19,22,41
2026 Virus Weightlifting Series 1,2026-03-05,Women's 13 Under Age Group 30kg,Anna Wheeler,30.01,16,17,-19,20,-22,23,17,23,40
2026 Virus Weightlifting Series 1,2026-03-05,Women's 13 Under Age Group 30kg,Vera Ibrahim,25.15,14,15,-17,-18,-18,18,15,18,33
2026 Virus Weightlifting Series 1,2026-03-05,Women's 13 Under Age Group 30kg,Rylee Liao,29.35,14,-15,15,15,-16,-16,15,15,30
2026 Virus Weightlifting Series 1,2026-03-05,Women's 13 Under Age Group 36kg,Rose Behar,34.55,11,12,-14,13,-15,16,12,16,28
2026 Virus Weightlifting Series 1,2026-03-06,Women's 14-15 Age Group 63kg,Ava Luis,60.85,-70,-70,-70,-85,85,-91,0,85,0
2026 Virus Weightlifting Series 1,2026-03-06,Open Women's 63kg,Taylor Reimer,62.55,63,67,-71,-83,-85,-86,67,0,0
2026 Virus Weightlifting Series 1,2026-03-05,Open Women's 63kg,Lillian Sutherlin,60.65,-50,-50,-50,65,68,-70,0,68,0
2026 Virus Weightlifting Series 1,2026-03-05,Women's 16-17 Age Group 58kg,Riley Gramlich,56.3,-45,-45,-45,53,56,-59,0,56,0
2026 Virus Weightlifting Series 1,2026-03-05,Men's Masters (55-59) 71kg,Timothy Newman,67.25,-60,-60,-62,80,-84,-85,0,80,0
2026 Virus Weightlifting Series 1,2026-03-08,Women's Masters (35-39) 86+kg,Lilliana Astralaga,94.25,70,75,78,-92,-92,-92,78,0,0
2026 Virus Weightlifting Series 1,2026-03-08,Open Men's 110kg,Jabo Nguyen,109,-126,126,-131,-180,0,0,126,0,0
2026 Virus Weightlifting Series 1,2026-03-08,Open Men's 110kg,Arron Tate,99.2,-124,-126,-127,150,155,164,0,164,0
2026 Virus Weightlifting Series 1,2026-03-08,Open Men's 110kg,Seth Baden,107.9,124,-127,-130,-150,-150,-150,124,0,0
2026 Virus Weightlifting Series 1,2026-03-05,Women's Masters (40-44) 58kg,Jessi Luta,55.45,-46,-46,-46,59,-61,-62,0,59,0
2026 Virus Weightlifting Series 1,2026-03-08,Open Men's 110kg,Dylan Jeffries,102.3,-115,115,-120,-141,-145,-145,115,0,0
2026 Virus Weightlifting Series 1,2026-03-08,Open Men's 110kg,Paul Caldwell,103.4,108,-113,-113,-137,-139,-139,108,0,0
2026 Virus Weightlifting Series 1,2026-03-08,Open Men's 110kg,Maxwell Li,106.45,-119,-120,-120,145,150,155,0,155,0
2026 Virus Weightlifting Series 1,2026-03-07,Open Men's 110kg,Antonio Butler,103.65,-103,-103,-103,-132,132,-137,0,132,0
2026 Virus Weightlifting Series 1,2026-03-07,Open Men's 110kg,Spencer Hiatt,104.55,-105,-111,-111,135,-140,-140,0,135,0
2026 Virus Weightlifting Series 1,2026-03-07,Open Men's 110kg,Blake Hubbard,107.55,98,102,105,-132,-135,-136,105,0,0
2026 Virus Weightlifting Series 1,2026-03-07,Men's Masters (65-69) 94kg,John Irvine,90.7,58,62,-66,-63,-65,-65,62,0,0
2026 Virus Weightlifting Series 1,2026-03-06,Women's 16-17 Age Group 69kg,Laila Thomas,65.4,-46,46,-48,-63,-66,-66,46,0,0
2026 Virus Weightlifting Series 1,2026-03-08,Women's 16-17 Age Group 77kg,Ireland Manor,69.45,-75,76,-80,-97,-100,-103,76,0,0
2026 Virus Weightlifting Series 1,2026-03-07,Women's 16-17 Age Group 77kg,Madeleine Maher,73.15,-56,-56,-56,65,69,-72,0,69,0
2026 Virus Weightlifting Series 1,2026-03-07,Women's 16-17 Age Group 77kg,Lisa Schunk,75.65,40,44,-47,0,0,0,44,0,0
2026 Virus Weightlifting Series 1,2026-03-05,Open Men's 60kg,Ethan Nuqui,57.75,-87,-90,-96,-106,-110,-110,0,0,0
2026 Virus Weightlifting Series 1,2026-03-08,Open Men's 110+kg,Tyler Lilly,120.2,119,122,-126,-149,-149,-150,122,0,0
2026 Virus Weightlifting Series 1,2026-03-08,Women's 16-17 Age Group 77+kg,Savannah Adkins,88.3,-62,-62,-62,75,79,-86,0,79,0
2026 Virus Weightlifting Series 1,2026-03-05,Open Men's 65kg,Isiquiel Lemos,64.4,-83,-84,-84,108,112,-118,0,112,0
2026 Virus Weightlifting Series 1,2026-03-05,Open Men's 65kg,Jared Bushaw,64.2,97,100,-103,-116,-118,-118,100,0,0
2026 Virus Weightlifting Series 1,2026-03-08,Women's Masters (40-44) 77kg,Rachel Kremer,76.65,-65,-65,-65,76,78,81,0,81,0
2026 Virus Weightlifting Series 1,2026-03-07,Women's Masters (40-44) 77kg,Kortnee Angel,73.2,42,-44,-44,-51,-51,-51,42,0,0
2026 Virus Weightlifting Series 1,2026-03-05,Junior Men's 65kg,Jack Mann,63.95,-93,-93,-93,-105,105,-120,0,105,0
2026 Virus Weightlifting Series 1,2026-03-07,Women's Masters (40-44) 86kg,Carla Changwailing,81.15,-55,-55,-55,66,70,-75,0,70,0
2026 Virus Weightlifting Series 1,2026-03-07,Open Women's 69kg,Jessica Tatman,67.5,82,-85,-86,-102,-102,-103,82,0,0
2026 Virus Weightlifting Series 1,2026-03-07,Women's Masters (40-44) 86kg,Amber Schiada,82.4,46,49,-52,-70,-72,-72,49,0,0
2026 Virus Weightlifting Series 1,2026-03-07,Open Women's 69kg,Aarynn Crawley,67.6,76,78,-82,-98,-98,-99,78,0,0
2026 Virus Weightlifting Series 1,2026-03-05,Junior Men's 71kg,Ian Gequelin,70,-98,100,-103,-120,-121,-121,100,0,0
2026 Virus Weightlifting Series 1,2026-03-06,Open Men's 71kg,Dominik Polverini,66.25,118,121,-125,-147,-149,-149,121,0,0
2026 Virus Weightlifting Series 1,2026-03-07,Open Women's 69kg,Kayli Kullos,68.4,-78,-78,-78,-105,105,-109,0,105,0
2026 Virus Weightlifting Series 1,2026-03-06,Open Men's 71kg,Hampton Morris,69.25,-133,-135,-135,175,180,-185,0,180,0
2026 Virus Weightlifting Series 1,2026-03-06,Open Women's 69kg,Kelly Baughman,67.75,-53,-53,-53,-65,65,-69,0,65,0
2026 Virus Weightlifting Series 1,2026-03-05,Open Men's 71kg,Ethan Wright,70,-76,-76,-76,105,-109,-110,0,105,0
2026 Virus Weightlifting Series 1,2026-03-08,Women's Masters (40-44) 86+kg,Liz Earley,112.85,80,-86,-90,-102,-102,-103,80,0,0
2026 Virus Weightlifting Series 1,2026-03-05,Men's 13 Under Age Group 65+kg,Bridger Soden,66.5,-45,-45,-45,-50,-53,53,0,53,0
2026 Virus Weightlifting Series 1,2026-03-06,Women's Masters (45-49) 63kg,Melissa Coughlin,61.65,-58,0,0,0,0,0,0,0,0
2026 Virus Weightlifting Series 1,2026-03-05,Men's 14-15 Age Group 60kg,Thomas Dirks,56.8,-53,-53,-53,62,-64,-64,0,62,0
2026 Virus Weightlifting Series 1,2026-03-06,Junior Men's 88kg,Roberto Padron,85.65,-85,-85,-85,108,-114,0,0,108,0
2026 Virus Weightlifting Series 1,2026-03-06,Junior Men's 88kg,Brayan Ibanez,84.05,152,156,-158,-170,0,0,156,0,0
2026 Virus Weightlifting Series 1,2026-03-05,Men's 14-15 Age Group 65kg,Jaxon Blankenship,62,47,-50,-50,-58,-61,-63,47,0,0
2026 Virus Weightlifting Series 1,2026-03-08,Junior Men's 110kg,Chase White,109.1,-117,-117,-117,0,0,0,0,0,0
2026 Virus Weightlifting Series 1,2026-03-07,Junior Men's 110kg,Jake Langer,100.7,87,-92,-96,-110,-110,0,87,0,0
2026 Virus Weightlifting Series 1,2026-03-05,Men's 16-17 Age Group 56kg,Manuel Hodgman,54,-81,-82,-83,105,-109,-109,0,105,0
2026 Virus Weightlifting Series 1,2026-03-06,Open Men's 79kg,Jonathan Jones,76.85,104,-108,-108,-134,-134,-134,104,0,0
2026 Virus Weightlifting Series 1,2026-03-06,Open Men's 79kg,Jeremiah Gorman,78.9,102,106,-110,-126,-126,-128,106,0,0
2026 Virus Weightlifting Series 1,2026-03-05,Women's Masters (50-54) 48kg,Julie Carmody,43.85,36,38,-40,0,0,0,38,0,0
2026 Virus Weightlifting Series 1,2026-03-05,Open Men's 79kg,Isaac  Leong,77.25,82,85,90,-105,-110,-110,90,0,0
2026 Virus Weightlifting Series 1,2026-03-05,Men's 16-17 Age Group 60kg,Grayor Opfer,59.6,-68,-68,-69,88,91,-93,0,91,0
2026 Virus Weightlifting Series 1,2026-03-05,Open Men's 79kg,Devin Lin,76.45,-88,-88,-89,105,110,-115,0,110,0
2026 Virus Weightlifting Series 1,2026-03-06,Women's Masters (50-54) 69kg,Sarah Glazer,68.5,34,-36,36,-43,-43,-43,36,0,0
2026 Virus Weightlifting Series 1,2026-03-08,Open Women's 77kg,Emily Zolotarevsky,75.65,-74,-74,-74,94,98,102,0,102,0
2026 Virus Weightlifting Series 1,2026-03-08,Open Women's 77kg,Aleigh Moore,74.55,-78,-78,-81,-104,104,107,0,107,0
2026 Virus Weightlifting Series 1,2026-03-08,Open Women's 77kg,Amelia Bont,75.6,-70,71,-74,-90,-90,-92,71,0,0
2026 Virus Weightlifting Series 1,2026-03-08,Open Women's 77kg,Brenna Flynn,76,-76,76,-80,-86,-86,0,76,0,0
2026 Virus Weightlifting Series 1,2026-03-08,Open Women's 77kg,Wandasun Sihanath,74,-67,-67,-67,94,-98,-98,0,94,0
2026 Virus Weightlifting Series 1,2026-03-08,Open Women's 77kg,Taylor Fetzer,76.75,71,-73,73,-93,-93,0,73,0,0
2026 Virus Weightlifting Series 1,2026-03-06,Men's Masters (35-39) 79kg,STEVEN MARCUS,73.45,-95,-98,-100,0,0,0,0,0,0
2026 Virus Weightlifting Series 1,2026-03-07,Open Women's 77kg,Kaitlin Ross,75.15,-62,-62,-62,78,81,-85,0,81,0
2026 Virus Weightlifting Series 1,2026-03-07,Open Women's 77kg,Santina Schiaretta,69.15,-63,-66,-66,75,79,-85,0,79,0
2026 Virus Weightlifting Series 1,2026-03-05,Junior Women's 48kg,AMARIAH HERNANDEZ,47.75,-32,-32,-32,-40,42,45,0,45,0
2026 Virus Weightlifting Series 1,2026-03-05,Junior Women's 53kg,Liliana  Ray,52.5,49,-52,-52,-58,-60,-60,49,0,0
2026 Virus Weightlifting Series 1,2026-03-06,Junior Women's 63kg,Emily Green,63,-70,-70,-70,-86,86,90,0,90,0
2026 Virus Weightlifting Series 1,2026-03-08,Open Women's 86kg,Kristen Braccio,80.45,74,-78,-80,-103,-103,-103,74,0,0
2026 Virus Weightlifting Series 1,2026-03-08,Open Women's 86kg,Taissa Barrette,84.55,61,64,-67,-79,-80,-80,64,0,0
2026 Virus Weightlifting Series 1,2026-03-08,Open Women's 86kg,Martina Kampel,85,-67,-67,-67,80,-85,87,0,87,0
2026 Virus Weightlifting Series 1,2026-03-08,Open Women's 86kg,Linnea Schultz,85.85,-60,-60,-61,74,76,-80,0,76,0
2026 Virus Weightlifting Series 1,2026-03-07,Junior Women's 69kg,Allison Ambler,68.4,-87,-87,-88,-103,104,-107,0,104,0
2026 Virus Weightlifting Series 1,2026-03-05,Open Women's 53kg,Estefania Flores,52.2,43,-45,-46,-57,-58,-58,43,0,0
2026 Virus Weightlifting Series 1,2026-03-07,Open Men's 88kg,Eric Vercellone,84.4,131,135,-138,-156,-156,-156,135,0,0
2026 Virus Weightlifting Series 1,2026-03-07,Open Men's 88kg,Austin Davis,85.3,-135,-135,-135,165,-170,-172,0,165,0
2026 Virus Weightlifting Series 1,2026-03-08,Junior Women's 77kg,Victoria Carter,76.9,-70,-70,-72,-90,-90,-91,0,0,0
2026 Virus Weightlifting Series 1,2026-03-07,Open Men's 88kg,Gerald Pena,85.9,-112,-113,-113,140,-145,-145,0,140,0
2026 Virus Weightlifting Series 1,2026-03-07,Open Men's 88kg,Anthony Jay  Tangonan,86.2,90,-95,-95,-120,-120,-120,90,0,0
2026 Virus Weightlifting Series 1,2026-03-07,Men's Masters (35-39) 110kg,Ryan Davis,108.55,92,-97,97,-121,-123,-123,97,0,0
2026 Virus Weightlifting Series 1,2026-03-08,Men's Masters (35-39) 110+kg,Kyle Wilp,140.3,120,-125,125,-160,-161,-161,125,0,0
2026 Virus Weightlifting Series 1,2026-03-05,Men's Masters (40-44) 71kg,Kevin Jorge,70.2,93,-96,-96,-110,-110,-110,93,0,0
2026 Virus Weightlifting Series 1,2026-03-08,Open Women's 86+kg,Kelsi Reynolds,94.95,-70,70,73,-97,-98,-101,73,0,0
2026 Virus Weightlifting Series 1,2026-03-08,Open Women's 86+kg,Brittley Ball,103.7,50,-52,-52,-76,-76,-76,50,0,0
2026 Virus Weightlifting Series 1,2026-03-05,Women's Masters (35-39) 63kg,Whitney Evans,60.6,-51,-51,-51,63,-66,66,0,66,0
2026 Virus Weightlifting Series 1,2026-03-07,Men's Masters (40-44) 88kg,Tim Geiman,84.1,-97,-102,-102,-127,127,-135,0,127,0
2026 Virus Weightlifting Series 1,2026-03-06,Open Women's 58kg,Nina Sterckx,53.8,-98,-98,98,-117,-117,-117,98,0,0
2026 Virus Weightlifting Series 1,2026-03-08,Open Men's 94kg,Luke MacLennan,92.95,-148,-148,-148,-172,-172,-173,0,0,0
2026 Virus Weightlifting Series 1,2026-03-08,Open Men's 94kg,Christopher Silvestre,93.45,-117,-118,-120,148,-152,-154,0,148,0
2026 Virus Weightlifting Series 1,2026-03-07,Open Men's 94kg,Kenneth Lockhart,92.65,115,120,125,-145,-146,-146,125,0,0
2026 Virus Weightlifting Series 1,2026-03-07,Open Men's 94kg,Michael Thomas,93,-108,-108,-110,135,141,-151,0,141,0
2026 Virus Weightlifting Series 1,2026-03-07,Men's Masters (40-44) 110kg,Ryan Hansen,108.4,-117,-122,-123,150,-163,-167,0,150,0
2026 Virus Weightlifting Series 1,2026-03-06,Open Men's 94kg,Daniel Wiitanen,93.7,-162,-162,-166,185,191,195,0,195,0
2026 Virus Weightlifting Series 1,2026-03-08,Men's Masters (40-44) 110+kg,Jeremy Koenig,133.8,-102,103,-106,-143,-144,-145,103,0,0
