meet,date,age_category,lifter,body_weight_(kg),snatch_lift_1,snatch_lift_2,snatch_lift_3,c&j_lift_1,c&j_lift_2,c&j_lift_3,best_snatch,best_c&j,total
"The 2026 National Youth Championships, Powered by Rogue Fitness",2026-06-22,Men's 16-17 Age Group 94+kg,Peyton McKenzie,108,130,136,-145,-165,165,170,136,170,306
"The 2026 National Youth Championships, Powered by Rogue Fitness",2026-06-22,Men's 16-17 Age Group 88kg,Robert Whitlock,85.3,125,130,133,156,-161,161,133,161,294
"The 2026 National Youth Championships, Powered by Rogue Fitness",2026-06-22,Men's 16-17 Age Group 94kg,Jackson Cato,90.7,-120,120,125,150,-155,-158,125,150,275
"The 2026 National Youth Championships, Powered by Rogue Fitness",2026-06-22,Men's 16-17 Age Group 94+kg,Griffin Vollertsen,101.65,-125,-127,127,145,-155,-155,127,145,272
"The 2026 National Youth Championships, Powered by Rogue Fitness",2026-06-22,Men's 16-17 Age Group 94+kg,Quinn Lalchan,110.55,114,118,122,140,-145,-146,122,140,262
"The 2026 National Youth Championships, Powered by Rogue Fitness",2026-06-22,Men's 16-17 Age Group 94+kg,Jackson Young,119.4,106,111,-116,-141,-143,147,111,147,258
"The 2026 National Youth Championships, Powered by Rogue Fitness",2026-06-22,Men's 16-17 Age Group 94kg,Colten Clyburn,92.3,102,106,110,137,142,146,110,146,256
"The 2026 National Youth Championships, Powered by Rogue Fitness",2026-06-21,Men's 14-15 Age Group 79+kg,Sidney Porter,135.35,105,110,115,-135,135,138,115,138,253
"The 2026 National Youth Championships, Powered by Rogue Fitness",2026-06-22,Men's 16-17 Age Group 94+kg,Myles Pudenz,110.55,100,105,112,140,-150,-150,112,140,252
"The 2026 National Youth Championships, Powered by Rogue Fitness",2026-06-22,Men's 16-17 Age Group 94+kg,Emory McFann,130.15,116,-121,-126,-135,135,-140,116,135,251
"The 2026 National Youth Championships, Powered by Rogue Fitness",2026-06-22,Men's 16-17 Age Group 94+kg,Charles Kuebler,141.45,100,105,110,140,-146,-146,110,140,250
"The 2026 National Youth Championships, Powered by Rogue Fitness",2026-06-22,Men's 16-17 Age Group 71kg,Dryden Yates,70.35,106,109,-112,135,139,-143,109,139,248
"The 2026 National Youth Championships, Powered by Rogue Fitness",2026-06-22,Men's 16-17 Age Group 94+kg,Graden Tempone,110.25,97,100,105,130,135,-140,105,135,240
"The 2026 National Youth Championships, Powered by Rogue Fitness",2026-06-22,Men's 16-17 Age Group 94+kg,Wyatt Kight,97.8,95,100,105,123,130,135,105,135,240
"The 2026 National Youth Championships, Powered by Rogue Fitness",2026-06-22,Men's 16-17 Age Group 65kg,Bradley Bates,63.95,96,100,102,128,133,137,102,137,239
"The 2026 National Youth Championships, Powered by Rogue Fitness",2026-06-22,Men's 16-17 Age Group 71kg,Nicholas Luna,70.55,102,106,-110,128,133,-139,106,133,239
"The 2026 National Youth Championships, Powered by Rogue Fitness",2026-06-22,Men's 16-17 Age Group 79kg,Jackson Fedun,77.05,98,102,106,125,129,132,106,132,238
"The 2026 National Youth Championships, Powered by Rogue Fitness",2026-06-22,Men's 16-17 Age Group 79kg,Levi Atwell,77.45,106,109,-112,-127,-128,128,109,128,237
"The 2026 National Youth Championships, Powered by Rogue Fitness",2026-06-22,Men's 16-17 Age Group 94kg,Asher Fountain,88.4,105,108,-111,-129,-129,129,108,129,237
"The 2026 National Youth Championships, Powered by Rogue Fitness",2026-06-22,Men's 16-17 Age Group 94kg,Elliot Leet,91.05,96,101,-104,135,-140,-140,101,135,236
"The 2026 National Youth Championships, Powered by Rogue Fitness",2026-06-21,Men's 14-15 Age Group 79+kg,Walker Stanley,107.2,102,-106,106,124,127,129,106,129,235
"The 2026 National Youth Championships, Powered by Rogue Fitness",2026-06-21,Men's 14-15 Age Group 79+kg,Spencer Davern,86.05,100,105,-111,120,125,130,105,130,235
"The 2026 National Youth Championships, Powered by Rogue Fitness",2026-06-22,Men's 16-17 Age Group 71kg,Preston Sparks,69.95,104,107,-110,117,122,127,107,127,234
"The 2026 National Youth Championships, Powered by Rogue Fitness",2026-06-22,Men's 16-17 Age Group 71kg,Jesse Castillo,70.05,-105,107,-112,-123,125,-128,107,125,232
"The 2026 National Youth Championships, Powered by Rogue Fitness",2026-06-22,Men's 16-17 Age Group 79kg,Griffin Heglie,77.9,98,101,104,125,-128,-129,104,125,229
"The 2026 National Youth Championships, Powered by Rogue Fitness",2026-06-22,Men's 16-17 Age Group 79kg,William (Van) Selph,77.55,100,-105,-106,-125,125,128,100,128,228
"The 2026 National Youth Championships, Powered by Rogue Fitness",2026-06-22,Men's 16-17 Age Group 79kg,Aiden Liao,74.35,95,99,105,120,-125,-128,105,120,225
"The 2026 National Youth Championships, Powered by Rogue Fitness",2026-06-22,Men's 16-17 Age Group 79kg,Samson Porter,75.05,100,105,-108,-120,120,-124,105,120,225
"The 2026 National Youth Championships, Powered by Rogue Fitness",2026-06-21,Men's 14-15 Age Group 79kg,Kevin Hall,78.25,-98,98,-105,125,-131,-131,98,125,223
"The 2026 National Youth Championships, Powered by Rogue Fitness",2026-06-22,Men's 16-17 Age Group 94+kg,Reid Steger,139.95,95,100,-107,115,-120,123,100,123,223
"The 2026 National Youth Championships, Powered by Rogue Fitness",2026-06-22,Men's 16-17 Age Group 71kg,Cameron Burlage,69.65,90,95,100,116,122,-127,100,122,222
"The 2026 National Youth Championships, Powered by Rogue Fitness",2026-06-22,Men's 16-17 Age Group 79kg,Zane Grimes,76.85,90,94,97,120,125,-129,97,125,222
"The 2026 National Youth Championships, Powered by Rogue Fitness",2026-06-22,Men's 16-17 Age Group 94kg,Jack Wilson,92.5,84,88,92,120,125,129,92,129,221
"The 2026 National Youth Championships, Powered by Rogue Fitness",2026-06-21,Men's 14-15 Age Group 79+kg,Decil Kellam,154.2,95,-100,-100,120,125,-130,95,125,220
"The 2026 National Youth Championships, Powered by Rogue Fitness",2026-06-22,Men's 16-17 Age Group 79kg,Jaxson Sullivan,71.95,88,91,94,118,121,126,94,126,220
"The 2026 National Youth Championships, Powered by Rogue Fitness",2026-06-22,Men's 16-17 Age Group 88kg,Tai Ferrer,86.6,95,-98,99,116,120,-122,99,120,219
"The 2026 National Youth Championships, Powered by Rogue Fitness",2026-06-22,Men's 16-17 Age Group 79kg,Christian Russman ,73.55,94,-97,98,116,120,-123,98,120,218
"The 2026 National Youth Championships, Powered by Rogue Fitness",2026-06-22,Men's 16-17 Age Group 79kg,Landon Latona,74.4,91,95,-99,115,119,123,95,123,218
"The 2026 National Youth Championships, Powered by Rogue Fitness",2026-06-21,Men's 14-15 Age Group 71kg,Liam Bujanda,67.5,93,97,-101,120,-126,-126,97,120,217
"The 2026 National Youth Championships, Powered by Rogue Fitness",2026-06-22,Men's 16-17 Age Group 88kg,Adam Hawrylchak,86.3,90,95,-100,113,119,-125,95,119,214
"The 2026 National Youth Championships, Powered by Rogue Fitness",2026-06-22,Men's 16-17 Age Group 94+kg,Isaiah Aukerman,103.6,85,89,92,112,117,122,92,122,214
"The 2026 National Youth Championships, Powered by Rogue Fitness",2026-06-22,Men's 16-17 Age Group 88kg,Brady Carroll,86.2,92,96,-102,110,113,117,96,117,213
"The 2026 National Youth Championships, Powered by Rogue Fitness",2026-06-22,Men's 16-17 Age Group 79kg,Keegan McHale,74.4,81,84,88,115,119,124,88,124,212
"The 2026 National Youth Championships, Powered by Rogue Fitness",2026-06-22,Men's 16-17 Age Group 94+kg,Samuel Schulz,106.15,88,92,-96,110,115,120,92,120,212
"The 2026 National Youth Championships, Powered by Rogue Fitness",2026-06-22,Men's 16-17 Age Group 65kg,Diego Lopez,64.4,85,86,92,109,114,119,92,119,211
"The 2026 National Youth Championships, Powered by Rogue Fitness",2026-06-22,Men's 16-17 Age Group 94kg,Mason Locker,92.65,88,92,95,113,116,-120,95,116,211
"The 2026 National Youth Championships, Powered by Rogue Fitness",2026-06-22,Men's 16-17 Age Group 65kg,Jayden Whittaker,63.95,88,91,95,-114,115,-118,95,115,210
"The 2026 National Youth Championships, Powered by Rogue Fitness",2026-06-22,Men's 16-17 Age Group 79kg,Preston Griffing,71.55,90,94,98,100,105,112,98,112,210
"The 2026 National Youth Championships, Powered by Rogue Fitness",2026-06-21,Men's 14-15 Age Group 79+kg,Randy Troy,88.35,84,-88,89,115,120,-126,89,120,209
"The 2026 National Youth Championships, Powered by Rogue Fitness",2026-06-22,Men's 16-17 Age Group 79kg,liam gargan,73.4,85,88,91,112,115,118,91,118,209
"The 2026 National Youth Championships, Powered by Rogue Fitness",2026-06-22,Men's 16-17 Age Group 79kg,Bradey Herold,79.05,-91,92,-96,-113,116,-123,92,116,208
"The 2026 National Youth Championships, Powered by Rogue Fitness",2026-06-22,Men's 16-17 Age Group 79kg,Jared Adkins,74.7,82,87,94,105,111,113,94,113,207
"The 2026 National Youth Championships, Powered by Rogue Fitness",2026-06-22,Men's 16-17 Age Group 79kg,Max Ferrara,77.25,86,89,92,108,-112,115,92,115,207
"The 2026 National Youth Championships, Powered by Rogue Fitness",2026-06-22,Men's 16-17 Age Group 94+kg,Cole O'Hara,110.65,87,90,-92,-117,117,-122,90,117,207
"The 2026 National Youth Championships, Powered by Rogue Fitness",2026-06-22,Men's 16-17 Age Group 65kg,Jackson Vella,63.2,90,94,-97,106,-110,112,94,112,206
"The 2026 National Youth Championships, Powered by Rogue Fitness",2026-06-22,Men's 16-17 Age Group 79kg,Jack Ziegler,73.3,84,88,-91,108,112,118,88,118,206
"The 2026 National Youth Championships, Powered by Rogue Fitness",2026-06-22,Men's 16-17 Age Group 88kg,Liam Andvik,84.9,-89,-89,89,107,112,117,89,117,206
"The 2026 National Youth Championships, Powered by Rogue Fitness",2026-06-22,Men's 16-17 Age Group 71kg,Dominic Fruchtenicht,69.35,-93,93,-97,112,-115,-115,93,112,205
"The 2026 National Youth Championships, Powered by Rogue Fitness",2026-06-22,Men's 16-17 Age Group 79kg,Logan German,77.4,90,95,-100,110,-115,-117,95,110,205
"The 2026 National Youth Championships, Powered by Rogue Fitness",2026-06-22,Men's 16-17 Age Group 88kg,Quinn Mcgraw,81.4,-88,90,-95,110,-114,115,90,115,205
"The 2026 National Youth Championships, Powered by Rogue Fitness",2026-06-22,Men's 16-17 Age Group 94+kg,Bryant Charles,98,82,88,93,106,112,-118,93,112,205
"The 2026 National Youth Championships, Powered by Rogue Fitness",2026-06-21,Men's 14-15 Age Group 79+kg,Henry Faye,82.2,91,-95,-95,112,-117,-117,91,112,203
"The 2026 National Youth Championships, Powered by Rogue Fitness",2026-06-22,Men's 16-17 Age Group 65kg,Ashton McAllister,63.3,85,90,-95,113,-117,-118,90,113,203
"The 2026 National Youth Championships, Powered by Rogue Fitness",2026-06-22,Men's 16-17 Age Group 88kg,Matthew Gilmore,82.5,84,88,-93,108,111,115,88,115,203
"The 2026 National Youth Championships, Powered by Rogue Fitness",2026-06-21,Men's 14-15 Age Group 79+kg,Mason Pryor,87.2,85,-90,92,-109,110,-116,92,110,202
"The 2026 National Youth Championships, Powered by Rogue Fitness",2026-06-22,Men's 16-17 Age Group 88kg,Austin  Eichman ,86.35,75,-78,78,118,122,124,78,124,202
"The 2026 National Youth Championships, Powered by Rogue Fitness",2026-06-22,Men's 16-17 Age Group 60kg,Andrew Weymer,58.85,88,91,93,104,107,0,93,107,200
"The 2026 National Youth Championships, Powered by Rogue Fitness",2026-06-22,Men's 16-17 Age Group 71kg,bret tom,70.05,83,86,90,105,110,-115,90,110,200
"The 2026 National Youth Championships, Powered by Rogue Fitness",2026-06-22,Men's 16-17 Age Group 79kg,Ethan  Takacs,77.5,85,90,-100,105,110,-115,90,110,200
"The 2026 National Youth Championships, Powered by Rogue Fitness",2026-06-22,Men's 16-17 Age Group 94+kg,Landyn Conrad,142.85,86,88,91,102,-108,109,91,109,200
"The 2026 National Youth Championships, Powered by Rogue Fitness",2026-06-21,Men's 14-15 Age Group 79kg,Aidan Griesser,74.75,83,87,-95,105,-110,112,87,112,199
"The 2026 National Youth Championships, Powered by Rogue Fitness",2026-06-22,Men's 16-17 Age Group 71kg,Dylan Brown,70.05,80,84,88,105,110,-115,88,110,198
"The 2026 National Youth Championships, Powered by Rogue Fitness",2026-06-21,Men's 16-17 Age Group 56kg,Diego Yoo,55.55,84,-87,-90,108,113,-117,84,113,197
"The 2026 National Youth Championships, Powered by Rogue Fitness",2026-06-22,Men's 16-17 Age Group 65kg,Alex Huynh,63.85,79,-83,84,104,108,113,84,113,197
"The 2026 National Youth Championships, Powered by Rogue Fitness",2026-06-22,Men's 16-17 Age Group 60kg,Weston McGrath,59.5,76,81,84,103,106,109,84,109,193
"The 2026 National Youth Championships, Powered by Rogue Fitness",2026-06-22,Men's 16-17 Age Group 79kg,Noah Booth,75.6,-81,-81,81,106,111,-117,81,111,192
"The 2026 National Youth Championships, Powered by Rogue Fitness",2026-06-22,Men's 16-17 Age Group 94+kg,Joseph POWELL,101.75,80,83,-86,103,106,109,83,109,192
"The 2026 National Youth Championships, Powered by Rogue Fitness",2026-06-22,Men's 16-17 Age Group 94+kg,Bennett Runkle,98.65,81,-87,-94,105,111,-118,81,111,192
"The 2026 National Youth Championships, Powered by Rogue Fitness",2026-06-21,Men's 14-15 Age Group 71kg,Ezekiel Macias,69.75,80,84,-89,-101,101,107,84,107,191
"The 2026 National Youth Championships, Powered by Rogue Fitness",2026-06-22,Men's 16-17 Age Group 79kg,Logan Schrenker,73.25,-81,81,83,-108,108,-112,83,108,191
"The 2026 National Youth Championships, Powered by Rogue Fitness",2026-06-22,Men's 16-17 Age Group 88kg,Samuel Ahn,82.75,78,81,-85,105,-110,110,81,110,191
"The 2026 National Youth Championships, Powered by Rogue Fitness",2026-06-21,Men's 14-15 Age Group 71kg,Jefferson Mboutchom,68.95,82,85,-88,95,100,105,85,105,190
"The 2026 National Youth Championships, Powered by Rogue Fitness",2026-06-22,Men's 16-17 Age Group 94kg,Mateo  Salas,90.9,76,81,85,105,-110,-115,85,105,190
"The 2026 National Youth Championships, Powered by Rogue Fitness",2026-06-22,Men's 16-17 Age Group 94+kg,Jake Moreno,100.1,-75,75,80,105,-110,110,80,110,190
"The 2026 National Youth Championships, Powered by Rogue Fitness",2026-06-22,Men's 16-17 Age Group 60kg,kaiden mcveigh,59.2,80,83,86,100,103,-107,86,103,189
"The 2026 National Youth Championships, Powered by Rogue Fitness",2026-06-22,Women's 16-17 Age Group 77+kg,Avery Miller,107.2,80,83,-86,100,103,106,83,106,189
"The 2026 National Youth Championships, Powered by Rogue Fitness",2026-06-22,Men's 16-17 Age Group 94kg,Trey Peaden,91.85,83,86,-89,100,103,-106,86,103,189
"The 2026 National Youth Championships, Powered by Rogue Fitness",2026-06-22,Men's 16-17 Age Group 65kg,Diego Nieves,63.3,80,-83,-83,-106,108,-115,80,108,188
"The 2026 National Youth Championships, Powered by Rogue Fitness",2026-06-22,Men's 16-17 Age Group 71kg,Preston Merriken,69.55,78,82,85,99,103,-110,85,103,188
"The 2026 National Youth Championships, Powered by Rogue Fitness",2026-06-21,Men's 16-17 Age Group 79kg,Rex Stabler,74.35,-77,80,-83,100,106,108,80,108,188
"The 2026 National Youth Championships, Powered by Rogue Fitness",2026-06-21,Men's 16-17 Age Group 79kg,Caleb Hunter,73.1,76,79,-83,105,109,-111,79,109,188
"The 2026 National Youth Championships, Powered by Rogue Fitness",2026-06-22,Men's 16-17 Age Group 88kg,Colt Brooks,84.2,82,-87,-87,100,105,-109,82,105,187
"The 2026 National Youth Championships, Powered by Rogue Fitness",2026-06-22,Men's 16-17 Age Group 60kg,Zachary Griffin,58.75,80,-84,-84,100,106,-110,80,106,186
"The 2026 National Youth Championships, Powered by Rogue Fitness",2026-06-21,Men's 16-17 Age Group 79kg,Raj Menon,76.6,80,84,88,94,98,-102,88,98,186
"The 2026 National Youth Championships, Powered by Rogue Fitness",2026-06-21,Men's 16-17 Age Group 79kg,Jase Coss,76.85,-74,76,80,102,106,-110,80,106,186
"The 2026 National Youth Championships, Powered by Rogue Fitness",2026-06-22,Men's 16-17 Age Group 94kg,Deo Dannemiller,92.7,75,77,79,103,107,-111,79,107,186
"The 2026 National Youth Championships, Powered by Rogue Fitness",2026-06-22,Women's 16-17 Age Group 69kg,Gianna Van Hofwegen,67.55,80,83,-86,98,-102,102,83,102,185
"The 2026 National Youth Championships, Powered by Rogue Fitness",2026-06-22,Women's 16-17 Age Group 77+kg,Eleanor Cler,101.7,78,81,-84,99,104,-109,81,104,185
"The 2026 National Youth Championships, Powered by Rogue Fitness",2026-06-22,Men's 16-17 Age Group 71kg,JONAH BAHARIN,66.1,75,80,-85,100,105,-110,80,105,185
"The 2026 National Youth Championships, Powered by Rogue Fitness",2026-06-21,Men's 14-15 Age Group 79+kg,Manny Taussig,91.6,74,78,-85,97,105,-110,78,105,183
"The 2026 National Youth Championships, Powered by Rogue Fitness",2026-06-21,Men's 16-17 Age Group 56kg,Manuel Hodgman,53.85,-77,-77,77,103,-106,106,77,106,183
"The 2026 National Youth Championships, Powered by Rogue Fitness",2026-06-22,Men's 16-17 Age Group 65kg,Cody Anderson,62.6,78,-82,-86,105,-110,-110,78,105,183
"The 2026 National Youth Championships, Powered by Rogue Fitness",2026-06-22,Men's 16-17 Age Group 94kg,Nextor Borges,91.65,73,78,83,93,-98,100,83,100,183
"The 2026 National Youth Championships, Powered by Rogue Fitness",2026-06-21,Men's 14-15 Age Group 71kg,Brock Bates,67.15,77,80,82,96,100,-105,82,100,182
"The 2026 National Youth Championships, Powered by Rogue Fitness",2026-06-22,Women's 16-17 Age Group 77+kg,Anahlis Rubio,113.75,-73,74,76,99,101,106,76,106,182
"The 2026 National Youth Championships, Powered by Rogue Fitness",2026-06-21,Men's 16-17 Age Group 79kg,Daniel  Ramsbott,75.8,77,-82,83,99,-104,-105,83,99,182
"The 2026 National Youth Championships, Powered by Rogue Fitness",2026-06-22,Men's 16-17 Age Group 79kg,Luke Partin,76.7,-80,80,82,95,100,-105,82,100,182
"The 2026 National Youth Championships, Powered by Rogue Fitness",2026-06-22,Men's 16-17 Age Group 88kg,William Fortman,82.8,78,80,-84,98,102,-106,80,102,182
"The 2026 National Youth Championships, Powered by Rogue Fitness",2026-06-21,Men's 16-17 Age Group 79kg,alexavier Twardy,78.2,78,-81,82,93,96,-100,82,96,178
"The 2026 National Youth Championships, Powered by Rogue Fitness",2026-06-21,Men's 16-17 Age Group 79kg,Gavin Greenwalt,74.7,-77,-80,80,-97,98,-101,80,98,178
"The 2026 National Youth Championships, Powered by Rogue Fitness",2026-06-21,Men's 16-17 Age Group 79kg,Cory Kittelson,79,73,76,78,95,100,-105,78,100,178
"The 2026 National Youth Championships, Powered by Rogue Fitness",2026-06-21,Women's 14-15 Age Group 63kg,Ava Luis,60.9,72,76,80,92,97,-101,80,97,177
"The 2026 National Youth Championships, Powered by Rogue Fitness",2026-06-21,Men's 14-15 Age Group 65kg,Jordan Hernandez,64.2,72,75,77,93,97,100,77,100,177
"The 2026 National Youth Championships, Powered by Rogue Fitness",2026-06-22,Men's 16-17 Age Group 60kg,Jaxson Van Horn,58,74,-79,79,93,98,-100,79,98,177
"The 2026 National Youth Championships, Powered by Rogue Fitness",2026-06-22,Men's 16-17 Age Group 60kg,Kai Reynolds,57.85,73,-77,77,-94,94,100,77,100,177
"The 2026 National Youth Championships, Powered by Rogue Fitness",2026-06-22,Women's 16-17 Age Group 77kg,Ireland Manor,72.5,74,77,-80,96,99,-102,77,99,176
"The 2026 National Youth Championships, Powered by Rogue Fitness",2026-06-21,Men's 16-17 Age Group 65kg,Alex Davis ,63.5,73,77,80,90,-95,96,80,96,176
"The 2026 National Youth Championships, Powered by Rogue Fitness",2026-06-21,Men's 16-17 Age Group 65kg,Jace Doty,63.25,75,78,-81,95,98,-100,78,98,176
"The 2026 National Youth Championships, Powered by Rogue Fitness",2026-06-22,Men's 16-17 Age Group 71kg,Niko Labella-choo,69.85,75,78,81,95,-100,-101,81,95,176
"The 2026 National Youth Championships, Powered by Rogue Fitness",2026-06-22,Men's 16-17 Age Group 60kg,Grayor Opfer,58.95,72,75,78,91,-95,96,78,96,174
"The 2026 National Youth Championships, Powered by Rogue Fitness",2026-06-22,Women's 16-17 Age Group 77+kg,Piper Jensen,112.75,67,-71,73,89,94,100,73,100,173
"The 2026 National Youth Championships, Powered by Rogue Fitness",2026-06-22,Men's 16-17 Age Group 71kg,Christopher Nathaniel,67.6,75,78,-82,90,95,-100,78,95,173
"The 2026 National Youth Championships, Powered by Rogue Fitness",2026-06-22,Men's 16-17 Age Group 71kg,Cooper Wolpert,68.65,71,74,77,86,89,94,77,94,171
"The 2026 National Youth Championships, Powered by Rogue Fitness",2026-06-21,Men's 14-15 Age Group 60kg,Francisco Chacon-Rovira,56.75,70,73,-76,86,91,95,73,95,168
"The 2026 National Youth Championships, Powered by Rogue Fitness",2026-06-21,Men's 14-15 Age Group 65kg,Raiden Nienow,62.8,71,74,-77,90,94,-98,74,94,168
"The 2026 National Youth Championships, Powered by Rogue Fitness",2026-06-22,Men's 16-17 Age Group 60kg,Wyatt Nelson,58.95,72,-75,-76,96,-99,-100,72,96,168
"The 2026 National Youth Championships, Powered by Rogue Fitness",2026-06-21,Men's 16-17 Age Group 65kg,Sam Wang,63.6,73,-76,-77,-90,90,95,73,95,168
"The 2026 National Youth Championships, Powered by Rogue Fitness",2026-06-21,Men's 16-17 Age Group 60kg,Isaac Robertson,57.95,70,73,77,-84,84,90,77,90,167
"The 2026 National Youth Championships, Powered by Rogue Fitness",2026-06-21,Men's 14-15 Age Group 71kg,Talyn Haddad,70.25,65,68,71,85,89,95,71,95,166
"The 2026 National Youth Championships, Powered by Rogue Fitness",2026-06-22,Men's 16-17 Age Group 60kg,Raymond Tatro,57.6,66,69,73,93,-98,-98,73,93,166
"The 2026 National Youth Championships, Powered by Rogue Fitness",2026-06-22,Men's 16-17 Age Group 71kg,Adrian Martinez,69.8,64,67,69,87,92,97,69,97,166
"The 2026 National Youth Championships, Powered by Rogue Fitness",2026-06-21,Men's 14-15 Age Group 79+kg,Tyrone Harvey III,118,63,66,70,-94,95,-100,70,95,165
"The 2026 National Youth Championships, Powered by Rogue Fitness",2026-06-22,Men's 16-17 Age Group 60kg,Tanner  Martinez,58.3,68,72,-76,87,90,93,72,93,165
"The 2026 National Youth Championships, Powered by Rogue Fitness",2026-06-21,Men's 16-17 Age Group 65kg,Laird Nelms,64.05,65,68,-71,-96,-96,97,68,97,165
"The 2026 National Youth Championships, Powered by Rogue Fitness",2026-06-22,Women's 16-17 Age Group 77+kg,Eva Windsor,112.65,70,-75,-75,90,95,-98,70,95,165
"The 2026 National Youth Championships, Powered by Rogue Fitness",2026-06-22,Men's 16-17 Age Group 71kg,Adrian Pawar,70.5,-70,-70,70,90,95,-101,70,95,165
"The 2026 National Youth Championships, Powered by Rogue Fitness",2026-06-22,Men's 16-17 Age Group 71kg,Talon Batt,68.15,63,66,70,83,-89,95,70,95,165
"The 2026 National Youth Championships, Powered by Rogue Fitness",2026-06-21,Men's 14-15 Age Group 79+kg,Andres Codina,95.05,68,71,74,90,-95,-95,74,90,164
"The 2026 National Youth Championships, Powered by Rogue Fitness",2026-06-21,Men's 14-15 Age Group 79+kg,Gunner Guillory,93.15,68,71,-74,90,93,-96,71,93,164
"The 2026 National Youth Championships, Powered by Rogue Fitness",2026-06-21,Men's 14-15 Age Group 65kg,Tyler Evans,61.85,65,70,73,90,-96,-97,73,90,163
"The 2026 National Youth Championships, Powered by Rogue Fitness",2026-06-22,Men's 16-17 Age Group 65kg,Kole Welch,64.3,60,62,65,90,93,98,65,98,163
"The 2026 National Youth Championships, Powered by Rogue Fitness",2026-06-21,Men's 16-17 Age Group 79kg,Luke Moerchen,76.6,70,73,75,-87,87,88,75,88,163
"The 2026 National Youth Championships, Powered by Rogue Fitness",2026-06-21,Men's 16-17 Age Group 79kg,Samuel Salazar,71.55,66,70,-74,-90,93,-102,70,93,163
"The 2026 National Youth Championships, Powered by Rogue Fitness",2026-06-20,Women's 13 Under Age Group 44kg,Aurora van Ulft,43.75,68,71,-73,83,88,91,71,91,162
"The 2026 National Youth Championships, Powered by Rogue Fitness",2026-06-21,Men's 14-15 Age Group 79+kg,Brody Lott,103.65,63,66,69,82,86,92,69,92,161
"The 2026 National Youth Championships, Powered by Rogue Fitness",2026-06-22,Men's 16-17 Age Group 71kg,Duke Hodson,67.85,68,71,-74,82,85,90,71,90,161
"The 2026 National Youth Championships, Powered by Rogue Fitness",2026-06-22,Women's 16-17 Age Group 77kg,Alyssa Hines,77,-68,68,71,85,89,-92,71,89,160
"The 2026 National Youth Championships, Powered by Rogue Fitness",2026-06-21,Men's 16-17 Age Group 65kg,Javier Veiguela,64.2,66,-70,70,85,-90,90,70,90,160
"The 2026 National Youth Championships, Powered by Rogue Fitness",2026-06-22,Women's 16-17 Age Group 63kg,Addison Eicher,61.85,65,70,71,85,88,-95,71,88,159
"The 2026 National Youth Championships, Powered by Rogue Fitness",2026-06-22,Women's 16-17 Age Group 63kg,Reece Robinson,60.3,61,64,66,88,93,-96,66,93,159
"The 2026 National Youth Championships, Powered by Rogue Fitness",2026-06-22,Women's 16-17 Age Group 77kg,Maryah Eddy,70.4,65,-70,72,78,-83,87,72,87,159
"The 2026 National Youth Championships, Powered by Rogue Fitness",2026-06-22,Women's 16-17 Age Group 63kg,Lucy Korn,60.8,64,67,70,84,88,-92,70,88,158
"The 2026 National Youth Championships, Powered by Rogue Fitness",2026-06-22,Women's 16-17 Age Group 58kg,Maryam Grafton,57.3,65,68,70,84,-87,87,70,87,157
"The 2026 National Youth Championships, Powered by Rogue Fitness",2026-06-21,Men's 14-15 Age Group 71kg,Justin Arnold,69.1,63,67,70,81,84,87,70,87,157
"The 2026 National Youth Championships, Powered by Rogue Fitness",2026-06-21,Men's 14-15 Age Group 79+kg,Jayden McKune,81.85,60,63,-69,82,86,94,63,94,157
"The 2026 National Youth Championships, Powered by Rogue Fitness",2026-06-22,Women's 16-17 Age Group 77+kg,Jaida  Jackson ,88.65,64,67,-70,90,-94,-95,67,90,157
"The 2026 National Youth Championships, Powered by Rogue Fitness",2026-06-21,Men's 14-15 Age Group 65kg,Coen Opfer,63.95,65,-68,68,85,88,-91,68,88,156
"The 2026 National Youth Championships, Powered by Rogue Fitness",2026-06-21,Men's 16-17 Age Group 56kg,Kaige  McDonnell,54.65,-65,65,68,85,88,-93,68,88,156
"The 2026 National Youth Championships, Powered by Rogue Fitness",2026-06-21,Men's 16-17 Age Group 60kg,Korbin Pitcher,57.7,65,-70,-70,81,86,91,65,91,156
"The 2026 National Youth Championships, Powered by Rogue Fitness",2026-06-21,Men's 16-17 Age Group 71kg,Breck Mongeon,67.75,60,63,66,85,90,-100,66,90,156
"The 2026 National Youth Championships, Powered by Rogue Fitness",2026-06-21,Men's 16-17 Age Group 65kg,Luca Nachtrab,63.6,-68,68,71,80,84,-88,71,84,155
"The 2026 National Youth Championships, Powered by Rogue Fitness",2026-06-22,Men's 16-17 Age Group 71kg,Caden Awishes,67.76,68,-70,71,84,-87,-90,71,84,155
"The 2026 National Youth Championships, Powered by Rogue Fitness",2026-06-22,Men's 16-17 Age Group 71kg,Taven Gunner Rakes,70.5,65,70,-73,-81,81,85,70,85,155
"The 2026 National Youth Championships, Powered by Rogue Fitness",2026-06-21,Men's 14-15 Age Group 79+kg,Grayson Hammack,79.35,60,63,66,81,85,88,66,88,154
"The 2026 National Youth Championships, Powered by Rogue Fitness",2026-06-22,Women's 16-17 Age Group 77+kg,Sophia Rosenthal,90.6,64,67,-70,83,-87,87,67,87,154
"The 2026 National Youth Championships, Powered by Rogue Fitness",2026-06-22,Women's 16-17 Age Group 58kg,Maya Litt,55.6,63,-66,66,84,87,-90,66,87,153
"The 2026 National Youth Championships, Powered by Rogue Fitness",2026-06-21,Men's 14-15 Age Group 79kg,Kawehi Respicio,77.3,58,61,63,82,86,90,63,90,153
"The 2026 National Youth Championships, Powered by Rogue Fitness",2026-06-22,Women's 16-17 Age Group 77+kg,Mackenzie Gaye',83.8,-63,63,65,85,88,-91,65,88,153
"The 2026 National Youth Championships, Powered by Rogue Fitness",2026-06-22,Men's 16-17 Age Group 71kg,Kayden Ramos,66.35,65,68,-71,-82,82,85,68,85,153
"The 2026 National Youth Championships, Powered by Rogue Fitness",2026-06-21,Men's 14-15 Age Group 79+kg,Russell Rowell,100.6,64,68,-72,79,84,-91,68,84,152
"The 2026 National Youth Championships, Powered by Rogue Fitness",2026-06-21,Men's 14-15 Age Group 71kg,Logan Bradley,67.15,54,57,60,85,88,91,60,91,151
"The 2026 National Youth Championships, Powered by Rogue Fitness",2026-06-21,Men's 14-15 Age Group 56kg,Cameron Comeaux,53.6,60,63,67,78,82,83,67,83,150
"The 2026 National Youth Championships, Powered by Rogue Fitness",2026-06-21,Men's 14-15 Age Group 79kg,Teodoro Arroyo,78.1,65,-70,-70,80,85,-90,65,85,150
"The 2026 National Youth Championships, Powered by Rogue Fitness",2026-06-21,Men's 16-17 Age Group 56kg,Jake Johnson,54.75,57,62,65,78,81,85,65,85,150
"The 2026 National Youth Championships, Powered by Rogue Fitness",2026-06-22,Women's 16-17 Age Group 77kg,Stevie Majoros,70.3,60,64,-68,78,86,-88,64,86,150
"The 2026 National Youth Championships, Powered by Rogue Fitness",2026-06-21,Men's 13 Under Age Group 65+kg,Aiden Aintrazi,97.15,59,61,64,78,81,85,64,85,149
"The 2026 National Youth Championships, Powered by Rogue Fitness",2026-06-21,Men's 14-15 Age Group 79+kg,Jared Afu,80.8,62,64,66,-83,83,-86,66,83,149
"The 2026 National Youth Championships, Powered by Rogue Fitness",2026-06-21,Men's 16-17 Age Group 56kg,Jackson Rose,54.75,64,66,69,74,77,80,69,80,149
"The 2026 National Youth Championships, Powered by Rogue Fitness",2026-06-22,Women's 16-17 Age Group 69kg,sofia kokorina,66.1,-68,-68,68,77,81,-86,68,81,149
"The 2026 National Youth Championships, Powered by Rogue Fitness",2026-06-21,Men's 16-17 Age Group 60kg,Ty’Sun Howard,58.4,60,64,67,78,82,-86,67,82,149
"The 2026 National Youth Championships, Powered by Rogue Fitness",2026-06-22,Women's 16-17 Age Group 77kg,McKenzie  Kuykendall,75.25,54,59,-64,85,87,90,59,90,149
"The 2026 National Youth Championships, Powered by Rogue Fitness",2026-06-22,Women's 16-17 Age Group 77+kg,Savannah Adkins,83.6,63,66,69,73,76,80,69,80,149
"The 2026 National Youth Championships, Powered by Rogue Fitness",2026-06-22,Women's 16-17 Age Group 58kg,Brinlee Huber,57,60,63,65,77,80,83,65,83,148
"The 2026 National Youth Championships, Powered by Rogue Fitness",2026-06-22,Women's 16-17 Age Group 69kg,Bella Blitch,67.75,60,62,-65,80,83,86,62,86,148
"The 2026 National Youth Championships, Powered by Rogue Fitness",2026-06-21,Women's 16-17 Age Group 53kg,Piper Jones,50.9,60,62,65,78,80,82,65,82,147
"The 2026 National Youth Championships, Powered by Rogue Fitness",2026-06-21,Men's 14-15 Age Group 60kg,Anthony De La Cruz,58.65,61,67,-71,-80,80,-90,67,80,147
"The 2026 National Youth Championships, Powered by Rogue Fitness",2026-06-21,Men's 16-17 Age Group 60kg,Grady Vosika,59.25,-60,60,-65,-87,87,-92,60,87,147
"The 2026 National Youth Championships, Powered by Rogue Fitness",2026-06-22,Women's 16-17 Age Group 77kg,Kodi McBride,75.05,-63,64,-70,75,79,83,64,83,147
"The 2026 National Youth Championships, Powered by Rogue Fitness",2026-06-21,Women's 14-15 Age Group 69kg,Penelope Perez,67.15,-60,60,63,80,83,-86,63,83,146
"The 2026 National Youth Championships, Powered by Rogue Fitness",2026-06-21,Men's 13 Under Age Group 65+kg,Jordan Lupkes,76.2,56,60,-64,79,83,86,60,86,146
"The 2026 National Youth Championships, Powered by Rogue Fitness",2026-06-21,Women's 14-15 Age Group 63kg,Scarlet Ruiz,61.95,59,62,65,72,76,80,65,80,145
"The 2026 National Youth Championships, Powered by Rogue Fitness",2026-06-21,Women's 14-15 Age Group 69+kg,Harper Sager,75.05,56,59,62,78,81,83,62,83,145
"The 2026 National Youth Championships, Powered by Rogue Fitness",2026-06-22,Women's 16-17 Age Group 58kg,Tonya Hinks,56.65,-60,60,63,78,82,-86,63,82,145
"The 2026 National Youth Championships, Powered by Rogue Fitness",2026-06-21,Men's 16-17 Age Group 56kg,Angel Rubio,53.55,-61,61,63,74,78,82,63,82,145
"The 2026 National Youth Championships, Powered by Rogue Fitness",2026-06-21,Men's 16-17 Age Group 56kg,Connor Bork,55.4,-58,58,61,79,82,84,61,84,145
"The 2026 National Youth Championships, Powered by Rogue Fitness",2026-06-21,Men's 16-17 Age Group 65kg,Eric Giffin,64.15,60,63,-65,77,-81,82,63,82,145
"The 2026 National Youth Championships, Powered by Rogue Fitness",2026-06-22,Women's 16-17 Age Group 77+kg,Cadence Dillon,118.6,51,54,-58,80,85,91,54,91,145
"The 2026 National Youth Championships, Powered by Rogue Fitness",2026-06-21,Men's 13 Under Age Group 65+kg,Carson Rhodas,90.3,62,65,-70,73,79,-85,65,79,144
"The 2026 National Youth Championships, Powered by Rogue Fitness",2026-06-21,Women's 14-15 Age Group 69+kg,Dahlia Sokolow,70.35,60,-63,-64,80,84,-86,60,84,144
"The 2026 National Youth Championships, Powered by Rogue Fitness",2026-06-21,Men's 14-15 Age Group 65kg,Armando Gonzalez,63.05,56,-60,63,78,81,-85,63,81,144
"The 2026 National Youth Championships, Powered by Rogue Fitness",2026-06-22,Women's 16-17 Age Group 69kg,Sierra Anderson,64.1,58,-60,60,78,81,84,60,84,144
"The 2026 National Youth Championships, Powered by Rogue Fitness",2026-06-21,Women's 16-17 Age Group 53kg,Amelia Ciriaco,51.95,-60,60,-63,78,80,83,60,83,143
"The 2026 National Youth Championships, Powered by Rogue Fitness",2026-06-21,Women's 16-17 Age Group 53kg,Amelia Phillips,52.55,61,-64,-64,81,-84,-87,61,81,142
"The 2026 National Youth Championships, Powered by Rogue Fitness",2026-06-22,Women's 16-17 Age Group 77kg,Chloe Desjardins,70.25,65,-68,-70,-77,77,-80,65,77,142
"The 2026 National Youth Championships, Powered by Rogue Fitness",2026-06-21,Men's 16-17 Age Group 65kg,Ryker Batt,63.4,60,-63,-63,-80,82,-84,60,82,142
"The 2026 National Youth Championships, Powered by Rogue Fitness",2026-06-21,Men's 13 Under Age Group 65+kg,William McAdams,67.45,56,59,-62,78,82,-86,59,82,141
"The 2026 National Youth Championships, Powered by Rogue Fitness",2026-06-21,Men's 14-15 Age Group 79+kg,Matthew Bush,121.6,-56,56,60,71,76,81,60,81,141
"The 2026 National Youth Championships, Powered by Rogue Fitness",2026-06-21,Women's 14-15 Age Group 69kg,Kimmiann Porter,66.05,62,65,-68,75,-80,-81,65,75,140
"The 2026 National Youth Championships, Powered by Rogue Fitness",2026-06-21,Women's 14-15 Age Group 69+kg,Abigail Diehl,106.15,63,-66,67,73,-77,-77,67,73,140
"The 2026 National Youth Championships, Powered by Rogue Fitness",2026-06-21,Men's 14-15 Age Group 60kg,Ryland Dutton,59.2,55,59,62,70,75,78,62,78,140
"The 2026 National Youth Championships, Powered by Rogue Fitness",2026-06-22,Women's 16-17 Age Group 77+kg,Lilyana Saavedra,83.55,60,-63,-65,75,80,-84,60,80,140
"The 2026 National Youth Championships, Powered by Rogue Fitness",2026-06-22,Women's 16-17 Age Group 69kg,Rose Shiel,65.1,59,62,-67,73,77,-82,62,77,139
"The 2026 National Youth Championships, Powered by Rogue Fitness",2026-06-22,Women's 16-17 Age Group 77kg,Olivia Blatt,74.2,-59,60,63,69,72,76,63,76,139
"The 2026 National Youth Championships, Powered by Rogue Fitness",2026-06-21,Women's 14-15 Age Group 53kg,Emersyn Formanek,51.9,55,58,60,75,79,-83,60,79,139
"The 2026 National Youth Championships, Powered by Rogue Fitness",2026-06-22,Women's 16-17 Age Group 58kg,Rebecca Gaden,56.6,60,-64,-64,-78,78,-84,60,78,138
"The 2026 National Youth Championships, Powered by Rogue Fitness",2026-06-21,Men's 14-15 Age Group 65kg,Daniel Hunter,62.3,58,-62,62,75,-80,-80,62,75,137
"The 2026 National Youth Championships, Powered by Rogue Fitness",2026-06-21,Men's 14-15 Age Group 65kg,Perry Wobser,63.75,57,60,62,72,75,-78,62,75,137
"The 2026 National Youth Championships, Powered by Rogue Fitness",2026-06-22,Women's 16-17 Age Group 69kg,Cecilia Rivera,63.5,55,58,61,-73,73,76,61,76,137
"The 2026 National Youth Championships, Powered by Rogue Fitness",2026-06-21,Men's 16-17 Age Group 60kg,Adan Salazar,59.65,53,56,58,74,77,79,58,79,137
"The 2026 National Youth Championships, Powered by Rogue Fitness",2026-06-22,Women's 16-17 Age Group 77kg,Sarah MacMullan,71.15,-64,64,-68,73,-76,-77,64,73,137
"The 2026 National Youth Championships, Powered by Rogue Fitness",2026-06-21,Men's 14-15 Age Group 65kg,Gabriel Fuentes-Seijo,62.8,57,-60,60,-75,76,-81,60,76,136
"The 2026 National Youth Championships, Powered by Rogue Fitness",2026-06-21,Men's 16-17 Age Group 56kg,Maikel Alvarez,53.4,55,58,60,72,76,-80,60,76,136
"The 2026 National Youth Championships, Powered by Rogue Fitness",2026-06-21,Men's 16-17 Age Group 60kg,Ryan Molina,59.05,-55,-55,55,77,81,-85,55,81,136
"The 2026 National Youth Championships, Powered by Rogue Fitness",2026-06-20,Men's 13 Under Age Group 52kg,David Grafton,49.4,-57,57,60,70,73,76,60,76,136
"The 2026 National Youth Championships, Powered by Rogue Fitness",2026-06-22,Women's 16-17 Age Group 69kg,Alexa Mommsen,68.9,-59,59,-64,73,76,-78,59,76,135
"The 2026 National Youth Championships, Powered by Rogue Fitness",2026-06-22,Women's 16-17 Age Group 77kg,Laura Griffin,74.55,59,62,-66,66,69,73,62,73,135
"The 2026 National Youth Championships, Powered by Rogue Fitness",2026-06-21,Men's 14-15 Age Group 56kg,Edisen Fullhart,55.5,52,55,60,70,-74,74,60,74,134
"The 2026 National Youth Championships, Powered by Rogue Fitness",2026-06-22,Women's 16-17 Age Group 58kg,Ellen Lehman,56.4,-60,60,-64,-74,74,-78,60,74,134
"The 2026 National Youth Championships, Powered by Rogue Fitness",2026-06-21,Men's 14-15 Age Group 79kg,Alexzander Hurt,77.5,53,57,-60,72,-77,77,57,77,134
"The 2026 National Youth Championships, Powered by Rogue Fitness",2026-06-21,Women's 14-15 Age Group 69+kg,Mikaella Bowens,100.15,51,55,58,69,75,-80,58,75,133
"The 2026 National Youth Championships, Powered by Rogue Fitness",2026-06-22,Women's 16-17 Age Group 58kg,shayla strickland,54.1,58,61,-64,68,72,-75,61,72,133
"The 2026 National Youth Championships, Powered by Rogue Fitness",2026-06-22,Women's 16-17 Age Group 69kg,Delaney Brown,68.85,56,-58,60,-71,73,-77,60,73,133
"The 2026 National Youth Championships, Powered by Rogue Fitness",2026-06-21,Men's 16-17 Age Group 60kg,Kaleb  Mager ,56.75,50,55,60,70,73,-75,60,73,133
"The 2026 National Youth Championships, Powered by Rogue Fitness",2026-06-22,Women's 16-17 Age Group 77+kg,Nyanza Wilson,123.45,53,-56,-56,75,-80,80,53,80,133
"The 2026 National Youth Championships, Powered by Rogue Fitness",2026-06-22,Women's 16-17 Age Group 77+kg,Zion Grayes,79.8,57,-60,60,-72,-72,73,60,73,133
"The 2026 National Youth Championships, Powered by Rogue Fitness",2026-06-22,Women's 16-17 Age Group 69kg,Mathea Wendle,67.8,57,-60,-60,72,75,-77,57,75,132
"The 2026 National Youth Championships, Powered by Rogue Fitness",2026-06-22,Women's 16-17 Age Group 77kg,Hannelore Brown,75.65,59,-62,-62,70,73,-76,59,73,132
"The 2026 National Youth Championships, Powered by Rogue Fitness",2026-06-22,Women's 16-17 Age Group 63kg,Amiya Drury,58.8,60,-62,-63,65,68,71,60,71,131
"The 2026 National Youth Championships, Powered by Rogue Fitness",2026-06-21,Men's 16-17 Age Group 65kg,Tallyn Nieman,62.15,55,58,61,65,-69,70,61,70,131
"The 2026 National Youth Championships, Powered by Rogue Fitness",2026-06-21,Women's 14-15 Age Group 63kg,Evelyn Lilo,60.95,53,55,-58,72,75,-80,55,75,130
"The 2026 National Youth Championships, Powered by Rogue Fitness",2026-06-21,Women's 14-15 Age Group 69kg,Madison Hatcher,66.15,50,53,57,67,70,73,57,73,130
"The 2026 National Youth Championships, Powered by Rogue Fitness",2026-06-21,Men's 13 Under Age Group 65+kg,Leo Wright,75.55,54,57,-60,-68,69,73,57,73,130
"The 2026 National Youth Championships, Powered by Rogue Fitness",2026-06-22,Women's 16-17 Age Group 69kg,Saylin Smith,66.5,55,-58,59,71,-74,-74,59,71,130
"The 2026 National Youth Championships, Powered by Rogue Fitness",2026-06-22,Women's 16-17 Age Group 69kg,Haleigh Shuping,67.45,52,56,-62,74,-78,-79,56,74,130
"The 2026 National Youth Championships, Powered by Rogue Fitness",2026-06-22,Women's 16-17 Age Group 77+kg,Vivienne Lefebvre,104.45,54,57,-60,68,-71,73,57,73,130
"The 2026 National Youth Championships, Powered by Rogue Fitness",2026-06-21,Men's 14-15 Age Group 79kg,Patrick Darcy,73.05,51,-54,-54,78,-84,-84,51,78,129
"The 2026 National Youth Championships, Powered by Rogue Fitness",2026-06-21,Women's 14-15 Age Group 69+kg,Lily Ontiveros,91.35,-53,53,57,71,-75,-75,57,71,128
"The 2026 National Youth Championships, Powered by Rogue Fitness",2026-06-21,Women's 14-15 Age Group 69+kg,Thea Sarhan,73.25,51,53,-57,68,71,75,53,75,128
"The 2026 National Youth Championships, Powered by Rogue Fitness",2026-06-21,Women's 14-15 Age Group 63kg,Jaelyn Bourne,60.5,-53,53,-56,71,74,-80,53,74,127
"The 2026 National Youth Championships, Powered by Rogue Fitness",2026-06-21,Men's 14-15 Age Group 71kg,Jackson Price,67.95,-51,51,-53,73,76,-78,51,76,127
"The 2026 National Youth Championships, Powered by Rogue Fitness",2026-06-21,Women's 16-17 Age Group 53kg,Isabella Lanclos,51.5,-56,56,-58,68,70,-72,56,70,126
"The 2026 National Youth Championships, Powered by Rogue Fitness",2026-06-22,Women's 16-17 Age Group 63kg,Amelia Cone,59.8,-55,55,-58,68,71,-75,55,71,126
"The 2026 National Youth Championships, Powered by Rogue Fitness",2026-06-22,Women's 16-17 Age Group 63kg,Kiara Liang,60.55,48,51,-53,68,72,75,51,75,126
"The 2026 National Youth Championships, Powered by Rogue Fitness",2026-06-22,Women's 16-17 Age Group 69kg,Emerson Holden,67.4,-58,58,-61,68,-72,-74,58,68,126
"The 2026 National Youth Championships, Powered by Rogue Fitness",2026-06-22,Women's 16-17 Age Group 77kg,Juliana Zenteno,69.5,-55,55,-59,68,71,-75,55,71,126
"The 2026 National Youth Championships, Powered by Rogue Fitness",2026-06-22,Women's 16-17 Age Group 77+kg,Kierra Cooper,81.3,-52,52,55,68,71,-75,55,71,126
"The 2026 National Youth Championships, Powered by Rogue Fitness",2026-06-21,Women's 14-15 Age Group 58kg,Thevini Withana,56.6,51,54,56,64,67,70,56,70,126
"The 2026 National Youth Championships, Powered by Rogue Fitness",2026-06-21,Women's 14-15 Age Group 63kg,Maddi Landers,61.65,47,49,53,66,70,72,53,72,125
"The 2026 National Youth Championships, Powered by Rogue Fitness",2026-06-21,Women's 14-15 Age Group 69kg,Matilda Palmeri,68.65,48,52,55,64,70,-76,55,70,125
"The 2026 National Youth Championships, Powered by Rogue Fitness",2026-06-22,Women's 16-17 Age Group 77+kg,Arieana Cooper,92.4,-57,57,-60,68,-72,-72,57,68,125
"The 2026 National Youth Championships, Powered by Rogue Fitness",2026-06-21,Women's 14-15 Age Group 69+kg,Emily Martin,73.4,45,-50,-54,65,71,79,45,79,124
"The 2026 National Youth Championships, Powered by Rogue Fitness",2026-06-21,Men's 14-15 Age Group 65kg,Colton  Gruber,63.5,-50,50,54,60,65,70,54,70,124
"The 2026 National Youth Championships, Powered by Rogue Fitness",2026-06-21,Men's 14-15 Age Group 65kg,Jaxon Blankenship,64.55,-50,50,53,-65,-66,71,53,71,124
"The 2026 National Youth Championships, Powered by Rogue Fitness",2026-06-22,Women's 16-17 Age Group 63kg,Kaelyn Taylor,60.9,48,51,54,63,66,69,54,69,123
"The 2026 National Youth Championships, Powered by Rogue Fitness",2026-06-22,Women's 16-17 Age Group 77kg,Ellie Kichler,74.2,53,-55,-56,65,70,-75,53,70,123
"The 2026 National Youth Championships, Powered by Rogue Fitness",2026-06-22,Women's 16-17 Age Group 77+kg,Caitlynn Nur,82,50,53,55,63,66,68,55,68,123
"The 2026 National Youth Championships, Powered by Rogue Fitness",2026-06-22,Women's 16-17 Age Group 58kg,Alana Kargas,56.95,52,55,-58,-60,63,67,55,67,122
"The 2026 National Youth Championships, Powered by Rogue Fitness",2026-06-20,Women's 13 Under Age Group 53kg,Hailey Sprenger,50.95,50,52,54,62,65,68,54,68,122
"The 2026 National Youth Championships, Powered by Rogue Fitness",2026-06-21,Women's 14-15 Age Group 58kg,Beatrix Wagner,56.55,48,51,54,65,68,-71,54,68,122
"The 2026 National Youth Championships, Powered by Rogue Fitness",2026-06-21,Women's 14-15 Age Group 63kg,Danielle Do,61.5,54,58,-61,63,-69,-69,58,63,121
"The 2026 National Youth Championships, Powered by Rogue Fitness",2026-06-21,Men's 14-15 Age Group 56kg,Archer Praetorius,55.9,-50,50,-53,65,68,71,50,71,121
"The 2026 National Youth Championships, Powered by Rogue Fitness",2026-06-22,Women's 16-17 Age Group 69kg,Katalina Silva,68.45,53,56,-58,57,61,65,56,65,121
"The 2026 National Youth Championships, Powered by Rogue Fitness",2026-06-21,Women's 14-15 Age Group 63kg,Kaiya Blackhurst,61.45,47,50,53,67,-70,-72,53,67,120
"The 2026 National Youth Championships, Powered by Rogue Fitness",2026-06-21,Women's 14-15 Age Group 69kg,Hazyl Castillo,65.55,53,56,-58,64,-67,-67,56,64,120
"The 2026 National Youth Championships, Powered by Rogue Fitness",2026-06-21,Women's 14-15 Age Group 69+kg,Mia Lang ,74.85,45,-50,-53,65,70,75,45,75,120
"The 2026 National Youth Championships, Powered by Rogue Fitness",2026-06-21,Men's 16-17 Age Group 60kg,Karson Hood,58.3,49,-52,53,67,-71,-73,53,67,120
"The 2026 National Youth Championships, Powered by Rogue Fitness",2026-06-22,Women's 16-17 Age Group 77+kg,Sophie Grace Garces,113.55,50,53,55,65,-68,-71,55,65,120
"The 2026 National Youth Championships, Powered by Rogue Fitness",2026-06-22,Women's 16-17 Age Group 77+kg,Calie Dillon,112.8,50,52,54,63,-65,66,54,66,120
"The 2026 National Youth Championships, Powered by Rogue Fitness",2026-06-21,Women's 14-15 Age Group 69+kg,Abigail Teper,118.8,46,-49,50,62,65,69,50,69,119
"The 2026 National Youth Championships, Powered by Rogue Fitness",2026-06-22,Women's 16-17 Age Group 77+kg,Kyria Khalil,116,50,53,56,-63,63,-68,56,63,119
"The 2026 National Youth Championships, Powered by Rogue Fitness",2026-06-21,Women's 14-15 Age Group 53kg,Marin Bast,52,48,50,-52,64,67,69,50,69,119
"The 2026 National Youth Championships, Powered by Rogue Fitness",2026-06-21,Men's 13 Under Age Group 65+kg,Roger Da Silva,77.6,50,-53,53,62,65,-68,53,65,118
"The 2026 National Youth Championships, Powered by Rogue Fitness",2026-06-22,Women's 16-17 Age Group 63kg,Jaylynne DeMuth,60.75,49,52,54,58,61,64,54,64,118
"The 2026 National Youth Championships, Powered by Rogue Fitness",2026-06-20,Men's 13 Under Age Group 65+kg,Jacob Vieyra,97.1,47,50,52,60,63,66,52,66,118
"The 2026 National Youth Championships, Powered by Rogue Fitness",2026-06-21,Women's 14-15 Age Group 48kg,Lyla Kleiman,46.1,-50,51,-53,64,67,-70,51,67,118
"The 2026 National Youth Championships, Powered by Rogue Fitness",2026-06-21,Women's 14-15 Age Group 53kg,Kyla Byron,51.8,51,53,-55,63,65,-67,53,65,118
"The 2026 National Youth Championships, Powered by Rogue Fitness",2026-06-20,Men's 13 Under Age Group 56kg,Ivan Hoegemeyer,52.7,49,52,54,58,61,64,54,64,118
"The 2026 National Youth Championships, Powered by Rogue Fitness",2026-06-22,Women's 16-17 Age Group 69kg,Sofia Rosales,68.4,48,51,-54,62,-65,66,51,66,117
"The 2026 National Youth Championships, Powered by Rogue Fitness",2026-06-21,Women's 16-17 Age Group 48kg,Skylar Fernandes,46.5,48,50,52,61,64,-68,52,64,116
"The 2026 National Youth Championships, Powered by Rogue Fitness",2026-06-21,Women's 16-17 Age Group 48kg,Mei Long,46.8,46,-50,51,61,65,-69,51,65,116
"The 2026 National Youth Championships, Powered by Rogue Fitness",2026-06-21,Women's 14-15 Age Group 58kg,Luna Gilmore,57.85,-47,47,52,61,64,-68,52,64,116
"The 2026 National Youth Championships, Powered by Rogue Fitness",2026-06-21,Women's 14-15 Age Group 69kg,Kayla Doherty,65.35,48,50,-52,63,65,-68,50,65,115
"The 2026 National Youth Championships, Powered by Rogue Fitness",2026-06-21,Men's 13 Under Age Group 65+kg,Samuel Atwell,70.15,45,-55,-56,65,-70,70,45,70,115
"The 2026 National Youth Championships, Powered by Rogue Fitness",2026-06-21,Women's 16-17 Age Group 53kg,Isabella Martinez,50.95,-52,52,-57,63,-66,-68,52,63,115
"The 2026 National Youth Championships, Powered by Rogue Fitness",2026-06-21,Women's 13 Under Age Group 63+kg,Imani Washington,75.55,48,50,-52,65,-68,-68,50,65,115
"The 2026 National Youth Championships, Powered by Rogue Fitness",2026-06-21,Women's 14-15 Age Group 63kg,Ellie Hill,59.2,45,47,50,-60,64,-70,50,64,114
"The 2026 National Youth Championships, Powered by Rogue Fitness",2026-06-21,Women's 16-17 Age Group 53kg,Makennah Goh,52.55,48,-51,51,60,63,-65,51,63,114
"The 2026 National Youth Championships, Powered by Rogue Fitness",2026-06-21,Women's 16-17 Age Group 53kg,Jenna Strickland,51.4,48,50,-53,60,64,-68,50,64,114
"The 2026 National Youth Championships, Powered by Rogue Fitness",2026-06-22,Women's 16-17 Age Group 58kg,Addison Williams,55.35,-46,-48,48,63,-66,66,48,66,114
"The 2026 National Youth Championships, Powered by Rogue Fitness",2026-06-21,Women's 14-15 Age Group 69kg,Katelynn Pearce,66.95,48,52,-56,52,58,61,52,61,113
"The 2026 National Youth Championships, Powered by Rogue Fitness",2026-06-21,Women's 14-15 Age Group 69+kg,Kiera Woods,70.85,43,45,47,63,66,-69,47,66,113
"The 2026 National Youth Championships, Powered by Rogue Fitness",2026-06-22,Women's 16-17 Age Group 69kg,bailey hoffman,67.65,48,-50,-50,62,65,-68,48,65,113
"The 2026 National Youth Championships, Powered by Rogue Fitness",2026-06-22,Women's 16-17 Age Group 69kg,Laila Thomas,64.35,46,48,-49,60,-63,65,48,65,113
"The 2026 National Youth Championships, Powered by Rogue Fitness",2026-06-21,Women's 14-15 Age Group 48kg,Lila Mangan,47.45,47,49,51,-61,62,-64,51,62,113
"The 2026 National Youth Championships, Powered by Rogue Fitness",2026-06-21,Women's 14-15 Age Group 53kg,Brantly  Depriest ,50.95,43,45,47,62,64,66,47,66,113
"The 2026 National Youth Championships, Powered by Rogue Fitness",2026-06-20,Men's 13 Under Age Group 56kg,Roman Costa,54.95,49,-52,-52,58,61,63,49,63,112
"The 2026 National Youth Championships, Powered by Rogue Fitness",2026-06-22,Women's 16-17 Age Group 69kg,Elyse  Presley,68.05,45,48,-51,62,64,-67,48,64,112
"The 2026 National Youth Championships, Powered by Rogue Fitness",2026-06-20,Women's 13 Under Age Group 48kg,Annalee Seek,46.6,46,49,52,57,60,-63,52,60,112
"The 2026 National Youth Championships, Powered by Rogue Fitness",2026-06-21,Men's 14-15 Age Group 48kg,Yuri Grafman,46.35,43,45,48,57,59,63,48,63,111
"The 2026 National Youth Championships, Powered by Rogue Fitness",2026-06-21,Women's 14-15 Age Group 69+kg,Lucy Brunson,73,40,43,-46,62,65,68,43,68,111
"The 2026 National Youth Championships, Powered by Rogue Fitness",2026-06-21,Men's 14-15 Age Group 56kg,Charles Hulderson,53.75,44,46,48,57,59,63,48,63,111
"The 2026 National Youth Championships, Powered by Rogue Fitness",2026-06-22,Women's 16-17 Age Group 58kg,Emily Paoloni,58.05,45,48,50,55,58,61,50,61,111
"The 2026 National Youth Championships, Powered by Rogue Fitness",2026-06-21,Women's 14-15 Age Group 69kg,Hadley Chandler,66.45,45,-48,-50,60,63,65,45,65,110
"The 2026 National Youth Championships, Powered by Rogue Fitness",2026-06-21,Women's 14-15 Age Group 69+kg,Reagan Frommer,79.25,46,-49,49,61,-64,-65,49,61,110
"The 2026 National Youth Championships, Powered by Rogue Fitness",2026-06-22,Women's 16-17 Age Group 63kg,Juliana DaSilva,60.75,48,-51,-52,62,-65,-65,48,62,110
"The 2026 National Youth Championships, Powered by Rogue Fitness",2026-06-21,Men's 16-17 Age Group 56kg,Michael Tracy,55.25,45,-49,-49,60,-63,65,45,65,110
"The 2026 National Youth Championships, Powered by Rogue Fitness",2026-06-22,Women's 16-17 Age Group 69kg,Katy Shade,67.75,45,49,-51,61,-64,-65,49,61,110
"The 2026 National Youth Championships, Powered by Rogue Fitness",2026-06-21,Women's 14-15 Age Group 58kg,Eloise Kostal,53.95,43,45,47,61,-63,63,47,63,110
"The 2026 National Youth Championships, Powered by Rogue Fitness",2026-06-20,Men's 13 Under Age Group 56kg,Matthew Parento,55.65,43,46,49,56,60,-64,49,60,109
"The 2026 National Youth Championships, Powered by Rogue Fitness",2026-06-21,Women's 16-17 Age Group 58kg,Scarlett Johnston,56.5,38,-45,46,63,-65,-65,46,63,109
"The 2026 National Youth Championships, Powered by Rogue Fitness",2026-06-21,Women's 16-17 Age Group 53kg,Penelope Devereux,51.9,44,46,48,57,60,-63,48,60,108
"The 2026 National Youth Championships, Powered by Rogue Fitness",2026-06-22,Women's 16-17 Age Group 63kg,Ti’Mya Warren,60,48,50,-52,54,56,58,50,58,108
"The 2026 National Youth Championships, Powered by Rogue Fitness",2026-06-20,Women's 13 Under Age Group 53kg,Aurelia Bujanda,48.6,43,45,-48,58,63,-65,45,63,108
"The 2026 National Youth Championships, Powered by Rogue Fitness",2026-06-20,Men's 13 Under Age Group 52kg,Zane Chadbourne,51.85,48,-50,-51,55,58,60,48,60,108
"The 2026 National Youth Championships, Powered by Rogue Fitness",2026-06-21,Women's 14-15 Age Group 58kg,Paisley Sanders,55,42,-47,48,52,56,60,48,60,108
"The 2026 National Youth Championships, Powered by Rogue Fitness",2026-06-21,Women's 14-15 Age Group 69+kg,Violet Arthur,102.4,43,45,47,55,60,-65,47,60,107
"The 2026 National Youth Championships, Powered by Rogue Fitness",2026-06-21,Women's 14-15 Age Group 69+kg,Caroline Major,107.25,43,-46,46,58,61,-65,46,61,107
"The 2026 National Youth Championships, Powered by Rogue Fitness",2026-06-21,Women's 16-17 Age Group 58kg,Isabel Ridings,56.45,47,50,-53,-53,53,57,50,57,107
"The 2026 National Youth Championships, Powered by Rogue Fitness",2026-06-22,Women's 16-17 Age Group 63kg,Alysse Dennis,61.1,-49,49,-51,58,-61,-64,49,58,107
"The 2026 National Youth Championships, Powered by Rogue Fitness",2026-06-21,Women's 14-15 Age Group 69+kg,Mia Mendoza,88.2,-45,45,-47,-61,61,-65,45,61,106
"The 2026 National Youth Championships, Powered by Rogue Fitness",2026-06-21,Women's 16-17 Age Group 53kg,Zoe Macias,52.5,45,48,-50,55,58,-60,48,58,106
"The 2026 National Youth Championships, Powered by Rogue Fitness",2026-06-21,Women's 16-17 Age Group 58kg,Lucia Miller,56.85,45,47,-51,59,-62,-64,47,59,106
"The 2026 National Youth Championships, Powered by Rogue Fitness",2026-06-21,Women's 13 Under Age Group 63+kg,Olivia Dumas,79.4,42,46,-51,57,60,-66,46,60,106
"The 2026 National Youth Championships, Powered by Rogue Fitness",2026-06-21,Women's 14-15 Age Group 63kg,Leila Ray,60.05,-46,-46,47,-58,-58,58,47,58,105
"The 2026 National Youth Championships, Powered by Rogue Fitness",2026-06-21,Women's 16-17 Age Group 53kg,Rylee Fernandes,52.25,-47,47,-49,58,-60,-60,47,58,105
"The 2026 National Youth Championships, Powered by Rogue Fitness",2026-06-21,Women's 16-17 Age Group 53kg,Ivy Weiss,52.45,42,44,46,57,59,-61,46,59,105
"The 2026 National Youth Championships, Powered by Rogue Fitness",2026-06-21,Men's 13 Under Age Group 65+kg,Bridger Soden,76.8,46,49,-52,-53,53,55,49,55,104
"The 2026 National Youth Championships, Powered by Rogue Fitness",2026-06-21,Men's 14-15 Age Group 52kg,Santonio Martinez,50.25,43,45,47,51,54,57,47,57,104
"The 2026 National Youth Championships, Powered by Rogue Fitness",2026-06-21,Women's 16-17 Age Group 53kg,Corinne Stickle,51.5,41,43,-46,55,58,61,43,61,104
"The 2026 National Youth Championships, Powered by Rogue Fitness",2026-06-21,Women's 16-17 Age Group 58kg,Riley Gramlich,57.95,42,45,47,53,-56,57,47,57,104
"The 2026 National Youth Championships, Powered by Rogue Fitness",2026-06-21,Women's 16-17 Age Group 58kg,rylee miller,56.65,42,45,-48,59,-63,-64,45,59,104
"The 2026 National Youth Championships, Powered by Rogue Fitness",2026-06-21,Women's 16-17 Age Group 58kg,Mikayla  Sabino,56.9,43,45,-48,54,-59,59,45,59,104
"The 2026 National Youth Championships, Powered by Rogue Fitness",2026-06-20,Women's 13 Under Age Group 44kg,Layla Johnson,42.75,42,44,46,-55,55,58,46,58,104
"The 2026 National Youth Championships, Powered by Rogue Fitness",2026-06-20,Women's 13 Under Age Group 58kg,Sadie Cirbus,57.35,44,-47,-47,54,57,60,44,60,104
"The 2026 National Youth Championships, Powered by Rogue Fitness",2026-06-20,Men's 13 Under Age Group 48kg,Dempsey Opfer,47.45,41,-43,43,54,58,61,43,61,104
"The 2026 National Youth Championships, Powered by Rogue Fitness",2026-06-21,Men's 14-15 Age Group 48kg,Joshua Delfin,46.3,38,43,45,54,58,-62,45,58,103
"The 2026 National Youth Championships, Powered by Rogue Fitness",2026-06-21,Women's 16-17 Age Group 58kg,Anna Kent,56.4,40,43,46,51,54,57,46,57,103
"The 2026 National Youth Championships, Powered by Rogue Fitness",2026-06-20,Women's 13 Under Age Group 58kg,Eesha Pallath,56.55,43,45,47,52,56,-60,47,56,103
"The 2026 National Youth Championships, Powered by Rogue Fitness",2026-06-20,Women's 13 Under Age Group 58kg,Ellie Dobrinski,56.4,41,-43,-45,58,60,62,41,62,103
"The 2026 National Youth Championships, Powered by Rogue Fitness",2026-06-21,Women's 14-15 Age Group 58kg,Avery Deaver,57.1,43,45,-47,55,58,-60,45,58,103
"The 2026 National Youth Championships, Powered by Rogue Fitness",2026-06-21,Men's 13 Under Age Group 65+kg,Kaison Kiley,67.1,35,-38,-38,60,63,67,35,67,102
"The 2026 National Youth Championships, Powered by Rogue Fitness",2026-06-21,Men's 13 Under Age Group 65+kg,Monroe Hill,65.85,40,43,-45,53,55,59,43,59,102
"The 2026 National Youth Championships, Powered by Rogue Fitness",2026-06-20,Women's 13 Under Age Group 44kg,Alena Griesser,43.3,39,43,-47,54,-58,59,43,59,102
"The 2026 National Youth Championships, Powered by Rogue Fitness",2026-06-20,Women's 13 Under Age Group 58kg,Kallee Guinn,57.65,38,41,-43,58,61,-63,41,61,102
"The 2026 National Youth Championships, Powered by Rogue Fitness",2026-06-21,Women's 13 Under Age Group 63+kg,Anna Presley,77.5,42,-45,46,52,56,-60,46,56,102
"The 2026 National Youth Championships, Powered by Rogue Fitness",2026-06-21,Men's 13 Under Age Group 65kg,Dante Banning,63.3,38,40,42,53,54,59,42,59,101
"The 2026 National Youth Championships, Powered by Rogue Fitness",2026-06-21,Women's 16-17 Age Group 53kg,Emma Hutchison,52.55,37,40,44,54,57,-62,44,57,101
"The 2026 National Youth Championships, Powered by Rogue Fitness",2026-06-20,Women's 13 Under Age Group 53kg,Isla Dominguez,50.05,38,41,44,53,57,-60,44,57,101
"The 2026 National Youth Championships, Powered by Rogue Fitness",2026-06-20,Men's 13 Under Age Group 52kg,Raiden Liao,49.45,40,43,44,52,55,57,44,57,101
"The 2026 National Youth Championships, Powered by Rogue Fitness",2026-06-20,Men's 13 Under Age Group 65+kg,J Williams,95.5,35,39,43,-53,53,57,43,57,100
"The 2026 National Youth Championships, Powered by Rogue Fitness",2026-06-21,Women's 16-17 Age Group 44kg,Adalae Caruso,43.2,40,43,46,47,50,54,46,54,100
"The 2026 National Youth Championships, Powered by Rogue Fitness",2026-06-21,Women's 13 Under Age Group 63+kg,Mikenna Wickson,112.35,37,41,-44,52,55,59,41,59,100
"The 2026 National Youth Championships, Powered by Rogue Fitness",2026-06-20,Men's 13 Under Age Group 52kg,Kayden Doherty,49.55,39,41,43,52,55,57,43,57,100
"The 2026 National Youth Championships, Powered by Rogue Fitness",2026-06-21,Women's 14-15 Age Group 44kg,Avery Morelli,42.2,40,43,45,49,52,55,45,55,100
"The 2026 National Youth Championships, Powered by Rogue Fitness",2026-06-21,Women's 14-15 Age Group 48kg,Juliette Phillips,47,42,-44,44,53,56,-60,44,56,100
"The 2026 National Youth Championships, Powered by Rogue Fitness",2026-06-20,Men's 13 Under Age Group 48kg,Brogan Bratsburg,46.5,41,43,-45,51,54,57,43,57,100
"The 2026 National Youth Championships, Powered by Rogue Fitness",2026-06-21,Men's 14-15 Age Group 48kg,Caleb Delfin,45.75,33,42,-44,52,57,-63,42,57,99
"The 2026 National Youth Championships, Powered by Rogue Fitness",2026-06-21,Women's 16-17 Age Group 53kg,Lucia Riedinger,50.6,-41,41,44,55,-58,-58,44,55,99
"The 2026 National Youth Championships, Powered by Rogue Fitness",2026-06-21,Women's 14-15 Age Group 53kg,Veda Macaulay,50.1,40,42,44,50,53,55,44,55,99
"The 2026 National Youth Championships, Powered by Rogue Fitness",2026-06-21,Men's 14-15 Age Group 48kg,Ares Fallquist,45.88,41,43,45,49,-52,53,45,53,98
"The 2026 National Youth Championships, Powered by Rogue Fitness",2026-06-20,Women's 13 Under Age Group 44kg,Harper Belsky,43.75,41,43,-46,-53,55,-58,43,55,98
"The 2026 National Youth Championships, Powered by Rogue Fitness",2026-06-20,Men's 13 Under Age Group 56kg,Oliver Combs,54.55,39,41,-44,50,53,55,41,55,96
"The 2026 National Youth Championships, Powered by Rogue Fitness",2026-06-21,Women's 14-15 Age Group 63kg,Noa Rogson-Blavin,60,41,43,-45,50,53,-56,43,53,96
"The 2026 National Youth Championships, Powered by Rogue Fitness",2026-06-21,Women's 14-15 Age Group 69kg,Chloe Priebe,67.75,40,43,45,48,51,-54,45,51,96
"The 2026 National Youth Championships, Powered by Rogue Fitness",2026-06-21,Women's 14-15 Age Group 69+kg,Adelynn Phillips,79.75,-40,40,-42,50,53,56,40,56,96
"The 2026 National Youth Championships, Powered by Rogue Fitness",2026-06-21,Women's 16-17 Age Group 53kg,Bria Reiners,50.9,38,40,-42,50,53,56,40,56,96
"The 2026 National Youth Championships, Powered by Rogue Fitness",2026-06-21,Women's 13 Under Age Group 63+kg,Meleoni Afu,65.05,38,40,42,49,51,54,42,54,96
"The 2026 National Youth Championships, Powered by Rogue Fitness",2026-06-20,Men's 13 Under Age Group 65+kg,Jared Osorio,104.8,40,43,-46,-50,50,53,43,53,96
"The 2026 National Youth Championships, Powered by Rogue Fitness",2026-06-20,Men's 13 Under Age Group 48kg,Paden Branca,46.05,38,-41,-41,52,55,58,38,58,96
"The 2026 National Youth Championships, Powered by Rogue Fitness",2026-06-21,Men's 13 Under Age Group 65kg,Bolton Swisher,63,40,42,45,46,50,-53,45,50,95
"The 2026 National Youth Championships, Powered by Rogue Fitness",2026-06-21,Women's 16-17 Age Group 58kg,Amy Giffin,53.35,40,-43,-43,50,55,-58,40,55,95
"The 2026 National Youth Championships, Powered by Rogue Fitness",2026-06-21,Women's 13 Under Age Group 63+kg,Veisinia Kaho,77.15,39,41,43,48,50,52,43,52,95
"The 2026 National Youth Championships, Powered by Rogue Fitness",2026-06-21,Women's 13 Under Age Group 63kg,Hadleigh Lane,63,41,43,45,50,-52,0,45,50,95
"The 2026 National Youth Championships, Powered by Rogue Fitness",2026-06-21,Women's 13 Under Age Group 63+kg,Olivia Vazquez,88,38,40,41,-50,50,54,41,54,95
"The 2026 National Youth Championships, Powered by Rogue Fitness",2026-06-21,Women's 14-15 Age Group 58kg,Audrina Olsen,55.65,40,-43,-43,52,55,-57,40,55,95
"The 2026 National Youth Championships, Powered by Rogue Fitness",2026-06-21,Women's 14-15 Age Group 63kg,Diya Vijayaraj,59.2,-40,40,-43,50,52,54,40,54,94
"The 2026 National Youth Championships, Powered by Rogue Fitness",2026-06-20,Men's 13 Under Age Group 65+kg,Nicholas Proto,82,38,40,42,47,50,52,42,52,94
"The 2026 National Youth Championships, Powered by Rogue Fitness",2026-06-20,Women's 13 Under Age Group 58kg,Piper Pearson,54.45,37,40,43,45,48,51,43,51,94
"The 2026 National Youth Championships, Powered by Rogue Fitness",2026-06-21,Women's 14-15 Age Group 48kg,Carmen Gurley,47.85,34,37,41,50,53,-57,41,53,94
"The 2026 National Youth Championships, Powered by Rogue Fitness",2026-06-21,Men's 13 Under Age Group 60kg,Canon Gilmore,58.3,-37,37,39,47,50,54,39,54,93
"The 2026 National Youth Championships, Powered by Rogue Fitness",2026-06-21,Men's 14-15 Age Group 48kg,Scott Smith,43.8,36,39,-44,47,51,54,39,54,93
"The 2026 National Youth Championships, Powered by Rogue Fitness",2026-06-21,Men's 14-15 Age Group 52kg,Jonathan Nelson,50.5,36,39,42,48,51,-53,42,51,93
"The 2026 National Youth Championships, Powered by Rogue Fitness",2026-06-21,Women's 13 Under Age Group 63kg,Wednesday Hackleman,62.55,36,38,41,48,50,52,41,52,93
"The 2026 National Youth Championships, Powered by Rogue Fitness",2026-06-20,Men's 13 Under Age Group 44kg,Gabriel Almazan,43.75,-35,35,40,53,-57,-60,40,53,93
"The 2026 National Youth Championships, Powered by Rogue Fitness",2026-06-21,Women's 14-15 Age Group 69kg,Scarlett Mahaffey,68.8,36,39,42,47,50,-53,42,50,92
"The 2026 National Youth Championships, Powered by Rogue Fitness",2026-06-21,Women's 14-15 Age Group 69kg,Sravya Chebrolu,63.95,-38,-38,38,52,-54,54,38,54,92
"The 2026 National Youth Championships, Powered by Rogue Fitness",2026-06-21,Men's 14-15 Age Group 52kg,James Pritt,48.7,33,37,43,48,49,-53,43,49,92
"The 2026 National Youth Championships, Powered by Rogue Fitness",2026-06-21,Women's 13 Under Age Group 63+kg,KAIDENCE WASHINGTON,64.05,-38,38,40,50,52,-56,40,52,92
"The 2026 National Youth Championships, Powered by Rogue Fitness",2026-06-21,Women's 13 Under Age Group 63+kg,Katelyn Susana Afu,90.75,37,39,-41,49,53,-57,39,53,92
"The 2026 National Youth Championships, Powered by Rogue Fitness",2026-06-21,Women's 14-15 Age Group 44kg,Lilly Mullenaux,42.85,36,38,41,48,-51,51,41,51,92
"The 2026 National Youth Championships, Powered by Rogue Fitness",2026-06-21,Women's 14-15 Age Group 58kg,Catherine Lemire,56,-45,45,-47,-47,-47,47,45,47,92
"The 2026 National Youth Championships, Powered by Rogue Fitness",2026-06-21,Men's 14-15 Age Group 52kg,Santiago Hernandez,50.05,38,41,-44,47,50,-53,41,50,91
"The 2026 National Youth Championships, Powered by Rogue Fitness",2026-06-21,Women's 16-17 Age Group 53kg,Mei Li Yeung,51.05,-36,39,41,-48,-50,50,41,50,91
"The 2026 National Youth Championships, Powered by Rogue Fitness",2026-06-20,Women's 13 Under Age Group 44kg,Timberly Covert,43.2,39,41,-43,50,-53,-54,41,50,91
"The 2026 National Youth Championships, Powered by Rogue Fitness",2026-06-20,Women's 13 Under Age Group 53kg,Marie (Paige) Stull,50.95,36,-39,39,46,48,52,39,52,91
"The 2026 National Youth Championships, Powered by Rogue Fitness",2026-06-21,Women's 14-15 Age Group 53kg,Elhiana Inez Perez,52.4,39,42,-44,45,49,-52,42,49,91
"The 2026 National Youth Championships, Powered by Rogue Fitness",2026-06-21,Women's 14-15 Age Group 58kg,Victoria Tateishi,56.7,36,-38,38,48,50,52,38,52,90
"The 2026 National Youth Championships, Powered by Rogue Fitness",2026-06-21,Women's 14-15 Age Group 63kg,Sophie Baker,60.35,38,-41,-41,52,0,0,38,52,90
"The 2026 National Youth Championships, Powered by Rogue Fitness",2026-06-20,Women's 13 Under Age Group 33kg,Rayya Howard,31.35,36,38,40,46,-48,50,40,50,90
"The 2026 National Youth Championships, Powered by Rogue Fitness",2026-06-20,Women's 13 Under Age Group 48kg,Kate Yetter,44.75,36,38,40,45,48,50,40,50,90
"The 2026 National Youth Championships, Powered by Rogue Fitness",2026-06-20,Women's 13 Under Age Group 63+kg,Avery Kerkhoff,65.65,34,37,39,43,47,51,39,51,90
"The 2026 National Youth Championships, Powered by Rogue Fitness",2026-06-21,Women's 13 Under Age Group 63+kg,Cally Coffee,89,35,38,41,40,44,49,41,49,90
"The 2026 National Youth Championships, Powered by Rogue Fitness",2026-06-20,Men's 13 Under Age Group 56kg,Austin Windley,53.5,35,-37,-37,48,51,54,35,54,89
"The 2026 National Youth Championships, Powered by Rogue Fitness",2026-06-21,Men's 14-15 Age Group 48kg,Noah Mascorro,46.4,-35,38,-41,48,51,-55,38,51,89
"The 2026 National Youth Championships, Powered by Rogue Fitness",2026-06-21,Women's 16-17 Age Group 48kg,Emeri Prince,46.95,35,37,-40,47,49,52,37,52,89
"The 2026 National Youth Championships, Powered by Rogue Fitness",2026-06-21,Women's 16-17 Age Group 53kg,Chloe Lemmon,51.4,34,38,-41,50,-54,-54,38,50,88
"The 2026 National Youth Championships, Powered by Rogue Fitness",2026-06-21,Women's 16-17 Age Group 58kg,Kendall Smith,55.25,37,39,-41,-48,49,-52,39,49,88
"The 2026 National Youth Championships, Powered by Rogue Fitness",2026-06-21,Women's 16-17 Age Group 58kg,Jayden Avarie Garcia,56.45,-35,35,-41,49,53,-57,35,53,88
"The 2026 National Youth Championships, Powered by Rogue Fitness",2026-06-20,Women's 13 Under Age Group 58kg,Elizabeth Harvey,55.6,34,36,38,43,46,50,38,50,88
"The 2026 National Youth Championships, Powered by Rogue Fitness",2026-06-21,Men's 13 Under Age Group 60kg,Zayne Gillum,59.7,33,36,-39,47,51,-57,36,51,87
"The 2026 National Youth Championships, Powered by Rogue Fitness",2026-06-21,Men's 14-15 Age Group 52kg,Shepard Arena,48.55,35,38,-39,45,47,49,38,49,87
"The 2026 National Youth Championships, Powered by Rogue Fitness",2026-06-20,Men's 13 Under Age Group 36kg,Trae Dauch,34.2,34,36,38,43,46,49,38,49,87
"The 2026 National Youth Championships, Powered by Rogue Fitness",2026-06-21,Men's 13 Under Age Group 65+kg,William Taylor,74.25,34,36,38,43,46,48,38,48,86
"The 2026 National Youth Championships, Powered by Rogue Fitness",2026-06-21,Women's 16-17 Age Group 58kg,Giavonna Acosta,56.05,38,41,-44,40,45,-50,41,45,86
"The 2026 National Youth Championships, Powered by Rogue Fitness",2026-06-20,Women's 13 Under Age Group 44kg,Eliza Meyer,42.7,35,38,-40,45,-48,48,38,48,86
"The 2026 National Youth Championships, Powered by Rogue Fitness",2026-06-20,Women's 13 Under Age Group 53kg,Evelyn Otis,49.8,37,40,43,43,-44,-48,43,43,86
"The 2026 National Youth Championships, Powered by Rogue Fitness",2026-06-20,Men's 13 Under Age Group 48kg,Benjamin Weymer,47.55,-36,36,38,45,48,-50,38,48,86
"The 2026 National Youth Championships, Powered by Rogue Fitness",2026-06-20,Men's 13 Under Age Group 65+kg,Salvador Martinez,74.5,31,33,35,45,48,50,35,50,85
"The 2026 National Youth Championships, Powered by Rogue Fitness",2026-06-21,Women's 14-15 Age Group 53kg,Dylan Lee,52.1,31,33,35,-45,45,50,35,50,85
"The 2026 National Youth Championships, Powered by Rogue Fitness",2026-06-20,Men's 13 Under Age Group 48kg,Kazu Gilbreth,47.15,36,-38,39,43,46,-48,39,46,85
"The 2026 National Youth Championships, Powered by Rogue Fitness",2026-06-21,Women's 14-15 Age Group 58kg,Ruth Daniel,53.25,37,-39,-40,47,-50,-50,37,47,84
"The 2026 National Youth Championships, Powered by Rogue Fitness",2026-06-20,Men's 13 Under Age Group 56kg,Jayden Myers,55.15,32,34,36,46,48,-52,36,48,84
"The 2026 National Youth Championships, Powered by Rogue Fitness",2026-06-20,Men's 13 Under Age Group 65+kg,Benson Linnemeyer,70.85,35,-38,38,43,-46,46,38,46,84
"The 2026 National Youth Championships, Powered by Rogue Fitness",2026-06-21,Women's 16-17 Age Group 48kg,Gabriela Bignami,48.01,34,37,-39,-47,47,-49,37,47,84
"The 2026 National Youth Championships, Powered by Rogue Fitness",2026-06-21,Women's 14-15 Age Group 53kg,Ashlyn Bell,51.85,34,36,38,43,46,-49,38,46,84
"The 2026 National Youth Championships, Powered by Rogue Fitness",2026-06-21,Women's 14-15 Age Group 53kg,Haley Bender,52.4,35,-37,38,43,-45,46,38,46,84
"The 2026 National Youth Championships, Powered by Rogue Fitness",2026-06-20,Women's 13 Under Age Group 48kg,Charlotte Sullivan,46.7,32,34,37,42,44,46,37,46,83
"The 2026 National Youth Championships, Powered by Rogue Fitness",2026-06-21,Women's 14-15 Age Group 53kg,Kira Reynolds,51.35,33,36,-37,45,47,-51,36,47,83
"The 2026 National Youth Championships, Powered by Rogue Fitness",2026-06-20,Women's 13 Under Age Group 44kg,Francesca Putz,41.7,34,-36,36,46,-49,-51,36,46,82
"The 2026 National Youth Championships, Powered by Rogue Fitness",2026-06-20,Women's 13 Under Age Group 44kg,Brooklynn Vella,42.6,-34,34,-38,44,46,48,34,48,82
"The 2026 National Youth Championships, Powered by Rogue Fitness",2026-06-20,Men's 13 Under Age Group 44kg,Legend Gabourel,42.7,33,-36,36,-43,43,46,36,46,82
"The 2026 National Youth Championships, Powered by Rogue Fitness",2026-06-20,Men's 13 Under Age Group 48kg,Jett Finley,44.55,34,36,-39,46,-48,-50,36,46,82
"The 2026 National Youth Championships, Powered by Rogue Fitness",2026-06-21,Women's 14-15 Age Group 53kg,Lindsay Adkins,52.35,32,34,36,43,45,46,36,46,82
"The 2026 National Youth Championships, Powered by Rogue Fitness",2026-06-20,Men's 13 Under Age Group 48kg,Ashton Ketchum,46.8,-33,33,-35,43,46,49,33,49,82
"The 2026 National Youth Championships, Powered by Rogue Fitness",2026-06-21,Men's 13 Under Age Group 60kg,Tae Davern,59.15,-36,36,38,40,43,-46,38,43,81
"The 2026 National Youth Championships, Powered by Rogue Fitness",2026-06-21,Women's 16-17 Age Group 44kg,Sophia Mendoza,42.2,32,-34,35,43,46,-48,35,46,81
"The 2026 National Youth Championships, Powered by Rogue Fitness",2026-06-21,Women's 14-15 Age Group 53kg,Hazel Dale,49.6,-31,31,33,46,48,-50,33,48,81
"The 2026 National Youth Championships, Powered by Rogue Fitness",2026-06-20,Men's 13 Under Age Group 48kg,Chase Martin,45.65,29,31,33,-43,45,48,33,48,81
"The 2026 National Youth Championships, Powered by Rogue Fitness",2026-06-21,Women's 14-15 Age Group 58kg,Gabriella Green,54.85,32,34,-36,46,-48,-48,34,46,80
"The 2026 National Youth Championships, Powered by Rogue Fitness",2026-06-21,Men's 13 Under Age Group 65kg,Griffen Cuellar,63.2,30,32,-34,43,46,48,32,48,80
"The 2026 National Youth Championships, Powered by Rogue Fitness",2026-06-20,Women's 13 Under Age Group 44kg,Madison Miller,40.35,30,34,35,45,-50,-50,35,45,80
"The 2026 National Youth Championships, Powered by Rogue Fitness",2026-06-20,Women's 13 Under Age Group 48kg,Taylor Kunkel,44.4,33,36,-39,41,-44,44,36,44,80
"The 2026 National Youth Championships, Powered by Rogue Fitness",2026-06-20,Men's 13 Under Age Group 40kg,Luke Doherty,39.05,31,33,35,41,43,45,35,45,80
"The 2026 National Youth Championships, Powered by Rogue Fitness",2026-06-20,Women's 13 Under Age Group 63+kg,McKenna Allmann,79.75,32,35,-39,35,40,45,35,45,80
"The 2026 National Youth Championships, Powered by Rogue Fitness",2026-06-20,Men's 13 Under Age Group 36kg,Bryce Miller,36.05,31,33,35,42,45,-47,35,45,80
"The 2026 National Youth Championships, Powered by Rogue Fitness",2026-06-20,Women's 13 Under Age Group 48kg,Layla Hafoka,46.4,32,34,-36,42,-44,45,34,45,79
"The 2026 National Youth Championships, Powered by Rogue Fitness",2026-06-20,Women's 13 Under Age Group 63+kg,Harper Haeberle,77.25,30,32,35,39,41,44,35,44,79
"The 2026 National Youth Championships, Powered by Rogue Fitness",2026-06-20,Women's 13 Under Age Group 63+kg,Cambria  Thomas,98.95,30,33,-36,40,43,46,33,46,79
"The 2026 National Youth Championships, Powered by Rogue Fitness",2026-06-21,Men's 13 Under Age Group 65kg,Cohen Marsh,62,-26,26,29,43,46,49,29,49,78
"The 2026 National Youth Championships, Powered by Rogue Fitness",2026-06-20,Men's 13 Under Age Group 65+kg,Conner Augusta,85.05,31,33,36,36,39,42,36,42,78
"The 2026 National Youth Championships, Powered by Rogue Fitness",2026-06-20,Women's 13 Under Age Group 40kg,Avery Shupe,38.75,30,33,35,37,40,43,35,43,78
"The 2026 National Youth Championships, Powered by Rogue Fitness",2026-06-21,Women's 14-15 Age Group 48kg,Gisella Junge,46.45,35,37,-39,-41,41,-45,37,41,78
"The 2026 National Youth Championships, Powered by Rogue Fitness",2026-06-21,Women's 14-15 Age Group 53kg,Ashlyn Reathaford,52.55,-30,30,32,43,46,-49,32,46,78
"The 2026 National Youth Championships, Powered by Rogue Fitness",2026-06-21,Men's 13 Under Age Group 65kg,Ruben  Santiago,61.8,28,31,33,-42,42,44,33,44,77
"The 2026 National Youth Championships, Powered by Rogue Fitness",2026-06-21,Women's 14-15 Age Group 69kg,Janessa Osorio,64.15,30,32,34,41,43,-45,34,43,77
"The 2026 National Youth Championships, Powered by Rogue Fitness",2026-06-20,Women's 13 Under Age Group 63+kg,Joanie Johnson,87,33,-35,-35,44,-46,-46,33,44,77
"The 2026 National Youth Championships, Powered by Rogue Fitness",2026-06-21,Women's 14-15 Age Group 48kg,Mariana Miller,45.65,32,35,37,38,-40,40,37,40,77
"The 2026 National Youth Championships, Powered by Rogue Fitness",2026-06-20,Women's 13 Under Age Group 48kg,Zoey Villanueva,46.65,-32,32,-34,38,41,44,32,44,76
"The 2026 National Youth Championships, Powered by Rogue Fitness",2026-06-20,Women's 13 Under Age Group 58kg,Blaise Atkinson,57,30,34,36,40,-43,-46,36,40,76
"The 2026 National Youth Championships, Powered by Rogue Fitness",2026-06-20,Women's 13 Under Age Group 58kg,Virginia Sowders,56.65,32,34,36,36,38,40,36,40,76
"The 2026 National Youth Championships, Powered by Rogue Fitness",2026-06-20,Men's 13 Under Age Group 36kg,Richard Konyek IV,35.35,29,31,33,39,41,43,33,43,76
"The 2026 National Youth Championships, Powered by Rogue Fitness",2026-06-20,Women's 13 Under Age Group 58kg,Ashley Aguilar,55.5,-33,33,-35,40,-43,43,33,43,76
"The 2026 National Youth Championships, Powered by Rogue Fitness",2026-06-20,Women's 13 Under Age Group 63kg,Brianna Bowens,61.8,-31,31,33,40,43,-46,33,43,76
"The 2026 National Youth Championships, Powered by Rogue Fitness",2026-06-20,Women's 13 Under Age Group 63+kg,Delaney Mullen,102,31,33,35,36,38,41,35,41,76
"The 2026 National Youth Championships, Powered by Rogue Fitness",2026-06-20,Women's 13 Under Age Group 63+kg,Sophia Morlock,66.4,31,33,-35,40,43,-46,33,43,76
"The 2026 National Youth Championships, Powered by Rogue Fitness",2026-06-20,Men's 13 Under Age Group 40kg,David Tateishi,39.55,31,-34,-34,-41,43,45,31,45,76
"The 2026 National Youth Championships, Powered by Rogue Fitness",2026-06-20,Men's 13 Under Age Group 65+kg,Matthew Cuevas,78.65,25,-28,30,42,-45,45,30,45,75
"The 2026 National Youth Championships, Powered by Rogue Fitness",2026-06-20,Women's 13 Under Age Group 40kg,Brielle Barton,39,26,29,31,38,41,44,31,44,75
"The 2026 National Youth Championships, Powered by Rogue Fitness",2026-06-20,Men's 13 Under Age Group 36kg,Evin Nathan  Rager,34.15,29,32,-34,38,41,43,32,43,75
"The 2026 National Youth Championships, Powered by Rogue Fitness",2026-06-20,Men's 13 Under Age Group 44kg,Ellis Ruiz,41.35,28,31,34,38,41,-44,34,41,75
"The 2026 National Youth Championships, Powered by Rogue Fitness",2026-06-20,Men's 13 Under Age Group 52kg,Cash Morgan,48.4,24,27,30,39,42,45,30,45,75
"The 2026 National Youth Championships, Powered by Rogue Fitness",2026-06-20,Men's 13 Under Age Group 65+kg,Matthias Milo,109.05,27,29,-32,41,43,45,29,45,74
"The 2026 National Youth Championships, Powered by Rogue Fitness",2026-06-20,Men's 13 Under Age Group 40kg,Oliver Berg,38.65,33,-35,-35,41,-43,-44,33,41,74
"The 2026 National Youth Championships, Powered by Rogue Fitness",2026-06-20,Women's 13 Under Age Group 58kg,Savannah Hawkes,55.6,25,28,30,36,40,43,30,43,73
"The 2026 National Youth Championships, Powered by Rogue Fitness",2026-06-20,Men's 13 Under Age Group 65+kg,Gi’amoni  Fox-Rhodes,74.05,26,28,31,40,42,-44,31,42,73
"The 2026 National Youth Championships, Powered by Rogue Fitness",2026-06-21,Women's 14-15 Age Group 53kg,Grayson Miller,50.75,27,31,-34,42,-45,-47,31,42,73
"The 2026 National Youth Championships, Powered by Rogue Fitness",2026-06-22,Women's 16-17 Age Group 69kg,Aubrey Junell,63.3,29,-32,32,36,40,-43,32,40,72
"The 2026 National Youth Championships, Powered by Rogue Fitness",2026-06-20,Women's 13 Under Age Group 44kg,Liliyanna Turner,40.15,30,32,34,36,-38,38,34,38,72
"The 2026 National Youth Championships, Powered by Rogue Fitness",2026-06-20,Women's 13 Under Age Group 63kg,Swayzie Edge,62.25,-26,26,30,36,39,42,30,42,72
"The 2026 National Youth Championships, Powered by Rogue Fitness",2026-06-20,Women's 13 Under Age Group 63+kg,Avery Redell,73.3,29,32,-35,37,40,-44,32,40,72
"The 2026 National Youth Championships, Powered by Rogue Fitness",2026-06-20,Men's 13 Under Age Group 48kg,Adam Wilkinson,46.6,25,28,31,34,38,41,31,41,72
"The 2026 National Youth Championships, Powered by Rogue Fitness",2026-06-20,Men's 13 Under Age Group 40kg,Lucas Konyek,39.75,27,-29,29,38,40,42,29,42,71
"The 2026 National Youth Championships, Powered by Rogue Fitness",2026-06-20,Men's 13 Under Age Group 48kg,Sean Aldrich,46.55,27,30,-32,36,38,41,30,41,71
"The 2026 National Youth Championships, Powered by Rogue Fitness",2026-06-20,Men's 13 Under Age Group 40kg,Bode Dahle,40,31,-33,34,37,-40,-42,34,37,71
"The 2026 National Youth Championships, Powered by Rogue Fitness",2026-06-20,Men's 13 Under Age Group 56kg,Simon Davis,54.5,26,28,31,33,36,39,31,39,70
"The 2026 National Youth Championships, Powered by Rogue Fitness",2026-06-20,Men's 13 Under Age Group 60kg,Elijah Guzman,56.65,25,27,29,35,38,41,29,41,70
"The 2026 National Youth Championships, Powered by Rogue Fitness",2026-06-20,Men's 13 Under Age Group 32kg,Nixon  Catalano,32,25,28,30,35,38,40,30,40,70
"The 2026 National Youth Championships, Powered by Rogue Fitness",2026-06-20,Men's 13 Under Age Group 36kg,Liam Doherty,34.15,30,-32,-33,38,40,-42,30,40,70
"The 2026 National Youth Championships, Powered by Rogue Fitness",2026-06-20,Women's 13 Under Age Group 48kg,Preslee Grantham,47.25,30,-32,32,35,38,-41,32,38,70
"The 2026 National Youth Championships, Powered by Rogue Fitness",2026-06-20,Men's 13 Under Age Group 40kg,Beau Brakebill,37.6,-28,28,-30,37,39,42,28,42,70
"The 2026 National Youth Championships, Powered by Rogue Fitness",2026-06-20,Men's 13 Under Age Group 48kg,Ben Byrnes,45.3,27,29,31,37,39,-42,31,39,70
"The 2026 National Youth Championships, Powered by Rogue Fitness",2026-06-20,Men's 13 Under Age Group 40kg,Henley Nguyen,39.75,-28,28,30,36,38,40,30,40,70
"The 2026 National Youth Championships, Powered by Rogue Fitness",2026-06-20,Men's 13 Under Age Group 52kg,Charles Moss,52,27,-29,29,37,39,41,29,41,70
"The 2026 National Youth Championships, Powered by Rogue Fitness",2026-06-20,Women's 13 Under Age Group 63+kg,Quinn Burton,66.45,26,28,30,36,39,-41,30,39,69
"The 2026 National Youth Championships, Powered by Rogue Fitness",2026-06-20,Men's 13 Under Age Group 48kg,Maximus Black,46.25,27,29,-31,34,37,40,29,40,69
"The 2026 National Youth Championships, Powered by Rogue Fitness",2026-06-20,Women's 13 Under Age Group 63+kg,Trinity Magers,70.25,-25,25,28,36,40,-43,28,40,68
"The 2026 National Youth Championships, Powered by Rogue Fitness",2026-06-20,Women's 13 Under Age Group 40kg,Ava Yetter,38.85,27,29,31,34,36,-39,31,36,67
"The 2026 National Youth Championships, Powered by Rogue Fitness",2026-06-20,Women's 13 Under Age Group 48kg,NOR AMINA BAHARIN,45.7,30,-33,-33,37,-41,-42,30,37,67
"The 2026 National Youth Championships, Powered by Rogue Fitness",2026-06-20,Men's 13 Under Age Group 32kg,James Guinn,30.7,24,26,-28,36,39,41,26,41,67
"The 2026 National Youth Championships, Powered by Rogue Fitness",2026-06-20,Men's 13 Under Age Group 36kg,Trace Brown,33.5,28,30,-32,33,-35,37,30,37,67
"The 2026 National Youth Championships, Powered by Rogue Fitness",2026-06-20,Women's 13 Under Age Group 48kg,Jovee Terry,47.2,25,26,28,35,37,39,28,39,67
"The 2026 National Youth Championships, Powered by Rogue Fitness",2026-06-20,Women's 13 Under Age Group 63kg,Sadie Baker,61.05,25,29,-31,35,38,-41,29,38,67
"The 2026 National Youth Championships, Powered by Rogue Fitness",2026-06-20,Men's 13 Under Age Group 40kg,Mason Mascorro,36.65,-28,-28,28,36,-39,39,28,39,67
"The 2026 National Youth Championships, Powered by Rogue Fitness",2026-06-20,Men's 13 Under Age Group 44kg,Mason Koroll,42.6,24,27,-30,36,-40,40,27,40,67
"The 2026 National Youth Championships, Powered by Rogue Fitness",2026-06-20,Men's 13 Under Age Group 48kg,Ellis Wagner,48,26,-29,-29,38,-41,41,26,41,67
"The 2026 National Youth Championships, Powered by Rogue Fitness",2026-06-21,Men's 13 Under Age Group 65kg,Garrett Hicks,61.9,23,27,30,30,33,36,30,36,66
"The 2026 National Youth Championships, Powered by Rogue Fitness",2026-06-20,Women's 13 Under Age Group 36kg,Charlotte Aoki Blanchard,35.15,-28,28,30,32,-35,36,30,36,66
"The 2026 National Youth Championships, Powered by Rogue Fitness",2026-06-20,Women's 13 Under Age Group 48kg,Lynnlee Mongeon,46,27,29,-32,37,-41,-42,29,37,66
"The 2026 National Youth Championships, Powered by Rogue Fitness",2026-06-20,Women's 13 Under Age Group 58kg,Anahita Vissa,56.1,25,28,-31,32,34,38,28,38,66
"The 2026 National Youth Championships, Powered by Rogue Fitness",2026-06-20,Men's 13 Under Age Group 56kg,Parker Welch,55.95,23,25,27,31,34,38,27,38,65
"The 2026 National Youth Championships, Powered by Rogue Fitness",2026-06-20,Men's 13 Under Age Group 40kg,Garrett White,39.9,28,30,-32,35,-38,-39,30,35,65
"The 2026 National Youth Championships, Powered by Rogue Fitness",2026-06-20,Women's 13 Under Age Group 40kg,Emma Fan,38.05,27,29,-31,33,35,-38,29,35,64
"The 2026 National Youth Championships, Powered by Rogue Fitness",2026-06-20,Women's 13 Under Age Group 44kg,Phoebe Storck,43.6,23,26,27,31,34,37,27,37,64
"The 2026 National Youth Championships, Powered by Rogue Fitness",2026-06-20,Men's 13 Under Age Group 48kg,Everett Lee,47.1,25,27,-29,-35,35,37,27,37,64
"The 2026 National Youth Championships, Powered by Rogue Fitness",2026-06-20,Men's 13 Under Age Group 36kg,Grayson Ibrahim,34.5,25,27,29,31,33,35,29,35,64
"The 2026 National Youth Championships, Powered by Rogue Fitness",2026-06-20,Women's 13 Under Age Group 40kg,Mikaela Martin,39.85,22,24,26,33,35,37,26,37,63
"The 2026 National Youth Championships, Powered by Rogue Fitness",2026-06-20,Women's 13 Under Age Group 63kg,Brooklyn Secrest,61.15,25,-27,-27,34,36,38,25,38,63
"The 2026 National Youth Championships, Powered by Rogue Fitness",2026-06-20,Women's 13 Under Age Group 63+kg,Gabrielle Holmes,71.55,25,27,-29,30,33,36,27,36,63
"The 2026 National Youth Championships, Powered by Rogue Fitness",2026-06-20,Men's 13 Under Age Group 40kg,Jaxon Vega,39.01,23,25,27,35,-36,-37,27,35,62
"The 2026 National Youth Championships, Powered by Rogue Fitness",2026-06-21,Men's 13 Under Age Group 60kg,James Gargan,58.9,20,23,26,30,33,36,26,36,62
"The 2026 National Youth Championships, Powered by Rogue Fitness",2026-06-20,Women's 13 Under Age Group 33kg,Avery Gillum,31.3,24,26,-28,31,33,35,26,35,61
"The 2026 National Youth Championships, Powered by Rogue Fitness",2026-06-20,Women's 13 Under Age Group 36kg,Quinn Drury,34.9,23,24,25,32,34,36,25,36,61
"The 2026 National Youth Championships, Powered by Rogue Fitness",2026-06-20,Women's 13 Under Age Group 44kg,Abigail Moeder,41.55,25,27,-30,29,31,34,27,34,61
"The 2026 National Youth Championships, Powered by Rogue Fitness",2026-06-20,Women's 13 Under Age Group 40kg,Kamden Opfer,38.05,24,26,-28,-33,33,35,26,35,61
"The 2026 National Youth Championships, Powered by Rogue Fitness",2026-06-20,Women's 13 Under Age Group 48kg,Lauren Takeuchi,46.1,21,23,25,32,34,36,25,36,61
"The 2026 National Youth Championships, Powered by Rogue Fitness",2026-06-20,Men's 13 Under Age Group 44kg,Knox Opfer,42.05,24,26,-27,31,33,35,26,35,61
"The 2026 National Youth Championships, Powered by Rogue Fitness",2026-06-20,Women's 13 Under Age Group 36kg,Gianna Palmer,34.1,24,-26,26,32,34,-36,26,34,60
"The 2026 National Youth Championships, Powered by Rogue Fitness",2026-06-20,Men's 13 Under Age Group 36kg,Ayden Cobiella,33.7,23,25,-27,33,-35,35,25,35,60
"The 2026 National Youth Championships, Powered by Rogue Fitness",2026-06-20,Men's 13 Under Age Group 36kg,Tristan Schuster,32.7,20,22,-24,-36,36,38,22,38,60
"The 2026 National Youth Championships, Powered by Rogue Fitness",2026-06-20,Men's 13 Under Age Group 40kg,Kase Formanek,36.4,21,23,25,31,33,35,25,35,60
"The 2026 National Youth Championships, Powered by Rogue Fitness",2026-06-20,Men's 13 Under Age Group 44kg,Travis MASH,43.5,20,22,24,28,31,36,24,36,60
"The 2026 National Youth Championships, Powered by Rogue Fitness",2026-06-20,Men's 13 Under Age Group 56kg,Alan De-La-Cruz,53.2,24,26,-28,33,-36,-36,26,33,59
"The 2026 National Youth Championships, Powered by Rogue Fitness",2026-06-20,Women's 13 Under Age Group 30kg,Navia Mongeon,28.85,22,24,26,30,33,-38,26,33,59
"The 2026 National Youth Championships, Powered by Rogue Fitness",2026-06-20,Women's 13 Under Age Group 44kg,Logan  Schrader ,44,22,24,-26,33,-35,35,24,35,59
"The 2026 National Youth Championships, Powered by Rogue Fitness",2026-06-20,Men's 13 Under Age Group 40kg,Zack Rodman ,37.1,23,26,-29,27,33,-36,26,33,59
"The 2026 National Youth Championships, Powered by Rogue Fitness",2026-06-20,Men's 13 Under Age Group 44kg,Boyce McBride,43.1,26,-28,-28,30,33,-36,26,33,59
"The 2026 National Youth Championships, Powered by Rogue Fitness",2026-06-20,Women's 13 Under Age Group 33kg,Caroline Lam,32.25,23,-25,25,31,33,-35,25,33,58
"The 2026 National Youth Championships, Powered by Rogue Fitness",2026-06-20,Women's 13 Under Age Group 40kg,Greysen Petersen,39.35,22,24,-26,32,-34,34,24,34,58
"The 2026 National Youth Championships, Powered by Rogue Fitness",2026-06-20,Women's 13 Under Age Group 44kg,Autumn Windley,42.8,20,22,-25,30,32,36,22,36,58
"The 2026 National Youth Championships, Powered by Rogue Fitness",2026-06-20,Women's 13 Under Age Group 48kg,Quinn Telesmanich,46.35,21,23,25,28,30,32,25,32,57
"The 2026 National Youth Championships, Powered by Rogue Fitness",2026-06-20,Men's 13 Under Age Group 40kg,Deagan Grantham,36.8,23,25,27,30,-32,-34,27,30,57
"The 2026 National Youth Championships, Powered by Rogue Fitness",2026-06-20,Women's 13 Under Age Group 58kg,Lacey Gentry,53.5,22,24,-26,28,30,33,24,33,57
"The 2026 National Youth Championships, Powered by Rogue Fitness",2026-06-20,Men's 13 Under Age Group 44kg,Christopher Myers,42.7,18,20,24,30,33,-36,24,33,57
"The 2026 National Youth Championships, Powered by Rogue Fitness",2026-06-20,Men's 13 Under Age Group 48kg,Chael  Sanchez ,46,23,-26,-26,30,32,34,23,34,57
"The 2026 National Youth Championships, Powered by Rogue Fitness",2026-06-20,Women's 13 Under Age Group 53kg,Marley Dutton,51.85,22,26,-30,30,-34,-36,26,30,56
"The 2026 National Youth Championships, Powered by Rogue Fitness",2026-06-20,Women's 13 Under Age Group 44kg,Paris Rigg,43.75,-22,23,-26,30,33,-35,23,33,56
"The 2026 National Youth Championships, Powered by Rogue Fitness",2026-06-20,Men's 13 Under Age Group 36kg,Jameson Gregory,33.9,20,22,24,-30,30,32,24,32,56
"The 2026 National Youth Championships, Powered by Rogue Fitness",2026-06-20,Women's 13 Under Age Group 53kg,Everly Hufford,52.2,24,26,-28,30,-33,-33,26,30,56
"The 2026 National Youth Championships, Powered by Rogue Fitness",2026-06-20,Men's 13 Under Age Group 40kg,Nicodimas Costa,37.6,22,25,-28,31,-35,-36,25,31,56
"The 2026 National Youth Championships, Powered by Rogue Fitness",2026-06-20,Men's 13 Under Age Group 44kg,Daniel Baker,40.85,23,25,-28,-29,29,31,25,31,56
"The 2026 National Youth Championships, Powered by Rogue Fitness",2026-06-20,Women's 13 Under Age Group 44kg,Mia Kleppen,41.55,20,-24,24,-27,28,31,24,31,55
"The 2026 National Youth Championships, Powered by Rogue Fitness",2026-06-20,Women's 13 Under Age Group 33kg,Gabrielle Myles,31.8,19,21,23,27,30,32,23,32,55
"The 2026 National Youth Championships, Powered by Rogue Fitness",2026-06-20,Women's 13 Under Age Group 58kg,Shaylyn Davis,57.9,-21,21,23,32,-34,-35,23,32,55
"The 2026 National Youth Championships, Powered by Rogue Fitness",2026-06-20,Men's 13 Under Age Group 52kg,Dean Brakebill,48.1,-22,-22,22,31,33,-35,22,33,55
"The 2026 National Youth Championships, Powered by Rogue Fitness",2026-06-20,Men's 13 Under Age Group 40kg,Daniel Reynolds,37.4,19,21,23,28,30,32,23,32,55
"The 2026 National Youth Championships, Powered by Rogue Fitness",2026-06-20,Women's 13 Under Age Group 44kg,Ace Finley,40.15,22,-25,-25,30,32,-34,22,32,54
"The 2026 National Youth Championships, Powered by Rogue Fitness",2026-06-20,Women's 13 Under Age Group 48kg,Coco Mence-Barrins,46.65,20,22,-24,30,-32,32,22,32,54
"The 2026 National Youth Championships, Powered by Rogue Fitness",2026-06-20,Men's 13 Under Age Group 32kg,Zachary Pavia,30.95,-21,21,22,30,-32,32,22,32,54
"The 2026 National Youth Championships, Powered by Rogue Fitness",2026-06-20,Men's 13 Under Age Group 56kg,Jacob Ontiveros,53.8,21,-23,23,28,-31,31,23,31,54
"The 2026 National Youth Championships, Powered by Rogue Fitness",2026-06-20,Men's 13 Under Age Group 40kg,Beckett Roche,38.85,-23,24,-28,30,-34,-35,24,30,54
"The 2026 National Youth Championships, Powered by Rogue Fitness",2026-06-20,Women's 13 Under Age Group 44kg,Olivia Shaw,43.45,-23,23,-26,28,-30,30,23,30,53
"The 2026 National Youth Championships, Powered by Rogue Fitness",2026-06-20,Women's 13 Under Age Group 48kg,Liliana Layman,45.1,21,22,-23,30,-31,31,22,31,53
"The 2026 National Youth Championships, Powered by Rogue Fitness",2026-06-20,Women's 13 Under Age Group 44kg,Naomi Singleton,43.55,20,22,23,27,30,-32,23,30,53
"The 2026 National Youth Championships, Powered by Rogue Fitness",2026-06-20,Men's 13 Under Age Group 52kg,Cassius Burris,49.95,24,26,-28,26,-27,-27,26,26,52
"The 2026 National Youth Championships, Powered by Rogue Fitness",2026-06-20,Women's 13 Under Age Group 33kg,Viviana Almazan,31.55,18,21,-24,22,26,30,21,30,51
"The 2026 National Youth Championships, Powered by Rogue Fitness",2026-06-20,Women's 13 Under Age Group 44kg,Adalyn Enriquez,40.35,21,22,-23,26,27,29,22,29,51
"The 2026 National Youth Championships, Powered by Rogue Fitness",2026-06-20,Men's 13 Under Age Group 40kg,Joel Flores,37.5,19,21,22,27,29,-30,22,29,51
"The 2026 National Youth Championships, Powered by Rogue Fitness",2026-06-20,Women's 13 Under Age Group 40kg,Layla Music,37.1,18,20,22,28,-30,-30,22,28,50
"The 2026 National Youth Championships, Powered by Rogue Fitness",2026-06-20,Men's 13 Under Age Group 36kg,Dillon Tandel,33.75,19,20,-22,-28,28,30,20,30,50
"The 2026 National Youth Championships, Powered by Rogue Fitness",2026-06-20,Men's 13 Under Age Group 44kg,Ronan Telin,43.15,21,23,-25,-26,26,-29,23,26,49
"The 2026 National Youth Championships, Powered by Rogue Fitness",2026-06-20,Men's 13 Under Age Group 44kg,Kamran Nur,42.2,20,23,-26,24,-26,26,23,26,49
"The 2026 National Youth Championships, Powered by Rogue Fitness",2026-06-20,Women's 13 Under Age Group 40kg,Isabel Lupkes,39,-17,17,-20,25,28,31,17,31,48
"The 2026 National Youth Championships, Powered by Rogue Fitness",2026-06-20,Women's 13 Under Age Group 36kg,Tenley Rothbauer,36,20,-22,22,26,-28,-29,22,26,48
"The 2026 National Youth Championships, Powered by Rogue Fitness",2026-06-20,Men's 13 Under Age Group 32kg,Andrew  Robeson,30.8,19,20,21,23,25,27,21,27,48
"The 2026 National Youth Championships, Powered by Rogue Fitness",2026-06-20,Men's 13 Under Age Group 40kg,Arturo Montoya,38.95,-18,-18,18,25,27,30,18,30,48
"The 2026 National Youth Championships, Powered by Rogue Fitness",2026-06-20,Women's 13 Under Age Group 33kg,Hadley Grace Tillman,30.55,17,20,-24,23,27,-32,20,27,47
"The 2026 National Youth Championships, Powered by Rogue Fitness",2026-06-20,Women's 13 Under Age Group 40kg,Lilinoe Respicio,39.3,-16,16,18,26,29,-31,18,29,47
"The 2026 National Youth Championships, Powered by Rogue Fitness",2026-06-20,Women's 13 Under Age Group 44kg,Lillian Gaddis,42.9,16,18,20,22,24,26,20,26,46
"The 2026 National Youth Championships, Powered by Rogue Fitness",2026-06-20,Men's 13 Under Age Group 36kg,Payton Hernandez,36,15,17,19,22,25,27,19,27,46
"The 2026 National Youth Championships, Powered by Rogue Fitness",2026-06-20,Women's 13 Under Age Group 30kg,Jayde Duncan,28,17,19,-21,23,26,-29,19,26,45
"The 2026 National Youth Championships, Powered by Rogue Fitness",2026-06-20,Men's 13 Under Age Group 36kg,Jack Hendricks,32.9,18,20,-21,23,-25,25,20,25,45
"The 2026 National Youth Championships, Powered by Rogue Fitness",2026-06-20,Men's 13 Under Age Group 36kg,Easton Hershey,34.1,15,17,19,24,26,-28,19,26,45
"The 2026 National Youth Championships, Powered by Rogue Fitness",2026-06-20,Men's 13 Under Age Group 40kg,Seth Shirmang,37.55,18,19,20,21,23,25,20,25,45
"The 2026 National Youth Championships, Powered by Rogue Fitness",2026-06-20,Men's 13 Under Age Group 44kg,Nolan Miller,43.1,18,20,21,22,24,-26,21,24,45
"The 2026 National Youth Championships, Powered by Rogue Fitness",2026-06-20,Women's 13 Under Age Group 44kg,Willa Yonezawa,42.85,-18,18,20,22,-24,24,20,24,44
"The 2026 National Youth Championships, Powered by Rogue Fitness",2026-06-20,Men's 13 Under Age Group 32kg,Jace Chavis,28.05,17,-19,19,23,-25,25,19,25,44
"The 2026 National Youth Championships, Powered by Rogue Fitness",2026-06-20,Women's 13 Under Age Group 33kg,Hope Rucker,31.1,17,19,21,-22,22,-25,21,22,43
"The 2026 National Youth Championships, Powered by Rogue Fitness",2026-06-20,Women's 13 Under Age Group 44kg,Sethuni Withana,41.05,16,17,18,21,23,25,18,25,43
"The 2026 National Youth Championships, Powered by Rogue Fitness",2026-06-20,Men's 13 Under Age Group 32kg,Greyson Farr,28,16,-18,-18,25,-26,27,16,27,43
"The 2026 National Youth Championships, Powered by Rogue Fitness",2026-06-20,Women's 13 Under Age Group 44kg,Sophie Matheson,43.85,17,18,20,23,-25,-25,20,23,43
"The 2026 National Youth Championships, Powered by Rogue Fitness",2026-06-20,Women's 13 Under Age Group 33kg,DEANNA BELMONT,30.75,17,-19,-19,23,25,-26,17,25,42
"The 2026 National Youth Championships, Powered by Rogue Fitness",2026-06-20,Men's 13 Under Age Group 44kg,Jonah Leong,40.35,16,18,-20,20,22,24,18,24,42
"The 2026 National Youth Championships, Powered by Rogue Fitness",2026-06-20,Women's 13 Under Age Group 30kg,Eleanor Grace Myers,25.75,18,-20,-20,23,-25,-26,18,23,41
"The 2026 National Youth Championships, Powered by Rogue Fitness",2026-06-20,Men's 13 Under Age Group 32kg,Elliot Chang,31.4,15,16,17,22,24,-26,17,24,41
"The 2026 National Youth Championships, Powered by Rogue Fitness",2026-06-20,Men's 13 Under Age Group 32kg,Camden Posemsky,26.35,14,15,16,22,23,24,16,24,40
"The 2026 National Youth Championships, Powered by Rogue Fitness",2026-06-20,Men's 13 Under Age Group 36kg,Amari Savea,32.25,14,15,16,20,22,24,16,24,40
"The 2026 National Youth Championships, Powered by Rogue Fitness",2026-06-20,Women's 13 Under Age Group 30kg,Emilyrose Myers,28,-17,17,-18,19,21,22,17,22,39
"The 2026 National Youth Championships, Powered by Rogue Fitness",2026-06-20,Women's 13 Under Age Group 36kg,Hannah Leong,34.7,15,17,18,-18,18,21,18,21,39
"The 2026 National Youth Championships, Powered by Rogue Fitness",2026-06-20,Men's 13 Under Age Group 32kg,Jacob Goico,31.45,14,-16,16,-20,20,23,16,23,39
"The 2026 National Youth Championships, Powered by Rogue Fitness",2026-06-20,Women's 13 Under Age Group 33kg,Rylee Liao,30.85,17,-19,19,-18,18,19,19,19,38
"The 2026 National Youth Championships, Powered by Rogue Fitness",2026-06-20,Men's 13 Under Age Group 44kg,Noah Reynolds,40.1,16,-18,-18,20,22,-24,16,22,38
"The 2026 National Youth Championships, Powered by Rogue Fitness",2026-06-20,Men's 13 Under Age Group 32kg,Rhett Matheson,29.4,-16,16,-17,-19,-19,19,16,19,35
"The 2026 National Youth Championships, Powered by Rogue Fitness",2026-06-20,Women's 13 Under Age Group 30kg,Vera Ibrahim,25.65,15,16,-17,17,18,-20,16,18,34
"The 2026 National Youth Championships, Powered by Rogue Fitness",2026-06-20,Men's 13 Under Age Group 32kg,Cannon Martinez,28.3,14,15,-16,17,-19,19,15,19,34
"The 2026 National Youth Championships, Powered by Rogue Fitness",2026-06-20,Men's 13 Under Age Group 32kg,Saul Silva Lopez,29.95,11,14,-16,16,18,20,14,20,34
"The 2026 National Youth Championships, Powered by Rogue Fitness",2026-06-20,Men's 13 Under Age Group 40kg,Oscar Healy,36.55,14,15,16,18,-20,-20,16,18,34
"The 2026 National Youth Championships, Powered by Rogue Fitness",2026-06-20,Men's 13 Under Age Group 32kg,Mack Hershey,25.65,13,14,15,17,-18,18,15,18,33
"The 2026 National Youth Championships, Powered by Rogue Fitness",2026-06-20,Men's 13 Under Age Group 32kg,Rylan mains,26.15,11,13,14,15,17,18,14,18,32
"The 2026 National Youth Championships, Powered by Rogue Fitness",2026-06-20,Men's 13 Under Age Group 32kg,Sebastian Flores,30.3,12,13,-14,-18,18,19,13,19,32
"The 2026 National Youth Championships, Powered by Rogue Fitness",2026-06-20,Women's 13 Under Age Group 30kg,Genevieve Schaefer,26.25,11,12,-14,17,19,-21,12,19,31
"The 2026 National Youth Championships, Powered by Rogue Fitness",2026-06-20,Women's 13 Under Age Group 30kg,Morgan Parker,30,12,14,-16,17,-19,-19,14,17,31
"The 2026 National Youth Championships, Powered by Rogue Fitness",2026-06-20,Men's 13 Under Age Group 32kg,Cree Seever,29.9,-12,12,13,15,-17,18,13,18,31
"The 2026 National Youth Championships, Powered by Rogue Fitness",2026-06-20,Women's 13 Under Age Group 30kg,Maddy Pashik,26.85,12,13,-14,15,17,-19,13,17,30
"The 2026 National Youth Championships, Powered by Rogue Fitness",2026-06-20,Men's 13 Under Age Group 32kg,Ben Turner,26.25,12,-13,13,-15,15,16,13,16,29
"The 2026 National Youth Championships, Powered by Rogue Fitness",2026-06-20,Men's 13 Under Age Group 32kg,Dominic Kiley,25.35,11,12,-13,15,16,17,12,17,29
"The 2026 National Youth Championships, Powered by Rogue Fitness",2026-06-20,Women's 13 Under Age Group 30kg,Peyton Secrest,28.35,11,12,-13,13,15,16,12,16,28
"The 2026 National Youth Championships, Powered by Rogue Fitness",2026-06-20,Women's 13 Under Age Group 30kg,Anaahi Afu,24.85,10,11,-12,12,13,14,11,14,25
"The 2026 National Youth Championships, Powered by Rogue Fitness",2026-06-20,Men's 13 Under Age Group 32kg,Pepper Williams,27.3,10,-12,12,13,-15,-15,12,13,25
"The 2026 National Youth Championships, Powered by Rogue Fitness",2026-06-20,Men's 13 Under Age Group 32kg,Bleu Williams,21.45,7,8,-10,10,-11,11,8,11,19
"The 2026 National Youth Championships, Powered by Rogue Fitness",2026-06-21,Women's 14-15 Age Group 58kg,Reagan Herchold,57.25,69,71,-73,-89,-90,-90,71,0,0
"The 2026 National Youth Championships, Powered by Rogue Fitness",2026-06-21,Women's 14-15 Age Group 69+kg,Mia Brown,75.9,47,-50,-52,-59,-59,-59,47,0,0
"The 2026 National Youth Championships, Powered by Rogue Fitness",2026-06-21,Women's 16-17 Age Group 44kg,Lucy Eibach,41.5,-32,-32,-32,38,-43,-43,0,38,0
"The 2026 National Youth Championships, Powered by Rogue Fitness",2026-06-21,Men's 14-15 Age Group 65kg,Jason Marsh,63.95,-58,-58,-58,-80,80,-85,0,80,0
"The 2026 National Youth Championships, Powered by Rogue Fitness",2026-06-21,Men's 16-17 Age Group 56kg,Cole Boyer,53.95,54,58,-63,-75,-75,-76,58,0,0
"The 2026 National Youth Championships, Powered by Rogue Fitness",2026-06-21,Men's 16-17 Age Group 60kg,Arin Santosh,57.3,-64,-64,-64,-80,80,-85,0,80,0
"The 2026 National Youth Championships, Powered by Rogue Fitness",2026-06-22,Women's 16-17 Age Group 77+kg,Isabella Wray,106.35,-75,-75,-76,0,0,0,0,0,0
"The 2026 National Youth Championships, Powered by Rogue Fitness",2026-06-22,Women's 16-17 Age Group 77+kg,Norah Cape,79,-57,-57,-57,-77,77,80,0,80,0
"The 2026 National Youth Championships, Powered by Rogue Fitness",2026-06-22,Women's 16-17 Age Group 77+kg,Kinlee Apalategui ,81.65,-53,-53,-53,60,-63,63,0,63,0
"The 2026 National Youth Championships, Powered by Rogue Fitness",2026-06-22,Men's 16-17 Age Group 71kg,Cayden Sanders,71,-55,-55,-55,-70,-70,-70,0,0,0
"The 2026 National Youth Championships, Powered by Rogue Fitness",2026-06-22,Men's 16-17 Age Group 79kg,Erubey Garcia,78.25,-92,93,-98,-108,-110,-110,93,0,0
"The 2026 National Youth Championships, Powered by Rogue Fitness",2026-06-22,Men's 16-17 Age Group 79kg,Micah Pointer,76.45,93,-97,97,-113,-113,-113,97,0,0
"The 2026 National Youth Championships, Powered by Rogue Fitness",2026-06-22,Men's 16-17 Age Group 79kg,Jonathan Banu,77.88,100,105,-109,-126,-127,-127,105,0,0
"The 2026 National Youth Championships, Powered by Rogue Fitness",2026-06-22,Men's 16-17 Age Group 79kg,DJ Williams ,77.25,83,-86,88,-105,-105,-105,88,0,0
"The 2026 National Youth Championships, Powered by Rogue Fitness",2026-06-22,Men's 16-17 Age Group 79kg,Gavin Holloway,75.05,-85,85,-88,-120,-120,-122,85,0,0
"The 2026 National Youth Championships, Powered by Rogue Fitness",2026-06-21,Men's 16-17 Age Group 79kg,Jack Beyer,75.55,-71,-71,-71,93,-98,100,0,100,0
"The 2026 National Youth Championships, Powered by Rogue Fitness",2026-06-21,Women's 13 Under Age Group 63kg,Karliann Smith,63,-39,-39,-40,44,-46,46,0,46,0
"The 2026 National Youth Championships, Powered by Rogue Fitness",2026-06-22,Men's 16-17 Age Group 88kg,Kainoa Everhart,84.2,73,-77,-78,-107,-107,-108,73,0,0
"The 2026 National Youth Championships, Powered by Rogue Fitness",2026-06-21,Women's 14-15 Age Group 48kg,Kaia Maki,47.85,-37,37,-39,-48,-48,-48,37,0,0
"The 2026 National Youth Championships, Powered by Rogue Fitness",2026-06-20,Men's 13 Under Age Group 44kg,Michael Geronimo,43.5,-44,-44,-44,60,63,65,0,65,0
"The 2026 National Youth Championships, Powered by Rogue Fitness",2026-06-22,Men's 16-17 Age Group 94+kg,Jacob Farrell-Evans,117.1,75,80,-85,-105,-105,-105,80,0,0
